Close,High,Low,Open,Volume
RELIANCE.NS,RELIANCE.NS,RELIANCE.NS,RELIANCE.NS,RELIANCE.NS
13.297300338745117,13.297300338745117,12.547114210808704,12.547114210808704,62409578
14.36182689666748,14.36182689666748,13.276170551026416,13.651263013576196,132872110
14.92446517944336,15.209747385348212,13.558810078793108,13.558810078793108,375789847
15.550498962402344,15.885970349954166,15.267859859135726,15.267859859135726,219621124
16.617666244506836,16.794647850166612,15.479180445994958,15.584840790159783,278281260
16.29804039001465,16.836905878143874,16.12898529768421,16.76822773196955,187897934
15.241443634033203,16.42747677710861,14.995783896816079,16.268986988234676,175675797
15.938800811767578,16.113139317253548,14.905975381227758,15.26786081688866,169586471
16.47502326965332,16.715401054629716,16.065591775443085,16.165968738259764,239139851
16.710115432739258,16.992755901346555,16.350871762784518,16.350871762784518,188507616
16.311250686645508,17.058793794661216,16.221439056053494,16.813135475128355,150255809
16.59917449951172,16.850117619930845,16.142195488812124,16.32445903836683,141210936
16.88445472717285,17.164453525169588,16.70483288338544,17.05615151753996,160790093
16.527856826782227,17.16445778590384,16.406347777779466,16.905590988279823,216069957
17.24105453491211,17.349356528751276,16.482944811506112,16.519925567112836,239994540
17.230493545532227,17.531624445595057,17.011249229700585,17.196153054264805,184344232
16.902944564819336,17.185585038217972,16.813134351386267,17.172376616274732,136584272
16.902944564819336,16.902944564819336,16.902944564819336,16.902944564819336,0
17.695402145385742,17.793136041142194,17.048234360219045,17.38106274081967,210269961
17.875017166137695,18.062564077187027,17.51841513671783,17.74558449548048,164331247
17.33615493774414,17.750871287521285,17.251626656682053,17.66898469163696,142723553
17.64785385131836,17.827475755515533,17.328232501038727,17.4761555920501,149956451
17.970108032226562,18.326711418703525,17.885581191442782,18.11539078885376,139355731
18.04935646057129,18.147093153045123,17.771999314181425,18.06784825407659,94831223
18.181427001953125,18.350482079240603,18.051994362750087,18.173503361029834,99528064
18.15237808227539,18.461434085526538,17.859172190337098,18.020303699431377,114747088
18.08898162841797,18.32671634250354,18.017660367498394,18.252753396606593,90057597
18.51161766052246,18.73614390205458,18.21576876205596,18.437654730327733,160165902
18.794260025024414,19.219541656465214,18.221055329539126,18.427092638637035,151143675
19.19312286376953,19.758403816956605,19.021426076972325,19.230105034472444,114214724
18.601430892944336,19.066334969093706,18.490487185229977,18.965958000759972,71806185
18.19200325012207,18.722943915835618,18.070494188308807,18.59615148320698,113776526
18.392749786376953,18.691238972203532,18.1259594038901,18.490485058624923,110304203
18.730863571166992,18.84973091329814,18.358411436897676,18.368976764325268,107425289
18.461429595947266,18.910484928494444,18.38482638785724,18.855012374702927,70451511
18.260677337646484,18.596147319648857,18.049356663912096,18.405960124444324,41234633
17.6636962890625,18.331994469320897,17.565961021112038,18.279165014286008,100723088
17.423324584960938,18.21049171841445,17.29125020658718,18.21049171841445,67665446
17.790491104125977,17.99916867949502,17.39690688299216,17.587095487172412,79319185
17.35992431640625,18.115392462827792,17.227849968912757,18.036147572100443,54786600
17.597667694091797,17.8169120943073,16.377294926482843,17.161820579479375,70386208
16.422195434570312,18.11275527273982,16.189744091842428,17.8512468065927,139625441
16.736528396606445,17.42595998749382,15.796156565090246,16.641434822015245,150769883
15.413139343261719,17.011245395673797,15.39993092222949,16.844830579916476,175562684
14.18220329284668,15.114651671513847,14.182203292846678,15.114651671513847,64935300
13.416165351867676,14.995780974682766,13.04899807106359,14.18220012292353,146075956
12.800702095031738,13.682962872466092,12.679193041184094,13.577302518868871,133888438
12.306739807128906,13.233904817161994,12.150891698292783,13.043717629365183,101621246
12.219569206237793,12.805982257872477,11.841835124293365,12.462587253062189,77665531
11.456178665161133,12.404476560029222,11.337311305871491,12.362212421905367,92389443
10.735045433044434,12.124473161556143,10.581839048103243,11.617305810787162,150763063
11.580327987670898,11.596176684752834,10.415426879225032,10.856557179751015,141532996
12.507494926452637,12.507494926452637,11.41127257390639,11.833912534058635,79982280
12.407116889953613,13.09126525798159,12.156173773645751,12.65277522562753,147946692
12.407116889953613,12.407116889953613,12.407116889953613,12.407116889953613,0
12.407116889953613,12.407116889953613,12.407116889953613,12.407116889953613,0
12.568246841430664,12.8271135693195,12.024097952633733,12.615792927477875,95762643
12.85881233215332,13.128245826463,12.742586672316344,12.943340597909797,69064318
12.729378700256348,12.985603751751015,12.602586311181023,12.956546633404326,60024739
12.71088981628418,12.835039124318307,12.555041701671392,12.636926875038254,36941526
13.727864265441895,13.727864265441893,12.83768013096402,12.83768013096402,58001578
14.826729774475098,14.826729774475098,13.899563318484404,13.899563318484404,98405624
14.332770347595215,15.315406564302458,14.211261310156582,15.04597446296041,143934962
15.479177474975586,15.479177474975586,13.645978264145446,14.211259232983556,240432206
16.718042373657227,16.718042373657227,14.797674358860606,15.690498930088433,275945423
17.35992431640625,17.629357791572982,16.805210081314822,17.30973654415185,299036394
15.973136901855469,17.222566151709646,15.973136901855467,17.222566151709646,189486468
15.967854499816895,16.482946261807978,14.699934905298043,16.028607595690588,352720260
17.635211944580078,17.651432904324828,16.35913903962056,16.38347120138886,227418526
19.046459197998047,19.046459197998047,17.83256798519017,17.83256798519017,163657523
19.711530685424805,20.54692520717181,19.438472349535083,20.000809979694598,309647520
19.127567291259766,19.411439136039657,18.735553309891518,19.35736734559432,136676715
18.27324676513672,19.465509680820713,18.081296095573723,19.303297196434027,241770257
16.813335418701172,17.902862285997763,16.813335418701172,17.902862285997763,3153974
16.813335418701172,16.813335418701172,16.813335418701172,16.813335418701172,0
16.134742736816406,16.26451328514195,15.469670482025698,15.469670482025698,223113571
16.22395896911621,16.702485122599825,15.896828888874817,16.06444880698629,122899571
17.02420997619629,17.521662371337527,16.3888787008093,16.63760489837992,228183965
18.262432098388672,18.3867951876564,16.721412151572626,16.92417774400865,271517327
18.262432098388672,18.262432098388672,18.262432098388672,18.262432098388672,0
18.219179153442383,19.49795597124547,17.46489069895265,18.70852041404075,246733265
17.954227447509766,18.357054883733703,16.85118208757811,17.427036926600202,221403241
19.354665756225586,19.392515144325376,18.384093114370753,18.384093114370753,238053151
18.689590454101562,19.789932046962743,18.292169053038826,19.508763970243365,413796521
18.65715217590332,19.027537757219406,18.40031476313698,18.789625039211355,188028343
18.65715217590332,18.65715217590332,18.65715217590332,18.65715217590332,0
17.79741859436035,19.176225829850367,17.586543281112792,18.816655292981867,230017702
17.735240936279297,18.051554671669027,16.718707831629203,17.681169150657215,192704191
18.232690811157227,18.543598506025567,17.897452402853112,17.897452402853112,158631859
18.132659912109375,18.467899765106846,17.740645987191982,18.302983572171268,156073814
17.518953323364258,18.221874847257702,17.42703361631464,17.89744997293824,82504670
17.75417137145996,17.94341979375503,17.216165740717944,17.383785730627785,85940035
17.586544036865234,18.10832704217861,17.481105653559418,17.843379939336685,93165917
17.1269474029541,17.521663713034417,16.978252130967732,17.521663713034417,90033846
17.080984115600586,17.437850978915595,16.940400068449016,17.281045973304657,57913070
17.275634765625,17.556802799056605,16.57271323774406,16.872807403633455,81188494
17.16208839416504,17.405407076201847,17.032317852691243,17.30267242527728,43882418
17.240489959716797,17.75686692002062,17.09990593617426,17.3513343608263,109270328
16.767370223999023,17.289153218497596,16.605157774368212,17.1945297709803,75382294
17.06476402282715,17.251307221026448,16.61327223104114,16.653823907095596,111574963
16.894439697265625,17.13505467632709,16.70789506185661,16.924177880768685,43662227
17.018802642822266,17.08639021073755,16.680859026036856,16.886328352192177,58389850
16.910654067993164,17.189119767861055,16.761958875498756,16.959318369333644,56605367
16.913360595703125,17.183715141923166,16.8214394433815,16.88632470779054,36653287
17.110721588134766,17.194531555046893,16.816036281403843,17.021505598162182,49082689
18.354352951049805,18.786920056188684,17.194533402380927,17.221569297796584,165326988
18.589563369750977,18.70040780542956,18.227288986704842,18.42464713902204,79692753
18.594966888427734,19.292481053140847,18.49763825573129,18.97886961909015,118366163
18.34083366394043,18.703107977999046,18.175917464616308,18.49763866226087,75363108
18.246212005615234,18.708517289444757,18.065073386428807,18.54630480779915,81875438
18.34083366394043,19.02483061994578,18.189434688653606,18.259727431112317,151857297
18.3192081451416,18.538196163960496,18.173216614029805,18.275951288197188,54887782
18.27324676513672,18.622003895428556,18.181327031325356,18.37868516884853,52545769
18.430051803588867,18.654445819293755,18.289467757589662,18.37868375053599,64426688
18.44898223876953,19.070797870701877,18.332730316222356,18.486831634747556,172161391
18.35164451599121,18.69229032922667,18.30568394246604,18.513856945560654,57726882
18.3029842376709,18.732847559498147,18.224581738697115,18.3300186856812,95747252
18.240800857543945,18.735549404465182,18.173211855727367,18.735549404465182,62793550
17.921781539916992,18.438158496904514,17.708202494786292,18.438158496904514,85105386
17.965042114257812,18.159697955150428,17.78931241054981,17.81905203896621,63843153
17.91637420654297,18.16780405548387,17.85419267758883,18.046143286398046,43452959
17.85960578918457,18.059669121086944,17.764982313779868,18.03263322341312,58093559
17.79741859436035,18.059663396777974,17.748755727134913,18.059663396777974,29007035
18.654441833496094,18.913981444170744,17.47840021942604,17.862304335503406,268082760
18.262432098388672,19.176229131253848,18.11373684916817,18.713923869360155,224036672
17.905569076538086,18.146184105298993,17.748762592243487,18.113740736964484,48525944
18.086702346801758,18.378683932474143,17.84878965988448,17.916378671932854,106940541
18.04615020751953,18.219177639422217,17.978562630697176,18.113739228644324,24433854
18.505746841430664,18.692291435334585,18.10832549888719,18.13265765362282,106685828
18.42734718322754,18.638223964231607,18.167807529585566,18.60037458185696,88865990
18.824766159057617,19.03023546204526,18.275947254691232,18.275947254691232,137988774
18.676071166992188,18.903168879038503,18.603074700101235,18.849097101126244,75354482
19.149198532104492,19.48443703833036,18.740963531342985,18.870732670013226,189904178
19.592573165893555,19.730453465213458,18.924797204534343,18.97886898629665,200669996
19.530397415161133,19.784529665261367,19.465512124400693,19.703423412886448,111604092
19.925113677978516,20.060290273618264,19.39251560916009,19.627723145547687,131908677
20.327939987182617,20.422563454170696,19.819674110799472,20.000811287206552,170025705
20.00891876220703,20.317122733626324,19.898074348423332,20.227906744730056,70757129
19.776416778564453,20.211686160501838,19.62772152462876,20.04947512571148,83264045
19.530397415161133,20.030553601008144,19.443883694147214,19.803454361195346,89678274
19.643943786621094,19.730457499689397,19.33033374320207,19.622316802656407,86145914
19.365474700927734,19.6277180663011,19.265443786065813,19.546611841045376,52104364
19.1464900970459,19.600684137335083,19.059976396304272,19.384401329783195,58511199
19.33574104309082,19.508767023419423,18.762588421151886,19.081607374239663,124658147
18.594966888427734,19.303294543272596,18.505749456556707,19.303294543272596,143754403
17.65413475036621,18.44086493472451,17.527067931400122,18.44086493472451,84256775
18.05425453186035,18.192134811440425,17.313483648768283,17.440550440125282,92498453
17.605466842651367,18.330015336665856,17.518953158499816,18.330015336665856,54349425
18.60308265686035,18.968060814514633,17.416226988712072,17.627103835300034,120640983
18.40842056274414,18.924796082267953,18.340831561700426,18.816655413760415,83819180
18.21106719970703,18.432758967193493,18.140775885779245,18.275952489388253,28100305
18.3029842376709,18.48682512793094,18.14617923972333,18.167807664712875,52276716
18.330020904541016,18.36787173608121,18.16780986393695,18.24350863841265,20395290
18.25702667236328,18.58685912475657,18.18403162864456,18.373278573212506,46686143
17.848785400390625,18.316498016911822,17.797417359087877,18.30298079544884,45818822
17.85689926147461,17.951522714423195,17.527066876479388,17.789310255481556,34608868
17.889345169067383,18.02452321122994,17.81634867966702,17.932602027015207,31546244
18.04344367980957,18.275947431442766,17.905563380084992,18.005594299046123,33540780
17.819055557250977,18.154294071859354,17.74335532647273,17.9515284335834,23807997
17.80282974243164,17.9515249968008,17.719019768749153,17.816346967628004,27325498
17.808238983154297,17.943417025784925,17.427039907085003,17.789314288274397,37143638
17.808238983154297,17.808238983154297,17.808238983154297,17.808238983154297,0
18.24350929260254,18.42735021170894,17.856902760092197,17.946118763408496,67496889
18.262432098388672,18.676074484679063,18.140772742927055,18.330019666332515,86149527
18.219179153442383,18.37598419340792,18.14888783661751,18.224586622214314,25684195
18.194847106933594,18.32461769249092,18.119148320843102,18.17862614481457,20282583
18.292171478271484,18.505752019903774,18.205659212327717,18.302986414203417,39891989
18.359758377075195,18.708515467509898,18.305688036559754,18.476011703421545,75956629
18.146183013916016,18.424647418733777,18.059669295964003,18.33002249811034,46216771
18.038036346435547,18.297575990952673,17.910969535572228,18.19484133770392,23180851
17.962339401245117,18.113736940734814,17.92989603971,18.032630703350403,16676686
17.865013122558594,18.086704882064023,17.80553530356767,17.91367744914319,30320186
18.216468811035156,18.31920345892208,17.929893290313853,18.100216940424335,42939124
18.197547912597656,18.42734941259071,18.11644167075332,18.302986315855755,38384652
18.197547912597656,18.197547912597656,18.197547912597656,18.197547912597656,0
19.13567543029785,19.289776698137658,18.2894674354364,18.324613085241584,110294526
19.23571014404297,19.443883238743553,19.046463189135608,19.303299167539876,50895798
19.66016387939453,19.78452552192972,19.032940977700946,19.249225234940877,136969141
19.565540313720703,20.054881493286413,19.470916847393912,19.527690927189987,105721037
20.05487632751465,20.276568010323356,19.522279875031227,19.573646473719723,83416875
20.717247009277344,20.925420048537756,20.22790590248962,20.26575528339113,98805506
20.73347282409668,21.076822510496193,20.611813452278682,20.817282806144956,60658354
20.303607940673828,20.86864790044474,20.114359561325273,20.86864790044474,82885772
20.314422607421875,20.58207349121529,20.15221012564433,20.33334730067577,58814450
19.787229537963867,20.392824022572757,19.635832000038324,20.33064247826698,53200335
18.71933364868164,19.627724840504424,18.554418852139,19.627724840504424,73399060
18.254323959350586,19.030240808389003,18.0596695356773,18.611192328488258,68148598
18.789621353149414,18.9653524841054,18.254319648022378,18.45167920364522,53619277
18.811246871948242,18.92479500068228,18.511154150892345,18.811246871948242,48372162
18.29487419128418,18.762586925285145,18.165105077459298,18.762586925285145,58990275
18.489526748657227,18.70851326288675,18.275946256830675,18.494934215362203,48547973
18.45438003540039,18.600372973597477,18.278650362626035,18.600372973597477,40011530
19.027536392211914,19.178933939417206,18.08129594496954,18.44086656388443,92628316
18.686887741088867,19.195153582703472,18.57333958847057,19.195153582703472,68963290
18.519268035888672,18.91939172198312,18.440864094524958,18.805842132481903,37998621
18.519268035888672,18.519268035888672,18.519268035888672,18.519268035888672,0
18.55441665649414,18.681482045724916,18.289469497615553,18.38679670113573,41961280
18.743661880493164,18.8436928088895,18.594968076940418,18.70851622994094,25417691
18.392196655273438,18.77880449634557,18.313794171525203,18.662551192989532,24047388
18.405717849731445,18.481416610743583,18.197544812645976,18.278651040673864,29197467
18.40842056274414,18.735549190228756,18.332721805928465,18.438158741078013,34534659
18.12455177307129,18.465197679290583,18.027223133320994,18.440865519353007,30007286
17.85960578918457,18.081297550365512,17.7136156969323,18.00559877004175,27186770
17.700092315673828,18.086700205608054,17.440552677701003,17.708203516108195,69082160
17.21075439453125,17.586547419881637,16.497019175205075,17.586547419881637,53499189
16.77819061279297,18.08129810032796,16.50513222645909,17.356747863911604,68052387
16.32669448852539,16.853884983220254,16.07256086437802,16.499720438417587,82261245
16.132038116455078,16.3564321079115,15.910347858477925,16.194219653572016,37969127
16.39158058166504,16.675453870022064,15.51833662223851,16.048230923714264,70267297
16.1185245513916,16.95121543559674,16.013086143281726,16.721413925029307,88156261
15.456151008605957,16.113111966894905,15.320974457001217,16.113111966894905,49541306
15.826539993286133,15.934680680962392,15.383157974325323,15.46426421223365,69908756
16.494312286376953,16.713298790121506,15.858978308021777,15.896827684540398,76804722
16.521347045898438,16.76196197572599,16.440240824864343,16.651117577273773,18928903
16.380769729614258,16.680862581394077,16.226666980001202,16.59705259278572,48728952
16.27532386779785,16.729519261494012,16.226659559794015,16.464572189221567,40934463
16.33751106262207,16.42402477605084,15.913055142027966,16.223962896973607,42509931
16.683563232421875,16.913364725029062,16.467278964920187,16.786297898409607,72480301
17.07016944885254,17.19453253950034,16.702487644581375,16.702487644581375,74858151
17.067466735839844,17.343228827687977,17.02150759078378,17.216161995604054,58610896
16.907958984375,17.297269261342898,16.87010959477155,17.13776050045588,55849367
16.934995651245117,17.045841535237457,16.77007941454816,16.77007941454816,36376364
17.218862533569336,17.43244159242917,17.032317921065175,17.124237638418222,78714125
17.256715774536133,17.448667896975287,17.086392080601424,17.167498326417494,53307147
16.824148178100586,17.28915721148411,16.77548529855371,17.218865904037838,49235533
16.351028442382812,16.764670874836522,16.28344086689606,16.764670874836522,32680643
16.818742752075195,16.864703347479455,16.33210523170783,16.33210523170783,51493926
16.929584503173828,17.16208971344528,16.76737203601306,17.08368721355787,42863682
16.851181030273438,17.0539466025164,16.726817953390807,17.032318178523678,45646036
16.807924270629883,16.840367628940538,16.62678712142759,16.816035471283072,47502852
16.772781372070312,16.902551937977663,16.710599823110837,16.79170606572734,23524883
16.713300704956055,16.91065880982948,16.632194476180445,16.91065880982948,52537002
16.661937713623047,16.84307491658004,16.63219952434039,16.76196866318728,16058756
16.824148178100586,16.897144663874442,16.50513067196241,16.5997541413333,35718227
16.943103790283203,17.135055907136035,16.87010874889405,16.897144644813395,47203872
17.23238182067871,17.297267099447424,16.951213723649865,16.978249617545725,43128757
17.816341400146484,17.85689595166715,17.153974463673066,17.299965938521183,94755530
17.691987991333008,17.973156139152945,17.518960550026883,17.735244851659537,72628314
17.74335479736328,17.85690441799329,17.6000669876343,17.68117324052608,43866453
17.740646362304688,17.8568996864679,17.545991984662805,17.681168555563993,50742057
17.98396873474121,18.135367738329748,17.783906848940337,17.783906848940337,68788347
18.313800811767578,18.373278629428402,18.075889541124287,18.08670447759121,52905486
18.235395431518555,18.638224309808333,18.200249782133618,18.638224309808333,43719127
18.25161361694336,18.40301257055372,18.154286440344826,18.189432084391136,30523740
18.35164451599121,18.486821059198462,18.229983749512275,18.275944323037447,59695425
18.705810546875,18.75988232826153,18.38408936926369,18.432753683651153,84918820
18.616600036621094,18.77340507128183,18.573343176514165,18.762590134103846,33331820
18.784215927124023,18.90046926395454,18.622003446646588,18.708517154715167,57066266
18.72473907470703,19.076199948543085,18.654447766521248,18.81125278721481,88461585
18.27324676513672,18.654447258887295,18.184030765305447,18.654447258887295,56209434
18.45438003540039,18.540893727234796,17.846083347756043,18.11373417917996,53342732
18.35164451599121,18.63281253467133,18.281351789170255,18.55981607478397,49308314
18.48411750793457,18.654441138378463,18.243502594280216,18.654441138378463,29325971
18.508453369140625,18.651741141660263,18.197545665691948,18.38949775503039,59473245
18.286766052246094,18.76258858554559,18.235397993495305,18.62741199209503,49839151
18.286766052246094,18.286766052246094,18.286766052246094,18.286766052246094,0
17.735240936279297,18.48682546884602,17.656836991557498,18.224582074776176,53423649
18.008298873901367,18.113737273297367,17.518957706790975,17.627099840056395,56125604
18.3192081451416,18.394908366945526,17.9947831623609,18.15699565375125,56613447
18.327322006225586,18.421945491829774,18.22458731715421,18.300286105637557,37622350
18.478715896606445,18.581452009484124,18.330020639491565,18.384092429880063,42128577
19.157302856445312,19.411436481600568,18.39760715886445,18.403014626029996,92764775
19.46821403503418,19.55743148201015,19.087014973441406,19.1951556702762,123856212
19.3465576171875,19.838602628994327,19.260043891089026,19.416850380718163,83784183
19.698015213012695,19.833191803940544,19.276261591801465,19.276261591801465,104474953
19.4763240814209,19.868339529387644,19.316815323569852,19.60068718449517,95828393
19.354665756225586,19.562837390774437,19.308705165974818,19.43306826647549,63211442
19.016719818115234,19.54391034256404,18.878839508273682,19.38710534095216,66251757
19.2384090423584,19.319515272446097,18.978869394938194,19.05997562502589,57008778
19.170822143554688,19.37899374882861,19.141082517485742,19.300591249604352,33646611
19.224891662597656,19.276258267228247,19.03293957894184,19.143785433168855,27697623
19.919702529907227,20.027844653022974,19.224892096955063,19.224892096955063,145605043
19.57635498046875,20.084620846315577,19.53309812665596,20.065696153310267,58317336
19.72234344482422,19.816968346419472,19.538502553296123,19.627719987531147,38235547
19.957557678222656,20.21168993559295,19.74127336950053,19.74127336950053,91923124
20.249534606933594,20.325233369785046,19.90348126265279,19.95214413407067,106260122
20.636144638061523,20.776728698105543,20.26305533777025,20.26305533777025,115872538
20.56584930419922,20.790243314153006,20.465818378730877,20.78483729105091,76479540
20.63884162902832,20.73616880121377,20.365783355975527,20.628026696395548,62876484
20.63884162902832,20.63884162902832,20.63884162902832,20.63884162902832,0
20.419858932495117,20.546924304475105,19.519577728175808,20.546924304475105,71061907
21.068710327148438,21.141705364116067,20.468523295350167,20.468523295350167,147232440
20.795652389526367,21.898697832972566,20.600997990942826,21.898697832972566,82628245
20.879465103149414,21.01193797206391,20.15221258049642,20.736177297171082,178438559
21.330955505371094,21.40665428247806,20.76050805438134,20.79024624068662,141852072
21.582382202148438,21.655377234210118,21.101150826649274,21.255253536104856,149430501
21.512088775634766,21.76351866794753,21.42557507793978,21.628340654223575,84708376
21.27417755126953,21.51749624281002,21.19577361004464,21.39313316344904,50935108
21.409351348876953,21.49045756888983,21.11466464586912,21.152514022634872,66988585
21.56886100769043,21.736480921596144,21.31743258113387,21.46612780582139,97611280
21.6580753326416,21.974390425978164,21.37149985770836,21.425570184266817,92278010
22.171754837036133,22.271785764170783,21.49316532846662,21.736484034086395,119497901
22.469139099121094,22.569170004950738,22.1447142273921,22.431289723326298,125432815
22.85575294494629,23.001744473633792,22.33126609073396,22.439408231299215,205960791
22.842233657836914,23.21532292589483,22.709760811362646,22.92063616105874,177636541
22.999038696289062,23.090959868678617,22.62865460582588,22.87197331725387,89147661
22.861154556274414,23.063920115198982,22.763827376851022,22.926039823990678,100213930
22.3907413482666,22.97200366254091,22.282600664361503,22.874675025003224,110495812
22.420488357543945,22.655695939001795,22.093359575767384,22.331270891858452,109056397
22.239347457885742,22.742205908934352,22.14742627276901,22.44211307881683,108219311
21.966283798217773,22.32585436104625,21.80407134048437,22.179862860225768,87129836
21.741893768310547,22.12850029272162,21.48235263314888,22.03387682321624,78573731
22.3907413482666,22.70976026540262,21.66348896629019,21.73648400014124,154742009
23.693851470947266,24.11560363030568,22.493477385161547,22.493477385161547,223194307
22.661096572875977,24.38595742716493,22.447516044301988,23.791176427738975,187886955
22.096054077148438,22.980111383472977,21.76351796506191,22.736792699790765,132200024
22.096054077148438,22.096054077148438,22.096054077148438,22.096054077148438,0
22.277189254760742,22.963888397680655,21.552639290439597,22.277189254760742,105663297
22.352890014648438,22.71786804067144,22.11768108685236,22.355593748155552,62047073
22.142013549804688,22.22852724601843,21.555345255421702,22.22852724601843,54988278
22.0609073638916,22.2771916048496,21.73648244675671,22.120385169079523,51412616
20.98489761352539,22.628652040528195,20.29819696517005,21.685114040802624,73733177
21.59589958190918,21.893290068257436,20.825388917681195,21.033563413566725,47229178
21.47964859008789,21.7067463426657,20.984899966411316,21.24984710370172,34790561
20.763208389282227,21.58778943478498,20.49826269435279,21.30391760305832,44860430
20.682100296020508,20.979490770205768,20.30901250294933,20.600995509963408,31633267
20.187355041503906,20.80376302748449,20.033252322857628,20.763208464217772,25515540
21.698633193969727,21.80407158152245,19.749378501782488,20.357676669309416,46522683
21.271474838256836,22.10416560776697,21.141704285488167,21.91762097977533,40167819
20.522592544555664,21.663488735297722,20.238720724802764,21.30391670445577,49623609
20.774019241333008,20.90378977376461,20.336044777602826,20.54692153172869,24811230
21.125486373901367,21.32554825504332,20.63884889729584,20.709140206955354,41114839
21.736488342285156,21.898700844849056,21.282292757385235,21.357991540101057,37356183
21.43639373779297,21.94465963363077,21.303919434636676,21.695933431681926,53399898
21.063302993774414,21.449909496247827,20.90649798340545,21.30932544483043,34400048
21.144412994384766,21.293108273881693,20.252244206008292,20.898390499561824,39069902
21.133596420288086,21.357990467182546,20.871354428239506,21.087637272692238,21535935
20.714550018310547,20.963276252968782,20.452306555873957,20.55504124217616,20329316
20.714550018310547,20.714550018310547,20.714550018310547,20.714550018310547,0
20.69562339782715,21.24714617128986,20.600999923569738,20.70914062434894,16347064
19.31681251525879,20.746987992691547,19.019423471339422,20.557739631487117,68517838
17.76768684387207,19.205972400265566,17.64332373102513,19.205972400265566,51180311
17.532472610473633,18.25161517394264,16.58082629664615,17.843380299757502,79577889
16.077970504760742,17.194533184325625,15.794098661554454,17.194533184325625,91028313
16.077970504760742,16.077970504760742,16.077970504760742,16.077970504760742,0
16.661937713623047,16.9241811699728,15.680551469849638,15.821135546110252,63144487
17.043136596679688,17.40000497360308,16.545685589604908,16.599755943071017,55346202
17.691987991333008,17.83797953385942,16.383473021514245,16.978252684550274,92069344
19.99270248413086,20.47122875413369,17.84068035895163,17.84068035895163,148974490
19.40332794189453,20.271165880294152,19.09242020176839,20.00081126086697,80686282
19.1464900970459,19.649348455077796,18.96535293880698,19.19515297048643,45602314
18.895063400268555,19.087015525804187,18.62741249589743,18.98968831811535,37334378
19.392513275146484,19.627720783225346,18.816658418398593,18.924799104174003,69473779
19.589595794677734,20.19961304071755,19.42121958004473,19.898745106504215,71457307
19.065143585205078,19.37705332636633,18.361275217434137,19.37705332636633,72373573
18.907808303833008,19.509545560004405,18.438562748117036,19.250080127497256,46574990
18.907808303833008,18.907808303833008,18.907808303833008,18.907808303833008,0
18.89676856994629,19.128630914781652,18.560016151842646,18.88020728987324,31688179
18.987857818603516,19.255604678043927,18.7504760117571,18.825002515161362,32772960
18.974058151245117,19.101030440375435,18.82500366076151,18.94369604601211,17594955
18.81947898864746,19.178312080403,18.74495102680603,18.935409407595433,15749006
19.10654640197754,19.22247682304967,18.77255448344548,18.79739566324376,30808142
19.41845703125,19.75244896537127,19.131389949345138,19.15623113030289,62306141
19.606157302856445,19.691725640768276,19.354973207593787,19.426740723927814,30532185
19.61720085144043,19.94567343486075,19.550955717423943,19.67792801529643,31238931
19.86286163330078,19.98707344704096,19.57855351158571,19.597875250971676,24879040
20.47011947631836,20.55844679407808,19.219718511601428,19.70828585408575,65107625
20.25758171081543,20.69094288148535,20.158212542786202,20.569491512271355,46455448
21.11878204345703,21.25679467815026,20.36522830980634,20.36522830980634,81220452
20.69369888305664,21.24575231914622,20.59156927755485,21.237470942509276,42258187
20.793075561523438,21.060820999916306,20.514289758219615,20.536370488041527,40671474
20.837236404418945,21.060817395696425,20.74062769821371,20.859318605066484,29510899
21.035974502563477,21.157427342081423,20.804113610239934,20.815153973139182,26407985
21.690156936645508,21.772964816736245,21.033214814486787,21.033214814486787,94556989
21.726041793823242,21.955143697522338,21.588027674975283,21.7481225192504,59731991
22.015867233276367,22.18700242358611,21.750880858724123,21.750880858724123,36493007
22.26981544494629,22.465793324521968,21.916501695202463,22.026911228206853,42811487
21.615631103515625,22.451991308163286,21.527302302123474,22.413346351600946,54700207
21.65703582763672,21.739843713283864,21.143625756940892,21.507981338550977,42893875
20.991806030273438,21.76467989096977,20.873113681490214,21.709473667246048,43078103
20.68817710876465,21.140859904885296,20.494959741276595,21.088415612168262,31130355
20.588808059692383,20.856553391230094,20.45355442723289,20.577766224583502,28362650
20.180288314819336,20.757184388856256,20.086440088778474,20.696458719158276,39624813
20.10576057434082,20.28517858807573,19.71656392581777,20.26033593506278,52703851
20.448040008544922,20.61641476389006,20.114048008101317,20.149931031813853,50362650
20.464595794677734,20.56120447665246,20.210651288225304,20.425952321887845,37387314
20.428712844848633,20.497719894088167,20.287939762051614,20.420432942686528,19314752
20.724061965942383,20.80686983782891,20.428713496319315,20.481159268303006,32180868
20.089204788208008,20.884161054285123,19.989835623599458,20.638497864840193,65138602
19.741411209106445,19.9898348482949,19.492986095313675,19.9898348482949,47495514
18.802915573120117,19.708282595969347,18.72010771261954,19.603392541028352,55464526
19.147951126098633,19.21143725681644,18.75047306304022,18.769794800684412,36523999
19.03754234313965,19.377055232495074,18.49377021817036,18.49377021817036,26094230
18.830522537231445,19.346691541644326,18.769796858747828,19.03202131244507,47233211
18.90228843688965,18.97957538933492,18.56001511959635,18.88020623981898,31187017
18.849843978881836,18.94093323246881,18.524133392656832,18.808440040815803,24725145
19.14519500732422,19.25836499995182,18.714592814543217,18.79740070167734,28403417
19.769014358520508,19.86838500144891,18.924372741255624,19.101030351257744,44329523
20.00087547302246,20.229977374918242,19.680684312388184,19.763492193203422,38544176
20.343149185180664,20.616414016911335,19.879424454757316,20.01191618158945,26944326
19.799373626708984,21.806084196393833,19.448818942523296,20.470117947392446,14112521
18.18461799621582,19.432256883984238,17.88650909351935,19.29976518525562,65799036
18.007965087890625,18.300554623302872,17.77610418651485,17.831308952375114,39504767
18.314348220825195,18.57105168167618,18.11008904566072,18.32814903819452,28086259
17.98036003112793,18.179098330204898,17.720894584139735,17.886510324905256,17151702
18.06317138671875,18.21774532146871,17.450392142890824,17.88651377602802,35909821
18.4220027923584,18.488247910039664,18.052126354082443,18.300551443803858,24974270
18.58209228515625,18.81119409610249,18.168053045446626,18.328147824906683,16015356
18.78083610534668,18.918848723847212,18.61521889870034,18.686986404067223,17476842
18.990617752075195,19.363253179052002,18.344716050394556,18.866404468478738,28580447
18.328147888183594,18.880201192771516,18.217736932345257,18.709064579873036,21472159
18.383363723754883,18.57106023499944,17.94724206321771,18.16254169651801,16188394
18.038328170776367,18.518614191805874,17.941719464530692,18.44132722680933,20781490
17.892030715942383,18.021763435616123,17.720894062296523,17.94171602655057,16907479
17.32893943786621,18.002444314832882,17.141241478269297,17.996923396273008,25611498
17.279253005981445,17.444868755265343,16.5615852506193,17.113637256697547,1948391
17.35378074645996,17.47247163863588,16.627831623474513,16.627831623474513,13896909
17.152278900146484,17.41450479153197,17.041869395503813,17.36205902341325,17154376
16.829336166381836,17.24613613621391,16.716164678882357,17.003231875743126,30470005
16.895580291748047,17.000470383744002,16.56158827312444,16.754805699481864,17946522
17.27097511291504,17.334461255834672,16.743764228200206,16.862455135769977,21004692
17.602201461791992,17.707091515934078,16.7630810286553,17.37586007645464,55492156
17.417261123657227,17.789896431396695,17.237843140565378,17.718128943239215,26261387
17.544239044189453,17.71537423375331,17.08879574249359,17.33445890255201,22788924
17.5111141204834,17.726415169278347,17.130198808636184,17.527675399328214,48046979
17.842350006103516,17.92239891041432,17.403469372514007,17.50007808515879,25558407
18.170814514160156,18.217739360972523,17.723652663959815,17.723652663959815,32886578
18.13217544555664,18.2729500201734,17.8064648465858,17.936197584163928,24997699
18.537935256958008,18.755996796165253,17.941718810178298,17.996923572504688,32633546
18.75875473022461,18.849843983835523,18.444084505919207,18.65938557376086,35529952
18.02728271484375,18.819479845471925,17.919633667178392,18.742191421383755,27804630
17.723657608032227,18.201183161319637,17.646370644384607,18.201183161319637,41322595
17.723657608032227,17.723657608032227,17.723657608032227,17.723657608032227,0
18.046607971191406,18.297790585469368,17.72089590863186,17.831306902262575,40314418
17.530437469482422,18.15149654277624,17.45867142969074,18.05212738597008,37882790
17.546995162963867,17.770577563329237,17.36481816695841,17.389660819732782,27714988
17.604965209960938,17.814745357443385,17.555279894913536,17.555279894913536,25945335
17.604965209960938,17.604965209960938,17.604965209960938,17.604965209960938,0
17.500072479248047,18.65938255803414,17.450387171744183,17.660167287376485,24387653
17.397945404052734,17.56908207183278,17.34549963023436,17.555279776299408,20928018
17.40622329711914,17.66016781036317,17.284771958073055,17.555277749440812,18360044
17.27097511291504,17.53872050710501,17.23509061501828,17.328940336988342,14452184
17.577362060546875,17.6794916749724,17.218527443195338,17.2240483614357,48566417
17.61600685119629,17.742979132557075,17.389665407128383,17.513877229163366,27727662
17.177125930786133,17.610487107150536,17.08879859949085,17.57736454224036,39395546
17.2626953125,17.38966760994486,17.16884705655636,17.16884705655636,16171687
17.35378074645996,17.466952195109798,17.03911053209673,17.27373185738343,22366089
17.177125930786133,17.44487133339078,17.10259942243602,17.27925555963102,11804371
17.20196533203125,17.555279014073427,17.086034902209793,17.555279014073427,16967446
16.98666763305664,17.317897679889512,16.895578374819685,17.317897679889512,20467497
16.790687561035156,17.08051512962834,16.741002245148906,16.94802193700118,12647198
16.840370178222656,16.948019221051485,16.72719874333068,16.86521135758068,14673580
16.44565773010254,16.64439756704214,15.239422307690248,16.285562856299098,34785814
16.02609634399414,16.727202898945492,15.901883043325038,16.56158713085921,20201511
14.425141334533691,16.103382618763725,14.425141334533691,16.103382618763725,31589350
14.499670028686523,14.657005910165767,13.3044750248844,13.925535697054139,100059643
13.975218772888184,15.374674446474243,13.801323091978691,14.353375189879339,87037267
13.630184173583984,14.436180724432683,13.423164486300857,14.353372849519431,54005126
13.24374771118164,13.552897007780869,12.796584308786972,13.35415722629295,61146786
11.960224151611328,12.918035613064568,11.921580674002868,12.898713874260338,73484375
12.208648681640625,12.523318162378997,11.847053608152757,12.00714843896829,101903813
11.405411720275879,12.64200972212438,11.239795962538269,12.426710121828064,99719112
12.53987979888916,12.548161176416817,11.587589215004503,11.587589215004503,91794116
13.343117713928223,13.51425439022926,11.86637597792719,11.86637597792719,134391056
14.607315063476562,14.679082565107338,13.166457384955214,13.470087194295585,145786541
14.32852840423584,14.988232336718365,13.98349612668456,14.574193013815213,204260754
14.32852840423584,14.32852840423584,14.32852840423584,14.32852840423584,0
13.613622665405273,14.458264155050566,13.365199044828234,14.408578841093478,99945731
13.770956039428711,14.121510721634644,13.445245487008942,13.748873843111769,149091469
13.837203025817871,14.187756243488456,13.448006332133724,13.746113779068668,71438233
13.931052207946777,14.12979049843431,13.276869175434154,13.359677042237974,103922801
13.972455024719238,14.231918965153856,13.757153998393775,14.077345079261905,103584608
14.251246452331543,14.563156283218364,13.911733498708113,13.911733498708113,90542542
14.651482582092285,14.833659621841322,14.353373626427093,14.353373626427093,79497826
14.742573738098145,15.06000447486675,14.634923186097966,14.748094657330077,87830406
15.104166984558105,15.275302187837042,14.518989433710635,14.662524468106094,66342603
15.104166984558105,15.286344024915605,14.996516446063666,15.175933027151526,45376787
15.708662033081055,15.827352913135378,15.071040292277857,15.181451270586559,59714247
15.23389720916748,15.485081290324263,15.131767596176768,15.4409168942303,42306432
15.264261245727539,15.374672239298944,15.09864549267256,15.209056486243965,38912730
15.060001373291016,15.64517740243406,14.905425988862891,15.278061417393834,42206273
15.175929069519043,15.327743967528288,15.084841310396637,15.275298204290726,26546026
14.681842803955078,15.347066146348208,14.607314844769293,15.347066146348208,47907075
14.56867504119873,14.877824366484358,14.449984137868686,14.850222722447437,27738810
14.56867504119873,14.56867504119873,14.56867504119873,14.56867504119873,0
14.378215789794922,14.927508823982008,14.193278297157102,14.684606112685334,30511794
13.942096710205078,14.226403410790406,13.864809738124507,14.132555155350358,34700611
14.044222831726074,14.267805262269842,13.704711446663442,14.022142109172867,107369902
14.392013549804688,14.513466354224004,14.091145683844411,14.187754361060291,54707587
14.516228675842285,14.850220613001692,14.356132379989559,14.380975035777405,44285269
14.43618106842041,14.541072618721076,14.201559733645086,14.541072618721076,34339311
14.491386413574219,14.73981002899049,14.28436673406066,14.629399041715201,33712838
14.303689956665039,14.712208440065396,14.149114558440829,14.657003678001768,22285087
14.392013549804688,14.48862370162451,13.903447771965029,14.298165331166969,41576201
14.57695484161377,14.709446552623652,14.369935160719411,14.54659126693398,34613167
14.695648193359375,14.872304329160716,14.535553339882469,14.623882145085354,27757758
14.819859504699707,14.877824728111378,14.535552831820295,14.684607316739145,32125312
15.082084655761719,15.167651519365782,14.968913199697804,15.01031713917899,12335502
15.349824905395508,15.44091265706509,15.01583304186483,15.071037784531358,31320535
15.349824905395508,15.349824905395508,15.349824905395508,15.349824905395508,0
16.851417541503906,16.88730057069214,15.683825591506142,15.683825591506142,71040018
16.06749725341797,17.168843773924383,15.89912251684726,17.11363754017913,44342547
16.252431869506836,16.68579287301526,15.871515151954993,16.119938713505192,40602096
16.11441993713379,16.473254509681976,16.015050794235474,16.28555658438336,31503531
16.11441993713379,16.36836444923263,15.719702349712001,16.11994085468482,36048423
16.484296798706055,16.655433465977197,16.24415455239014,16.324201967828778,36689979
16.186185836791992,16.832087413502638,16.053692676326868,16.67199114262297,27767645
16.03989601135254,16.2441552473353,15.750066963469207,16.186190027600347,32388329
16.006776809692383,16.108904974515593,15.788713757252355,16.009535794883757,24401629
16.006776809692383,16.006776809692383,16.006776809692383,16.006776809692383,0
16.034374237060547,16.213790805121903,15.788709600546362,16.07025725575198,26789941
16.478778839111328,16.61679148423384,16.064739429139447,16.11994419226758,34449596
17.295818328857422,17.433830982219494,16.78240825015746,16.84589439511699,45707249
17.110872268676758,17.914109619785556,16.89833319472719,17.66568606161265,48654406
17.224048614501953,17.43382876467558,17.113637621093662,17.113637621093662,30398723
17.392431259155273,17.662937187100436,17.168850205089576,17.168850205089576,20566620
17.13848304748535,17.547001577181703,17.061196076916744,17.389667176437822,23066337
17.168846130371094,17.660172535592714,17.063956041383907,17.27925566380696,25557637
17.168846130371094,17.61048721332346,16.3214440398939,17.265454840778588,57676438
17.130199432373047,17.2240476656469,16.851412242351806,17.168842909286056,18745655
17.130199432373047,17.130199432373047,17.130199432373047,17.130199432373047,0
17.066713333129883,17.36482078759985,16.70511827054188,17.1136367125586,21648727
17.041868209838867,17.328935261304014,16.948018515357592,17.328935261304014,35696394
17.130199432373047,17.2240476656469,16.705118237121603,17.030828806477682,24662041
17.13296127319336,17.19644741716465,16.83761275448363,16.83761275448363,14107101
17.152278900146484,17.246128601157224,16.837608715246336,16.892814942171736,13869867
17.152278900146484,17.152278900146484,17.152278900146484,17.152278900146484,0
16.936979293823242,17.27925111677273,16.74927989224557,17.108115942600016,9321039
16.68579864501953,16.91766101092705,16.46221765720328,16.837612113191213,35795461
16.66647720336914,16.83209297133368,15.965369174328789,16.561587118684642,29663225
16.903858184814453,17.050150716916114,16.484296428744127,16.782405360228843,16250994
16.837610244750977,17.052911305188736,16.705118532223597,16.83209080124031,9645367
16.760326385498047,16.89281959710354,16.616792810227665,16.785169046999634,9579602
16.365610122680664,16.945265393823423,16.299363511057713,16.837614834261707,22102484
17.723657608032227,17.98312309256975,16.451175794184167,16.616791558917274,62707885
17.665687561035156,18.248103037910667,17.51663311855925,17.610481338130622,42526568
17.546995162963867,17.941714199548276,17.422784848299923,17.72365271637809,23035569
18.126659393310547,18.52137712381535,17.45039393549629,17.665695051991484,87376887
17.922393798828125,18.47444574515647,17.754016134061963,18.223261689314914,34331917
18.04108428955078,18.49376708219403,17.558037925333203,18.0521246499207,42278396
17.98036003112793,18.99061722948092,17.789901634326753,18.272948036427568,65636529
17.8175048828125,18.15701777186574,17.68501316300471,17.936197255783245,23187797
17.679494857788086,18.024528716258935,17.450392930214733,17.947241745396934,18179387
17.593923568725586,17.828546376335694,17.420026438733917,17.500075330444094,27352232
17.20196533203125,18.212222540207506,17.03082867168172,18.212222540207506,32497955
17.24612808227539,17.42830508659832,17.16884113643003,17.279250637750827,14862513
17.257173538208008,17.599445423487133,17.06119419914501,17.224049501178204,27447966
17.37034034729004,17.494552145590365,17.15503930706118,17.22404635320716,16462461
17.309619903564453,17.500078346714602,17.196448431685262,17.417270456180148,11791529
17.37862205505371,17.38966241585347,17.224046681628472,17.386901957002507,8558065
17.35930061340332,17.88650992321132,17.25992999149235,17.44486746622026,32907556
17.477991104125977,17.580120708026996,17.328936649225984,17.44486707270149,21020125
17.33721923828125,17.555280774059923,17.069473859571303,17.38414557115757,19921605
16.56710433959961,17.72089511629026,16.429091709685267,17.72089511629026,94887745
16.59746551513672,16.85969139105203,16.45669244652966,16.59746551513672,62540337
16.71615982055664,16.92041905608836,16.376646931337746,16.92041905608836,26850286
16.224834442138672,16.671996419688558,16.125465277639183,16.451175890289207,45867165
16.103378295898438,16.423569369331997,16.02885033869904,16.28555528915708,61498409
17.000473022460938,17.549766229546126,16.11718774491179,16.119948204946,113657573
17.179882049560547,17.362059059745846,16.903856812772183,17.00322448239609,59848718
17.03635025024414,17.50007493671934,16.953542375845302,17.334459187921656,34021971
17.069473266601562,17.3620612939152,16.986666864592685,17.1136376640758,40477289
17.11363983154297,17.279255605744712,17.072235887992534,17.11363983154297,47407776
17.199203491210938,17.46695029617096,17.119156085441052,17.246128341008472,28104451
17.422788619995117,17.65464949713873,17.177123972271346,17.27925358947154,69678425
17.596683502197266,17.76505970884693,17.46143132982536,17.555279565303223,49775515
17.712614059448242,17.831304942931666,17.582881340512913,17.676729568833643,40018084
17.502830505371094,17.580117439987582,17.28752950224938,17.527671681066533,25876728
17.356544494628906,17.720900122957993,17.251655868990778,17.577366534405506,19779727
17.384143829345703,17.408985011020214,17.257171563569532,17.279252286257062,11669172
17.373104095458984,17.486275554597604,17.279254376962907,17.40070573946014,12099948
17.740217208862305,17.886511218823493,17.42278800626692,17.5221571607716,40451157
17.983123779296875,18.231547435883165,17.56908435165306,17.88651359644371,101030821
16.994943618774414,18.181856788526876,16.840369730857322,18.041083719286956,83680802
17.79266357421875,17.925155293096328,16.851413347709943,17.003226806311424,63239227
17.315139770507812,18.769798685718012,17.22405050661402,18.438567143710646,158828803
17.320659637451172,17.632567944266647,17.229568904485436,17.610485744500377,61248668
16.983905792236328,17.748499934708075,16.914900207961626,17.003227532785765,46666285
17.185407638549805,17.24613332511812,16.92870259446251,17.113640113730266,30686653
16.94525718688965,17.362056924222582,16.873491165009316,17.218523405858036,25543031
16.476016998291016,17.08327524020079,16.398730041471076,17.08327524020079,55717669
16.13374137878418,16.531219417709444,16.09233744711705,16.500857320942355,36594497
16.21103286743164,16.484299187932013,16.11994507700114,16.175149843159154,38789212
16.423572540283203,16.473256380071486,16.246914955424728,16.398729883086954,22150267
17.0059871673584,17.08327411910636,16.46497408131028,16.46497408131028,58963177
16.931459426879883,17.26821182772981,16.84313063821023,17.152279923949855,28846110
16.539505004882812,16.986668465499147,16.46497702414456,16.948023508113906,22878230
16.768604278564453,16.82932995260967,16.478776728701867,16.61678935614933,33074349
16.757558822631836,16.81828448355913,16.622306683394996,16.671990510733412,16132181
16.771366119384766,16.815530517711746,16.40148965204737,16.556065046191804,26800906
16.771366119384766,16.771366119384766,16.771366119384766,16.771366119384766,0
16.56158447265625,16.69959709904176,16.49533788113371,16.694076181097177,17638257
16.56710433959961,16.749281364991546,16.277276784556555,16.721679723771192,32848472
16.578144073486328,16.740999339530564,16.42632916760936,16.616787545977772,42148435
16.578144073486328,16.578144073486328,16.578144073486328,16.578144073486328,0
16.680278778076172,17.019791707556536,16.52294438125617,16.652675657302442,35258574
16.757558822631836,16.796203765589063,16.589182657232207,16.589182657232207,21033737
16.503618240356445,16.752043334094765,16.42633128540917,16.752043334094765,14761709
16.856937408447266,17.660175217698562,16.589191963565057,16.589191963565057,138320973
16.876253128051758,17.168842607981542,16.837609651816923,16.90661670201007,46535736
16.727201461791992,17.014268571863646,16.674755686614986,16.9618242712909,24111052
16.56986427307129,16.790686243455124,16.517419976732718,16.754801751640162,19790832
16.354568481445312,16.68303957950589,16.252438849475332,16.561588204979667,37386600
16.371129989624023,16.586431094903432,16.302122922628417,16.45945879944168,11311359
16.46497344970703,16.550541774975894,16.31592046979774,16.38768650092383,14316453
16.25519561767578,16.553304568752672,16.194469938694088,16.451174950710534,9075948
15.957088470458984,16.30488127082213,15.863238753529886,16.230353294212968,21118198
16.012290954589844,16.142023674431012,15.935004004303234,16.111660101330358,13138234
16.139265060424805,16.326963014436647,16.064738560501336,16.119943320644488,27042174
15.716938972473145,16.506375475331062,15.581686839816065,16.15029995307367,26920238
15.85771656036377,15.979169385675306,15.471280310421841,15.733504750603414,24606472
16.075782775878906,16.26348077487992,15.796995499934523,15.91016698114887,51300609
15.990209579467773,17.654648402630112,15.9543265613636,16.175147062640903,16814924
15.843913078308105,16.059214102235693,15.744543942112276,16.03713190812507,23665824
15.926724433898926,16.059217627648337,15.766629597404922,15.871519673805473,15820877
15.198014259338379,15.954326965324869,15.051720249589321,15.954326965324869,66095201
15.3663911819458,15.440917682531515,15.101406266458024,15.181453685488394,23646232
15.3663911819458,15.3663911819458,15.3663911819458,15.3663911819458,0
15.697622299194336,15.788710078213263,15.540287924322577,15.675540100576725,18346250
15.890838623046875,16.00677051587038,15.716941521113624,15.733502798772978,24265829
15.99297046661377,16.06473797934747,15.879800491223678,15.901881214798733,19012565
16.183427810668945,16.246913941941667,15.852196334325752,15.95432594122463,16862118
16.006776809692383,16.307644808383852,15.932248819015062,16.230356357910566,24711295
16.089580535888672,16.27175905507473,15.968129172834196,16.14754575808226,16979041
15.90188217163086,16.136504988426562,15.739026871887177,16.09786150793867,18418596
15.788711547851562,16.009533554582134,15.75006806532481,16.009533554582134,11945493
15.661741256713867,15.948808400380816,15.623097772905366,15.888082715166824,12623769
15.617575645446777,15.843917086385897,15.468521166144352,15.716944806780287,15197303
15.341547012329102,15.694860689711044,15.189732092285597,15.678299410612732,18686347
15.501646995544434,15.868761580374814,15.214578366290283,15.402276348115752,40395769
15.247696876525879,15.998488531510569,15.04343621114602,15.99296761429934,34081238
14.477584838867188,15.090362468460281,13.724032654855815,15.048958534714691,79381407
14.284370422363281,14.49139015533047,14.077350689396093,14.433424925020567,29677090
14.024903297424316,14.342334009815078,13.839965788797798,14.242964844294086,28533504
14.938553810119629,15.126250326890327,14.369938916499235,14.369938916499235,44689282
14.86954402923584,15.164892523885019,14.634921214142045,15.164892523885019,25100939
14.35336971282959,14.783971747960974,14.248481137158398,14.783971747960974,33161820
14.645964622497559,15.181456962097185,14.201563033081985,15.181456962097185,24699489
14.433422088623047,14.886104952471293,14.372694935922278,14.372694935922278,30406943
14.546590805053711,14.68460490433721,14.115990177386621,14.513468247003987,30189483
14.924749374389648,15.013078175237645,14.474826941302238,14.770173972905653,37182360
15.071043014526367,15.175933094214681,14.800537174762226,14.933030372664616,29704678
15.148327827453613,15.319464481820134,15.01583612294736,15.07104087694129,26497907
15.195252418518066,15.291862579604034,14.927507080607624,15.181451598907534,25395900
15.167651176452637,15.23389777304568,14.974433779644926,15.126247237907517,22927609
15.672781944274902,15.733507630744883,15.297385987221665,15.297385987221665,26647796
15.965365409851074,16.086816747774108,15.824592335195014,15.899120297968722,31196526
15.805269241333008,15.923960110302142,15.70037919038701,15.923960110302142,15428095
15.708662033081055,15.951564710756148,15.678298461069643,15.84391419123067,11627649
15.559610366821289,15.678301268126132,15.424356709851692,15.672780349571216,18098386
15.727984428405762,15.783189182569213,15.59549124888854,15.783189182569213,11055527
15.642417907714844,15.95432768024306,15.58445268795741,15.788710449415095,11623742
15.824593544006348,15.943285906837673,15.399513828804677,15.623094784996653,34474440
15.819074630737305,15.915684808629305,15.645178964819515,15.838396371394836,17168227
15.672781944274902,15.843918640055973,15.565132869126613,15.843918640055973,11569671
15.667255401611328,15.733501983419679,15.520962894364969,15.733501983419679,10577837
15.060001373291016,15.545808249746647,14.795014999985659,15.291863712631109,142002298
14.742573738098145,14.982717504037698,14.629402266866036,14.905429058604149,43979035
15.00204086303711,15.087607747328383,14.687369077377818,14.877827539958624,40186683
14.87230110168457,15.015836116292569,14.770171495808803,15.015836116292569,25290083
14.99927043914795,15.126242675670694,14.825374834469786,14.908182686584288,12190220
14.745329856872559,15.013076692321917,14.703927394494485,14.966151837180874,13464775
14.803293228149414,15.071038528942855,14.690121804298721,14.739807107375391,33192882
14.739812850952148,14.95787440824357,14.712209730197621,14.850223859365808,14491018
14.535550117492676,14.839178474810607,14.477584904905266,14.79501408199998,29980061
15.007555961608887,15.115206494028229,14.353372864355483,14.353372864355483,64437136
15.286341667175293,15.38018989484653,14.910945807282173,15.018596329172771,51260501
15.311182022094727,15.399510793413409,15.12624310416979,15.12624310416979,38031783
14.665287971496582,15.269784438895877,14.612842183695687,15.236661869993451,35976076
14.645964622497559,14.869547121719007,14.593520309767145,14.822622254020224,21813909
14.676328659057617,14.739814813020779,14.353376969435095,14.739814813020779,14793471
14.237442016601562,14.756371449862831,14.138072864403487,14.684605413399183,31603760
14.016620635986328,14.270563681330168,13.90068873685162,14.201558108225603,52119237
14.317488670349121,14.375455357775587,14.030421590520573,14.077346442397577,24984143
14.342331886291504,14.483104972820431,14.132551748693658,14.132551748693658,31751913
14.176718711853027,14.23744439693805,14.022144776947304,14.187759075230108,19612164
14.173954963684082,14.342331156999665,13.950374017082964,14.055264080548342,32536594
13.886890411376953,14.182238918076829,13.806842988451715,14.160156717828038,30787149
13.900689125061035,14.334050211629194,13.804080435254164,14.077346700255468,84576776
13.547375679016113,13.906210278761911,13.464567807890479,13.906210278761911,40847663
13.677107810974121,13.831683185192027,13.183019590012305,13.500450240439372,60666477
13.624662399291992,13.955893878132935,13.54185600418589,13.878606926297817,43537882
13.489413261413574,13.677111239861063,13.307236202080428,13.522535826890705,47786651
13.52805233001709,13.74611234320279,13.401080079461776,13.608099732627181,27319742
13.406603813171387,13.497693069541368,13.196823657280266,13.365199873840357,27827682
13.467329025268555,13.558416803873733,13.348636655261439,13.525294243399895,30377086
13.33483600616455,13.46732919897736,13.282391705637144,13.414884898449953,23542179
13.318273544311523,13.627422825513946,13.232705215869155,13.470088463283869,34574487
12.871110916137695,13.398320202637931,12.77174029861987,13.345875909707122,51285484
12.953920364379883,13.009125122834412,12.675133163785429,12.923556788737145,47182515
13.301712989807129,13.431444244397824,12.934598474872653,13.12505540543888,62182944
13.390039443969727,13.470086844933013,13.321032402799606,13.387278985370449,21763829
13.169218063354492,13.442484306478677,13.147135868223042,13.36519736082061,33857699
13.169218063354492,13.169218063354492,13.169218063354492,13.169218063354492,0
13.403844833374023,13.46457051945513,13.265830703967865,13.304474188328163,27666323
13.539093971252441,13.619142856041606,13.475607839967044,13.475607839967044,28777811
13.740594863891602,13.828922180487032,13.547376001793474,13.608101677092167,45786682
13.536337852478027,13.859288020501555,13.514255651069163,13.74887701345724,27886990
13.671588897705078,13.768199073732314,13.580501114821837,13.63570587640575,25102704
13.787517547607422,13.826161019021542,13.613620451639918,13.79579744885104,19770288
13.853764533996582,13.955894143608353,13.757155842364948,13.80408069598781,23081504
13.613622665405273,14.353372609006891,13.58050010583668,14.353372609006891,18730054
13.56393814086914,13.63570565691689,13.481130262524044,13.552897778571795,13400495
13.7792387008667,13.801320899242691,13.503211958468915,13.525294156844907,28821799
14.10494613647461,14.154631440385558,13.74611159888329,13.839961289691992,47353033
14.643202781677246,14.795016245231343,14.353373727155072,14.353373727155072,57789944
14.590757369995117,14.734290933908946,14.414101243102849,14.70668781502401,30057968
14.866782188415527,14.95787143658579,14.408578437785055,14.463783193722213,69110182
14.681842803955078,14.952348579798807,14.629397039201677,14.905423732304493,29739969
14.665287971496582,14.817101466004758,14.532794746677641,14.684609715790435,35214586
14.405817031860352,14.684604201416432,14.229159465107019,14.62387853149599,34598449
14.405817031860352,14.405817031860352,14.405817031860352,14.405817031860352,0
14.209839820861816,14.469305291593244,14.160155978848165,14.40857961272926,28936173
14.380973815917969,14.554870917078036,14.215358090852765,14.231919368438485,39028575
14.298166275024414,14.626637273845532,14.226398771066536,14.416857154096709,51848098
14.245722770690918,14.419619903386048,14.187757551327298,14.353373306425794,29624055
14.44170093536377,14.51622890389818,14.256763455421881,14.256763455421881,18710406
14.278843879699707,14.452740976750675,14.242960866677878,14.353370364376424,17194639
14.248485565185547,14.323012069639995,14.104950525799177,14.323012069639995,21151150
14.10494613647461,14.209836186705799,13.969693991878655,14.07734450061644,24616387
14.35336971282959,14.461020221612436,14.077344506508945,14.187753999195643,25511899
14.10494613647461,14.42513720418137,14.03869955612798,14.298164960501305,33851622
14.09666919708252,14.129791756912494,13.911730235118483,14.027662143731822,16970345
14.115987777709961,14.193274716423522,14.0635420160087,14.18775379948573,8181500
14.240203857421875,14.325772197357882,14.011101956026721,14.118752495772162,26125096
14.245722770690918,14.353373306425794,14.193278469725055,14.201559847321688,31576774
13.801323890686035,14.215363356723842,13.748878105198818,14.138076382957998,29068668
13.801323890686035,13.801323890686035,13.801323890686035,13.801323890686035,0
13.365199089050293,13.773717539900876,13.276870297102857,13.746114423766251,68501677
13.036727905273438,13.351398117069117,12.976000755544208,13.309992706034027,55472424
13.257549285888672,13.340357164233616,12.95115895632895,12.973242630132175,28380996
13.378998756408691,13.459046164233571,13.238225678006176,13.285149054404295,18650971
13.160941123962402,13.43696641332497,13.122296167831468,13.40108339113662,20233315
13.078129768371582,13.216143866558966,12.987041997156195,13.083650686204066,20938059
13.227184295654297,13.856524693670918,13.144376426157589,13.856524693670918,18031444
13.370719909667969,13.436965028541128,13.249267084324055,13.304471841586418,14663623
13.370719909667969,13.370719909667969,13.370719909667969,13.370719909667969,0
13.481128692626953,13.649504888934903,13.403841741732851,13.442485217179902,27546599
13.450769424438477,13.514255568776818,13.340358418066485,13.442488045983918,16907675
13.409363746643066,13.655026913761125,13.334835774006786,13.508732902220538,19903470
13.367956161499023,13.481127594320274,13.315511870408978,13.470087234208052,11103912
13.246508598327637,13.431446111037264,13.196824751772397,13.420405747782015,15611777
13.488731384277344,13.59449156376811,13.457288425876353,13.59449156376811,19106437
13.142866134643555,13.54875683155361,13.097131756537589,13.434422413313008,40213040
12.751262664794922,13.200029002717088,12.665511115803122,13.119994630864424,66184858
12.565470695495605,12.839876182617248,12.465427704342185,12.736974602141698,40337021
13.180024147033691,13.291501497737904,12.811292076407863,12.891327997979031,79943964
13.400117874145508,13.485869432190885,13.297216309895852,13.297216309895852,53997354
15.1780366897583,15.40098985022062,13.551613960836049,13.551613960836049,509674504
14.734983444213867,15.303802897757008,14.391977229662873,15.1951841613476,317726453
15.049410820007324,15.109436618081114,14.880766256694356,15.03797798909892,72357384
14.932215690612793,15.149453212424673,14.846464117635696,15.149453212424673,71797712
14.932215690612793,14.932215690612793,14.932215690612793,14.932215690612793,0
14.843605041503906,15.512467594196275,14.726412043357879,15.063701145467364,125825680
14.749279022216797,14.986525131457547,14.520608680681102,14.520608680681102,95745571
14.634943962097168,14.772145564404111,14.552050977426996,14.7492799032065,40732533
14.909346580505371,14.960798128467966,14.500597366877336,14.520607489881487,78121220
15.026541709899902,15.420999521706092,14.88648153230223,15.420999521706092,114265630
15.143736839294434,15.189469685949264,14.99224229911683,15.063700921844115,70839937
15.332389831542969,15.406707042757201,15.212336720084686,15.26950392309749,68736475
15.541049003601074,15.824029436720158,15.26950139838455,15.3209529415058,92854473
15.541049003601074,15.541049003601076,15.541049003601076,15.541049003601076,0
15.632518768310547,15.88691485795434,15.492457073346035,15.578208632867492,104343003
15.7039794921875,15.835465425262676,15.623943580517357,15.735420917431012,60963594
16.312816619873047,16.487176811781215,15.806881470654638,15.806881470654638,189851549
16.38141632080078,16.675831140909906,16.107011623992175,16.264221805160904,132548622
16.715850830078125,16.910221170811308,16.55292191946503,16.56149768787467,193997106
16.424293518066406,16.747291202397072,16.358550545484544,16.66439822110346,98332241
16.62438201904297,16.747292203687298,16.530056201976688,16.5786476417278,99033736
16.458593368530273,16.85019257442718,16.221347279200852,16.72156370476758,111038342
16.838760375976562,16.98739633359838,16.464312656072764,16.57292988965958,82730519
16.655824661254883,17.25036850106548,16.550064488346734,17.03313097643678,109562264
16.721559524536133,16.82731965579585,16.395703365915516,16.75014388031734,128405068
16.830183029174805,17.030268977305983,16.721562761583666,16.847331508130107,91548576
16.93022346496582,17.093152314901367,16.75300320002754,16.87019768952587,51392478
16.747289657592773,17.393286493690226,16.650105265841226,17.093156024334608,114266106
16.77015495300293,16.821606495618475,16.470024517467973,16.63009479569776,64414715
16.730138778686523,16.973102035941107,16.612945796886248,16.858766115993543,58044992
16.798744201660156,16.838761401107142,16.587223846283617,16.750151233606964,56106320
16.97596549987793,17.07600850417184,16.46431459259357,16.46431459259357,53087418
16.90450096130371,17.264657210528277,16.864483769948095,17.264657210528277,93511658
16.813032150268555,17.02455246196422,16.69583916566442,16.93880090170792,69258811
16.57293128967285,16.915939136650127,16.5014726576989,16.838761798446104,49761007
16.527196884155273,16.60151563263988,16.34140230348029,16.550065600942254,54218315
16.62438201904297,16.74157502476683,16.521480433595986,16.521480433595986,51132080
16.558639526367188,16.692984072777946,16.49575513747745,16.690125483234187,35336537
16.667259216308594,16.70727641808721,16.132741117652326,16.535773252164894,51955287
16.667259216308594,16.667259216308594,16.667259216308594,16.667259216308594,0
17.178905487060547,17.304674237850023,16.721563325715547,16.73585627036708,153328642
17.08743667602539,17.516194434934476,16.990250769593274,17.29323978949221,144942117
17.007402420043945,17.101728211446712,16.8130306058257,16.978816533219064,58407328
17.03313446044922,17.144611834971712,16.981684421686616,17.144611834971712,53121742
17.024559020996094,17.23608094120857,16.98454181439564,17.196063734608117,47412411
16.77873420715332,17.08458188367632,16.72728265384179,17.08458188367632,40149278
16.46145248413086,16.88449469472604,16.41286104622419,16.870203274991635,72746595
16.281373977661133,16.49003571573421,16.24421384567038,16.44430287032673,48579301
16.29566764831543,16.441445026196106,16.2527918591138,16.352836385267157,37957980
16.51862335205078,16.63010071605476,16.30138580348519,16.312820162369917,35951905
16.941667556762695,17.030276213140922,16.59294247622365,16.60723542646578,79905158
16.981679916381836,17.093157261328965,16.69298225521231,17.08172290439892,61297754
16.8787784576416,16.995972992479196,16.835902669022243,16.978821455412,36967854
16.83589744567871,16.86448180489808,16.664394344410177,16.74443024481964,40219496
16.62438201904297,16.77873516072558,16.430011678965656,16.692983585015718,55546606
16.66153907775879,16.747290645490178,16.48432029093162,16.624380472281622,34454833
16.71299171447754,16.79302610901749,16.6129487213026,16.72156595559297,26453471
16.57007598876953,16.804463563855037,16.507190064869604,16.724427627539004,20736760
16.69869613647461,16.75014615142838,16.464308662954913,16.578643047534754,26085071
16.92451286315918,17.00740737804515,16.652966710471933,16.721566750754466,54271252
16.73299789428711,17.15032286996436,16.67011351809246,16.97881822113238,45986007
16.158464431762695,16.773016840180247,16.07843004042069,16.773016840180247,57131232
15.626805305480957,16.2870936923879,15.458160735266196,16.135599132749757,68346732
15.929795265197754,15.989821068895008,15.395277157375544,15.4553029610728,73657273
15.615367889404297,17.721998157826963,15.512464802108388,17.721998157826963,43454178
15.34382438659668,15.77258227496266,15.24378138831939,15.61537206724468,72634279
15.72398853302002,15.978384639285105,15.052267430539512,15.263787754242525,172248779
16.084142684936523,16.14988564468347,15.809738018047659,16.121301284394914,57143318
16.087005615234375,16.369986124687852,16.02126263774469,16.24707593821665,62720447
16.152746200561523,16.235639175767083,15.872624322095794,15.989817312205696,47109930
16.29566764831543,16.34140202706708,16.12702308105893,16.178474638910618,41533991
16.049846649169922,16.395710011902043,15.85833337293684,16.321392794579598,55241688
16.10129737854004,16.17275753655664,15.949802820840423,16.04698875790495,40877745
16.14702796936035,16.227062350267026,16.02411780910739,16.132736551919585,34483696
16.075563430786133,16.172749318466202,15.924068950067575,16.095572020539635,36870328
16.075563430786133,16.075563430786133,16.075563430786133,16.075563430786133,0
16.24135971069336,16.287094091367592,16.018404986662564,16.104156568670657,51934645
16.681549072265625,16.721566270288715,16.41572010624817,16.430011526392338,44307312
16.558639526367188,16.795885661231672,16.51004808519625,16.750151282580163,32597597
16.59865379333496,16.74157255610225,16.538628004594145,16.63867098582884,26041994
16.51576042175293,16.630096345428985,16.41000026498659,16.578644798018754,21668977
16.858766555786133,16.915935280763254,16.521477491921964,16.530053258775737,63267726
17.304677963256836,17.364705289668144,16.987397429047668,16.987397429047668,133025346
16.89592742919922,17.23893368607137,16.850193058013055,17.150323532776188,69502586
16.72728157043457,17.030270638035535,16.664397191029096,16.958810491292184,55005461
16.88735008239746,16.97881728919026,16.595795402136538,16.65296259726003,59556978
16.850196838378906,17.31039618851592,16.724426525888166,16.978822686539278,103736766
16.910219192504883,17.218925440796614,16.764441835765385,16.864484820385805,91988609
16.704416275024414,16.964529589421648,16.635816236654204,16.813035038476272,37515217
16.51862335205078,16.63010071605476,16.18704984976003,16.61009211503091,80031001
16.312816619873047,16.49861116818285,16.249930713712217,16.467168215102436,34455800
16.064130783081055,16.172749497383233,15.892627710711677,15.892627710711677,47100939
15.83260726928711,16.098439284397998,15.695405668197424,16.05842056009659,55878146
16.3013858795166,16.430013255423177,15.669681831897341,15.721133393069746,57681003
15.909778594970703,16.341394887976133,15.809735639547602,16.29280194090334,35543046
15.889771461486816,16.058415970537432,15.743994133919657,15.892630050050224,50097000
15.889771461486816,15.889771461486815,15.889771461486815,15.889771461486815,0
15.981244087219238,16.058419889168732,15.735422208041722,15.89263392822586,56266796
15.981244087219238,15.981244087219238,15.981244087219238,15.981244087219238,0
16.29566764831543,16.332827785441353,16.095580123033045,16.12130590195889,49358268
16.77015495300293,16.915933814739013,16.00696674202359,16.00696674202359,71416106
16.77873420715332,16.861627188691962,16.30995762982661,16.670115448958914,57333596
16.169893264770508,16.74442986252172,16.095574543306483,16.74442986252172,55710051
16.33282470703125,16.389991906183774,15.844039580639402,15.949799738934797,49120571
16.26422119140625,16.472884440449462,16.15560397401806,16.378558640712562,39091133
16.03554916381836,16.215628031331203,15.961231967528123,16.17275225592565,35038397
16.318538665771484,16.37284882591353,16.015549480733416,16.058425279993052,42733749
15.898355484008789,16.167044650034896,15.755436657052725,16.06986021419071,47005639
16.066999435424805,16.16418385803176,15.778301703488095,15.778301703488095,37292645
16.13845443725586,16.349973227343877,16.064135703852784,16.1527458553232,35008078
16.321395874023438,16.407147465281938,16.124166908723975,16.178477064267458,31214340
16.7758731842041,16.81303178563622,16.358548220729645,16.358548220729645,68828778
17.158897399902344,17.264657558336804,16.86448410969485,16.87877552774576,69034657
16.93022346496582,17.081717961280205,16.835896155686097,17.03598360084299,42376062
16.484323501586914,16.858771272532383,16.435730529868223,16.75872826636841,44544841
16.30710220336914,16.492896783144275,16.12702327573871,16.458596762178647,40775373
16.741573333740234,16.807316303612208,16.149888131916594,16.372842817051833,48412956
16.13845443725586,16.761582559542997,15.672536494781609,16.750148203469887,81870746
16.224205017089844,16.312816698557686,16.02983470054127,16.287090923554004,42340057
15.901209831237793,16.22420598808749,15.78687389494751,16.22420598808749,43485772
15.901209831237793,15.901209831237795,15.901209831237795,15.901209831237795,0
15.96695327758789,16.121304887380326,15.83546732870792,16.006970474721058,30275806
15.858333587646484,15.938369511955251,15.649671826001551,15.929793743521504,54292231
15.503891944885254,16.26136458820265,15.4209989715263,16.09272005246905,221434793
15.652530670166016,15.835468183534918,15.532477545261596,15.606796291823791,91042471
15.332389831542969,15.69826329027805,15.263788271713114,15.549627340825436,77478908
15.561057090759277,15.64680864181853,15.135157924101492,15.320952442388595,68354743
15.598221778869629,15.655390519911515,15.478170171325663,15.606797548133246,44208217
15.68968677520752,15.74971409158903,15.495316461794818,15.592502382013206,34076588
15.68968677520752,15.68968677520752,15.68968677520752,15.68968677520752,0
15.632518768310547,15.715411738911422,15.509608606869522,15.69826173241193,32469961
15.4667329788208,15.77829782664501,15.40670718604547,15.721130623100526,38689864
15.429572105407715,15.586783800832121,15.315236188096879,15.43528928302924,43159791
15.180893898010254,15.363829847056898,15.149450946676607,15.229485328945513,41165255
14.837888717651367,15.203763733590074,14.749280080131019,15.14945358827757,73358559
14.923640251159668,15.06370042983077,14.700685568512805,14.700685568512805,42949991
14.909346580505371,15.035115334387223,14.76356923064341,14.977948135447484,29654949
14.963658332824707,15.026542716554125,14.849322395578401,14.972234100752257,23843344
15.23520565032959,15.275222849720846,14.963659496160734,14.963659496160734,39668478
15.283797264099121,15.343823057867441,15.155169908728071,15.243780068253576,27808776
15.358118057250977,15.423861038363746,15.258073527239494,15.378126657848394,30535756
15.38383674621582,15.5010297061217,15.292368027346274,15.3809766308495,35908071
15.555343627929688,15.595360820448125,15.120868634259697,15.120868634259697,41338854
15.538191795349121,15.652527719652273,15.395273035238203,15.589643343041546,36113543
15.698265075683594,15.73256509598748,15.406708795003272,15.469594710600933,42077642
15.953315734863281,16.050717022328342,15.885429224539127,15.997587900574644,21376271
16.49640655517578,16.587905835044776,15.87952594115587,15.938557073375756,42413692
16.555438995361328,16.788613304134,16.428519776771413,16.475745312505445,54396662
17.001127243041992,17.07786755161341,16.58790461739798,16.58790461739798,71745714
17.331703186035156,17.408443489242654,16.912578580666764,17.089673528760798,60641367
17.62686538696289,17.82757315691646,17.296288161771034,17.35531930229404,88124611
17.38778305053711,17.73311915600268,17.31694475376373,17.650475264839937,36886055
17.246103286743164,17.414344407754736,17.19297575653854,17.260862248032314,18522495
17.747875213623047,17.868889248501045,17.23725136408501,17.269717928832854,64238469
18.44740104675293,18.58317404359285,17.981050935490167,18.004662122337553,140731145
18.506431579589844,18.704187483449505,18.341142239223146,18.594979046297517,77948350
18.15814781188965,18.857672265012447,18.045985989930163,18.857672265012447,60458441
17.9190673828125,18.521192099227623,17.812810729191387,18.07550293574928,70590574
18.167003631591797,18.22898655839169,17.889553992374264,17.889553992374264,49155694
18.1817626953125,18.35295567909514,18.128635143224994,18.220134433657243,37202694
18.473970413208008,18.559564535644302,18.279164668089475,18.285068254744626,72191082
18.137489318847656,18.71304801084655,18.081408400198967,18.6038395436394,108127036
18.955078125,19.061334801229773,18.223085411132146,18.28506834086512,128219790
18.772077560424805,19.052477399547055,18.695335672127523,19.052477399547055,73870841
19.179397583007812,19.24433230246701,17.777395163061904,17.777395163061904,100688903
19.802181243896484,19.937954265406773,19.008205666502136,19.008205666502136,196668208
19.200056076049805,19.743148106923815,19.132169572190556,19.743148106923815,62150902
18.91080093383789,19.377151083777747,18.83110725857252,19.200056130049,91338804
19.176443099975586,19.42142455437606,19.008203526978367,19.008203526978367,81563686
19.194150924682617,19.59261453694669,19.081990691665247,19.24432824448803,103622672
19.170543670654297,19.362396034757566,18.9816415228987,19.282702349868455,65064967
19.179397583007812,19.492265584407853,19.043624557735146,19.185301169362084,78672602
19.232524871826172,19.386007064707158,19.081992895028282,19.24728225949143,82959281
19.39190673828125,19.71658184231522,19.244328148964517,19.353536588885106,106131604
19.524728775024414,19.802178363883623,19.32107084919138,19.465697652140726,115325848
19.654598236083984,19.911386853676355,19.53948778272127,19.660501821429452,83165944
19.40666389465332,19.923189697590967,19.33877740298765,19.716580007140752,57341354
19.259092330932617,19.539492199667233,19.164641251303518,19.42733193681085,49463749
19.28270149230957,19.480457433938554,19.081993757651603,19.480457433938554,42943059
19.722490310668945,19.81103938543787,19.28270461439509,19.415525861329318,59663355
19.521780014038086,19.92319388709992,19.45979551705663,19.71658415320319,57970502
20.05601692199707,20.100289085377764,19.65755326025871,19.65755326025871,91666830
19.93204689025879,20.36002684828816,19.75790374523772,20.12980279874138,84122767
20.292144775390625,20.448578776130983,19.775617235948395,19.8789236899244,78125562
19.99993896484375,20.478096375658644,19.834651151336892,20.365936112144983,80737902
20.026498794555664,20.661088488806705,19.716582640672918,19.97927326562713,78313837
19.816936492919922,20.15932080282364,19.72248543131719,20.14161162297622,65664832
19.719533920288086,19.82579056920665,19.442084339254436,19.82579056920665,73585039
19.468652725219727,19.864164626488947,19.326976114251984,19.834649848480108,62402827
20.177032470703125,20.42496574957679,19.42733062461347,19.545392889362777,78868454
20.637479782104492,20.720123679258368,20.206547961436044,20.365933746527457,113136735
20.37774085998535,20.91788117836733,20.277387774080776,20.693560660683424,67780254
20.522369384765625,20.602061495297423,20.18293681306742,20.250823327407062,71057439
20.578447341918945,20.870654355568345,19.48045759014734,20.306902879638088,68998595
21.12744140625,21.36061728902852,20.483996249040796,20.720123924868734,224892341
20.959197998046875,21.233695779877074,20.873602322459973,21.233695779877074,74671095
20.950345993041992,21.115633773359953,20.80866940121599,20.867700526070635,51695702
20.540077209472656,21.487536554336064,20.34527305908662,20.99167001079657,113417159
20.69651222229004,21.03889500464014,20.283289556733745,20.283289556733745,121809328
20.988718032836914,21.07431372345796,20.581398977316926,20.847041428270174,78509311
21.446210861206055,21.514097364197454,21.07431177953842,21.245504721801986,100474328
21.32815170288086,21.546568630486888,21.162862322177258,21.162862322177258,65362813
21.062509536743164,22.951523173234932,20.98871943649491,22.951523173234932,53918173
21.3074893951416,21.83582249882178,21.000523421599414,21.83582249882178,63463283
21.168766021728516,21.57313173087389,21.0831703261398,21.36947376810683,67262847
21.168766021728516,21.168766021728516,21.168766021728516,21.168766021728516,0
21.325199127197266,21.514099692828776,20.956250221540934,21.192377899595996,78071589
21.78859519958496,21.92731999852076,21.28977691269343,21.407840739108188,82301606
21.77678871154785,22.11917303048306,21.697096611726145,21.95978725402723,49097940
21.906661987304688,22.136886085731675,21.791549938091194,22.136886085731675,59203324
22.532398223876953,22.712444994088653,21.959789764942368,22.030628071112766,116788342
22.349397659301758,25.070758367524668,21.67053259030365,22.7862330531652,132404097
23.06072425842285,23.140416342809374,22.31987643024559,22.432036652930545,112114301
23.24667739868164,23.438529729199097,23.022356925897867,23.022356925897867,73505914
23.24077796936035,23.4650984822576,22.933813554915464,23.261438944747262,70642923
23.65399932861328,23.89307881014383,23.243730032469244,23.553646243684653,92274019
24.214797973632812,24.46273280771111,23.509369932506548,23.509369932506548,84452781
24.710662841796875,24.88775778850019,24.30039361777995,24.49814953647783,135259343
24.08197593688965,24.728372828833145,23.969817272005503,24.56603684026078,77420832
24.161670684814453,24.38008759234296,23.913737424956096,24.01999408580612,88695220
24.784454345703125,24.870050031262444,24.26792686267929,24.26792686267929,81359053
25.71419906616211,25.823407501601938,24.917271878287156,24.917271878287156,109846273
25.755521774291992,26.11561523114365,25.50758854864311,25.805699093285607,123502517
25.658124923706055,25.705350458324506,25.419045457598592,25.678785898000065,71159685
25.306886672973633,25.926719052702126,25.08846818211752,25.08846818211752,96604041
24.743131637573242,25.596139827673873,24.55718130790212,25.26556111341135,85145047
23.881275177001953,24.781507529397004,23.710082194692415,24.734281987850423,121887277
24.211841583251953,24.30333925524108,23.23486619093335,23.96685860453062,136987095
24.01999855041504,24.6752509716051,23.73959867000699,24.6752509716051,100901406
23.338176727294922,24.143959355937103,23.17879096179498,24.143959355937103,122191943
23.85175323486328,24.076073716282465,23.14042006157523,23.32046838207438,153707700
23.792720794677734,24.315151851745814,23.618577634592505,24.315151851745814,74664260
24.353525161743164,24.551281112970962,23.479855878446592,23.621532489839307,70971760
25.324596405029297,25.454467423978276,24.335816622755335,24.5985073002783,118908427
24.687053680419922,25.531208169971872,24.557184244123487,25.265564134331356,140227855
25.165206909179688,25.233093409268562,24.616211323205572,24.84053337189309,101622465
25.63745880126953,30.106157166466666,25.250800799731845,30.106157166466666,68963038
26.198261260986328,26.28975894663151,25.67878203514115,25.7525721189838,109159721
25.720108032226562,26.289763091149723,25.563674038978558,26.03297601872258,64365531
25.720108032226562,25.720108032226562,25.720108032226562,25.720108032226562,0
26.478662490844727,26.56425817279591,25.85587837533798,25.91490949952202,92937113
27.006996154785156,27.142769162599095,24.940887840037544,26.475711294719687,68364182
26.670516967773438,27.21360584464921,26.57311411283859,27.036510891540313,75842045
26.874176025390625,27.449734647045418,26.48456774299544,27.449734647045418,64480381
26.86827278137207,27.331672738958,26.688226025655556,27.09554507073349,76156360
27.79802894592285,27.862962094078718,27.048323873324613,27.048323873324613,107329947
28.39719581604004,28.571338995092763,27.479254384624404,27.795071018508068,77883650
27.641590118408203,28.801562805357058,27.458591561828477,28.630371421105078,85021682
28.255516052246094,28.506402670544645,27.529425486008165,27.694716420894498,89588449
28.83993148803711,29.391878922652957,28.370631101867026,29.391878922652957,230880962
28.898963928222656,29.338749534676793,28.66873984983142,28.748431950990913,94173184
28.441465377807617,29.220681879323084,28.335207148680666,29.10261963311231,62736510
27.63863754272461,28.63037061042201,27.42022062897131,28.63037061042201,96531807
27.679956436157227,28.004631554768302,27.169334147296965,27.169334147296965,77285479
27.083736419677734,27.744893854595798,26.9243522233469,27.73308668342321,82339194
27.783266067504883,27.981020431186003,21.841726166409966,21.841726166409966,88147102
27.095542907714844,28.099083052338397,26.986336037996068,28.04005035158857,69776288
27.408414840698242,27.744897184123147,27.036514133129973,27.15457955177475,104009852
27.886573791503906,28.037102627504304,27.302159745509318,27.58255801910572,56545862
28.16106605529785,28.335209221488324,27.66225089987084,27.777361361825175,65836288
28.715967178344727,28.792707491398918,28.22305242241957,28.335211098912225,66083410
29.40367889404297,29.56896981456125,28.745476465368185,28.745476465368185,122814579
29.014068603515625,29.870028456088313,28.7572815938311,29.639804423617118,110392949
28.842880249023438,29.167555361939883,28.364724534323482,28.74842919240685,91124985
29.093761444091797,29.60438683802633,28.872395936443805,29.043587280677837,134300335
28.462133407592773,29.33284934252619,28.317504999436373,29.13509496320033,73031669
28.509349822998047,30.106155927361034,27.809822352026988,30.106155927361034,55228187
28.373580932617188,28.630367978114823,28.07546878894205,28.344063005347547,64012424
28.574289321899414,29.011123143670403,28.459178857349947,28.925527455091963,79398058
28.208288192749023,29.509937246793484,28.102033122262938,29.509937246793484,64241396
27.443830490112305,28.040051649777574,27.284446290420767,27.818682953747746,81935027
28.03710174560547,28.181730144387625,27.449735924939223,27.576653565395986,74009302
27.508766174316406,28.14335747352055,27.44973347213179,27.901326232825905,51950120
27.249027252197266,27.553039833368572,27.071932299777107,27.39955922320431,74266857
26.611480712890625,27.502858945022854,26.505222493760872,27.278538490790098,63214173
27.122106552124023,27.266731767564885,26.339935165091987,26.339935165091987,84509135
26.91254234313965,27.331668494954016,26.806287274156393,27.26378357479453,43968181
27.570741653442383,27.679951656219455,26.918442889815115,26.918442889815115,69262438
27.570741653442383,27.570741653442383,27.570741653442383,27.570741653442383,0
28.11088752746582,28.352918766220146,27.576650880170973,27.576650880170973,101487224
28.751380920410156,28.919620484919584,28.158111602081323,28.158111602081323,75895178
29.058345794677734,29.20887775980892,28.81336592508394,28.931428170880686,57749723
29.492237091064453,29.811005536626336,28.67759891021112,29.11148098655951,87905736
29.39187240600586,29.810995373045987,29.093760307810925,29.810995373045987,117920738
30.0294189453125,30.194706717892778,28.952090323665104,28.952090323665104,180083321
29.10556983947754,30.22422036252034,28.99636297725012,30.106158122744198,82536782
28.329315185546875,29.176420018239856,28.178783174888665,28.875355996923435,113699628
28.724822998046875,28.828126296857583,28.414906794364466,28.414906794364466,79302128
29.374174118041992,29.660479168631383,28.695308910684844,28.777955975879877,143958545
29.1085262298584,29.751972949292142,28.87830214534885,29.58078157080747,104076611
29.00226593017578,29.28266413773588,28.780894110780547,29.28266413773588,69546938
29.45680809020996,29.651613782910065,29.043588671792318,29.043588671792318,83497793
29.79920196533203,29.955634397182884,29.08196664477919,29.445011995046713,126819545
29.678176879882812,29.952674664822666,29.52174448949476,29.87003078081111,87187086
29.926118850708008,30.182905941859886,29.504040798333133,29.504040798333133,95790063
30.737791061401367,30.87061223563232,29.988089532650463,29.988089532650463,149458524
31.14216423034668,31.286789446672785,30.76436002372071,30.76436002372071,60150274
30.838157653808594,31.274994685395708,25.678788717266343,25.678788717266343,64460943
31.162832260131836,31.34583082922759,30.705335837392447,30.705335837392447,60846840
31.162832260131836,31.162832260131836,31.162832260131836,31.162832260131836,0
31.29860496520996,31.446185166992223,31.124461777774513,31.354685883394758,48164588
31.71477508544922,31.81512658142988,31.4166629294814,31.46388846143547,46395159
33.217124938964844,34.23837256265798,31.596707616643236,31.7000108884201,172494262
33.81630325317383,34.40366903085132,33.1758083580337,33.1758083580337,160650273
33.686431884765625,34.23837611652624,33.479819012517304,34.23837611652624,57015472
34.54533386230469,34.76375070976728,33.68642543296665,33.91369765673666,113656354
34.241336822509766,34.82279913230817,33.76613276916328,34.5335454509398,85438299
33.78973388671875,34.74014486361874,33.29681921974533,34.2974075164719,81160289
34.24723434448242,34.385959150539954,33.470966419867906,33.65986855182922,83254466
34.8345947265625,35.29504281329434,34.424323957940814,34.53353397152603,74777472
34.158687591552734,35.752542268252775,33.95207785133698,35.41901489093127,122696325
33.72185516357422,34.46860520587161,33.54180839906525,34.12031884924774,78266908
34.67521286010742,34.79918185550655,33.78088583140599,33.83991538256043,82240687
35.241920471191406,35.35998273119183,34.82869783075239,34.82869783075239,71562438
34.126216888427734,35.767296900324965,33.91960401961585,35.625620315500285,94167303
34.30331039428711,34.63978950973107,33.76612200367525,34.5335344407814,112840401
34.51877975463867,34.769663226054604,33.59493481534105,34.30626643678784,78038244
33.9107551574707,35.28914468471021,33.668723906862574,34.76966382218238,84740222
32.641578674316406,34.22067780338176,32.325758848503334,33.721859396987725,90635839
31.596715927124023,33.93732074326322,31.12446056132818,32.644526804037966,143108982
32.930824279785156,33.13153357193936,31.390098843813533,31.81807725557656,130190728
32.930824279785156,32.930824279785156,32.930824279785156,32.930824279785156,0
34.27674865722656,34.439087804399996,33.07840589841611,33.178760548868794,99040724
33.98453903198242,34.78441803648274,33.62149378246115,34.71062953102497,117000341
33.736610412597656,34.58666689191095,33.370616457113854,34.297413248458014,207142637
33.09020233154297,34.20294904316236,32.93967040471426,33.79563014141161,86396915
33.09020233154297,33.09020233154297,33.09020233154297,33.09020233154297,0
32.68584060668945,33.34109121556751,32.40248745784385,33.17580345555309,96821782
33.730709075927734,33.94322240165309,32.44086700309991,32.7832497586366,103232089
33.32929229736328,34.1498307917587,33.0164243302683,33.91370628522936,101116472
33.96683120727539,34.0612822684394,33.29977334722619,33.57427115242947,91705860
34.751956939697266,34.8286972497361,34.14983217040227,34.14983217040227,69893883
35.020545959472656,35.32455851497442,34.56895323820688,34.9467542997784,123921417
34.669315338134766,36.59964931049586,34.303318214304774,36.59964931049586,86968029
34.69292068481445,35.11795044677046,34.47450379530741,34.84345265014516,82921203
35.14746856689453,35.26553082409066,34.480410664167756,34.601424714315655,65429166
35.00284194946289,35.53707865734621,34.84345773647841,35.30095413097106,79718871
35.3452262878418,35.714175212900756,34.828700315659454,34.952666170548184,129142680
35.705322265625,36.038849665157265,35.427872629126796,35.52822413612866,158050718
34.37710952758789,35.95030503698762,34.241336491711216,35.72008091931627,116966506
34.67817306518555,35.1238623274721,34.26790216968742,34.30332053647584,140573064
33.373565673828125,35.06482312274711,33.063649502954874,34.76966276235604,131518794
33.397186279296875,33.56542590305349,32.467437504529286,32.792112731053514,175812789
32.77439498901367,33.648062651918025,32.6002518150378,33.648062651918025,97507816
32.01288604736328,33.3115835251587,31.81808032192521,32.70355831185961,146810711
32.74488067626953,32.85703935193398,32.17227381842983,32.204740388539925,115704849
33.488677978515625,33.61559561595566,32.83933082639507,33.58903263272402,87320408
33.488677978515625,33.488677978515625,33.488677978515625,33.488677978515625,0
34.28855514526367,34.46860189246506,33.47686888645005,33.59788608460577,119271800
33.86353302001953,34.47451006318808,33.683486248872015,34.120320107307734,59517947
34.60141372680664,34.681105803948824,33.70708381890805,33.70708381890805,57935295
35.168128967285156,35.35998290012432,34.67521422015032,34.7106357365822,68029504
34.49220657348633,35.419006269960725,34.14982390057173,35.419006269960725,63969584
33.866477966308594,34.3564408497937,33.659865098066646,34.297408151206774,57012251
33.40308380126953,34.120319070865456,33.23484420806187,33.76612912574402,78134847
33.21122741699219,33.589031679228455,32.765538225299345,33.32338923995292,75771967
32.175228118896484,33.636265028036675,31.87711904207146,33.47392584167353,92765349
31.986326217651367,32.753738869329865,31.611473694960708,31.87711617204649,119208906
31.900726318359375,32.585491820530905,31.59081013589814,32.17227234633254,112189995
30.64335823059082,32.119150983222674,30.421989475377327,31.995185111028256,156637254
30.888334274291992,31.201202285660994,30.51938534439569,30.51938534439569,109745049
29.97038459777832,30.87061822681918,29.843466982698278,30.05302847952233,90124832
30.209474563598633,30.548905586442228,29.82576663834011,30.047135382287134,92984770
30.241939544677734,30.416082737163777,29.8582316396404,30.22422878464511,99235162
30.345245361328125,30.714191138229012,30.12387348011218,30.286212649428855,134606290
31.032962799072266,31.30450885927941,30.57546637659009,30.57546637659009,105696165
31.215951919555664,31.558334607651,30.99753505091302,31.059516383827187,79964214
31.118558883666992,31.682310410435992,31.053625737903197,31.292702074977186,89126542
31.762001037597656,31.87711149934458,30.976877741083825,31.11265075304487,76872069
32.81275939941406,32.92196941496766,31.81807470389688,31.81807470389688,108451994
33.40013122558594,38.370600666923636,32.8068618199578,38.370600666923636,99771768
33.94912338256836,34.31806909290097,33.47096449434576,33.47096449434576,90699433
33.96683120727539,34.380053811461764,33.332243067618336,34.002252720430455,100026761
33.88418960571289,34.291508651883895,33.64806193685472,34.22952415330082,58225817
33.82221221923828,34.22067593315781,33.38242339901012,33.64806587495648,64967034
33.82221221923828,33.82221221923828,33.82221221923828,33.82221221923828,0
33.16105651855469,33.97274295820293,32.9810097312409,33.97274295820293,53650059
33.84286117553711,33.99634491930259,32.78619518443321,33.2938656332069,56786920
33.84286117553711,33.84286117553711,33.84286117553711,33.84286117553711,0
33.373565673828125,34.309217772090676,33.2112265295256,34.17344476318074,83348366
33.42079544067383,33.81040375984926,33.27616703497132,33.411940061087414,42428943
32.620906829833984,33.61263977324551,32.50284458557056,33.264353472087485,57064585
32.60615921020508,32.73307686423249,32.34936895515502,32.73307686423249,49194696
33.550662994384766,33.61559613378459,32.46743063954427,32.470382432573814,66400273
33.574275970458984,33.87238500692061,33.2643597612513,33.530002226286456,45343596
33.488677978515625,33.93141538987622,33.36176034107558,33.529999926667614,50254004
31.84463882446289,33.05774032081663,31.72067300782529,33.05774032081663,93593864
31.900726318359375,32.40839685912449,31.708872392294108,31.88006376783699,92191757
31.2454776763916,32.113245024934535,31.080189859002644,31.818084604025163,231388636
31.07723617553711,36.90071428078202,30.826352671285154,33.352907934163106,104126789
31.195293426513672,31.363536153659314,30.442639881203345,31.10969774336709,115360046
31.331071853637695,37.370015171154094,31.233672136175986,31.635087640030562,67022825
31.286787033081055,31.49044808301175,31.11264390553115,31.404852415355837,59745925
31.906631469726562,32.07191926751578,31.531778977999146,31.581956306676247,82542006
31.42847442626953,31.78856797436843,31.215961080041158,31.404863233855387,62266887
30.649255752563477,31.269088144499893,30.413128075855532,31.269088144499893,89515010
28.940284729003906,30.165190434171212,28.55067646372507,30.141579245498903,102120168
29.318086624145508,29.480422599912274,28.571333566919552,28.571333566919552,87466922
30.1917667388916,30.953275922853997,27.981027724287785,28.335217749049285,183148451
28.164011001586914,30.56659953672315,27.815724753873525,30.106154647213973,172382661
23.86650848388672,27.85704968465945,22.53239288590959,27.74489103080934,131182688
25.602046966552734,27.030615611699904,24.208898264865933,25.383630026329115,189088981
26.708890914916992,27.508770110336965,26.224829941079495,26.224829941079495,161330985
26.700098037719727,27.995343338651605,26.516354026705237,27.892927905342155,131601070
26.477191925048828,26.62780264422081,25.907887139904247,26.621777829247844,94462978
27.34169578552246,27.59170633373108,26.81154900057369,27.109756466532858,94626507
27.453144073486328,27.70616698936346,26.305495683715538,27.29048372609329,112127997
27.67002296447754,28.194143272140753,27.435071260965533,27.712193452965927,95857508
27.052518844604492,27.564592694802155,26.90492214795635,27.230241224116433,79936738
26.06753921508789,27.163978540498682,25.675953511842266,26.932039204862956,124708087
25.892824172973633,26.441045304416903,24.850605242897288,25.995239587069445,135183145
26.157899856567383,26.688046574859033,26.034400801957986,26.206095159065903,87041132
26.474180221557617,26.685034268490156,26.18199760709548,26.260315376250563,60172345
25.80547523498535,27.242290723741338,25.489194954261137,26.86877952412813,100953502
26.11573600769043,26.20610182054775,25.459077660314403,25.483175317689188,86150171
26.79648780822754,27.085659651355563,26.206097708962837,26.206097708962837,92592591
27.426034927368164,27.50435109161687,26.597682341333066,26.80853479061201,101752440
27.157947540283203,27.606764068607674,27.06758175312547,27.53146031877091,71929998
26.971195220947266,27.23024621003809,26.80853645768001,27.043489792613006,49251190
26.007291793823242,26.929022566066283,25.904876369578382,26.929022566066283,66139259
26.2000732421875,26.350683981453837,25.573537458783974,25.844633249240434,101537724
27.145902633666992,27.26036770045458,26.14585559519277,26.212123743359275,95031444
26.877817153930664,27.459173264702066,26.663952282493792,27.290488075515736,63774783
27.368803024291992,27.52844774539594,26.453093919184738,27.07360640488436,82664096
26.793479919433594,27.350736844740016,26.576602609700743,27.350736844740016,68899444
26.175975799560547,26.983244798438264,26.08862240686094,26.880829366175096,81796551
26.010305404663086,26.53744140288382,25.904879170534322,26.073562754332652,75524229
24.775306701660156,26.23622169376611,24.64879521211844,26.23622169376611,155018820
25.486181259155273,25.63377958359267,24.760242486339624,24.760242486339624,165338710
26.001264572143555,26.302484392455426,25.489192325886165,25.54341083147559,115239300
26.609731674194336,26.68503704361425,25.935000584871695,25.935000584871695,76022618
26.703113555908203,26.944090127532135,26.178991524116736,26.5073198903147,97278354
25.883790969848633,26.883839508118058,25.784387953876603,26.760338840067718,124211700
26.41996192932129,26.501290497516987,25.910900448624094,26.471168030796463,69264875
26.13983154296875,26.41092895953235,25.935002276507873,26.206099693071472,79491426
25.931987762451172,26.50430502067071,25.859694802066777,26.1699502800419,101090115
26.410924911499023,26.447070584490476,25.832582879291095,25.947046322686823,82780221
26.410924911499023,26.688047101740487,26.206095676432565,26.447070584490476,102001830
26.025365829467773,26.923000600026853,25.79041411177138,26.486230432221486,153627412
26.44104766845703,26.58563197120073,24.097558656159897,24.097558656159897,63477442
26.311525344848633,26.50731738272778,26.031390710283667,26.32658577570324,40268231
25.934999465942383,26.428998934698104,25.817523609657165,26.145853525705796,32930328
25.18195152282715,26.091634327797383,25.103633746135145,26.091634327797383,95971686
25.308456420898438,25.567505728124395,25.0162738542457,25.344603696590703,104458217
25.57052230834961,25.742216666035286,25.20002192489053,25.42292399280221,115001758
25.531368255615234,25.83861134705057,25.434977635089513,25.66390455424194,86482216
25.81752586364746,27.109757177218327,25.36268443754631,27.109757177218327,141001963
26.163928985595703,26.489246526503152,25.898854778148312,25.965124536904412,72609926
27.404949188232422,27.588693172209943,26.386826257605485,26.748289410560073,146069233
28.088716506958008,28.236311596161286,27.359765409614234,27.59170146932909,123313696
28.754417419433594,28.85683285983644,27.718223037950928,28.07366145282399,112749527
28.019437789916992,29.097802531112773,27.862805459303985,28.91707093832277,218197562
28.36886215209961,28.615860345185176,27.832688827451083,27.832688827451083,115820133
28.585729598999023,28.645971312970175,28.269449336306046,28.6158504559846,73375939
29.453248977661133,29.54963960549941,28.618869818075634,28.62188222634464,99586042
29.766511917114258,29.880973756986457,29.221304732474568,29.3990239170027,99070652
29.483367919921875,30.112916149714046,29.362881252171096,29.77555219265799,116550393
29.715303421020508,29.790607176364393,29.13093816922357,29.579754730370944,94400616
30.30267906188965,30.405094479571616,29.82976327076957,29.93519109593536,88993892
29.75446319580078,30.299670397110162,29.597830860830385,30.236416268904605,76737417
29.65204620361328,29.832777791911468,29.28757061931965,29.63999979120855,84287991
29.923147201538086,30.088819989751777,29.519513486795198,29.703257504991594,65280341
28.914060592651367,30.049657817720213,28.76947468052453,29.941217579029026,100072219
28.630916595458984,29.145999737464408,28.392952457867203,28.929122455652408,88750034
28.730314254760742,28.977315597786923,28.495365761091968,28.736339070247276,103644449
28.847797393798828,28.998408155431456,28.395968327285917,28.56465032054808,70141579
28.892976760864258,33.43536613620583,28.679111887150707,33.43536613620583,77742905
28.347766876220703,28.724292089608195,28.272463120896916,28.724292089608195,61274982
28.627897262573242,28.724287857481063,28.380895960823977,28.4351160727576,65585819
27.917020797729492,28.68212083481664,27.862803897638756,28.648984351180513,72789714
27.18505859375,28.05558328501254,27.019389040882263,27.953171076569685,113176227
27.323617935180664,27.6338733850457,27.14891117030817,27.26337622077341,102024265
27.59170150756836,27.645921622510656,27.13686017294885,27.350728225311016,87848276
27.754364013671875,28.094740330098414,27.67002303647564,27.772435241137224,91476846
27.6037540435791,27.91702191820462,27.329644250983733,27.78749804121741,66799917
28.14594841003418,28.218242975994553,27.778460420023087,27.778460420023087,49092898
28.65500831604004,28.727302877989306,28.197154557769704,28.197154557769704,74263440
28.67609977722168,28.880927429163922,28.561634710066173,28.655012921235546,46091600
28.432111740112305,28.796587372574063,28.35680797449755,28.61585576039087,52386021
28.54355812072754,28.609824647471612,28.230290276449352,28.483313190464195,54841722
28.742359161376953,28.911044312120247,28.588739265258074,28.621872526603585,39798145
29.203227996826172,29.299618600944317,28.682120115143587,28.682120115143587,88353107
29.079727172851562,29.338774894157133,28.983336574602067,29.338774894157133,57944664
29.26045799255371,29.362873402875724,28.995385463330486,29.326727734051435,71946537
29.389989852905273,29.44420998009797,29.046601077992698,29.218295465448985,39998058
29.576749801635742,29.808689160070212,29.2303485773997,29.57373739318951,61914508
29.29962158203125,29.691205635016793,29.14298924819081,29.609877060262374,50156729
29.37793731689453,29.627951071533698,29.182146902473438,29.335766826220418,46630531
29.570714950561523,29.62794747323424,29.082740350091427,29.429141456783757,48038479
30.67317771911621,30.724385425092045,29.82976160174844,29.85386086027066,116181307
30.245454788208008,30.84488220200389,30.1249681111417,30.84488220200389,63388262
30.57377815246582,30.664143945317907,29.977363275965217,30.18219412290154,70783527
30.32979393005371,30.513541170304375,30.130991085965576,30.483417089090455,80641944
30.12496566772461,30.350880180390735,30.001466592369706,30.182198202502608,69288360
30.052671432495117,30.52859645834679,29.823744533695066,30.121950374497477,80391671
29.844829559326172,29.96230703116092,29.621927465692877,29.880975235896663,49518324
29.8990478515625,30.227377765263228,29.760486751211015,29.81470687193713,68248729
30.983440399169922,31.115976696925966,29.748440007075978,29.953270878943727,114677444
31.200315475463867,31.311768127567902,30.96536375841071,30.96536375841071,85039650
32.12505340576172,32.230481219610304,30.859932513113527,31.21235840381735,94983970
32.90522003173828,33.09800126266222,32.10999906336929,32.10999906336929,79911306
32.525672912597656,33.00160103552966,32.369040621879265,32.893160820121885,53412698
32.91425704956055,33.48054788887779,32.4654404617617,32.4654404617617,103549667
33.66429138183594,34.00165852870041,32.96847667015362,33.12812141094127,95659486
33.402225494384766,33.88719088613733,33.26366441365315,33.73658017619849,57210105
32.9473991394043,33.631167631704756,32.83594645538652,33.43537394169883,35896923
32.236507415771484,33.25161464953354,32.116017560955726,32.95340885655144,55923086
32.706417083740234,32.88714870025828,32.15217260151561,32.35097866703938,62169500
32.9112434387207,33.54982882503291,32.65520487161455,32.9112434387207,81406066
33.17632293701172,33.46549483139067,32.893175859397125,33.07390748878771,58737538
33.727542877197266,33.91128684865213,33.254627115732944,33.32692167242724,77133714
33.0226936340332,34.1582909236658,32.93232783611426,34.1582909236658,102341073
32.4835090637207,33.3088508206235,32.326876741029196,33.08293634106136,85962610
32.4835090637207,32.4835090637207,32.4835090637207,32.4835090637207,0
32.338924407958984,32.77268215657975,32.182292079189736,32.531705629568215,119406508
33.23957061767578,36.14633788359413,32.36000877546051,36.14633788359413,89558592
32.56785202026367,33.37512259890991,32.42326931926139,33.2877692093942,152264923
32.44736862182617,33.04378358770096,32.32688195276293,32.7094288166907,118056469
31.878061294555664,32.772685329661165,31.763599444633094,32.5919537215,77086687
31.92023277282715,32.209401394615064,31.67021901589774,32.0437318381909,68538803
32.73653030395508,32.86304174986626,32.17023637694731,32.17023637694731,71018031
32.754608154296875,32.91726851912939,32.420256638068075,32.82690272257278,62216919
32.369049072265625,35.36317000343631,32.30277931924167,33.375122470099285,85779153
32.552791595458984,32.75761922404142,32.320852297986356,32.59194967658279,44382852
32.673282623291016,33.094990785948646,32.59195404249442,32.7726856524356,58939551
32.531707763671875,32.86606251568527,32.44435437034681,32.82690443092416,45152968
32.793758392333984,32.92328545901371,32.628088877738605,32.628088877738605,50998492
32.88715362548828,33.23958290518666,32.6281057945863,32.93534894500322,80185036
32.866058349609375,33.25161755086328,32.62206942978317,33.13414331147089,17702509
32.866058349609375,32.866058349609375,32.866058349609375,32.866058349609375,0
32.823883056640625,32.95340690727964,32.381088176718436,32.95340690727964,68620518
32.75761795043945,33.06486099055975,32.607007228724584,32.8931666344676,49323579
32.87811279296875,33.11004889815509,32.44736741536996,32.83292989145193,96953003
31.76961898803711,32.7124349583519,31.52261766263098,32.26060601293688,123713592
32.0828857421875,32.45941092325046,30.66414161487898,31.254531631202592,189682670
31.826858520507812,32.25458829987577,31.45334565182015,32.110002361830404,117157022
31.03464126586914,31.929261882820423,30.706311392790127,31.929261882820423,115179292
30.323766708374023,31.52864618335014,30.127976287938385,30.72439120966158,247558475
30.323766708374023,30.323766708374023,30.323766708374023,30.323766708374023,0
30.712337493896484,30.905118699197455,29.338776233703168,30.001460822329236,284858794
31.149112701416016,31.54973399648329,30.79065868121415,30.844878806359745,158185245
31.77865982055664,32.33892584548487,31.507562422512,31.507562422512,86882028
32.65220260620117,32.7726892867283,31.63407937415704,31.99554263412347,145983386
32.754608154296875,33.00763431568598,31.341888676559503,31.341888676559503,104307894
31.986495971679688,32.95341119416609,31.847934881681162,32.77267961750576,75261674
31.149112701416016,32.23651473876345,30.81475794500534,32.23651473876345,106320902
30.59185028076172,31.62804441240495,30.486422457626716,31.387067910260942,104018899
30.856929779052734,31.025611759382308,30.121953695638556,30.609928406383236,94423541
30.073755264282227,30.905121884028507,29.85989040295332,30.905121884028507,132904782
30.263525009155273,30.42316975350048,29.29962207216137,30.06170655442583,137602477
30.471357345581055,30.603896822173475,29.880967388693495,30.242430496241646,85411957
29.826751708984375,30.465340274669057,29.658069758643602,30.465340274669057,97643799
29.585779190063477,29.938205137838665,29.402035197055177,29.820727676324108,99023093
28.950210571289062,29.86290585778389,28.835745500272395,29.519513863118604,161103721
28.95623207092285,29.441194317185854,28.441145747113826,29.218292235267086,295404841
29.21828842163086,29.621922042605163,29.0014111835286,29.127922637556257,154198974
29.823745727539062,30.04966022760981,29.221305987888897,29.39601277215901,135207331
30.50148582458496,30.679204996919516,29.971337496754295,30.043632059741455,121328109
31.531660079956055,31.670221193936435,30.745476298059025,31.02561093404444,131770663
31.143081665039062,32.953409760379145,30.50449635950589,31.32682564120806,260987301
31.781665802001953,31.869019175816266,31.242480304425,31.323812082100247,107505941
32.01962661743164,32.456396704233356,31.7244332349384,31.881065538763924,97058344
31.51358413696289,32.46242493674255,31.399119085914744,32.17325311993223,94488003
32.15217590332031,32.28170303105993,31.664201132286927,32.004580761489095,66972340
32.763641357421875,32.832923509419125,32.15818930742987,32.4955564084245,96188867
32.00457000732422,33.13414234700276,31.9051669977557,33.13414234700276,73639782
31.926246643066406,32.13710226572015,31.094883435955957,31.688285793384303,112450407
31.700349807739258,32.32086089217502,31.462382413297394,31.808786856980937,91978134
32.6672477722168,32.995577620987135,31.781664442898727,32.23048092182301,108134977
32.179290771484375,33.0076452538846,31.995546709703856,32.84197242637329,74712197
31.673233032226562,32.23048988614886,31.513588283329884,32.23048988614886,59161157
31.2183895111084,31.929266250134745,31.031633103048723,31.869024531549563,104515537
31.33284568786621,31.673225175403314,31.2364583118746,31.628042285438834,79849238
30.959346771240234,31.54672454214552,30.79066156406211,31.54672454214552,70329448
30.817771911621094,31.2063435944452,30.387026515029415,31.025611980408918,70620236
30.775604248046875,31.471419095080925,30.65511434867934,30.911152971046565,89287341
30.947290420532227,31.230437424819197,30.79667969558261,30.9653616477603,45571602
30.81475830078125,31.02561076946567,30.374978915360344,30.730417313307484,51300805
30.52558135986328,31.408155610153162,30.459314831474714,30.935239815375457,93907843
30.218345642089844,30.7183700071598,30.028576796712926,30.47739344014269,114963988
30.489437103271484,30.90512039309106,30.344851191371077,30.42919216871692,96741397
31.46238136291504,31.53467594504768,29.51951636455833,30.543664400754963,79472072
32.06782913208008,32.20036542606144,31.489488647580988,31.628049757432123,85855126
32.70942306518555,32.95341198690007,31.93227662317412,32.16421591458566,112269960
32.143131256103516,32.97449457122911,31.941312828493658,32.78472899192248,68624103
32.58893585205078,32.73653416554969,32.29072681752947,32.51965369739451,46163680
32.360015869140625,32.83293176728171,32.073856403723546,32.772686822355794,55698469
31.950361251831055,36.013813930422025,31.847945798382252,36.013813930422025,36173762
32.1581916809082,32.33591085755396,31.869023077097175,32.04975466137315,50453651
32.360015869140625,32.5618343426923,32.17325943641662,32.18530906907876,36176185
32.68231201171875,32.8148482793404,32.04071430657688,32.405189847132405,49713070
32.97751235961914,33.25463458267347,32.718464584392756,32.77569711746334,77901211
32.745574951171875,33.32994351114017,32.46243111401454,33.248611709546545,53840435
32.4835090637207,32.751594031575486,32.26060699177834,32.751594031575486,47321985
32.23350524902344,32.766662888057496,32.055782817627204,32.47447859844416,50273330
32.281700134277344,32.3961619909758,31.938308127412316,32.29073414051248,47137365
32.18230438232422,32.700403308869575,31.99554790479225,32.29074144714611,60691531
32.20036697387695,32.459417976806584,32.02566017879388,32.18530815186322,46948572
32.50459671020508,32.61303373201035,32.05276774005571,32.17024198494083,59620726
33.031734466552734,33.1341499069533,32.513638885015325,32.513638885015325,77989467
32.95341491699219,33.34499897119973,32.869073934140374,33.15221774274733,69616806
32.540740966796875,33.18836353526458,32.42326672702846,33.134143417531405,55788518
33.51066970825195,33.73658419085211,32.28169427923024,32.54375443536957,106164094
32.986541748046875,33.58596895295536,32.802797778980214,33.58596895295536,68262594
33.11306381225586,33.25162493528651,32.80582070236523,32.953419050060134,72767349
33.652244567871094,33.887196282910566,33.14619546279787,33.14619546279787,90881098
34.462528228759766,34.5438568112933,33.7094776923321,33.7094776923321,121987730
35.357139587402344,35.57100763317027,33.44740852236498,33.44740852236498,101548550
35.61016845703125,35.763788368367585,35.073995315974955,35.47160736504342,101433671
35.41437911987305,36.191525648264886,35.185452210591855,35.85114608306141,106666278
35.78487777709961,35.96560936926329,35.212558922991704,35.42341459277224,75587613
35.4203987121582,36.194532718475955,35.27280040146022,35.905360912012654,82768457
34.881229400634766,35.65837610415292,34.70350694901542,35.38125382423884,49492780
34.39023208618164,35.188465489710445,34.29082905944061,34.94146412685045,70095617
34.59807205200195,34.80892449885793,34.194438386086645,34.4022784252458,59880508
33.887203216552734,34.62820096989619,33.63116459465445,34.27878734281741,65083999
34.450477600097656,34.57397667438802,33.44440412079408,33.73658838990322,67256937
33.718502044677734,34.748674424783886,33.616086644384886,34.519747586802914,38254691
32.81485366821289,33.7727317722253,32.59797639634211,33.68236597408044,66773281
33.29981231689453,34.33299728628379,32.48953262925784,32.77267962432032,191023424
33.73658752441406,34.18239171834438,33.43536603892688,33.43536603892688,113013930
34.10407257080078,34.537827095031005,33.82695037317091,33.85707123173614,56543733
33.08293151855469,34.21250375170736,32.838942628840215,34.15828364083929,66827170
32.72148132324219,33.4172993809449,32.477492337194484,33.01366240644042,81073602
32.896183013916016,33.33897479152749,32.74557227401629,32.83895048218029,88299330
34.013710021972656,34.134196686113526,33.00763656032339,33.55585619249892,70413811
34.04081726074219,34.25166972006095,33.68236647070805,34.15829151270883,48299339
33.498619079589844,34.326973230572776,33.34800835621545,34.095033939562185,54556466
34.4354133605957,34.51373274612485,33.61609635826587,33.61609635826587,61530703
34.064910888671875,34.75470068376021,33.95044584513061,34.513727403939356,51138382
33.54682159423828,34.218540351112004,33.33897830072563,34.15829540513394,47054753
32.97450256347656,33.55585872737492,32.832932251149224,33.55585872737492,26125348
33.055824279785156,33.275713920086574,32.83292223219305,33.02570020687821,46659100
32.866058349609375,33.30282526087047,32.71243521958782,33.19438824413537,28987919
31.914215087890625,32.766665541401586,31.691312951514846,32.766665541401586,54798014
31.23947525024414,31.748533524199136,31.025607179910214,31.748533524199136,62412014
30.965368270874023,31.959395406090717,30.84488159617422,31.56780808114281,50673926
31.932283401489258,32.046748476896916,31.03163771284332,31.122003522529432,60793889
32.706417083740234,32.89317351659352,31.628052200967186,31.80878381748523,85251326
32.98353576660156,33.1220968722098,32.302779869930944,32.95341490655958,77975210
32.935340881347656,33.06185235720571,32.50459873817712,32.83292866853941,48498327
32.96245574951172,33.17632063790045,32.597980107606446,32.652200236343184,54222699
32.47146224975586,33.706462584611906,32.128073498390194,33.43536518562286,187602973
32.763641357421875,33.13414172151919,32.13108085914293,32.51965244930355,105195802
31.81179428100586,33.146197684530925,31.634075083519363,33.146197684530925,52691821
32.16120910644531,32.26061213698316,31.606964636621324,31.899148912034423,43024214
32.58893585205078,32.71243490536173,31.661178702496606,32.10999523965622,48375663
32.613040924072266,32.83293386063704,32.35098070727109,32.65220223272106,29381639
32.60098648071289,32.97750846722561,32.483509020466485,32.697373869264744,24326384
33.07992935180664,33.16427034220667,32.53170969582169,32.53170969582169,64922192
33.33897399902344,33.432352204967735,32.90521945542598,33.088963459485115,44323347
32.78773880004883,33.48054425772033,32.721472271010406,33.36005761140603,31828111
32.68231201171875,32.9805178092715,32.510614448732234,32.65219115674507,43816108
33.27213668823242,33.41718763673007,33.000553196446674,33.32460220555598,51668659
33.09931182861328,33.26905068866762,32.960433680176955,33.238189977049615,24848524
33.34621047973633,33.556069273419666,33.17646830663894,33.17646830663894,33790996
32.46355438232422,33.55914739573969,32.40182967120351,33.45421967350174,50494417
32.6888427734375,32.81228888935694,32.28764042362223,32.5900845617275,62603483
32.361717224121094,33.02216090383907,32.2598725813942,32.775265299870405,42422193
32.124080657958984,32.52220002339582,31.82471953360048,32.40492337557639,59314715
32.78451919555664,32.895623023714386,32.21974744772184,32.34319358100199,28727787
32.7752685546875,33.06845690742615,32.50368501207035,32.90797392455014,51323478
32.753665924072266,32.96043832670489,32.43578637061587,32.59009654533319,56454483
32.73823547363281,32.92957917609566,32.50059904629791,32.77526899404296,108808070
32.79069519042969,33.293742271899525,32.67341854957049,32.78143598760866,58721979
32.51603317260742,33.00364836756388,32.40492930669952,32.80613184925548,31958688
33.022159576416016,33.20115764555902,32.36788872527724,32.52836838832808,75922486
33.39249801635742,33.59001447205888,33.08387772996473,33.20732716349647,61706710
32.704288482666016,33.65791729978653,32.62404534111967,33.57767745567769,53623380
34.1424446105957,34.306010677555925,32.5900936878234,32.5900936878234,131507128
34.08998107910156,34.9417684702509,33.88629178634582,34.194912126729506,87661891
33.815303802490234,34.30600522278474,33.639392159220684,34.071455265946504,58967210
34.46957015991211,34.56524197077904,33.94800480042168,34.02824461036295,72495426
34.50661849975586,34.7967204572622,34.36156752100269,34.61463595780211,56698538
34.969539642333984,35.14545130803484,34.62697221641367,34.62697221641367,88373329
35.15779495239258,37.02802194018353,34.60536877829742,34.99113920146175,45665964
35.432464599609375,35.49110291699083,34.86152002456774,35.2442073417821,46370063
35.48801040649414,35.614542924375854,35.04360174506581,35.04360174506581,48590532
36.432395935058594,36.725584278679996,35.552834201631725,35.61455563375608,115223307
37.04962158203125,37.37675693926043,36.04661070774952,36.41695237273076,126440530
38.91676712036133,39.854963712499895,38.04337505237476,38.57728611618788,337512174
39.88274383544922,39.996930779347025,38.33039295862667,39.00935500980403,230734168
40.40122604370117,40.73761739681604,39.62659209732271,39.68831682421807,179770966
40.15742492675781,40.43209490576232,39.916702070539586,40.379629371944695,89786122
40.40739822387695,40.64503132927467,39.69140261420326,40.05865797382883,90283194
40.03705596923828,41.66347738638038,39.82719716222995,39.99693604866775,174238637
38.85813522338867,41.35485580852206,38.70999785359441,41.35485580852206,140205952
39.61733627319336,39.93521251710427,39.05256441862665,39.13280425555084,123681858
39.66054153442383,40.3148124121227,39.296369281886555,39.99693287925811,100769540
39.50931167602539,39.81175585909371,39.35191513444386,39.688309724822076,49208211
39.774723052978516,40.08951614171667,39.44141485736184,39.62658571076703,53426086
39.38277816772461,39.9969257206759,39.284019943773515,39.75003345823469,65828880
39.82410430908203,39.935208146075794,39.33957564190983,39.33957564190983,47018524
37.89523696899414,39.58955225864156,37.60822478373721,39.58955225864156,122340039
38.28718566894531,38.76245843319869,37.96005025558821,38.76245843319869,77600621
39.126625061035156,39.256243998914805,38.15447808078277,38.15447808078277,57751866
39.39820861816406,39.75003521875169,38.91984948016349,39.188349856050806,71883881
38.944541931152344,39.589553539176755,38.83035169555148,39.50314091098859,38361489
39.59572982788086,39.92595166303363,38.33656721174156,38.987751678760766,117997062
41.1480827331543,41.35485512926139,39.688317165683046,39.688317165683046,99419446
40.84872055053711,41.530769043683364,40.626516153907566,41.16968318954358,109784920
41.02463150024414,41.46595718195659,40.80551350866116,40.984511583258836,74060628
41.916534423828125,42.15725719821986,41.107956770859126,41.107956770859126,81588474
41.86407470703125,42.36094899201778,41.394971435935666,41.72519325808104,69635530
42.561546325683594,42.675736560826486,41.85789969970577,41.97208663741189,53589574
42.4381103515625,42.941157532497186,42.25602584982732,42.67574678377092,77096196
42.660308837890625,42.737465568478186,41.98443645395102,42.28071117694315,61723656
43.135581970214844,43.509010129249454,42.552295020513384,42.7436354043109,105898221
188.7084503173828,188.7084503173828,188.7084503173828,188.7084503173828,0
43.41333770751953,43.941076024423154,42.774498843198415,43.08311587149646,106627570
43.68492126464844,43.817626619926564,42.99053047719051,43.3917362415687,62404620
45.7650146484375,46.073631704868454,43.88552810251267,43.94108003000397,127336266
44.1015510559082,46.90380841458166,43.86391798053638,46.897635613023425,366024503
45.00889587402344,46.641486680482494,44.25586674853907,44.25586674853907,202590728
44.79594802856445,45.66933685549731,44.58608595145722,45.058272327511546,112590409
43.90404510498047,49.31721045807108,43.64480388413468,46.2804059259743,155661566
43.67875671386719,44.73731657248321,43.36704995135656,44.070700021941875,124684979
44.40708541870117,44.60460188090964,43.77441611895906,44.4225174227602,102268684
44.29289245605469,45.02740634248269,44.00896338347308,44.60459913423203,92569484
43.4658088684082,44.60769828639832,43.339276299055584,44.42870018891473,90467352
43.1942138671875,43.82379344294309,43.027558122473394,43.48431574701689,72875687
44.12933349609375,44.317590774491606,42.897945183714796,43.206565510807366,98007171
43.72195816040039,45.922403876669264,43.53061448117056,44.44103686063144,121478124
43.56147384643555,46.292747495147175,43.400990885861816,46.292747495147175,90752944
43.163360595703125,44.04600869259562,42.8732586658832,43.805285884818176,70989812
42.28995895385742,43.607759650971204,42.160340024002736,43.51517423001265,92582004
42.8886833190918,43.02138865638071,42.16342861888038,42.40415138538807,96855547
42.98127746582031,43.25594739819401,42.77141536617817,43.17570426145226,100857642
43.1294059753418,43.44728548511214,42.81152976300833,43.17261229073485,50759283
43.22816467285156,44.749654822966335,42.77758310859592,43.57690489808495,63972553
43.675662994384766,43.81145474341854,43.147924705511,43.39173389255863,62999919
44.40400695800781,44.67250409202568,43.715788915462774,43.94725253055359,93999740
44.85458755493164,45.024329733733644,44.37931802762294,44.37931802762294,74764182
45.08913803100586,45.21876029177319,44.4472127195681,44.74966026477544,69581739
45.07987594604492,45.50885269702673,44.94716730214118,45.181717283493796,52224536
44.99037551879883,45.360720560609224,44.78051673579117,45.058273044071214,43420875
45.59217834472656,46.014982257930484,45.265042959027944,45.305162869900904,74357032
45.77735900878906,45.98413140876781,45.34220610228748,45.67551436073153,57343021
46.447052001953125,46.53346463117546,45.93165933004284,45.99955685153857,52799613
46.43470764160156,46.87602997077017,46.28965669988249,46.477913954301215,76416716
45.73414993286133,46.66309071974646,45.46256312192329,46.29274896543842,59383645
46.9593620300293,47.15379211005352,45.373063973634615,45.76809693589808,76116756
47.15995407104492,47.39450401411077,46.65999347836961,47.153781270248935,54661723
47.16922378540039,51.847878087912385,46.786536430245796,47.79880344280429,53922696
48.01792907714844,48.20618307324514,46.66309450346371,47.21860717996999,135365077
48.28334045410156,48.45307934170834,46.29275333673043,48.14446228312218,160400406
46.567405700683594,48.39133964342107,46.292735863803856,48.39133964342107,117798830
46.15386962890625,47.40377301777614,45.61995852144728,47.40377301777614,147985891
48.15989303588867,48.36049263489847,46.29275213109194,46.29275213109194,90435660
48.638240814208984,49.13203196921512,48.147539357448196,48.755517450061724,99754361
49.406707763671875,49.60422424928959,48.4530757485369,48.76169608167386,97726775
49.891239166259766,50.20602900047907,49.37892955139237,49.37892955139237,99975589
48.980812072753906,49.989995970331094,48.20617816788565,49.74927317551968,120956922
49.02401351928711,49.5517517748084,48.453068950778245,48.453068950778245,67338023
49.78939437866211,49.92827253724633,49.027106058295836,49.13203710187603,60690606
49.50545883178711,49.98999077207668,49.25856326054688,49.87271413919882,53923117
48.814151763916016,49.37892353447045,48.57034588818764,49.37892353447045,83636940
48.66293716430664,49.06722603603352,47.8790473324943,49.06722603603352,111805490
48.326541900634766,48.94069285187561,48.16297253490625,48.699970053644,52026164
48.687618255615234,48.81106768884042,47.65066346063094,48.57651772263655,53107808
47.851261138916016,48.94068470303608,47.718555806234406,48.496272696273415,84604085
47.14761734008789,47.983972651447075,47.00256638640043,47.835838594217876,102288851
47.58893585205078,48.13210277343618,46.85133888797233,47.98396544103022,87172339
46.69087219238281,48.23087776952325,46.20017061165049,47.98089572805578,87963924
46.12609100341797,46.7741890426284,45.366889124225274,46.30200266885913,122569754
46.17856216430664,47.27415880083197,45.493430527208474,46.60136947167771,106523223
47.60129165649414,47.71239220653345,45.87611540405542,46.539642195426346,133090971
46.73098373413086,47.863613775405405,46.53964005972279,47.53956474881299,68344505
47.37907791137695,48.10741903444555,46.913064367619036,46.97478908582803,70279578
47.12910079956055,47.82966433888061,46.9933090529354,47.52104403501149,59117043
46.31126022338867,47.51487082479601,45.9933840170342,47.28032084674392,148738838
45.77427291870117,46.82665992843035,45.521204497487254,46.60136911911405,86146124
47.06429672241211,47.21243409474822,45.52120486442627,45.52120486442627,66613295
48.00249099731445,48.107422035584754,46.70938131709546,47.14144447920211,72144349
48.00249099731445,48.00249099731445,48.00249099731445,48.00249099731445,0
48.638240814208984,48.80489656556234,47.212425861181885,47.212425861181885,71521727
48.78946304321289,49.07030572343394,48.29876160172251,49.07030572343394,60874064
48.832679748535156,49.434485148882445,48.58270102223793,48.88514527437759,59545592
48.49628448486328,49.091920372583246,48.33580480537771,48.971557315531754,45070188
49.09499740600586,49.641250768191156,48.57651835306652,48.57651835306652,70424608
49.28325271606445,49.56409209049039,48.52096452174151,49.07030426298379,44978599
50.45601272583008,50.55168127212009,49.4406559623358,49.4406559623358,80866742
51.187442779541016,51.351008874058735,45.36689826313044,45.36689826313044,83636814
50.99300765991211,51.539261118424335,50.835611086598306,51.35100382968004,52042255
51.17200469970703,51.468279432563136,50.66278476959868,50.983747414807524,72091861
50.5701904296875,51.78306016384081,50.30477975576914,51.20594610323057,96006908
51.35408401489258,51.47136065471999,50.53007432493502,50.675125275544254,80664015
52.10093307495117,52.36634702961267,51.4158016284826,51.4158016284826,82044219
52.01144790649414,52.21822360441244,51.62259101856261,52.21822360441244,65803378
52.33549880981445,52.4651177770352,52.017622545878766,52.2182254482635,52587586
52.350921630859375,53.44342840243684,51.88490807296986,52.41573275181602,113205258
51.39729690551758,52.80151057755368,51.175092498525686,52.4774615222713,88891688
51.820091247558594,52.051554800585464,51.246060317077365,51.41580245425472,85128004
51.81083679199219,52.415731783245,51.53925330455426,51.97131974226193,56707221
51.86330032348633,52.582382225204405,51.60097604854501,52.27993474115372,53802777
51.647274017333984,52.267597754627516,51.230639557269164,51.971323041828846,70506198
52.06081771850586,52.458937036593326,51.16891055119131,51.84787255349484,73922461
52.22748565673828,52.6009138795077,51.554699553881605,52.4651220982677,66309469
53.28912353515625,53.38479537100177,51.84787649292853,51.84787649292853,90717219
53.27986526489258,53.90944491395019,53.085435188806926,53.45886333575333,37374178
53.7983512878418,53.97734938172414,53.039149292125366,53.44652790296097,56156161
53.20271301269531,53.90944610866567,52.835454362262844,53.70884652348148,55358288
52.17192840576172,53.38479832904899,51.79232744233693,53.32924640557073,73842272
52.42499923706055,52.712014791819875,51.977503994115885,52.46511915910688,67600031
52.90643310546875,53.17493019139679,52.71200304412888,52.71200304412888,34209980
52.74594497680664,53.49588754123569,52.603980445754,53.06999394807777,50743906
53.091609954833984,53.29221284043019,52.40647835905972,52.84162794812851,52644388
52.83236312866211,53.684147053576204,52.662620985857714,53.329237359648374,80228450
52.02687454223633,53.08234783971735,51.86021878109493,52.77373082279037,81345567
51.39729690551758,51.96515517694808,51.045473535900186,51.84788181955472,74546889
53.508243560791016,53.69341443756831,51.116450870792924,51.539258145759355,82522974
53.85388946533203,54.927881051831015,53.57613319110488,53.69957932494919,151772052
55.001949310302734,55.24267207953699,53.57613439667367,53.57613439667367,127220281
54.89085006713867,55.60376252969634,54.64087137227693,55.427844268637465,69291357
55.41859436035156,55.674745869654586,54.943318263013815,55.11923323520566,51281633
56.785770416259766,57.026489916842756,55.30440340990504,55.52043170174902,68687753
57.393741607666016,57.77334253832683,56.78576679535382,56.847488218391604,60512596
56.890708923339844,57.77335380283296,56.78577786730482,57.58818290274174,74344078
56.8289794921875,57.492509633633155,56.35987945053114,56.890707520612565,89054027
56.17778396606445,57.125243068284405,55.93397808610699,56.97093621715928,87383441
55.187129974365234,56.16853963010363,54.82604740504388,56.106811604664415,134444371
54.739627838134766,55.36612105295144,53.27368963999254,53.27368963999254,275574236
54.634700775146484,55.36612507823521,54.505081821012816,54.93097549668381,141888428
53.88167190551758,54.810612693789565,53.34159127882441,54.810612693789565,215346951
57.310420989990234,57.8350762192417,53.82612134548069,54.02363783239014,632289604
68.53341674804688,71.86277955932478,57.3104183633569,57.3104183633569,533724706
69.60038757324219,72.08505887240128,68.30618324464882,69.15581396997719,89000074
69.57075500488281,70.08448248563995,69.35340774842805,69.84737698722329,33771785
69.38798522949219,69.74858633794251,68.56305224145792,69.35340830578099,36528785
68.50873565673828,70.53895493914516,68.06416189869661,70.14377679980241,98982821
68.00979614257812,69.13604871695622,67.67389949156072,68.76062899387263,117047947
69.0224609375,69.47197424214963,68.64210809155638,68.65198721496074,54941663
70.24748229980469,70.95385911111332,69.15580664782856,69.15580664782856,63495319
70.529052734375,71.11193403402247,69.98568791675467,69.98568791675467,54326385
69.63003540039062,71.01315201958701,69.25461558279828,70.59821571485323,43206477
70.01038360595703,70.72663960571172,69.25460453049402,70.13387260856648,43943959
68.8199234008789,69.84737838292394,68.66185086715123,69.84737838292394,30004832
71.16627502441406,71.40338050889414,67.52571363893699,68.66184545933604,83346920
71.18604278564453,71.47748347130346,69.7979866145262,71.18604278564453,59512226
70.78593444824219,71.32929940392472,70.53894977794329,71.12677078720209,59064976
71.0921630859375,71.48240146595109,70.6377104341075,70.6377104341075,45202538
70.81554412841797,71.23048032264013,70.63771338876953,70.63771338876953,27743423
70.55870056152344,71.56145782119049,70.35123240523465,70.63773353730032,57810973
69.33363342285156,71.02300888281954,68.81002694257667,70.3512090273336,67014266
68.86439514160156,70.08449985958208,68.56800824895107,69.3336666942768,35513864
68.47908782958984,69.89678143903835,68.16788888442726,69.45220774887771,40528581
69.35834503173828,69.49665272093067,68.06908021681042,68.5630494393876,28227011
68.93354034423828,69.7485943043039,68.59270403385376,69.35835578810129,29401892
69.54605102539062,69.69917738699479,68.95822359461302,69.08171919077994,25688530
69.19039154052734,69.83255415070188,68.66678496994395,69.64978382855531,54348189
69.4373779296875,69.8868911088743,69.05701859502989,69.3534054041878,21010408
69.16568756103516,69.73375012264317,68.85942826133218,69.45218862171683,47238261
70.03014373779297,70.62784371631234,68.69148334411139,69.52629540379156,67553448
69.97086334228516,70.52904679364936,69.3632776976747,69.94615894822556,39579019
70.4549560546875,71.03289776720949,69.84737038714997,70.14375058344655,33440448
70.71182250976562,70.93410931431647,69.97086869288727,70.63772251166637,36620586
72.33699035644531,72.50493541855059,70.8353177546799,70.8353177546799,53639371
72.36660766601562,73.10756134282694,72.02082532658035,72.44564061451639,47205302
71.121826171875,72.41602404950088,70.30677227696968,72.41602404950088,61494358
71.79855346679688,71.99120291362667,70.2919480040517,71.52687105506197,40411075
72.26290130615234,72.90012451124113,71.83809243096819,72.21844525356185,30233677
72.64817810058594,73.231065952291,72.21842320036123,72.26781879926682,34700724
73.35457611083984,73.74975420583138,72.03567367034616,72.51482430770156,32703088
75.92323303222656,76.07142649095337,73.35458818184318,73.6015728831372,77186860
76.57030487060547,77.25198395665889,75.3897170191186,76.07139610517203,55913414
76.86669921875,77.05934869512932,76.12080571342844,76.73333107001595,21719690
77.10379791259766,78.5412562190368,76.51597700829221,77.05934186695886,38242210
76.3183822631836,77.70149870409968,74.94514494277948,77.35077673617792,44707366
76.79753112792969,77.49896845364813,75.93802128258332,77.20752781000856,33847162
77.27667236328125,77.5532942932246,76.66414719386397,76.66414719386397,24725660
78.47703552246094,78.80799927497294,77.65210911124807,77.65210911124807,26706864
78.13125610351562,78.73883522393591,77.81017148698986,78.54125280745693,16031818
78.41777038574219,78.81788803612663,77.77560763960508,78.64005723652522,16167392
78.61040496826172,79.71689945119557,77.84969289650186,78.6400423300983,28515650
78.57582092285156,79.82556254136732,77.84968583906196,79.03027361956147,73076882
81.88048553466797,82.29542178665879,79.134010888953,79.134010888953,44027176
82.66587829589844,83.28334298585207,82.00395757276054,82.09781579324394,34384454
83.036376953125,83.48095057389035,82.49301212546672,83.2833615652309,39932982
82.33987426757812,83.60938076996443,81.96445451394386,83.4315500132496,37107883
82.61649322509766,83.15491844086714,81.4210867617631,82.29541523855927,40280750
81.87554168701172,84.8344238640458,81.1197692214515,82.50288559241207,82064393
83.62914276123047,84.26141966588466,81.7224131421019,81.99904170712082,76596896
84.1181869506836,84.66649142542968,83.58963412556722,83.97493308315212,26106094
88.05513000488281,88.49476413846865,84.35035361186144,84.35035361186144,71843982
91.0683364868164,92.07603321637309,88.32186168835923,88.80595181097951,93268219
98.0580062866211,98.76438318365996,92.37240759384986,92.37240759384986,130476958
96.31924438476562,99.58439316203568,94.2001133403786,98.79403701451284,75692148
96.5415267944336,98.74463687039747,95.43503879050255,96.32417952333122,58418086
94.3581771850586,97.31212015394185,93.9531200265602,96.57116628014226,30839609
96.68475341796875,97.01571049478093,94.06671437544567,94.84224499087699,41957400
98.59149169921875,103.7337189677432,97.01572582728767,97.01572582728767,86212039
99.67329406738281,99.88076220306465,95.92900169386651,97.31211820182955,54765263
101.8714599609375,103.03228967588106,101.16508301077498,101.26388081761267,26648041
102.3061752319336,102.94339846295607,100.87860236028945,101.8764267778606,23390951
106.71731567382812,110.72835130338538,102.74579653212002,102.94338556624038,124128451
108.5993423461914,109.56258306898077,106.89514113368024,107.06309279353877,52275053
114.1070785522461,115.49019473584752,109.85893221982894,110.15531237492289,67921200
114.01817321777344,115.55936875921016,112.23001285607567,114.60106770088579,63383719
115.56926727294922,116.08299480971962,112.35351411991887,114.60108693175705,89270042
109.68606567382812,117.0116448512222,108.77222061182111,116.08298110787716,106032727
105.39840698242188,110.7036465071985,104.42528720906463,110.7036465071985,74881301
100.93289947509766,105.70959223331539,99.9350820286886,105.70959223331539,85087660
103.111328125,104.21782266139489,96.42297189605704,101.25894016172523,109591379
107.3100814819336,107.87814417766307,104.22770973350598,105.63058460447859,51148724
99.26824188232422,105.68985550405262,98.05307696529806,105.21564448302415,83552753
96.63042449951172,104.72165419166345,94.99044449817842,99.78194935378801,122474060
91.81917572021484,98.69524230523898,82.98699026947011,98.30006424544467,112969668
95.543701171875,96.81814732741498,91.0090594110524,92.76758908184274,73477471
92.7231216430664,96.02777948080985,85.45681813402732,96.02777948080985,100243526
93.85432434082031,95.03985180136269,91.13748700485414,93.30107379598476,79605105
94.69407653808594,97.98392290878378,94.10625562121648,94.8422699549234,58021662
94.442138671875,96.6205505880714,93.95310904045292,95.03984521854265,32605426
94.3433609008789,96.57116873436273,93.36036193809245,94.81263235903191,31027558
94.26432037353516,95.12876321487627,90.10015231258053,92.66879622473049,79677166
92.46903991699219,96.43121411520428,92.43406586203149,96.43121411520428,78184283
95.74169158935547,96.13141577173091,92.43904863668831,92.93369496860133,49858174
92.46903991699219,97.00081159356384,92.4390621555973,96.13142983063652,51169635
90.58538055419922,92.43406247067458,89.93584240261785,91.93441979118695,73627018
89.23634338378906,91.93442192024794,87.82235230008291,90.43549384707222,100805037
82.51114654541016,88.43691747067975,80.64247938976409,88.04719323191735,104511487
92.2092056274414,92.85374736701728,81.44188852133196,81.44188852133196,98846897
90.04077911376953,94.7324324228812,89.26633355985359,91.73456941299283,61593736
85.80377960205078,88.93654173155929,85.03932016366913,88.93654173155929,63382091
85.7838134765625,89.23634576460168,84.25989722461905,86.43834128352826,75101186
89.4711685180664,89.93583711656522,87.18780254090136,87.63748226013364,52498149
92.09430694580078,94.4326389320394,90.73527513539193,90.73527513539193,60863192
93.30342102050781,93.93297384214702,90.23561092780461,91.73453859385948,35025945
92.43404388427734,93.53326156049346,91.53468457379302,92.93368646329813,39634604
96.34626007080078,96.78095087532192,91.73454851347283,92.93369211010818,56845197
97.44046783447266,99.26916418915104,96.6510336357931,96.93083267642527,42457577
101.11786651611328,101.5775388455122,95.142132904546,96.73099421342525,52768668
98.050048828125,102.30701053556082,97.68031647548,101.42764295564253,61659515
98.50471496582031,101.01792347007078,97.88515468397817,99.22919739016069,109435620
100.02362823486328,100.52826708657679,96.14639210039299,96.14639210039299,56030177
100.76310729980469,102.92656201826819,100.0785952058318,102.31699431284859,52730100
105.9094467163086,106.32415238518006,102.416937777314,102.416937777314,52072458
107.03364562988281,107.89302805251695,105.35483778806538,106.08931288355137,38339251
107.39337158203125,108.29273090423082,106.72384838282451,106.92370675115968,31663257
109.33698272705078,109.82163643533883,106.43905306221018,107.32342350724086,38295941
108.24776458740234,109.02220993016566,107.03862178898505,107.9129996515156,37355775
103.08644104003906,109.32198705866305,102.55181776990578,109.32198705866305,57829355
104.25562286376953,104.91015057563843,102.2470530801584,103.52614408769868,39154175
104.8451919555664,105.19994207004981,103.5461225314286,104.4254900375305,30355671
109.72672271728516,109.92158482133979,101.03792209041468,103.54613463606286,64260537
107.46831512451172,109.42192548991393,106.9586799580998,108.54754763679732,29174001
106.83377075195312,108.22278003923364,105.00007810740085,106.42406144088655,28412300
103.06647491455078,106.76383183572138,102.70173218018122,105.72457619747196,25732995
100.3683853149414,103.92584562995182,98.83947978806384,103.22634466893541,55770770
98.23490142822266,102.91656057595915,97.64531894382439,100.9279762685942,58942316
99.46902465820312,100.9279820707249,98.45475061295981,99.62891268649913,63024777
96.68600463867188,99.42904908434699,95.49185745828852,98.92940652667016,58215228
97.08073425292969,97.43048140817226,94.08287195240085,96.1314119693343,46571895
98.70956420898438,99.02933358203862,97.63033173517348,98.40978000483246,27579168
99.9187240600586,100.41836674275952,98.04006437120619,98.92943128148605,25801706
99.93869018554688,101.50757271304647,98.75453551888302,100.41834760316723,40973706
97.83519744873047,100.7980857915196,97.33055853565587,100.7980857915196,31577196
97.81022644042969,99.72885644201479,97.5404199302841,98.72957109462564,29046931
98.08999633789062,99.02432959392891,97.33053996677386,97.33053996677386,30444199
99.01934814453125,99.37409825938656,97.83019715592795,97.83019715592795,18028876
98.72956085205078,100.72813801010777,98.06503389696721,99.42906185677805,34767693
96.71099853515625,99.87874156336859,96.15639669235681,98.72956086469675,43700494
95.42691802978516,96.80093857681119,95.13213008325526,96.73098380682434,21285415
97.64532470703125,97.90014896245724,95.43190712271593,95.48187004706713,19332271
98.72956085205078,99.56896472597066,96.93084207686128,97.64533196000727,29473831
97.82522583007812,98.92944012653116,96.6510634195663,98.72958170145819,23640138
101.02792358398438,101.42764035500082,97.43048598607234,98.51971118531407,48343496
102.85160827636719,103.12641101335625,100.14853419428533,101.42762499964634,23130442
104.57538604736328,105.42478247316004,103.33627212754038,103.42620539448082,36026229
106.53400421142578,107.32344526003077,103.73100353489372,105.82451052874386,46844190
105.51470947265625,107.77310030341313,104.82520112188271,106.72384556501113,18878851
106.68388366699219,107.41336241396785,104.42549265755903,105.42478455191136,20695564
106.40409851074219,108.4126618061225,105.47975755680052,107.92301171567563,27080339
106.11429595947266,107.31343959600443,105.43977641318267,106.124288545168,20861526
110.6060791015625,111.90015217502625,105.12498629148152,105.92441975101774,49476974
110.98582458496094,112.41980078110628,110.02151329872446,111.42051544188361,41967707
112.13002014160156,112.3098867068277,110.6360816971974,111.22066137541992,18145464
111.80522918701172,113.90872175765415,111.42050131171703,112.90943654515921,34556191
112.79952239990234,113.41907605333236,110.63107127166141,111.42050555227873,28771180
111.65532684326172,113.49901875288553,103.92584246036124,103.92584246036124,44955888
112.16996765136719,112.75954350302922,111.42049709971037,111.42049709971037,18774303
113.0793228149414,113.71387198762733,112.42478847183556,112.42478847183556,21722805
112.51473236083984,113.4190814195713,111.52044335611014,112.41979612176492,13024825
113.66889190673828,114.51828828141599,112.31985296011506,112.51970465239947,31321902
112.48973846435547,113.41907561149812,111.95012549847196,113.41907561149812,24551500
112.9993896484375,113.36412570347626,111.17068639783416,112.91943562020504,39334302
108.69245910644531,113.41408937544205,108.22279422603063,113.1193014195949,41672348
110.6060791015625,110.8958707288666,107.2334817015515,109.12213357731073,50741607
111.5354232788086,112.4497648502698,111.0207917920014,111.10073247480867,35040119
112.55470275878906,113.6089539515566,111.50045823663979,111.92015352589692,27713657
113.97869110107422,114.31843902484593,111.34556464442564,112.61965938227846,26321350
113.2641830444336,114.98294758362115,112.43477185739978,114.41835989483602,24127707
111.70530700683594,114.45834439498364,110.82093649621602,113.41907546588159,26778672
112.73456573486328,113.09931512992151,110.42621836998192,111.32058148524219,27366195
113.80879974365234,114.28845719547914,112.94442107417112,113.234219398889,32394562
115.51758575439453,115.80737073913542,112.71958171637743,113.39410126167991,46463515
116.22708892822266,117.41624681418766,115.51760190446497,115.89733355465705,37707061
117.82594299316406,118.11572798587437,115.93228791902841,116.31702249017061,33132674
117.32130432128906,119.59469113727093,116.94157269131018,118.5154517666093,21181864
116.71672821044922,117.91587857226723,116.21708556166752,117.03650430851467,33521163
117.09146881103516,118.89517728415947,116.82665861056589,118.89517728415947,17727148
116.09717559814453,117.55114359083282,115.9173090457701,116.4419264941472,9095349
114.82307434082031,116.61679006021906,114.21850293054374,116.41693835826075,44511779
115.40765380859375,116.3569760196582,114.97795933336343,115.91728895991635,35692547
116.20211029052734,117.3562874129544,115.11788127533262,116.51688344369157,23645475
115.26277923583984,116.61680807890883,114.92802091271794,115.41767099940772,14470574
115.00794982910156,116.39695925380194,114.62321527092965,115.91730180287072,11522501
114.24848937988281,116.1071637144764,113.76883191744693,115.41766194901561,23692513
116.79169464111328,117.2163996202513,114.1435789153458,114.36342918082345,34037745
118.985107421875,119.50973818658585,117.21637971710682,117.21637971710682,47385989
121.25346374511719,121.813061763166,119.31484917835897,119.41477501350464,38044671
121.43338775634766,122.09291184941874,120.42409643058627,121.41340258204967,22184239
120.76383972167969,121.96299002440583,120.13429348395907,120.13429348395907,21577563
119.62464141845703,121.31342818049097,118.57538004845415,121.31342818049097,32234690
120.26918029785156,121.8430456335292,119.9144235534165,120.49402010883888,33183754
119.29987335205078,120.00435719810945,119.0850261243843,119.91442394167007,15570647
117.41120910644531,119.31485641701045,116.91656952184866,118.91513971094452,21219811
122.18280029296875,122.62248730739802,117.92583965865326,118.30557117219213,41792532
123.52687072753906,123.91159192842214,121.12857023171954,122.41266412446137,17880493
122.51261138916016,123.8116877161387,121.73816588881839,123.41197089697317,17921966
126.3498306274414,126.70957698242036,121.92299597052696,122.01292922396337,48093538
128.2435302734375,129.80740352665444,125.76029897215379,126.70962144064629,36317956
128.67820739746094,129.09790937886308,126.70961445840526,128.9080502321218,28470721
130.35699462890625,131.4062427452249,127.93371936917752,128.50831302337573,30595173
129.03794860839844,131.50119449927698,128.42338454130723,130.70675053819704,31880044
125.13572692871094,129.37769308496524,124.0465083725604,129.0379451610657,42717762
125.97016906738281,126.56975110575965,124.29137404715343,125.5104966199556,35843381
128.43836975097656,129.2777736992384,125.22566647399803,126.60968639822772,30040836
128.4483642578125,129.50760501483714,128.10860300587103,128.70817148364628,9861469
127.84877014160156,129.4975999734347,127.15426549672429,128.94799447656848,14216391
126.17498779296875,128.4933345467098,125.72031844060966,128.1086132992339,18325127
126.48477935791016,128.10862144745292,125.42553844840494,126.40982828443542,14140848
125.83522033691406,127.1093217362169,125.14571856710256,126.90945667655306,10982566
125.81024169921875,126.69960850152388,122.4376439945141,122.4376439945141,24385013
127.31417083740234,127.74885497654614,125.82522223543984,126.60967354897232,16005333
127.723876953125,128.9579945821958,127.13929070528033,127.89874052404336,15767608
127.10433197021484,128.8880687779544,126.80954398430738,127.90875523226572,16107904
126.14500427246094,127.34914423318968,125.74029787064495,126.90945710991129,18410392
125.1957015991211,126.80955117888332,124.97586467355195,126.11005671083407,15857501
124.98080444335938,126.87944868088178,123.90157873857885,124.8409082738001,27266564
124.84092712402344,126.47975109572661,124.5261540243697,125.42051039808706,15458547
124.35628509521484,126.01010485925136,123.91659794692583,125.01081952438642,23547891
126.01506805419922,126.79950586062189,124.42120431231154,124.42120431231154,19952019
125.90015411376953,127.50901349639032,125.47045966222217,126.40978923700317,21858012
127.8637466430664,129.3476785953171,126.40977909906137,127.9087065966674,32943928
128.04364013671875,129.8023885085168,126.92444390443018,128.3883909990214,27990519
130.00723266601562,130.80666610515064,128.0086624094123,128.0086624094123,33453887
126.82451629638672,130.406958124011,126.40980400172516,130.406958124011,25528483
123.91161346435547,127.90875496962376,122.54258903007931,127.90875496962376,39687399
120.45406341552734,125.8102497430444,117.55114373164976,123.71173992331222,60181243
123.75170135498047,124.12142697992657,120.01435469657925,121.40336395994436,45985404
125.85519409179688,127.24919290669304,123.81664025867778,124.41121901588892,26296213
125.2806396484375,126.9094713658626,124.46122082556708,126.50975454150537,21131992
128.8180694580078,129.70743611837204,124.21635777447322,125.91014746040366,22069305
125.26560974121094,129.68745505222068,122.9122960942071,129.68745505222068,36971040
124.80096435546875,127.40909591760722,123.24206762834282,125.91016804564724,36757166
126.05503845214844,126.66960234158925,124.22133936720147,125.1107059700842,20249661
127.16425323486328,127.40907822002201,125.5354219756387,126.06504228302421,12273869
127.60894775390625,128.3983752801176,126.50972342200717,128.3983752801176,14411909
129.2427978515625,129.6974671780347,127.9587172176533,128.408383580586,20441871
127.37914276123047,130.20712509518015,126.73460085014851,129.60755649884933,35820527
126.92446899414062,128.60826663866786,126.42981591382895,127.913761813526,19637297
127.99870300292969,128.4883531095422,126.93944875207919,127.40911368459479,10061125
128.36337280273438,128.99792176443188,127.44402858662994,128.40833275061235,13034467
127.95870971679688,129.90731720689024,127.6089558915599,128.90803199870058,26444841
128.72315979003906,131.106451359248,127.40908816206803,127.40908816206803,26660981
127.59397888183594,129.30775419677082,126.569718732301,129.30775419677082,19173370
127.73884582519531,129.38767558106233,127.10929968015124,129.38767558106233,22409750
127.22422790527344,128.99797191541398,126.3198788810287,127.40909741267849,42113055
129.5575714111328,129.90732525804617,126.42979864313774,127.40909874150627,19496132
133.8544921875,134.4040977058672,129.4076717741335,130.77669594814964,39190014
136.397705078125,137.1022024727111,134.50404980812627,136.3827228682602,28151257
134.5989532470703,137.10216905448917,134.31415791668087,136.60252648558418,15692397
134.88876342773438,136.1028959110581,134.41909857109934,135.7031791524613,13686536
136.64251708984375,138.37128783892308,134.8038278943744,135.4033963977381,30901337
138.1764373779297,142.69820968154582,137.32704081090642,142.69820968154582,56511743
137.28704833984375,139.39553719606977,137.00724261113936,138.40125495017494,13715121
135.9579620361328,137.97651714333145,135.66816379130745,137.00720992126224,10620755
136.8523712158203,137.342034649164,135.9280369293646,137.342034649164,14724968
136.96229553222656,137.87164755951525,136.15787233072717,137.87164755951525,22136178
138.13143920898438,139.29061910183364,136.42765675872147,136.9023245618184,14797851
136.54759216308594,138.80099387754638,135.76315408246757,138.49621330759967,23624188
137.6617431640625,138.30129514660484,136.307714839723,136.70242853148105,8045902
137.40696716308594,139.27064445668765,136.70747281347047,138.27135919081638,14278285
138.6360626220703,139.0007985898034,137.1021543631687,137.90158772424635,8424574
138.82093811035156,140.69959725153322,132.9051549959192,132.9051549959192,15368716
139.3905029296875,139.8801527921673,138.0264687833287,139.7002863149739,13360974
139.6053924560547,140.19997128117774,138.00153585366633,139.59539987095772,8767390
139.0807342529297,140.57966174508758,136.90229776717058,139.9501156671017,13458978
135.79812622070312,138.60112003540925,135.2235325005433,138.60112003540925,11095995
136.50259399414062,138.40123833178708,134.10430711191532,135.5033089049829,12632180
137.60682678222656,138.57113128894764,134.1293003195548,136.41766909127367,12438544
140.59469604492188,141.26921560350723,138.15143542107478,138.15143542107478,17888402
141.9737091064453,142.89804328714138,140.89947280037688,140.89947280037688,13674777
141.35916137695312,144.33703227920088,140.92447718222428,142.79813389427125,28700335
140.57470703125,142.39840059837823,139.00082810423177,139.00082810423177,13364272
141.10433959960938,142.4933491423257,139.9001995771633,141.39912757102397,32546891
141.22422790527344,144.26705671293328,140.11002134038296,142.29846413072698,32824943
140.55470275878906,142.87803863163393,137.15212776362924,141.8987386930171,63419942
140.44479370117188,141.40909815713098,130.41694790440275,130.41694790440275,26148818
135.15354919433594,137.90158973962303,133.02007255406266,134.91371384601436,61743983
136.67750549316406,137.40198803330668,131.81096906678687,137.40198803330668,34581643
131.52615356445312,137.0022502770535,130.70673490632984,137.0022502770535,41534412
125.84520721435547,130.00724580355995,124.73101392280822,129.9073199488789,47152367
129.6924591064453,130.59680800843898,126.23992112957342,127.30915434513832,31088166
128.7731170654297,132.80523835538662,126.02007328780884,131.0065197609481,30188258
133.4597930908203,133.90446984458535,128.9080433631552,131.80597339063198,29274218
131.72601318359375,134.8837499827779,130.40695198509724,133.70459831072125,21098499
131.47618103027344,133.36483283521287,130.60679951034354,132.89516803006268,18864108
132.58042907714844,133.0750687998416,130.43195618518303,131.47621487043395,13837877
128.44337463378906,130.80669475255328,126.035094545733,130.80669475255328,23510172
128.24850463867188,130.89661998467784,127.80881751200961,129.80738808343642,25017125
129.92230224609375,130.48690333728467,127.50903281832102,128.24849748470663,22468407
131.26132202148438,131.7059986552809,129.61749535091934,130.01721202984217,10332291
132.20071411132812,133.40485433905903,131.506209221569,131.70606098499354,10261183
135.12168884277344,135.50487229524384,131.5923973292547,133.10495083504844,10490395
138.6761932373047,139.15012746866103,135.82755287011528,135.82755287011528,21121580
138.75686645507812,139.53836524188375,137.13843025951914,138.7518314758143,16677657
137.59722900390625,139.4576670731053,136.1300443063396,139.4576670731053,12894448
136.13009643554688,138.5501854233437,135.37886118009092,137.13846572525264,18664269
136.8560791015625,138.04594957557254,135.72669568448273,137.5417651177278,23169325
138.17706298828125,138.6409138185028,136.4527441408783,137.13843023391777,23147171
132.49490356445312,137.01744636051515,131.61761889920325,136.63426285054803,28788942
135.19732666015625,135.72671300406583,132.04617003089166,133.15537328718946,23283681
137.46617126464844,138.0409397666408,135.8981520644668,135.9284023297026,17412059
137.0225067138672,137.62249058672617,136.3519388787626,137.44097550700894,10617290
139.58876037597656,139.96184689569841,137.34009052564716,137.64260657171468,9728896
139.59886169433594,140.163546718556,138.20730924401985,140.113129614832,11596942
139.8206787109375,141.01056259113562,138.85769196166495,139.67446239795643,14678962
139.91146850585938,140.46608365417262,138.37371295773494,139.55854872740386,9616770
142.37693786621094,142.77523977203333,138.67621424039396,138.67621424039396,13299955
146.99525451660156,147.62548848563992,142.9113480902406,142.99706389493295,14851941
148.8153839111328,150.04560179377836,146.4507608494758,147.72634740027465,33423430
149.77835083007812,150.84217181617996,148.5330148244801,148.5330148244801,20053251
150.48423767089844,151.20522254554214,147.282663644598,147.75154950397555,19251241
155.43533325195312,155.7933014387268,150.7514427100021,150.7514427100021,20879952
156.7310791015625,157.30584754986972,153.8068062934981,155.5916256257515,21884768
159.6200714111328,160.290639108254,155.3949968063445,156.70083349547033,20824121
161.17799377441406,161.33934197472135,157.60836846310173,159.52427232447272,18046358
161.021728515625,164.02162073225915,159.72596161462275,162.34773222140285,54287817
155.20848083496094,162.5494149461503,154.48244743123695,162.5494149461503,27450567
157.41172790527344,158.5158961234346,151.35646551967452,156.27730942514287,20872174
163.9762420654297,164.36446053655803,158.81841698823538,158.81841698823538,32242197
159.64024353027344,164.96947311577335,159.0301763396048,164.38966965192577,32242949
161.9947509765625,163.1543845999214,160.93596501013295,161.84349968493237,24784859
160.64857482910156,162.79136196184783,160.33094039727828,162.196426774464,18773874
161.1628875732422,161.33935418731974,158.66716661523648,160.33098507474446,20192089
159.46377563476562,162.32754807461703,158.81840974303088,162.0451988141691,15843099
160.2401885986328,161.33932174961646,154.40677539758406,156.39829793638867,29450679
163.3813018798828,164.0619395634958,161.84353297983975,162.34771751817178,16711929
161.18807983398438,163.95101803903228,160.68389530760814,163.40649982754687,30350894
164.83836364746094,166.17949888271747,161.19814136069468,161.44015690098985,24876581
169.9356689453125,170.38943629079435,165.88706153590618,165.88706153590618,24973307
171.26675415039062,172.02807267417887,168.40803008590257,169.89033344712038,20283846
177.569091796875,178.4816616993839,171.84658141922387,172.43143336910575,28342277
179.41436767578125,179.9941710403633,175.2699610123686,178.3807834992282,34401499
177.08506774902344,181.28492737513693,176.46491711233136,179.4900244382519,14032887
174.1658477783203,177.47330472297568,173.14234669896732,176.4699704893974,24716385
174.25152587890625,175.1540122257099,171.53395649276916,171.54908835508112,21165870
173.83302307128906,176.46487633747043,173.06666972630646,175.4464240423228,13474797
177.1606903076172,178.27999054187705,172.71378002424353,173.64148177718246,20311599
176.7522735595703,179.48999620121072,175.66827222643587,176.46488935119447,26982519
177.35226440429688,178.65810103554432,176.16238037933962,176.96908095685265,16331017
176.59095764160156,179.47993189465058,176.19769074746628,178.76399551815754,13167670
175.6531982421875,178.3808381532767,175.3103484044909,178.3808381532767,12200442
176.00106811523438,176.56575320657072,173.65659846960213,175.35570218583914,15844324
170.5457305908203,177.27157320171986,169.6381959287801,176.56570692568457,23865990
168.3122100830078,172.10873227445265,167.38955692762275,168.70042849756737,22658622
167.0920867919922,171.2062437253946,166.08876620804224,167.79290474573622,30218286
168.00970458984375,181.50674725385326,167.41476928948126,181.50674725385326,18858124
171.3120880126953,172.61792439692664,167.66178272558847,168.89200020045848,26005430
168.94244384765625,172.4112346799833,168.3979256871321,171.2516144165999,19604810
171.02471923828125,171.7255370981498,169.91046770999995,170.01130190656173,17465782
169.59788513183594,172.43140711252644,168.2113811347279,171.4230381214459,17472641
168.559326171875,171.20126410502664,168.04505807172217,171.20126410502664,12464749
174.10028076171875,174.48851269643305,168.40803431259712,168.55928564023824,19266710
174.74559020996094,176.3438591742967,173.6414222187472,174.10022449557138,17149940
174.88682556152344,176.2128292733085,173.5608218497384,174.95237453886955,14187474
171.93731689453125,174.95235410000606,171.2869160270878,174.95235410000606,17986039
172.34571838378906,172.83477105571905,171.10036871503348,172.22975230577532,25281291
171.7507781982422,173.43979849574157,171.42306025320727,172.33059515485024,12617428
171.27685546875,173.42972678440321,170.6819200702824,171.32223760190158,13754039
170.61636352539062,172.9154510986689,170.04664344005383,172.33059914878146,24648261
171.47848510742188,172.5322226461749,170.31381649089747,171.42301956853618,23062353
169.83985900878906,172.6330466213444,169.31045936026499,171.82634624145274,23953923
172.1591796875,172.71881634646698,169.01305774818587,169.01305774818587,23453510
173.2532501220703,174.61455248760845,172.33059680987907,172.53226525106422,19068174
172.41627502441406,173.9439467894863,169.4567037891754,173.2380939367729,15396233
172.42132568359375,174.50361265535773,169.91048659754895,172.83475939796455,13805731
172.5272216796875,173.38433943706676,171.523887578474,171.71548605057134,13210342
171.69529724121094,172.94063330047027,170.91884695562564,172.94063330047027,9858905
171.7558135986328,173.31878427166538,170.0264597445979,173.1372826901237,10772489
173.37423706054688,173.95404046794746,172.088567296296,172.088567296296,12406162
178.78916931152344,180.56894001493038,174.06999424674626,174.4279623788743,38976595
179.15725708007812,180.39755834671192,178.20435352797924,179.49002346137254,13185327
184.31503295898438,185.41920100568765,179.50005898683435,180.39751021092394,31204282
183.7907257080078,185.43941224285567,181.86473835051842,185.03606192014652,26883867
190.8644256591797,192.49799366087026,183.24114421798612,183.8259960804694,33599436
190.7989044189453,193.10302679996417,189.67456927177602,191.48963898155563,31593917
192.5181884765625,193.10304042402907,189.06955039966357,189.57374843240802,20646199
192.86102294921875,194.716426457583,192.39718553464044,192.80052241688244,20243493
191.8526153564453,192.8004837647132,189.06951065184896,191.0862619713094,19721223
195.82057189941406,196.48105616051515,192.195481125898,192.5988314234225,33158301
188.31326293945312,195.22060841700224,187.05279489865643,193.5870403283284,57384677
186.42257690429688,191.47451946049435,185.54025727739653,190.07793184434192,24399424
190.93504333496094,191.771994325042,184.83441119012744,188.06118715577855,19654919
181.2798614501953,188.96869199020065,180.7504751235955,187.75865456153434,36609150
181.56222534179688,185.50999935970984,180.70007259464208,185.23773351191767,20934716
181.62269592285156,185.39905114954593,181.1033930608596,182.6159464505362,26123969
179.50511169433594,180.7000305412578,176.60604113054472,179.7924958765061,19342158
182.5353240966797,183.62436065176016,180.72528917653025,182.5151572516787,27077163
189.11488342285156,190.06780022527667,183.40245797434233,183.82597505736356,28523314
186.12509155273438,192.85092192542362,185.08647225073176,190.27958222325637,32078790
182.41934204101562,183.5235103644648,179.106837070668,183.5235103644648,29431457
184.45120239257812,185.21755585781457,182.2680811456192,183.72516914918415,13780410
184.8394012451172,185.54021913025642,181.50672995975714,181.50672995975714,8919702
175.36073303222656,180.7000592343366,173.94396527256106,180.7000592343366,35041064
176.75732421875,178.87490997162269,169.7289912059716,172.53224959666056,52133783
181.30506896972656,186.04441119782803,179.59083364626028,181.50673737836468,20630590
176.1472625732422,182.7873768415856,174.9825938272557,181.5067420264072,33584247
178.09844970703125,180.88155456305896,172.9658405425642,176.16237910501385,37659201
175.85987854003906,182.31345675779698,174.95235714497534,181.40592190022127,26753018
179.1219482421875,179.691681691556,175.66827576815635,177.02452947538063,14865687
184.91506958007812,185.58058889329195,180.70007802969027,183.32183505713687,17956745
189.8258056640625,190.58208913782804,184.22934565322797,184.9150451824441,28190228
190.55186462402344,191.9736675153142,186.04444035934014,186.95197526548426,23266768
192.80555725097656,194.11139397135116,189.67456741722492,191.59047132270123,36922515
197.73143005371094,198.64904822881223,191.47448599471113,191.59045205976773,31770666
197.43397521972656,199.5565959181865,195.6239405717746,197.731442870014,17448851
198.9415283203125,199.33984373907126,193.7332987688278,198.0440767111357,17767160
198.10452270507812,201.06912894713184,196.73313720356467,200.3632626252086,21831606
199.94483947753906,200.46415591723334,195.92648127916854,196.0273155016782,13398046
197.93310546875,200.665793250152,197.1365017719196,199.9599403395099,16099767
200.22213745117188,201.17000605420412,196.02731269227192,197.13652951152025,13639157
200.67588806152344,202.53129142339904,200.1616201147548,200.66580464026347,18968079
203.0001983642578,203.79176715679378,200.86748064350616,201.27083097163245,21066003
204.4471893310547,205.20347282844597,203.05060187113565,204.19510380693183,17281779
205.17822265625,208.8234796840618,204.52278694246957,205.20343793563035,22388716
204.52784729003906,207.66388530344219,203.79174413095132,204.69927890106771,12641000
207.52777099609375,208.12775476344902,203.27749444260655,203.6909147202046,21998267
219.20970153808594,220.10715279214938,209.73606646704647,215.2871436807257,28944037
220.86346435546875,222.01804968350748,218.51396001653495,219.42149480582344,23858535
229.9539031982422,231.82443809871359,219.98110512725012,220.2281556365096,25276339
237.52174377441406,239.89141492695524,230.5135645227474,231.92529725618724,34178621
241.96868896484375,244.63079316823314,233.46310031148232,233.46310031148232,29360349
234.13868713378906,243.52157325742948,233.43785569080998,241.90817198476466,34436400
233.7705841064453,238.98386020702972,232.47481754923265,235.02095508099902,30579013
231.72866821289062,236.96714666794617,228.39599667405412,236.96714666794617,30223702
231.13876342773438,234.84450800141607,228.11869145427195,232.93366614305742,38920492
241.59556579589844,246.04250259447122,225.37088349927708,232.1269775828317,58659731
244.62074279785156,246.02741394651287,238.17723363699892,239.99230360625006,30557209
251.33648681640625,253.6053242409802,244.02577648165587,251.5683920764532,35575321
244.1468048095703,255.31953337377152,240.58220044185364,252.59695538562735,32690288
262.1763610839844,264.07713255325166,221.60959800484537,235.05118501811847,36199645
264.0318603515625,270.64677365113533,260.3865888713954,265.69566536718776,43742833
265.25701904296875,268.12582652637343,260.40171019568953,268.12582652637343,42900147
258.72271728515625,274.7507499433013,256.3127127374694,265.4535949369645,87039965
268.86700439453125,270.2434116991535,259.7765234281547,260.6739883788133,43056335
267.3746337890625,272.25514523232926,264.0923920382995,267.7225320824729,49332781
271.0047302246094,272.7643344048142,226.98428121723822,253.90779759578402,75476314
260.4773254394531,301.40204027337455,254.71448210433988,277.30199115761593,66271385
248.99697875976562,272.2600877981742,243.99546793604924,264.59647338400544,46568956
243.0224609375,250.37851276841866,239.16542398418315,242.00902986975254,44200234
262.1613464355469,263.5881844199,247.5550844214336,249.06765169346966,42698443
263.6940612792969,267.2889022183043,257.80011933184153,266.2099356686137,37642822
265.0049133300781,269.0131877380863,261.3899058162539,262.6806106708679,36587556
272.08868408203125,273.65165453712734,262.7108344264354,267.21824423549003,34497805
285.15728759765625,286.88159346186967,275.789504137326,278.814612064466,39456350
279.2682800292969,287.8343945838783,276.3238405426905,286.2764590372373,38271801
280.71026611328125,284.2093073828097,277.7053259274904,279.1170586953247,36337643
270.3039245605469,286.27652355365024,267.22335147512746,284.3606194252803,52379007
273.6011962890625,274.78099667272204,259.85710609229204,259.85710609229204,33839830
268.3426513671875,275.7894675543258,265.5040804263645,273.60129755869156,38966769
268.8517761230469,277.8060940244499,267.34424448472186,272.1289813541661,26487784
279.409423828125,282.7471298790929,272.2600775530155,277.8061197598386,30466913
276.5809631347656,281.8194410933362,267.419913699338,277.3019613089584,31842605
269.7997131347656,272.7340559616099,262.3780998702691,267.21827658080537,39563331
271.5643310546875,274.660035301697,268.22662472224965,270.8483947561184,37113194
291.26287841796875,292.3267129584917,275.2852473187606,275.2852473187606,53647963
289.916748046875,293.4359565949903,287.385714863893,290.4108491919544,23093037
290.5771789550781,295.25098580875675,284.5622367599449,287.38567533274056,22269626
287.4764404296875,293.0325533428032,286.47814138929795,290.93011300057435,15561048
280.8161926269531,288.19241097736347,278.3305550766533,285.36897206105243,33284548
273.21807861328125,282.132064835743,271.25174426456516,279.31872314837284,37514807
274.7558898925781,279.28850262897396,268.8317110345065,279.28850262897396,30793018
283.4732360839844,285.6715028497281,274.2869828765266,277.30705526453323,20879620
290.8695983886719,292.8006339473765,285.17735284005425,288.01086124217085,26472035
286.7100830078125,291.9233597882657,284.8647765645965,291.9233597882657,21357048
281.5674743652344,289.28149535863025,279.21796935335055,287.88995597649875,20948085
283.6092834472656,286.7503559513202,282.142112336187,286.27642179894264,35395334
287.5520935058594,290.7133336403449,283.68498694404997,284.86478764257294,27007770
295.9467468261719,296.75344738458983,287.99069925411595,291.23764140360163,21453424
288.64617919921875,299.0424968777333,287.40587791060517,297.4694292019282,23074751
292.5687561035156,294.4443264676041,288.8982827522865,293.7082231904423,17131715
289.78564453125,301.30123544080857,288.92347830255926,297.46942741888876,21700398
286.5235290527344,292.9317110345877,282.5807904914228,292.9317110345877,28847057
284.65802001953125,289.2813960478119,282.47491244032045,287.38565921135114,16149578
290.98052978515625,292.3216651911456,285.36895107326586,287.8898871461823,27847587
290.5014953613281,293.4358645071564,286.3772558568894,289.50322342487266,27173714
285.6462097167969,294.8627245753054,283.8866058598828,290.8847145337472,28950529
291.28302001953125,292.4275218265124,282.8480037378021,282.8480037378021,31167534
279.8329772949219,291.2174683407417,273.268468805751,287.39072286775735,31451054
275.0382385253906,282.35398384586034,272.56773264451965,280.83131970139937,36252011
272.6432800292969,280.82116217418087,267.3745384780563,270.2483803719028,33185923
273.63665771484375,280.73054224483553,271.44345224672236,273.77279068045493,21879693
281.1893005371094,282.33883759452976,272.05848574082864,278.9154013215211,23564594
292.07464599609375,293.90988261540167,282.1421928013584,282.34386123754064,27736485
291.807373046875,295.04928019736434,289.9166980740137,292.4275370549911,33440220
291.90814208984375,295.45257798480844,288.0158350015355,291.1165735748973,15896769
290.68310546875,295.45271249103814,289.4024973239973,292.7805381643492,11211489
287.2091979980469,292.3267020964343,285.88319456849706,291.4191673417964,10540548
288.57049560546875,290.8141306373177,283.483282235363,287.8898580126726,27276294
292.8006591796875,295.45266624588663,285.39415077566105,287.5873823748263,30204199
301.80535888671875,304.5077691380941,292.83084636343284,292.83084636343284,35463186
304.5532531738281,305.53642050793087,298.47780947209054,299.97020982796204,27412209
308.02191162109375,310.98148243395974,302.5111686351743,307.60344302536816,42941270
305.90435791015625,309.56979515327964,303.7565223475074,307.3160904222321,22068981
305.3144836425781,312.3428292304758,304.0237789740405,306.0405167983266,35935303
315.3780822753906,316.62845346040166,305.03219569087906,310.52780846958314,44021961
324.7810363769531,326.71207157807135,315.2166515243086,318.54426036486404,24160570
319.204833984375,332.560695030487,316.7595304006914,332.560695030487,33236461
311.95465087890625,317.132628780363,305.0321738785249,313.603323824614,48600925
302.1633605957031,318.5443282389471,300.1062889577726,318.5443282389471,41921623
282.3034973144531,299.99032884877465,280.32709300149855,299.99032884877465,50776299
256.2068786621094,280.30695689809465,236.48820203226808,280.30695689809465,72442557
237.71839904785156,250.8826895265625,213.77463478673758,237.19403420367763,76700972
257.2052307128906,284.8648567831629,242.009066619307,244.0258052511305,64128524
250.97337341308594,266.7140353200341,245.5382622824393,261.16802003877325,42719162
263.7292785644531,264.6973138087532,254.61362456605218,259.65546918740273,26217694
258.788330078125,261.6420328565416,245.03416496632713,258.64716216444464,26471239
259.8471374511719,266.7141233238668,256.1615320222488,266.7141233238668,17399346
249.2591552734375,261.97471146031234,247.3533484940513,256.65053104209005,21854267
249.965087890625,259.12110498585264,239.08476511987485,249.2693182592767,49427967
256.40350341796875,258.16816949174836,244.0257467791318,251.08435722420225,18456589
261.2890319824219,266.41154386384954,255.72282270495404,255.72282270495404,25814077
263.9007263183594,265.6048647889205,258.77821402355556,262.176421006579,15151447
257.38665771484375,259.15129677478046,252.22381154532934,258.13285779276816,19264427
244.57525634765625,260.15964508305507,242.72491527943475,254.10940512471788,27417100
244.6710662841797,248.8659034548142,241.0005938567566,245.54836417522242,27651544
229.60606384277344,243.42075598580465,225.3709054010255,243.42075598580465,41653038
234.4310760498047,244.02569876889447,227.58926724415784,230.00936870133694,35641327
240.95022583007812,248.96171253975493,236.9721883237894,238.9838914087152,41541105
253.78175354003906,255.42032968478878,247.0508746580468,247.0508746580468,25193638
261.56634521484375,262.17641233531555,248.6642252899815,252.58679693999196,18833476
257.5076599121094,263.6889720161544,255.9245224228634,262.17643193662997,11414925
257.5933532714844,263.99146476691857,255.1177862474311,261.1680264970851,14075130
250.47935485839844,257.13460231182097,248.2609480156,252.112923184928,19315507
251.71966552734375,256.2270768006655,248.20045663956046,253.10113487498714,14064753
245.48280334472656,250.07594234981053,243.52153110480438,246.27437198069856,17346910
257.28076171875,258.6470987761537,243.0224020560257,251.58848942182337,16217938
259.8218994140625,260.7647330592786,255.32962032954816,258.6370636326496,12791606
261.01177978515625,266.0082565803122,259.15637634734736,262.68061972825353,23321593
255.44554138183594,262.1764198145731,253.77667469722994,260.15968185177167,24690014
248.40713500976562,257.33628121542296,243.0173911058255,257.33628121542296,29196461
232.53033447265625,241.98885354249353,230.87156443774083,241.98885354249353,26500060
226.19775390625,235.7571059276059,222.84995055213565,233.94203636152346,39850780
231.19422912597656,233.94203528278595,224.5742682968746,225.88515336216847,25698697
226.7069549560547,229.77745744398732,218.43832134570752,229.77745744398732,29082647
229.35902404785156,230.79593187307736,214.0116115387777,222.9407307542443,45876779
236.75543212890625,237.47139554579638,222.2853163222933,226.88347834946566,32079079
239.4477081298828,244.87272221325316,237.9754750960015,243.90468705776138,27963509
226.18263244628906,234.44621817606475,222.00292650299693,230.9169400130548,35443360
234.20423889160156,235.94871130088063,224.89697105136503,226.88345905334057,23942995
219.84503173828125,229.20271625394352,217.30392871440915,228.002748693363,41204921
216.90057373046875,226.86327679209157,213.77463231961738,226.86327679209157,34696227
217.7173309326172,236.46293405147262,216.31066016375775,226.883415647471,29746169
221.86679077148438,222.81970771041549,214.31914149868976,217.80809939550576,26119935
233.3168487548828,234.4411838679674,223.35414595851648,223.35414595851648,27254936
231.86985778808594,235.56049784124983,228.95565467062025,235.35376750202278,20401798
228.9809112548828,233.33705767176298,226.27847312772974,230.91698231239133,36296397
237.2141876220703,238.77212327786066,225.03307854992246,235.35374933773613,34512259
228.47669982910156,235.45461658167702,226.89356213007304,232.4295090967464,27093559
236.48818969726562,239.48809504299794,226.22800560891747,231.82447944802502,26807230
236.31675720214844,247.33321131060436,234.9504199635416,241.50483226536915,32063820
241.6106719970703,243.82404327764718,236.563792372061,236.9671291737524,17304422
234.0580291748047,243.51148616582347,233.10509869620972,240.49647573600572,21753752
242.5030975341797,245.00386671350296,227.5136681710185,227.5136681710185,23036200
240.16873168945312,244.31313899237233,237.97049200342477,242.0090031892837,24671220
243.84927368164062,245.21561076294742,237.0729999669312,237.47132871758848,19966184
248.9314422607422,254.04891912230295,242.61399806560337,244.52990166143465,32081433
257.2908630371094,258.8487987256744,248.61384353188842,256.12619423643594,37507186
263.36639404296875,265.90749780044007,250.71636774683495,253.59527295742768,37333368
266.4620056152344,268.83167685720025,263.71923433463746,264.1982035622631,31515766
266.2149353027344,274.07518389897086,264.24356596727273,270.2635431601448,21934177
266.57293701171875,270.2434103220586,264.4049608928586,265.17130096532594,18499558
262.9176025390625,269.73924637610105,261.8890665421298,262.27729849343274,25134990
259.9177551269531,265.4032996226865,258.94971944682555,263.3865608661735,27790487
260.42694091796875,262.17647533759674,257.7749334355027,262.17647533759674,28908505
264.6469421386719,265.6048806161813,258.3446288694564,261.168067583467,29490656
261.3092041015625,266.71405184647676,260.41680123782817,265.3023461215053,17866432
268.2215881347656,269.73918998849024,260.1596715808648,260.1596715808648,21756290
263.63861083984375,269.7392565583273,262.84198006261914,267.2183201196892,23952348
269.7140197753906,305.1330572132989,265.10073961710765,305.1330572132989,21082119
269.1543273925781,273.1676363588511,267.2182568513093,269.74926265083025,18407373
267.2182922363281,270.44506792405855,262.17644681017924,262.17644681017924,18400969
271.1458740234375,272.2601122000264,264.59649709899094,272.2601122000264,22305438
270.3739318847656,272.27458954633715,268.8888849150588,271.6663715159307,16574019
256.2989501953125,271.02266435678496,254.43377732427737,270.1965045607814,30690657
258.87872314453125,259.91773604087814,251.09872601302146,254.54016018914683,24158943
253.5316925048828,263.55699302559754,252.20376804438894,263.55699302559754,22755830
256.5372009277344,259.0004420543169,251.41811133157253,255.44749159256733,17585152
265.88336181640625,266.87170607113865,256.53722234455006,256.55243388696164,21878267
267.1757507324219,268.4225827036297,263.86101552447735,266.69932098408367,16919206
263.85595703125,267.10478462713274,260.92134787709523,266.0911060276709,15553322
270.4195251464844,271.1595313799566,258.51386962828593,261.52957096386643,29178778
266.1976013183594,268.6253580185969,263.25284165551267,267.1048263485011,20887381
259.11700439453125,267.61164817969615,258.4885133523074,266.59796953963047,18053839
255.00143432617188,258.9801176835919,253.63296429747837,257.4747979453497,23292457
252.92344665527344,262.5230123678501,251.3927920020771,259.50222206228557,15293041
255.70086669921875,256.9679715818589,250.4804129881613,253.92693610359888,18875789
249.6391143798828,259.04098344120644,247.84488336114686,259.04098344120644,36074351
243.6380615234375,253.30856674189974,242.29495309132474,253.30856674189974,31400272
239.10696411132812,247.33805883774036,237.2012449388858,246.12162276445463,23995763
243.95736694335938,245.80732814075114,234.4642575502533,238.21487604913224,31603646
233.85606384277344,247.74349565368672,231.62597636759457,244.19560707034162,34076759
227.75372314453125,238.2149047310374,220.47550211492123,238.2149047310374,67512736
226.91238403320312,233.04516579993776,224.2261260406201,233.04516579993776,43442435
219.2286834716797,224.97625043160394,213.98795584402004,221.185085188897,45759185
222.7816162109375,228.0780874910773,217.4344488215196,228.0780874910773,39890958
229.2337188720703,231.1191378810057,224.02338734085984,231.1191378810057,41869703
230.84547424316406,232.63967821119013,218.58499926125583,228.0831991443086,45823345
230.14601135253906,233.1363783313239,226.5575899247563,231.82872715619828,30620547
231.35736083984375,238.2148959285073,229.31479216994487,238.2148959285073,27675956
236.48150634765625,237.20121243006756,229.0917570090384,231.12420265508067,21817003
231.83885192871094,238.21489578501647,231.11911876496973,238.21489578501647,25210402
227.8905792236328,230.1105438164185,226.0760887899613,228.97519993082037,17822807
212.7917938232422,229.09685924790645,210.36909898038695,229.09685924790645,46870019
205.34124755859375,211.1394966309219,200.94693966942833,210.84552415788224,47741229
209.09185791015625,216.21803077810603,204.25659150856904,207.29764066638594,52403051
216.5221405029297,217.73856295297466,198.30123300788324,198.30123300788324,36568788
227.018798828125,229.0816405437707,216.52213297875943,217.43444640124056,83441319
221.2509765625,227.87537237231484,216.4461327149185,220.57687795827948,57025184
212.38125610351562,224.7228220930663,210.64279636594722,220.9823396872278,52730468
207.21148681640625,217.8399277116365,205.40713294214467,213.88657843961494,51852931
217.33306884765625,221.2864177638627,201.7223899391271,206.7603865053869,60769519
209.8419952392578,215.91394413478304,205.33112390979278,215.91394413478304,43012613
212.66001892089844,216.0355732730748,207.80955421541512,209.83692495651374,35613854
205.59466552734375,214.9002573426068,202.43199151872236,211.86428300992367,32556971
200.65296936035156,204.4542708535522,195.67073000477342,202.53335384311225,42090551
210.75936889648438,212.3609788794343,202.73608037561874,202.73608037561874,30800621
207.4649200439453,211.32704080415263,205.93932705972918,210.53130401927274,25189447
204.36814880371094,209.72037855993523,201.92516704610108,208.209996951336,29313661
207.14051818847656,210.33867656229782,201.7223954152573,202.73607395803882,32490063
200.44515991210938,207.48010436548142,199.49230042957015,203.24291926936044,41694564
197.00877380371094,205.2702766442099,194.62662525175915,201.73759987389866,33919101
204.61648559570312,207.26725899210598,199.19836210093533,206.5880853459523,27019109
214.2109832763672,215.60986323869054,201.7224423200261,201.7224423200261,33682872
218.23019409179688,219.38579746721837,212.16839537886497,217.8399314755696,26038363
218.15924072265625,222.90834041765572,215.40710228286736,215.40710228286736,24964382
229.831787109375,231.01777299486997,219.96867300552316,219.96867300552316,44183828
233.96253967285156,236.1875658675049,229.08166504718096,229.08166504718096,29147884
217.64735412597656,237.04412624163385,216.4207950488664,237.04412624163385,62377468
220.97222900390625,221.89467906910045,213.48112680122816,217.946390871744,29603543
211.15980529785156,218.84857664542494,210.3387203645197,216.9073727643738,31092016
219.51251220703125,220.37412957006245,212.87796648457984,216.72488920488684,18342355
223.76995849609375,225.03706355985332,218.4734869377122,224.50995120961224,28463721
232.90321350097656,234.46429103502763,218.24540595966587,219.9737292342094,33025291
227.30770874023438,238.19465196487997,226.31431661702143,238.19465196487997,35839785
230.71876525878906,231.72738253210437,223.5165737080205,228.7522268304742,41976693
233.00460815429688,238.11357505789476,231.73753001206876,232.1328677034234,36432724
230.3690185546875,234.85961652820816,229.11712511090371,232.94374751429856,24556347
228.26052856445312,231.52459448665698,226.15715444781765,228.04767529426155,28902817
235.70608520507812,236.79576750672692,228.19469633358446,228.19469633358446,25610677
237.9361572265625,240.69843225187898,234.6771793871517,237.20123952135359,32882192
236.8818817138672,240.85044188447173,233.8915154211222,236.16723719374747,28458078
230.78466796875,237.70808485387047,229.2286517449265,236.79577127816435,20978604
225.52362060546875,232.13283157755575,224.0436487724787,232.13283157755575,21991145
224.99649047851562,226.4561891654502,222.54338630464213,225.54387579444145,18173673
227.7081298828125,229.09178461641605,224.78365705076445,225.03706995067375,19893266
224.29202270507812,229.21851850002446,223.26820749078382,229.21851850002446,17102509
227.5509796142578,229.08163394489853,222.91845702985336,222.95900308893806,20077470
226.2534942626953,231.62599665072165,223.55203829456715,223.55203829456715,12172890
220.91644287109375,224.93568616473172,217.60170768096506,224.93568616473172,30411756
217.73858642578125,222.999587360914,216.92763803832884,222.999587360914,32314258
209.9180145263672,219.76591652373304,208.08831262394676,219.76591652373304,41999424
216.54241943359375,217.72843236970613,212.77152732913194,216.92762056327294,22026362
217.0948944091797,219.50745297269063,213.17701579754254,214.90027771436448,20027134
224.30215454101562,225.54391159680316,215.40711129509717,216.92762931034315,22061325
218.1693878173828,228.07810980604427,216.11668239311652,228.07810980604427,23303097
210.93678283691406,213.37976453881643,209.32503609671875,213.37976453881643,28217684
216.2383270263672,221.99603042154712,215.40710566108305,221.99603042154712,25098286
217.18614196777344,218.85364642304623,211.5095299044277,217.4344934072098,17241294
211.11416625976562,216.39037847660046,210.03460700469614,215.90887366606873,33404610
202.4725341796875,209.83184724544194,200.9368047538208,209.83184724544194,49802072
195.908935546875,206.79080220497482,194.59622304853545,205.6706834875779,59654354
191.27642822265625,192.59927724777282,184.81927877759102,191.5551891485092,43957670
195.44264221191406,196.14715028923132,182.46246286749005,182.46246286749005,39166941
190.2323455810547,198.68138194347642,187.37884192424917,198.68138194347642,35299106
196.47665405273438,197.46498477897592,178.91463051648,182.66525014442408,76522901
208.32147216796875,210.02952240452996,198.68137521481887,200.81009761327905,45121517
206.6995849609375,213.8865913454542,204.3884051773696,212.87291267779128,50737652
203.38990783691406,212.50796714019836,202.73608230787818,202.73608230787818,45365420
207.4091796875,209.31997396173261,201.72750651446503,201.72750651446503,47808469
205.34124755859375,208.78775744679885,202.02651236746934,206.90231149343637,43038005
199.0057373046875,206.28397176745028,198.29616770584718,204.56071004635533,30364929
195.92919921875,200.70870781296466,190.67327445232598,200.20186856445142,53055417
197.60179138183594,201.21556047194002,183.00986530251905,191.57546406000316,59449825
193.2784423828125,198.98546281081732,190.92164171106378,198.68136735643571,30413112
178.5547637939453,198.58001361649437,176.95314006608632,198.58001361649437,93519208
166.40579223632812,177.29272138475986,165.49347875498364,175.26535057432835,52962304
169.75601196289062,173.54211591411584,163.55736294814983,168.38754163353693,56489869
167.1103057861328,168.86903868686977,152.95424836035482,165.22992115945436,67137013
154.8498077392578,162.15845124462157,149.72058252330285,162.15845124462157,73448501
159.28976440429688,161.58067122232566,157.14075528110754,157.93143061952432,39084214
164.32266235351562,169.0818846155074,163.20254363553607,164.72306145448752,40474211
154.09971618652344,162.1584765579717,152.70589785515634,161.18026892031847,45259130
141.09925842285156,148.5041930117489,134.31266483360096,146.98367503553283,89683073
132.3917236328125,145.9699847540362,130.4403971221705,141.91525694046948,62609392
133.8970489501953,139.88790551321253,129.852471019884,134.81443743159292,61508244
141.40335083007812,144.44946174103944,134.16061418516483,136.84685849151106,58829228
133.48146057128906,139.2341032151519,132.33600706778634,139.1327380437624,39086690
123.4307861328125,131.46419664621445,121.17533737137163,128.83875836318424,62538390
103.34471893310547,122.63505601291264,100.3543656632113,121.6416504281112,80998549
109.17337036132812,110.49115780445337,94.2722682199887,104.1201759437154,86584017
121.81903076171875,123.45612517253835,116.47186388509516,121.641634996452,67998730
139.42666625976562,141.40334079907603,125.22500288135677,128.22550602587407,91581008
146.14230346679688,147.49050054746309,141.62128249153415,145.86860403134824,61689421
147.14584350585938,148.40281193540756,139.4013297003081,146.9836592698135,54802265
128.64112854003906,152.57918059101823,125.52404841984446,152.57918059101823,102413467
118.65636444091797,124.98680137419424,117.21187707961346,121.61124681752571,83827121
123.74504089355469,125.67610803525199,116.70503450360715,118.90472607813074,62624476
132.09268188476562,132.66541525042962,125.18952608708166,126.74045339580314,43389771
122.42218780517578,130.76478356027954,121.03851962294125,129.76122793792237,59637607
117.80992889404297,122.31067670775369,115.81805640943068,121.64163967775481,72334211
116.2437973022461,121.13480800082833,110.22253808885506,120.56714961461672,98632848
115.70149230957031,118.5904804834759,109.3102364620205,116.57325972627001,65078384
115.55450439453125,116.77598835180008,108.4992865707677,111.71265673390086,64322213
114.79425048828125,123.8565534581879,113.02538097567543,116.69996974161018,88865366
107.04974365234375,111.40349967087279,105.42278524475068,109.98434663642344,67832147
113.97317504882812,117.1814704036838,104.62196815585354,107.95697673032204,76070173
116.046142578125,119.2645880545208,108.97065785508363,119.2645880545208,65458351
108.64628601074219,120.50634897988161,106.5378296199285,118.60062969139426,66249013
115.44806671142578,116.26915155552932,108.12423106719056,108.12423106719056,74275220
115.44806671142578,115.44806671142578,115.44806671142578,115.44806671142578,0
114.99699401855469,118.57021760813679,110.59254900386132,113.53222000804517,63797424
112.45771026611328,119.61429320332408,111.3173184399453,114.06945682928483,55672136
108.86420440673828,109.8525416465368,103.90223841185718,108.46379854684194,62975613
108.3725814819336,112.92400558809022,106.43644608737665,111.56060362936877,57455881
117.49571990966797,118.60062728319605,106.44659880748732,109.88297266037736,81077077
113.28892517089844,119.81702386687923,111.80895330473284,119.10745424705674,58443609
113.38522338867188,119.07703898072478,112.21442206881449,116.79625543121065,60947625
124.39884185791016,125.08815185620114,115.25544936732697,116.44144853684499,65787255
127.62236785888672,131.54530753941913,120.96248785237431,126.71005441689339,79516743
132.49815368652344,134.21127872974498,122.27518808910648,125.69636315172201,86870714
135.88894653320312,137.75918115682643,128.96044141017535,136.74550246036614,86264860
140.74954223632812,141.59088658670922,134.37855931287234,136.84686182684422,67795872
136.98880004882812,142.62486582585302,134.82965428985693,140.90160382542155,77332575
137.9619140625,139.0769578333961,130.00958082470115,135.83317814222735,93671319
136.9786376953125,139.6344722796668,134.0592266554164,137.88587608359313,72070062
130.31370544433594,137.09016309722372,129.64974329993152,132.28531884413533,42665195
127.6983871459961,129.85245735192217,126.34511510944593,129.85245735192217,33676275
125.89912414550781,127.41964225530329,124.69791307942738,126.81143771806514,35923133
122.67053985595703,129.24425281299352,122.0471238569331,126.71005628857743,27758079
126.33500671386719,126.90774020387853,120.42525511451313,121.64166417758496,51221529
126.76073455810547,129.04151811927292,124.49516253626489,127.72880558224023,39436803
124.96145629882812,128.30152600080586,123.26354264788594,127.11552666395762,43146700
130.3998565673828,131.76832675473452,126.91278698181162,127.69332573906067,43414060
138.45355224609375,139.58380764195334,131.28177076184323,131.67709489576313,48183501
138.96542358398438,140.90155172260896,134.9461810998641,137.86050305421873,52756287
121.71766662597656,140.49609391313595,119.10743976320842,138.7728323506377,74375989
116.9026870727539,122.65531456841046,110.86114861963567,122.65531456841046,83016869
111.29198455810547,116.06642577253182,109.98433337261743,115.52916334898602,64436797
109.22913360595703,116.16778134942294,107.95696709871011,110.96760011842134,57574149
119.58893585205078,123.46626775963044,110.6026652004431,110.6026652004431,57312974
115.79777526855469,117.58185605422013,112.26510503336189,115.74203120237637,54892324
123.40037536621094,124.78404332411944,115.54940864634354,116.6746022707841,58287963
124.67255401611328,126.70497258748297,122.45258962203958,124.13530520173146,37148665
119.9842758178711,123.34463200829485,118.39786386885014,123.34463200829485,40660034
113.51701354980469,119.90827661671452,112.51853961618146,117.58694669080577,43462384
115.18450927734375,117.0648801884357,112.22455891184121,116.56311592611485,61203969
117.1966781616211,135.3263599886198,113.5322257380113,121.43893912538482,70946672
124.27216339111328,125.03242919770899,118.60062675813694,120.22251000323459,39227602
129.1428985595703,130.76479529881865,124.31778147376563,126.50733665839108,40185450
128.74754333496094,131.27161674621732,125.82308435173128,130.25792465571487,55501398
134.1707305908203,134.90057313948205,125.49361738590993,125.49361738590993,48641391
129.75108337402344,137.13068264390972,129.09725787277137,130.76477544887618,46945414
132.4069366455078,135.29592466229664,129.04658037436707,130.76478059178072,60467187
132.53872680664062,135.57977643882757,131.2817717151737,133.29899259803727,34707190
130.6431427001953,134.7181440203566,128.85400022085088,134.7181440203566,35930771
136.32481384277344,136.846851135853,131.33243806748442,131.77845826419784,37982348
140.8711700439453,141.81389301691536,135.93453831305374,137.3536910300689,38828552
142.11289978027344,143.34451996514355,139.11241067859274,140.79005097678245,59468514
140.01458740234375,140.83061062561072,137.961895918319,138.3673700180636,36794369
137.00399780273438,139.75613655981635,136.37044519982996,139.75613655981635,27513310
141.1448211669922,142.3206972313286,137.96187500331513,138.57007929403,25414398
133.8261260986328,141.61626342707365,132.90367590042348,140.33902156799874,40197078
128.4636993408203,132.48800334860485,127.54124957277875,131.89499702627913,33499857
131.28683471679688,133.5828165917894,125.69639026352291,128.43333090395362,40022087
131.14491271972656,132.69077871750784,129.96397481738916,130.7647866175635,26286999
127.05472564697266,130.05521575226726,125.85351459985776,127.3233501027933,32176864
127.03951263427734,128.0886759206839,121.77851172766454,125.18955101466757,39986923
128.3876953125,130.3593084385826,127.98222116711399,128.2305725586556,25854675
130.84585571289062,131.47433310364065,126.84181095015107,127.52098444343882,33594353
128.3370361328125,131.06890193781015,126.36036115541641,130.70397378709376,42086745
124.24170684814453,128.09876496304193,123.16214794586854,124.55087725208706,43205200
121.32234954833984,126.9077322659978,119.10745990169943,124.6827061033558,45821621
122.76686096191406,123.43588460872706,117.11558363944667,117.11558363944667,52293436
116.55298614501953,123.66902313139883,115.78764538004468,122.45260065335677,62274477
118.59048461914062,119.31019079209216,113.05578445503197,114.54589291458447,39923401
116.91282653808594,118.39785975306818,115.37203572638329,117.68829020121196,29283265
121.84439849853516,123.12162656136387,117.38419619427923,119.71566250482233,42565853
130.18191528320312,131.1499728139715,124.27722583440625,124.67256347247654,35991799
134.5762176513672,135.22496814971288,128.83877418343715,130.18190979807338,39608190
131.79873657226562,136.137286998836,131.08409193073828,134.8194993860753,41608363
134.9613800048828,138.0632477726975,133.3090877558416,133.3090877558416,38224746
136.4109649658203,137.23712476288563,133.81594948687862,135.63043978585858,37983276
135.75213623046875,137.8504498469944,134.00860078738225,135.7318631919865,44674678
145.81288146972656,146.98368294576787,137.2523430141544,137.2523430141544,43499158
147.2320556640625,149.51790134001882,145.9700253579717,146.9887657022104,60343381
155.3161163330078,157.01910507521464,146.98367050166357,146.98367050166357,83712931
158.69166564941406,160.0601358019399,154.38352488778736,157.0900556472317,71881938
156.99375915527344,160.50616333380512,155.59995441779202,157.525946527802,59012548
153.7195587158203,155.59994313569447,151.54521536296534,154.1909269601793,60118929
154.56092834472656,157.31814181708324,153.57259776331776,155.5999550380629,49999155
160.28822326660156,161.5806628618329,151.78344292742213,154.38353365825174,41804082
168.4077911376953,170.29831210339827,162.41694831515812,163.20254853519842,48027558
169.44686889648438,176.61359023280292,166.81129297588137,172.32572125279728,46014129
174.87509155273438,176.2790328419653,162.69572256612315,166.23853638270836,80451816
175.9495849609375,179.20350122654963,172.8578664795314,177.3940858115854,45443125
179.78131103515625,181.34745020354947,174.65715983636673,178.40270418898166,33290726
185.50856018066406,186.4867676200716,175.68600739736777,177.39405738183987,52910376
175.87355041503906,186.51718855328812,174.18577335559218,183.587654613272,57919904
174.0438690185547,180.501019087831,172.5638971030566,177.4042255260493,56174264
173.88670349121094,177.87047504433576,171.13964070223565,174.35299663941052,43137461
172.94403076171875,175.73672896962705,170.77476213979537,171.81885038555473,43770744
174.1503448486328,175.67086313879898,171.41340380629265,174.35307520729424,38704160
178.7828369140625,179.91815378639052,171.92021249929226,174.0489485516565,37089448
181.33224487304688,182.6652305743785,175.06262696109204,177.39409333228383,47905047
180.9977264404297,183.17207004688004,178.5091373010893,181.55018686866558,36727750
176.0915069580078,181.65154135306716,175.46809095362553,180.53648404602126,35210193
183.09600830078125,184.48982639634804,176.97337767483077,177.49542846603086,37372907
183.49642944335938,183.49642944335938,183.49642944335938,183.49642944335938,0
191.2916259765625,192.09243771769238,186.54760168576863,187.6322358431183,37496293
190.9419403076172,192.06205921473008,186.1117480931022,191.07879004711148,42684575
190.72398376464844,196.46141406495545,188.54456521709417,191.48423597731244,42714525
194.1755828857422,195.12336747440767,187.53090011502928,187.53090011502928,32146923
192.6296844482422,195.8430543593529,190.0650650148476,194.62663198856293,34869757
188.70675659179688,195.43759227116493,187.5410167229934,194.52527882023992,32877309
198.67123413085938,200.24243460470757,186.821309393962,187.52581750837496,40121823
195.94444274902344,200.20190125169407,193.20750224014964,199.92314029616793,45730547
193.5065155029297,195.38689991192018,190.59219304362784,192.8273554731279,35410007
197.7386474609375,198.681370451,193.7802232008656,194.11980323024656,27591942
239.9939727783203,256.9680516291427,212.99964195908166,217.63724077815726,462151
226.14198303222656,253.4201332117557,223.009718309017,248.3517397502323,91641231
218.18963623046875,228.3517835100857,216.54240517217573,223.0096912250597,59032384
214.43902587890625,220.67823382362096,213.13138832233713,217.43445415396275,34800216
221.56521606445312,223.73955968859187,211.9606030683408,212.85263002690584,38903746
222.4775390625,224.5302445797077,218.34679350321787,223.00972648550203,27159102
217.20130920410156,223.9220082405298,215.96461375111647,220.9924741511532,21734582
221.6260223388672,223.51654340016307,218.1896488137648,220.171398515538,45717213
225.0928192138672,227.67263687303657,220.98234709577105,220.98234709577105,39356028
230.2980194091797,233.92699959610385,224.32745041419219,227.5509565180269,55968204
231.34217834472656,236.18756845016483,228.70154142575532,236.18756845016483,26050762
231.03805541992188,234.00308792120444,225.4476246117617,233.15665498149832,28865737
227.66249084472656,233.90677404495906,225.59458748798136,229.22356841148417,30082029
229.26919555664062,229.9889288401201,218.95499888098075,225.5236511480882,33775337
224.30215454101562,231.22053654717368,221.99603622789581,230.61231851435582,40927517
222.40150451660156,229.2742652516328,220.57687753325877,223.71927864155006,33055905
230.32337951660156,232.23418700300775,220.47549142056474,221.7932654202697,36345045
235.19415283203125,237.19108705055544,231.74256769173974,232.23420900954824,34694005
233.47593688964844,235.68068983536807,231.37254909544274,235.17386407779833,22236115
239.44142150878906,241.15453290307147,233.67863084082677,234.16014906910655,43019175
220.8607177734375,239.19821772698253,219.4922474256595,239.19821772698253,62480205
217.2672119140625,221.47906297042698,215.56929808045163,217.9413105427372,44870038
207.94131469726562,220.77956833574,206.42078346101866,215.48815915111845,43046719
205.275390625,210.0853100403491,201.73257643436344,208.61547447571482,54312001
206.94287109375,209.06653205901776,200.41476543598668,207.29766268096296,42449160
197.9210968017578,207.80448302823342,195.89880117940436,207.57132965219176,40433018
204.28701782226562,206.15219082237118,192.59929055826782,192.59929055826782,52029156
202.9742889404297,206.35997960598942,199.9028437660073,205.27028396856971,41212516
198.48875427246094,205.16890702733554,196.90234233126927,202.85771397414683,46686191
205.69606018066406,206.48673556291067,198.98043505690146,199.30480359657156,34815029
211.5550994873047,214.1805244839679,203.21757924104028,205.37164953343753,32603982
205.10809326171875,213.81561687993297,203.81057872682453,212.87289390745636,26084929
208.696533203125,211.35236789795127,201.51967731777253,205.7669990598182,32531518
203.88662719726562,221.28645088343507,202.26474403677918,221.28645088343507,33686302
205.53892517089844,206.2941158827525,200.7087333896518,202.7360906420547,37909158
191.90493774414062,208.00724768774845,188.6510211907113,207.6017734914663,51827829
188.08331298828125,193.91704590019438,185.01692956907854,192.70062363304606,51057090
185.46804809570312,191.58561814682594,182.18879723250123,188.0833504002578,50495159
187.87551879882812,190.05492354795112,185.51364325547254,186.0103459989217,32268349
179.94349670410156,189.2490753718087,176.8872492138735,187.83499757984595,36758916
177.4903564453125,179.26937565121213,174.0590582990301,177.3636567799875,36305996
183.88668823242188,184.99667042028716,179.01595084156054,179.82689908049915,32365032
190.19683837890625,191.58558139202046,183.12641012209994,187.5308540062703,27771011
196.18772888183594,199.53287404779053,190.57194989500053,192.70067248542625,48357416
196.35494995117188,199.28955886255397,195.16387566532902,197.17095966755844,28917805
206.11166381835938,206.68945879317963,197.6677154926112,198.68139421102563,36034847
204.62660217285156,211.72742725013077,203.48113536386393,211.72742725013077,26978476
200.27284240722656,208.5748784448041,198.94491831247169,205.27029328085266,27518674
206.9479217529297,208.1896786285754,201.41828385489876,201.72239282719056,25944577
204.44412231445312,209.56828611583683,201.32705608535434,207.80447842910664,37085126
196.71990966796875,202.22926181303365,193.2733994535282,197.66770775864453,52651678
193.3696746826172,198.65096157454454,191.139587174643,197.3635835264115,50364983
195.68084716796875,196.45124931904775,189.65959529266092,192.59926563044647,41704949
192.6296844482422,195.17401731872928,191.4842176807371,194.62663198856293,26943006
198.21507263183594,200.19174720400508,193.73967266131496,194.11979874312496,30553219
204.45933532714844,205.87848799182262,198.48875220741152,199.5835364002042,23955323
206.76547241210938,208.10860810682686,202.98951882019503,206.08123730349823,33575331
210.48062133789062,211.25101006637084,205.93932695921214,206.28398202725265,33289859
207.48011779785156,215.4071031565934,205.40713943336033,207.16081078605586,43022238
202.50799560546875,209.22363286801811,201.74266844101695,206.43601010872212,34997614
201.5298309326172,206.25864432283117,199.9991628477636,205.822760591392,26363427
202.77662658691406,207.60681812715885,200.60735822443,202.02651093698327,27474086
201.7933807373047,202.73610381560485,196.98853669952945,200.19683206060603,29958739
205.1993408203125,207.20643866512745,202.4320042717784,205.2703099660589,26524147
206.4309539794922,209.22365201848547,203.4456756758355,205.473032946927,29262231
196.85166931152344,203.74976423721978,195.133482593864,203.6483990837823,30040259
196.775634765625,198.29615253256233,194.6418375746711,195.0016906041662,26014696
191.1649169921875,197.65753760734717,189.6596106680265,196.65399554677384,29148426
192.43711853027344,195.53898744633247,191.4386513120283,192.59931633464151,20579108
195.51869201660156,196.14716952801206,189.31496842849486,191.38287178006414,26343198
200.13092041015625,200.7999439123976,197.52575493715224,198.6813582108022,22140885
205.33616638183594,206.08122052387304,198.23026646658028,199.20847398371075,28437053
206.80604553222656,207.4700076963436,203.8765109165456,205.3767560339137,21993621
207.02903747558594,208.71681472078257,204.76345176381295,206.18260457399202,25676360
210.24745178222656,210.84551969741565,205.32603167545355,207.80448401334434,21877637
203.25306701660156,209.22365065170897,202.22925187205655,209.22365065170897,31540641
200.79489135742188,206.99353952722416,199.22875240285993,205.25000479117867,22733195
199.81161499023438,202.52320712183314,198.68135976116213,199.59367315622674,23849191
195.72142028808594,201.4385775259167,194.96116807954814,200.70873486438447,26446530
200.82528686523438,202.12786280195482,196.14714335880927,196.45125232486654,25361664
203.0249786376953,203.64333312690005,200.35393246950306,201.21556332162268,22578214
210.39950561523438,212.3052246139326,203.2784074249149,204.25660144566473,52059674
219.81153869628906,220.42480463848014,209.02090012736116,210.33868771621627,52578339
217.68280029296875,227.05428601141193,216.17748042186594,222.00107756017272,35669728
217.01377868652344,220.10043555331328,213.37973646175783,219.46180802450965,31370847
216.87692260742188,218.86373367569627,214.03861721463053,216.4207659002448,19047648
221.07354736328125,221.38777930719473,217.1303350257073,217.1303350257073,18872954
221.38778686523438,224.90526572146166,219.31988373981247,222.60420922532793,19382756
211.46896362304688,223.00971898257347,209.93323403886913,221.489200939524,145062738
213.13136291503906,214.19064895072947,210.3488017956069,210.84550452559859,25713816
212.6650848388672,216.8971948587303,211.66660428412908,215.78215114892154,23011168
213.0452117919922,215.4070874488968,211.85919893935187,212.56878205462,24365231
212.96920776367188,215.91395369972915,208.61545900286205,211.85922540142553,41664465
216.4207763671875,217.72842746212464,210.34882767060208,211.2915506754686,31204369
220.07505798339844,221.14449403444843,216.9275824471079,217.48510424558245,40254449
223.17698669433594,224.31737865302995,219.46183830147046,221.3878306020648,36946165
220.40957641601562,222.9995301531286,218.34673493550258,222.9995301531286,26342402
216.83641052246094,220.1714192048655,215.03205644098372,218.94486010077142,25912186
216.3295440673828,218.9499077039487,213.0756279249953,218.9499077039487,32106115
213.0046844482422,218.7522513466667,211.26114958520444,217.89062043101666,27123920
214.86477661132812,226.6082750264684,212.87290393058063,223.00970372407548,61481645
212.84754943847656,216.07611752402843,211.85920536463507,215.77708355640414,27668151
219.8723907470703,221.59057771442858,214.90028714769892,214.90028714769892,39339692
219.15773010253906,219.15773010253906,219.15773010253906,219.15773010253906,0
221.40811157226562,222.75629532188353,218.20993914372835,220.47552499554664,29186933
220.1207275390625,225.21954402630374,219.46182692297918,222.9083506787395,28442679
226.37864685058594,227.1183623493075,220.48643639810547,221.40470579262185,29379397
222.88922119140625,232.96465691399175,222.20562733275506,229.0569312522927,27662481
222.64947509765625,225.38387806970428,221.26697638570784,222.32297535751226,22306470
217.8540496826172,222.62904484827382,216.40522682882388,222.62904484827382,20217305
208.89077758789062,219.8028633494113,207.8959810472743,218.97641804041862,44095335
205.62579345703125,210.9976668200404,204.46775399541534,209.16112798675522,27736152
203.14137268066406,205.07993851136135,201.50890121019557,204.26370958700247,30934515
207.5439453125,208.48262007230485,202.53427448949273,202.53427448949273,25810298
203.99839782714844,208.53873103855878,202.0598322640965,204.16164086513214,30886813
197.03489685058594,207.6306985152217,196.10131651933378,204.16678257068006,43583626
185.54629516601562,196.38695885265807,183.88320235134188,195.90232430825708,42857711
195.96865844726562,196.71348208622916,186.99003212705506,188.75515204440057,39964979
198.05516052246094,198.75406521081243,188.85716998538064,194.7902044135325,30087288
199.72335815429688,201.49868076807715,196.91753656825318,196.91753656825318,30606215
206.5491485595703,207.32458027161545,200.14168192094567,201.50888329652548,28682653
209.6202392578125,214.51257198387196,204.56975803096353,208.1408083901342,55352725
215.6910400390625,217.36432219160304,207.69699343531462,210.997666064528,36604347
214.39015197753906,218.9559855637544,212.63014012045468,216.81336598689086,33326415
216.25222778320312,217.22151076755674,212.64036583802144,213.24233828830117,22380386
219.73141479492188,220.5782653737471,217.49186286928926,219.26207739696753,18087647
217.5632781982422,220.5578564373517,214.97682120578682,220.38439707501752,26297936
214.2677459716797,220.58849765579163,213.6606653557872,220.58849765579163,34189418
212.60971069335938,215.27269444866027,211.49759026708745,214.13506048713845,20240605
216.63992309570312,217.82857073080643,210.69159038522213,212.22203500248256,27023694
223.95034790039062,225.2563332136758,217.63470508847104,220.38440523266982,48369770
222.13934326171875,224.97577335447932,221.21087105071612,223.64938253565393,30382900
223.92483520507812,227.1081563460013,221.394486250909,223.01166035829044,36335219
217.06842041015625,226.71024880054594,214.93600365042496,226.71024880054594,22221066
213.43617248535156,215.89508901604853,206.30428746640078,214.2626176631988,25469866
217.0174102783203,220.15993429108622,215.0788446046383,216.81335646919572,18071456
224.05746459960938,224.46558582791457,217.77243037590765,219.3640909067236,12511349
224.55743408203125,228.2713226733184,222.6698817126189,225.53691968613438,20681036
224.39419555664062,228.54679995586596,222.85354828055762,225.46550540369992,17415284
222.0985107421875,225.89402075008033,220.44563394282304,222.62906429340637,13963709
215.28292846679688,223.26165096053109,214.26263209980146,222.01689538636697,20671910
220.45584106445312,221.29247536102608,215.3135348823863,216.30322316805535,20434211
218.7213134765625,219.9762716427643,216.7419370464397,218.3438003089593,11179921
218.71116638183594,220.79257024532993,216.7113840625177,219.09888233842383,12944596
218.59890747070312,222.0169045273909,217.22150323202277,220.384419375584,15450296
217.92550659179688,221.20066602563745,216.91541285584393,217.9357092836398,13923500
214.58912658691406,219.16006865591143,213.85451916760272,217.93570479472424,14673678
213.6810302734375,215.28290712552973,211.8342888559804,214.24219185748123,14773099
211.1915283203125,215.24211936768882,210.1814346367346,215.24211936768882,14196403
205.62069702148438,211.20173267515744,205.0799407558375,211.20173267515744,21984942
207.5184326171875,210.34465959845787,202.0190326329364,204.26369263760498,24594381
207.97756958007812,209.93654065218487,206.365503608334,207.7735157691294,13939289
217.56837463378906,217.91527973973885,208.4265049428034,209.16112591755,21453446
219.62939453125,221.1598390608564,215.96651945389002,219.36411094101135,16147574
220.4354248046875,222.22095026628332,218.34381860459,220.18035752260278,12172264
219.57839965820312,221.40473600589405,218.2418061463021,220.34361517688959,9279882
222.53724670410156,223.6493672944253,220.65989702613263,221.2006532844116,17542130
219.46612548828125,222.6494602830588,208.51833888083172,222.6494602830588,76646086
218.48666381835938,234.6482041299478,217.4051512615164,234.6482041299478,21392825
222.0168914794922,223.3432821819457,218.47644870926436,220.3640010415154,23691760
225.70018005371094,227.52651641563554,219.9763063590096,222.01691287549752,26197920
225.10836791992188,227.2816090238271,223.64934236778333,226.09805610487777,15110149
220.6905059814453,234.6073855617193,214.2626333822021,231.54646919891167,188649642
221.27203369140625,232.07699515431545,219.7721974721324,223.44527466006724,32790509
222.13934326171875,222.83313993610727,218.05814388573708,222.01691095831222,15360176
228.89369201660156,229.52625881350664,221.60875321393084,221.60875321393084,24545629
226.65924072265625,232.4035193040437,225.4961066874617,229.7303324908765,18766617
224.3635711669922,227.82237867350244,222.82291038119192,225.89401564032195,14172193
221.4047088623047,225.7001506245028,220.9251551555142,224.4655978052974,13064666
219.87423706054688,223.8738141645921,218.7519139091064,223.4452875598105,19331024
215.0890350341797,219.77220590412603,214.31361698195852,219.36408468739174,18611321
215.04824829101562,218.54788028284125,210.07940154966454,212.42608859165026,39869565
212.6403350830078,215.16046775348008,211.5486199524459,214.19118490931768,13393277
209.68148803710938,214.26263263045016,208.14084079156575,210.99767607492842,24843485
211.64044189453125,213.53819680034368,209.16112001281655,212.22200887043354,33223459
213.4871826171875,214.6299111842316,207.75310715769032,210.77318524327083,23333042
213.32395935058594,215.28293057387054,211.31396104887654,211.7118796326845,12132865
209.63046264648438,215.55838939219552,208.97746319950508,214.67072805959077,17248998
210.9874725341797,213.9361320270122,210.405891891188,210.405891891188,15052266
207.9673614501953,211.81388465997185,206.91645710779602,211.81388465997185,11974603
200.3253173828125,205.64106856371703,198.95812971746545,198.95812971746545,29882876
202.9066925048828,204.94728506460515,198.9581423601652,200.99873491988754,25894932
202.68222045898438,203.65150329068038,200.52939829714882,202.7842473630051,14292031
201.01913452148438,204.03921251278874,200.3865404936274,204.03921251278874,18261247
207.15115356445312,208.1000311000489,201.71295563369944,201.8660096251428,23450102
206.10020446777344,209.5692279659209,205.61046173673188,209.5692279659209,13498617
207.6817169189453,208.34490550727548,205.07994878108948,206.12065058753126,10068256
210.70176696777344,211.77307670492917,208.55914749346195,209.1611198497424,15630122
203.61070251464844,211.8853300280297,203.03933820236168,210.18142616032165,19834114
200.63145446777344,203.03935786265714,199.39688788378473,203.03935786265714,17754534
199.5601348876953,204.0596443886713,197.9378524688785,203.10056415403463,12692045
199.02957153320312,200.59062410518953,197.93784274232684,198.75408525732308,12976934
199.73355102539062,201.14156309438374,197.2542292752665,197.9378231191242,12487589
196.5298309326172,200.99874577062897,195.72380472862895,199.9988548175168,18954063
199.7642059326172,203.0393655049604,197.17265398616217,197.73381568300562,22579233
200.63145446777344,203.8556004573894,199.85602264060267,200.9987649975781,18210596
209.1203155517578,209.77330138030018,201.61091722564552,201.61091722564552,26623966
206.9164581298828,212.22200694123885,205.69210804666574,212.22200694123885,20781218
206.05943298339844,209.36520045344238,205.1003527180694,208.54897149396643,11774505
204.8962860107422,209.569254743143,204.46775936360822,208.38570171254676,11941298
202.09042358398438,206.4674997728797,201.62108626693217,205.38598749237823,17459521
205.8451690673828,207.916369899508,201.8762131561722,203.03934721417582,24807175
207.41639709472656,208.14081532908256,205.48803419544666,206.1002092179207,14583772
208.46734619140625,210.79362812262698,206.9164961111764,207.12056357700388,22333253
209.7835235595703,210.57936075403046,206.7328370170585,208.54897062291556,18131701
217.92550659179688,218.71114110720535,209.9773916981314,210.58956683045866,33998717
218.2825927734375,220.8945497348669,217.4867556451367,219.32329448167695,21599472
219.7620391845703,220.71091674172,217.1398793488535,219.16006676168803,15292424
222.8433074951172,223.75136050179907,218.3743931809931,220.13951298926236,19737747
219.14984130859375,224.261525459033,216.71133017395064,216.71133017395064,20468483
222.710693359375,223.23104423725547,219.76203384413535,219.9660876700686,20005544
222.7209014892578,223.85344111609476,219.8538634343817,223.64937366342772,22967888
224.55743408203125,226.7102700458573,223.47592156536544,223.85343476359805,18075516
223.098388671875,226.4959799125258,222.62905129376938,225.22060275283124,20249784
222.04747009277344,225.62870953033578,220.99656580999365,223.64933324119752,18938795
219.21107482910156,223.44531431175082,218.6091024210215,223.01678765566396,21647708
222.8433074951172,224.15948171228175,219.7722025376531,219.9762563320201,12519976
229.75070190429688,230.5159444863855,223.75135698326378,223.75135698326378,19912935
229.19976806640625,231.1995498062009,228.5875794189902,230.17925355617297,12481837
230.5261993408203,234.60741254614913,229.17941669133978,229.56711900518135,20218574
225.80221557617188,231.91380505423032,224.77171645967357,231.19958938389894,14723428
229.50587463378906,230.79146821389992,226.13889118053658,226.13889118053658,16826518
230.04661560058594,233.64828795591367,229.08753544660334,233.64828795591367,12699784
228.7304229736328,231.40360957011566,226.7714655653717,230.1792594872338,13971281
222.56784057617188,231.58726426181133,221.82301691856318,229.56707703517375,24286918
221.2516632080078,223.4453099016147,218.57849003306058,221.6291764001751,18193722
216.6705322265625,220.34359637061584,214.46668284273014,220.34359637061584,16389189
216.95620727539062,220.33339337318682,215.1502764682646,218.31320605350368,16748550
215.09922790527344,219.0988047492989,213.88508062211707,218.34377848954335,19187549
219.5171356201172,223.22080734560956,214.27280325787532,214.36462746547662,25598349
222.05767822265625,223.64933872037258,220.38438258357718,220.38438258357718,23235165
218.59890747070312,224.01668657877823,217.01743577717133,220.384419375584,16652152
216.55825805664062,217.93566202198585,215.28289460934755,216.91536581545202,13970196
207.57968139648438,215.0686611887678,206.5083579373188,215.0686611887678,40110291
211.21192932128906,212.2016176017078,207.96737819852174,208.95706647894048,23447044
210.91603088378906,213.69123070399093,210.18140995196416,212.22200246209024,15821019
208.90603637695312,210.71196704514858,207.75310513076866,209.3651710617189,12535244
208.37548828125,212.01795778327102,206.81443576113372,208.99786602683562,17348783
208.27345275878906,208.86522240822728,204.73302393054308,206.1002116518058,14976570
205.66146850585938,208.81418106621004,204.87583422709048,208.09997923057708,23863448
210.75277709960938,216.30320405934438,199.16219404789734,199.16219404789734,72063684
221.89134216308594,222.42582044166673,213.79191522302423,216.05318003433996,38050844
219.50674438476562,223.86480975166356,218.59196027483122,223.86480975166356,26325489
222.62115478515625,223.95734383339217,218.73589818955338,221.20272668497438,15294301
220.32904052734375,224.76933152512117,218.314465199673,218.314465199673,11947698
214.542236328125,220.16455667785667,212.7640590750623,219.486170412259,18161695
208.97132873535156,212.7024124202713,207.41928464873067,212.7024124202713,20611809
209.80386352539062,212.4454202474489,207.1725712446673,209.6805255591891,15445191
205.29164123535156,209.2180098958395,204.56186410313217,209.0638237041993,26097480
205.55886840820312,208.24155163940887,204.2843348608942,205.77472358213018,18577281
204.6543731689453,205.5383227944088,200.65605724709874,203.49291309148626,19167407
210.22531127929688,215.63177716600052,208.95077761661645,209.26941446291585,24726303
202.61923217773438,210.7083808505443,202.02308491948492,210.7083808505443,25245934
207.22402954101562,207.62487803515194,203.7190649788021,204.52078941211218,13726569
210.14308166503906,211.2634291030708,205.89807598708308,207.8304259109452,27405100
213.1032257080078,213.58631307600544,208.54986242011793,211.72591074270397,17535288
214.94309997558594,215.53924721133058,211.4792489203205,211.76705123542928,16548811
207.7379150390625,214.8197626380561,206.4119906241903,214.47030503798638,19466130
207.84066772460938,209.8860771065358,206.25778941260486,208.65267006842026,19728249
211.9006805419922,213.38077742061085,209.6599857560019,209.6599857560019,17106958
211.98291015625,212.96964136478874,210.18417653062696,211.94178377692157,14088022
207.1623077392578,208.65269649304406,205.56915106221376,208.65269649304406,13503377
204.8291015625,208.1798791426553,204.56185557131508,207.56316184684874,15226706
207.01841735839844,208.6527004472396,205.56915495797276,205.61026761706145,15242486
208.724609375,209.15630593888713,207.03893577101076,207.6248047782455,13962908
215.10755920410156,216.02234328360944,209.8861007248105,210.70838132442753,23307069
218.622802734375,219.95900537124967,215.6626088364635,216.85491716125716,15892958
219.1572723388672,219.93844030416716,215.86817728685432,218.97226537354075,18992836
217.4818878173828,220.50375055139196,216.89601871140408,219.95899410390183,11833071
220.2467803955078,221.39796219438168,217.55381912553287,218.5816629579235,21047804
216.7418212890625,224.02925918882653,215.9606670957385,222.05578307104864,38277934
219.0647735595703,220.3084726874052,218.10887677316094,218.10887677316094,11792906
218.68447875976562,220.94574377779117,217.27632892155398,218.52002811209735,12908863
217.6360626220703,219.4450745050451,216.66988769218827,217.84163963923544,11659191
216.26901245117188,219.09558991655672,215.2925594156764,217.6977184300295,18805263
218.5097198486328,219.54784186408043,214.4086226071601,215.84760674360086,20325423
224.10122680664062,224.48151891269083,218.96199334476486,220.78128344485566,31472648
219.43479919433594,224.2759520714438,218.76670475552157,224.2759520714438,14213976
224.03955078125,224.8823740096281,217.3893861014781,217.903308059276,26637611
221.24378967285156,223.32003366478477,219.23949282801294,222.83694624034877,13310905
219.7431640625,222.8266959444316,218.99283056107086,221.19242651706088,10948784
219.60952758789062,220.60653702307974,218.45834567999697,219.95899891520412,6399512
220.76072692871094,222.4052744994162,219.03394031533117,219.03394031533117,9255011
216.5773468017578,220.94568956117962,216.05314676842832,220.78123895386494,13738578
217.30714416503906,219.86647559359528,216.92683837749868,217.903291394891,11977911
217.42018127441406,219.1366756373696,216.57734447594956,218.71527096065117,12974909
217.13241577148438,219.53757489760397,216.26902250107915,217.90330556059962,12563614
220.84295654296875,221.55216366563602,217.3380061454766,217.3380061454766,15043285
220.05148315429688,224.98515279705165,219.39366693910338,222.01466735844457,15970199
220.66822814941406,222.19971593756233,219.56842330129993,220.35986946972983,13877250
218.5097198486328,220.78126271925055,217.903294446369,220.17483731698672,8779539
217.09132385253906,219.11617735983543,216.62879267938612,217.5127423634133,9808534
216.45404052734375,219.11615373545737,215.66259441877475,217.28659929375883,6845092
217.5744171142578,218.52003581672594,217.00910427044883,217.6771987726744,9824712
217.69773864746094,218.07804447737078,215.35426212264727,217.5744006666848,15879834
217.9958038330078,220.14399507058718,217.2454703909969,218.71530278199222,13790021
216.48489379882812,219.42453142490567,215.89902465118666,218.62280708233283,9113728
216.56707763671875,218.13967780204558,216.07371207176243,217.66686856385766,12133425
209.93748474121094,220.70931633494143,209.26939035225286,218.51999876925214,52927114
207.65567016601562,211.42785231620635,207.21369540267995,211.42785231620635,46281590
207.55288696289062,209.75248274466372,207.05952135195747,208.64241355069305,19242072
208.5601806640625,210.0505694276727,207.91264256890244,208.8582611612878,12676917
211.27366638183594,211.92120437866203,208.44708919856404,209.50576744127693,20104173
208.86854553222656,211.9417991875391,208.14906026317183,211.3250955679898,18318233
207.01841735839844,210.441142285147,206.6072770449951,209.6702662047176,18308022
205.5897216796875,207.64540962809892,205.2608203903526,207.39873366109774,19955917
204.25350952148438,206.80257673033904,203.92460824745135,205.56915578516583,22253619
203.08175659179688,206.06250650711937,202.75284161904918,203.71901648663732,19989721
202.1258544921875,204.52073526908296,201.47831645056442,203.47233511692556,21917268
199.9365692138672,202.12588706769557,199.40209088785423,201.45779259080868,24910354
201.27273559570312,204.29461175124607,199.50485028922824,199.50485028922824,30512197
200.8204803466797,203.9040254480647,200.42991013446726,201.45775392742402,14028775
199.53570556640625,202.47534299687996,199.4020757031911,201.45777724960186,14788743
198.29200744628906,200.84106090931917,197.00719568879632,200.0187940092388,24859327
200.88217163085938,202.46506387246976,198.10699857076338,198.10699857076338,20662946
203.23594665527344,204.21239977150273,199.9160033155905,200.88217826685982,20996195
200.8204803466797,203.9348599385025,200.55324809621857,203.9348599385025,13543428
199.89544677734375,201.66334603868063,198.84704650748736,200.82050906780918,19276160
198.94984436035156,201.0158242959959,198.47703501166188,199.40209737746855,18620473
196.6166229248047,200.01879146125074,196.3288205938072,199.4020741409013,27834839
195.20849609375,197.53141645316856,194.58150053530653,197.12028982142564,24315870
194.86927795410156,198.33311544074127,194.26285252739376,195.7223930507932,11908601
188.95916748046875,195.28041698593697,188.09577422491344,194.19090411333977,46605039
192.453857421875,194.01617972588673,189.32919909133437,190.16175793145607,27886811
192.71078491210938,194.60202196904356,192.41271815754786,194.26284255868046,17699285
190.29534912109375,193.56390133811325,189.98700420039452,193.2350000893674,14440305
195.83544921875,196.87357125674004,189.59642510400738,191.3746024156726,33928353
197.81919860839844,199.34040815799148,195.90740507603454,196.3185453882925,28379708
197.26416015625,198.31256038475001,195.70183797804378,196.33909790227563,11632859
197.04830932617188,198.82648672154937,196.35965856402598,197.9528152710165,10114309
204.0273895263672,204.64409313657956,198.44618137252195,199.81321845779718,27474309
203.1331329345703,206.18582978081125,202.35197879842718,204.64406411268496,19472955
208.42657470703125,209.4133060062071,203.30789751598348,203.30789751598348,33554695
205.64109802246094,208.72464345041533,204.9935599321731,208.05653530847576,18540979
211.19146728515625,212.0240260433313,206.5969905911696,206.5969905911696,31955142
214.07972717285156,214.60392731044888,209.90666867955957,211.53067363987608,30419766
212.79490661621094,215.53925889370785,210.71866248133435,214.20305633098337,21351925
209.69082641601562,214.55253566841665,208.6527043097758,212.55851677563652,25872625
205.08607482910156,210.50281880552737,204.74688165696716,209.69083003695647,23030491
205.90835571289062,207.41928715767997,203.94517127892792,205.56916254038137,22669074
207.6659698486328,209.65998871088118,206.6175558709669,207.21371687469352,16465376
205.2607879638672,208.03596076680228,204.13014879284222,207.27536293285522,19682506
205.36358642578125,207.41927421786176,204.54130581994264,205.5691497159829,17790040
202.94813537597656,205.98027603570674,201.0671765082584,205.98027603570674,28981699
207.19314575195312,207.62482864294466,203.51345323433026,203.92459351969478,19104034
209.23855590820312,210.87282516788596,208.6424086678014,208.6424086678014,21163057
210.4719696044922,212.1062526376208,207.41927243612446,208.8582566227231,22938984
214.80946350097656,215.230881935374,211.1092285097698,211.7362102182562,28137687
213.61720275878906,217.02964970449602,212.25016560293776,214.80949738158867,31547758
215.77566528320312,216.83435744453016,211.84929647760552,215.169239826387,20865341
219.7945556640625,220.42153746331454,216.48489041449807,217.08103771817295,25796876
216.99880981445312,219.835665708894,215.05618172614217,219.54786336441518,13979878
220.58595275878906,220.7812515886657,216.8137706800376,217.10155925930778,23967306
217.69773864746094,222.32305015173375,216.71100735621832,220.9868475257753,24414709
213.8638916015625,219.5478820389902,212.8874383918156,217.9033343203442,11601973
215.32339477539062,218.9208620085595,212.40431382125553,214.25443825859773,22209315
214.6964111328125,219.69174981377373,213.6377327895738,218.93113822828283,18579617
215.73451232910156,218.8077791441538,213.38074437386595,213.66854666229546,18232837
222.35386657714844,223.62840010914277,215.6831458770395,216.25873679640236,37273145
222.3846893310547,224.85151722847854,220.853201774166,223.13502272522618,19627279
224.14231872558594,226.51664324001638,223.24809100583113,223.65923129143803,18019151
225.8896484375,226.32134505250605,223.47421125979685,224.2553791769536,15444185
224.63568115234375,228.18174376655145,222.68277511516916,225.7149158102528,21946562
222.42581176757812,226.3110675921997,220.904602307477,226.00272266803324,36188021
225.3551483154297,227.6061346490111,222.1174446008089,223.5975412561392,29722655
224.72821044921875,231.24474552367312,223.91620796024642,230.44302119981396,30509287
220.9560089111328,225.18045817660683,220.0206684626518,225.18045817660683,20360675
218.99282836914062,223.02197885013896,218.44807189880294,222.42583155453516,19939993
227.16416931152344,227.56503141189881,220.98681463436395,221.5829618419022,24311819
228.56207275390625,230.0318915129418,226.23913885687725,228.98349124041528,22364112
227.8836669921875,230.34020295402175,225.5607334330816,228.64426481223936,15410057
226.57830810546875,229.60017062434864,225.96160454952727,227.50337030063855,11899060
221.99415588378906,228.5518179228446,221.19244521133902,227.35950949641722,12690058
218.2836151123047,223.5359082543119,217.28660568517856,222.0455194734882,19131902
216.81378173828125,219.5272856652288,213.42189153771025,219.36283504011544,16084932
211.83901977539062,217.69773852927779,211.0270310132051,217.69773852927779,19833309
212.3426513671875,215.8064888504049,208.44711725381188,215.8064888504049,22776798
204.79827880859375,212.96965308249943,202.91731976585368,212.96965308249943,24826481
208.08734130859375,208.95073445909642,204.99353186222578,206.28862158797978,18956753
204.66464233398438,206.5969921381585,200.42992880591288,206.52504498710118,33113827
204.7571563720703,209.22828133560546,202.70145490390843,205.3635817869831,19703855
201.35499572753906,206.18587067941928,200.0188067836279,205.98030737189978,29112802
197.8294677734375,203.59568260244185,196.996909022053,202.48561341560634,30639363
205.24024963378906,206.07280846459858,197.8397648113629,199.29930544533516,23409097
202.60894775390625,207.35759678941,201.68388554062548,205.52802869103184,30483669
203.2667999267578,205.03469935324543,202.08478340214154,202.48564559512585,18726828
207.86126708984375,208.33407642093886,204.551601772178,205.36360428411794,24834141
206.78201293945312,210.5028045253106,205.15800806744778,208.4471167467132,19641270
209.7113800048828,211.73623336608418,208.24156126691526,208.82743038463335,17790259
211.89039611816406,213.73024242805784,209.6805358914329,209.6805358914329,22397973
209.79359436035156,211.273691185802,207.86124458358165,210.68782209869957,16997335
202.38284301757812,212.5276798944488,201.20081289261955,210.6158863428342,31716183
210.48226928710938,211.7362466423134,201.32416312323122,202.85566466871163,26529301
214.1516571044922,215.025328504394,207.62483073818154,210.51307720643564,16834458
216.92684936523438,217.9033024320858,214.2030534534842,214.40863046480422,20081132
216.64932250976562,218.72558031345793,212.96964362830073,216.6698788383905,21436026
217.25575256347656,217.90330437401232,213.80219322317814,217.4304950830333,15530788
217.23521423339844,219.54787005724924,214.73755143264646,214.81977675571363,15858100
220.6065216064453,220.96627107346544,217.54354636099893,217.8827394997616,16089753
217.09132385253906,220.98685838358665,215.5084451872563,220.53460537600336,15132141
217.7799530029297,218.86946582131176,215.95038493875,217.45103803562907,14589936
217.8416290283203,218.82836023960422,215.84761027728885,216.46431385371238,9452996
216.92684936523438,219.7123142636258,216.0840124361056,217.5538311186029,5782048
215.41592407226562,217.8416395608301,214.2544502903689,217.14269691424306,8857349
215.559814453125,216.8754606819949,215.08700516169645,215.49814546587555,11184510
216.0942840576172,217.02962443838746,215.0767183638149,216.34097371922877,14561753
217.6360626220703,219.2395112103963,216.50543705646922,217.5024464805486,9973432
216.99880981445312,219.23951841231298,216.38210618773195,218.931159737694,10411256
221.41854858398438,221.99413956156891,217.3482853572993,217.9033200043457,22021878
221.15130615234375,224.07038729008778,219.958997868221,222.01468571789619,25943243
223.16587829589844,224.35817284122615,220.89433529396166,221.6035423778604,21763180
219.0133819580078,223.60785890446115,217.49217238162015,222.2819344616405,17875107
212.4454345703125,220.05149589244186,209.92721564467988,219.0133738285596,18478415
208.3957061767578,215.5803482790996,205.2813403106535,213.79189294548704,21147094
211.9006805419922,212.89768995906485,206.1858563207217,209.81415822590503,23195000
208.724609375,213.61715213570253,207.85093808433587,211.73619343680633,24336418
205.87750244140625,211.69510805666968,205.15800350140094,208.45739027167704,19111808
205.13742065429688,207.21367816968237,203.93484815169742,206.18582071361791,14046519
204.5104522705078,207.21369161987272,203.5134429608973,206.56613987104316,14871527
201.48861694335938,206.59700214091862,200.4299385100837,205.486932882971,23491557
199.37123107910156,200.9644014119352,196.226030515053,200.9644014119352,41343304
202.8556365966797,204.0273747434358,200.018780983726,200.4299212682503,19528676
199.73097229003906,204.72629708409133,198.1892065641909,204.56184646453897,22242712
197.03802490234375,202.47533856346192,196.57549377984347,200.86161185567505,20325555
193.7900390625,198.86758943027948,193.23500447014297,198.5798008311025,28105152
187.68466186523438,194.44788716968435,185.4233967456177,194.2628801827458,33855702
188.97972106933594,190.9429053334359,185.64949979084625,186.83151612600474,25332450
184.08718872070312,190.70650529599678,182.65848263486401,190.17202699973166,37898873
189.39085388183594,190.74759895585973,186.51288566706182,187.0679202378016,28465716
194.0366973876953,194.77675259199083,188.09575431674287,190.76814539333338,17047728
189.1236114501953,194.7562100192334,187.71546180793578,194.7562100192334,20715343
190.9840087890625,192.9883056136453,187.9724244703049,190.29534437165796,14586353
188.14718627929688,192.3510795004442,187.32490558859152,192.3510795004442,19685333
187.95188903808594,192.65941206926078,185.76257129979135,186.73902441122175,38228022
184.9403076171875,189.2880952751336,181.94927901922446,187.58187857619143,28347803
187.05767822265625,188.0958004177598,182.55570435856976,185.00197644161588,20012347
188.05467224121094,188.76387934833988,183.79938843088723,186.26621664212198,30145949
193.58447265625,194.22174632007273,187.3351700534682,187.97244371729093,27266420
194.08810424804688,195.455141250571,192.8444189381115,192.88553159480256,11041551
196.10269165039062,196.41103657339087,192.46411177886353,194.84871446264304,14091434
192.3202362060547,197.96309979402778,191.59045903887088,196.53439367747907,15747939
196.59603881835938,197.53136538628658,192.04267532378918,192.43325924548685,25629860
202.454833984375,207.50155124158502,201.3036381048294,203.92465304313134,88922943
204.67489624023438,206.0419331158489,202.48559258461887,202.7733811547392,31184499
198.2097930908203,205.28137664672022,197.00720658457314,204.74688460671007,32903650
198.63121032714844,201.92031925601404,196.22605105246436,201.60168241159502,15101417
198.22006225585938,204.39741770618423,197.34639080101462,199.4431913146289,22487428
203.2770538330078,204.06849995861364,198.82648502272198,200.1626875990309,12622459
200.92327880859375,202.48561467834617,199.01149907379508,200.4710395776311,19518684
201.91000366210938,204.50016943065404,201.06716682505768,202.413647387174,15419957
200.851318359375,202.1361299843596,198.16864903166604,200.2448929809485,11821324
202.47535705566406,204.00684486525395,201.04665089990223,201.04665089990223,12057689
204.30487060546875,206.47361780982348,199.01146590490612,203.2461786873454,32473255
202.43423461914062,204.13017299296325,201.86890810534987,204.06850400364425,9853822
203.93487548828125,204.52074457378635,199.84404260897716,201.2110796234995,15000438
209.34136962890625,209.83473530389696,203.97601619806747,204.1199105175388,28811267
213.2266082763672,215.7653835996166,203.2873347220839,205.14773744466288,56447390
215.25144958496094,216.8754544257462,213.40132513078393,214.81975296415192,20605120
211.9109649658203,215.60093596795474,211.32509584036754,213.6480297347677,12381790
204.13015747070312,212.76406232413268,202.81451129772415,212.76406232413268,40501886
203.57510375976562,205.5691222988396,201.6838668520843,205.37383719919362,15546778
205.49716186523438,206.5763963700802,203.95539632652415,204.14040325106458,9793572
208.29293823242188,208.9918671167463,204.70574916595487,205.53830790667007,11419987
207.68655395507812,210.0814352875415,206.36062935034096,208.837736012242,11233928
211.0373077392578,211.72595851603842,207.62484718277173,210.4822593848177,15392440
210.85226440429688,213.04158192443757,208.50877442587696,210.96532420703494,19079527
210.24586486816406,212.14738031084627,209.59832674124328,209.6805520624374,18101992
212.2501678466797,213.27801183513583,210.5233811636623,211.22232385822352,12257428
215.66259765625,216.85490591923292,212.66129125333535,212.66129125333535,31502965
213.05184936523438,219.11613042251147,211.94176655394995,215.65229330990363,18772571
215.98123168945312,216.83434678656815,211.53066296570123,213.79191404200944,13111730
215.3645477294922,217.6977461698633,213.79193353018871,216.3615572202505,10756797
214.78890991210938,216.72125960324317,213.791900575036,214.81974440361589,9083271
214.18247985839844,215.3439397915431,212.78460843967127,214.8300178884464,10163661
210.48226928710938,216.0326433124985,209.8141748088758,214.2030749683139,11995738
206.65869140625,209.5674947031717,206.3195119301374,208.24158385151387,11296579
210.05056762695312,210.50280686746234,204.87022174253408,205.9494564660542,19116564
209.87583923339844,210.67756356784167,206.5970084614007,209.40302990943496,14174275
207.4501190185547,214.75810018606055,205.6924979099391,209.5160850777928,14793743
207.9640350341797,209.1563433099789,205.31219992221395,206.5353289696757,12022958
210.89340209960938,211.83902073436064,207.2548355945999,208.85827051862807,10315413
213.9152374267578,214.65529266408876,211.73621181492285,212.72294298302077,14934401
207.49122619628906,209.88610719543027,206.62783291232506,208.4471229629957,18138998
205.8055877685547,207.41930097233427,205.0655323833389,207.41930097233427,17652410
202.7117462158203,207.43983931547737,201.4783389774416,206.5970023449914,24710243
199.89544677734375,204.1301742390829,199.4020811372633,203.92461094009798,35712321
202.22865295410156,203.1023243944209,199.6693213435624,200.42993297272696,14936357
198.32284545898438,202.8556534058879,197.6136383582367,202.25949239654457,13609544
194.0366973876953,198.86757137471898,193.45082835576147,198.39476213933978,22028515
194.80760192871094,196.67828268615054,193.23500165287447,194.26284550855252,11668233
197.08297729492188,199.90452680568612,195.7759329224686,196.05601880555977,19582976
198.1410675048828,199.16802605957994,196.90663432194518,197.71575905863318,12916462
199.0227813720703,200.4231830224521,197.3837860031342,199.1680039012531,8012908
197.2489776611328,199.97717026645086,196.37761460589024,199.02282289150622,8143376
198.22402954101562,198.83605261963964,195.74480426397545,197.92321144518849,8197011
196.15975952148438,198.0788271034907,195.22615832757944,197.40455188056825,9218985
196.6784210205078,199.58295492722976,194.59338486257454,196.1078900476131,13906027
196.05604553222656,197.3838223130869,195.34027809407644,197.09337720129224,7008149
191.0041961669922,196.42944751675506,190.29881571628925,196.1908676368293,17384039
187.10385131835938,191.6681273346393,186.3777246811971,190.869375569494,24814804
189.93572998046875,191.28426639112453,187.70547154090542,188.46271712091055,18072585
191.53321838378906,192.07263017566584,188.85690549912428,190.54775213627116,13873483
188.6702117919922,191.2843007840488,187.4046733022429,190.66190457844777,14836682
189.98764038085938,191.05609118657307,187.96484220808028,187.96484220808028,11107409
187.96484375,189.6453177714342,186.9275120554082,189.6453177714342,13112272
193.7427520751953,194.36514819000303,189.02288140237886,189.33408638437402,30001792
196.14938354492188,197.69500785638067,193.79463451774794,193.79463451774794,15134521
194.7800750732422,197.7157277267837,193.82572794244936,196.87548400639,7564463
197.4771728515625,198.31740282907194,194.4585216684766,196.05602501289252,14083332
196.42945861816406,198.8879519192691,195.77594332181525,197.50829620548026,8042814
197.31117248535156,198.0684319343795,194.30290846296546,194.30290846296546,9418728
193.89837646484375,200.62029982137392,193.25523417891128,199.27176316451,19110238
194.55189514160156,195.1846643540886,192.5602024570886,193.90873904118797,6149800
198.80496215820312,199.1680323822617,193.68054226099318,193.68054226099318,17612490
196.92738342285156,198.3277852505316,195.83818661771744,198.18256270296288,14205061
197.9232177734375,198.72195555776835,196.470950889256,196.57468127044402,9152117
195.95228576660156,198.33815395616654,193.3693298382138,198.15143925622914,11068775
192.03115844726562,195.69295181803395,191.07681121033878,195.69295181803395,12923374
189.0747528076172,193.30707699566256,188.79468077887762,191.96891353302436,18967099
186.8341522216797,190.64116863088137,186.42958981932532,189.20964758749642,20156715
184.13702392578125,186.92745390263076,183.42127054187293,186.92745390263076,24969151
180.2366943359375,185.3300089294935,179.50019470278278,184.91507351187505,22029696
172.87161254882812,181.533348763023,171.8031619119271,181.533348763023,30300033
176.0666046142578,177.38400816396555,173.71185569704673,174.25126753260588,17413744
175.47528076171875,178.03750381058916,173.058294069531,177.04166463221364,20107599
180.5997314453125,181.0561589360903,175.49604474828482,175.63090808248373,20713868
180.7864532470703,182.5084329050062,177.50847638387077,181.35698417074872,31670322
180.8175811767578,182.94412325857104,178.80515636459057,179.8113687706742,14349371
180.72425842285156,182.34249424305355,178.83630970802295,182.34249424305355,10219645
183.65988159179688,184.23041255834968,180.93170322100428,181.67857584201667,12430639
186.40882873535156,187.13495531382918,184.02296052175208,184.3756576965931,21744714
178.82591247558594,188.1722835742482,177.73671570259256,188.1722835742482,28677893
180.16409301757812,182.44623101600135,179.45869861389036,181.40889933922315,16499512
175.50640869140625,180.35075535550834,175.10186025731784,180.35075535550834,33805768
176.94833374023438,178.11015561228925,174.41724307307553,176.10810376350778,26877909
180.64126586914062,181.51262890538106,177.43589964625087,178.00644453013143,20137982
177.35289001464844,181.32587446016086,176.7616129848734,181.11841369504094,20937538
177.03134155273438,178.4109834616889,175.72429706883673,177.17656410121708,9598807
175.87986755371094,177.8819192259279,175.45455915895866,175.8280023652268,13066390
179.55206298828125,180.43379903474386,176.57491758843486,176.97946612461874,17029770
179.98770141601562,182.13497545244675,178.28646796657642,179.10596558057566,13312532
181.15992736816406,181.74083142868903,179.45869349535712,180.01886532609055,10206245
179.99810791015625,181.3051385017195,179.29271357101618,180.89020309914017,6582763
182.45660400390625,182.8611525553702,179.66617320767145,179.97737825029054,9822813
181.78228759765625,183.98144077969738,180.24703650979237,183.81545833156198,11180149
178.5977020263672,181.73044277780227,177.91305378058928,181.73044277780227,7886175
181.19100952148438,181.94826894800389,178.93999116585192,179.66613148025544,15303807
183.16197204589844,185.0602935929061,182.39435330534798,185.0602935929061,21905216
180.8072052001953,184.67645918829135,180.37152375268911,184.28226989300643,20462017
178.5977020263672,181.5333550444568,178.2450048648811,181.5333550444568,13675826
173.72222900390625,177.38400843828845,172.90273128650904,177.38400843828845,31299376
171.77203369140625,175.77613703255568,170.77619437496307,174.27200502020258,21393442
172.37371826171875,173.8571044958928,170.40278530933102,173.8571044958928,14242019
173.71185302734375,174.0437902446276,169.8114799307951,171.6890413636056,16570663
171.17041015625,173.483667351949,170.76586159104355,171.52310736997472,14085375
168.53555297851562,172.53965641446368,168.0583793843734,171.78241079610615,13737415
164.3135986328125,165.8696096887199,161.6165395776593,165.8696096887199,26222826
161.95887756347656,165.2264819517115,159.12696853280352,161.13939359343036,22242669
158.7742462158203,161.61654168541432,156.22240965557668,156.22240965557668,32649029
160.31988525390625,163.89868059243554,158.71202268865164,162.93396028344597,17746463
160.20579528808594,162.85098965635896,158.71203602438143,159.40704353316372,10890149
157.8614044189453,162.44642603063622,157.25975432326499,162.44642603063622,17222470
157.4983367919922,160.22652911844887,156.57510863130332,157.67469230251845,11286937
156.63734436035156,160.66219382777632,155.80747363642675,157.77840621886116,13545843
153.77432250976562,157.67469602259357,152.9029595230308,157.19752237263728,17126872
151.97972106933594,153.31788457644294,149.6457181730292,151.6685160667672,20399978
157.05226135253906,157.64355218959582,150.53781375003442,151.65812950065785,15542731
158.7638702392578,160.16427187240728,155.08133107254815,157.74728484912248,17536780
157.94439697265625,159.64563081034936,156.84482711123096,158.504554942643,12987792
156.32615661621094,159.5418817899796,155.65188138521955,158.0066304758393,21214238
149.25152587890625,156.86555753310694,147.71627467201623,155.8074799343843,19501819
156.64773559570312,157.65394807944952,151.1083665664015,151.678897561934,18316877
162.36341857910156,165.20571412429175,158.5045375979212,158.7120122098847,34217075
167.10400390625,168.81561027230876,163.78453538509095,165.28866717841325,34086257
163.6601104736328,165.76589287738005,162.43605027175843,164.8322916291054,19981247
170.43386840820312,171.26373911250914,161.09787145689864,162.4879000393974,31333473
172.9234619140625,174.9981247685622,170.89029120871822,170.9525294324514,31438175
176.85496520996094,178.21387472971136,168.98160781462903,172.92347303127283,35284258
171.31561279296875,178.1205196675785,170.89030438215778,176.7927292447031,29564130
167.2803955078125,170.6309841387241,164.9878984307556,168.12063938765593,18579499
168.09988403320312,171.1081483527753,165.29908048773225,168.71190716598585,25400442
171.24301147460938,172.1454796899191,167.05217920074955,168.8571433297367,20539026
173.50439453125,173.98156817459505,168.7845371420011,172.81976010783504,20407052
171.29486083984375,176.34666870744485,170.33014063234697,176.34666870744485,26810791
170.4442596435547,172.021003070734,169.20982649287353,171.16001316178009,12796090
176.72010803222656,177.16616249411047,169.3550436661634,170.7450722393385,18437927
173.77410888671875,176.53340653126392,172.6745390445377,176.53340653126392,17030216
163.14141845703125,171.76166213568132,161.8240011117011,170.94216445286884,27298045
159.8738555908203,164.43813187477718,158.5253187865064,160.55850395800692,38513013
157.50872802734375,159.8945964964658,155.09174043791919,159.58340529344053,27202137
165.39244079589844,166.11856730662905,160.16427729174285,160.57921266181017,22046959
165.39244079589844,167.2803752634712,163.71195323958491,165.92147958420895,25034598
167.57086181640625,168.61856652781358,162.7472598486911,164.00243920394445,31511671
167.7056884765625,170.7243257225822,164.4173522342407,166.69947606122258,34944185
163.52525329589844,165.95261365779714,162.67463640304211,164.14764948251283,21109422
160.081298828125,164.06465636741123,158.76388140370233,162.65388159738345,26251892
159.12696838378906,161.38834639040797,158.03775768927412,160.27840346608824,20734666
166.5749969482422,167.63307453832596,162.8405924193036,163.21403564203408,19911027
172.04173278808594,172.38405688121517,166.84470241088752,166.85507544858288,14846381
171.574951171875,174.56246945283496,170.641349977927,173.23469278297543,15716423
176.27406311035156,176.74086367250823,171.3778506513311,172.07285805094156,17269967
175.70355224609375,178.00643620584137,174.70771277958417,176.34669452886902,18353721
179.85284423828125,180.4337620232926,174.58318896840638,174.68693319020392,17871109
172.9857177734375,180.25742539199726,172.43593289189621,179.873609123998,22052401
170.1019287109375,171.45046523315392,168.32809761978777,171.160006312504,18299531
174.8944091796875,175.30934455549877,170.97328995958654,171.26374887740937,11872557
174.0023193359375,174.45874691460972,170.53762726326198,173.2035814601496,9971735
173.39028930664062,176.18071986478978,172.4255689909373,174.27202531117533,10342733
175.6205291748047,177.17652626668854,175.0084922956682,175.93172028367255,9081569
181.73045349121094,182.76778511044418,174.7180850975856,177.38402542012923,22735907
186.72003173828125,187.54990260843456,183.42132203533274,186.6577935003975,24528852
182.0624237060547,186.57482087813827,181.02509197793336,186.30512183040344,15872042
178.5458526611328,182.25949775239837,177.9234425917622,180.59976988217497,16384499
180.86944580078125,182.76776718653375,177.38400802420037,177.38400802420037,13751121
183.7947235107422,184.51049083591994,179.04374743215647,180.0292137471473,16042287
182.56031799316406,187.7573627974354,181.0458127736877,187.7573627974354,18251373
183.33831787109375,183.60801687272735,180.18481721540044,182.3632245514359,10120202
179.44830322265625,185.19513273745306,178.65993844807713,184.65572088668307,11664515
183.6806182861328,184.39638560427352,176.36741878112366,178.21387493611525,21739364
181.88601684570312,185.89013391329448,181.1183982311156,184.9357867768587,15996247
178.72216796875,182.15574048656245,177.64334431978799,180.70347362090348,9897941
175.95248413085938,178.23462173898722,173.72222556196473,178.23462173898722,13313254
168.03765869140625,176.0666267011674,167.27002606997738,175.3197401587401,24227745
167.65383911132812,168.4525908356832,163.2762918846923,166.0356034332056,21690327
163.14141845703125,165.97334086547002,162.13520609421812,165.97334086547002,17715656
164.97752380371094,166.89659144830995,163.1933056684211,163.5045106929344,19171804
160.4547119140625,163.87791118285944,156.80330582363072,163.87791118285944,23710270
160.40286254882812,161.4090749691037,156.2535364072834,160.7866788177087,27857321
156.3883819580078,160.0086692020936,155.8074779747587,159.68710502073563,16185464
162.6123809814453,163.02731634505832,158.2037152479789,158.71200795233875,11033484
158.71202087402344,162.23895097810828,157.4983337979532,162.23895097810828,21013969
161.4609375,162.50865590567287,156.24316079395004,156.99003339347857,19988986
165.765869140625,168.2036023066756,164.97750440663208,165.765869140625,20626920
168.47332763671875,169.08535077081274,163.18292554477833,165.35094603551738,19598467
167.37374877929688,168.50443763777542,165.63102297064816,167.70568600061424,13827937
168.00653076171875,170.0189557160706,166.6372480718714,167.42562673095495,15373615
161.58543395996094,167.57084341901634,160.18503220219338,166.38828932091062,19435800
156.78257751464844,159.7286035501265,156.1601813541177,159.7286035501265,22070197
150.9320068359375,158.0896106438279,150.20586649277433,157.78877869894328,22298377
154.00253295898438,154.77016557213153,149.58349353665568,150.1851436703959,22873371
153.9195556640625,156.40915447686845,152.15608349078164,153.11043085645605,23206895
155.6311492919922,156.53363146127427,150.10216668663435,151.8448927858253,28922246
149.7598114013672,175.22635305987188,148.55651132515598,155.39253708440646,25499308
152.55023193359375,153.50457904326748,148.36977334793605,149.2100170497357,20623197
148.01710510253906,153.8780378371652,147.1353691629756,153.8780378371652,24282464
155.1851043701172,156.37803162413925,149.9361939842129,150.82830308941843,19963870
156.5439910888672,157.73693212220132,152.07308663428043,153.80543954515215,19571514
154.85313415527344,159.69748154958023,154.02326339010187,157.67468367751002,15360163
157.8821563720703,158.67053504346293,154.67679034009052,154.98799536283695,10396517
156.2327880859375,159.47963214426093,154.63528480314548,158.9194742311349,13449406
153.32826232910156,157.36348520219786,152.56062976211612,157.19751658195622,12376536
147.69554138183594,153.31789478419512,146.7204480046078,152.20793804900413,23840441
143.7640380859375,149.4901214546983,142.94454035658111,147.9237511137377,29146195
146.58558654785156,147.24947484767867,142.56073689735706,144.562788684313,18808107
150.34075927734375,150.80754606899112,147.37397294613214,147.76816230826412,20489219
148.5772705078125,151.64777304483673,147.99636649394085,150.911273451138,18541902
145.1229705810547,150.40300028480902,144.0026407129223,148.33869607782046,28959200
148.86770629882812,150.20586974937336,144.53166561813592,144.6146499221977,20575210
146.52334594726562,148.2245657470635,145.73496735151596,148.2245657470635,18386646
152.73696899414062,153.3178868541235,147.71627981977022,147.71627981977022,19720278
155.23695373535156,156.22242009657722,151.76187502548706,153.0896655082577,21183286
152.8822021484375,156.2120444129458,151.9900931493252,155.08134168189258,14225123
151.82412719726562,155.7971117602255,151.05649464526303,153.94028246077855,20530513
147.9133758544922,151.44030579058534,147.50881351507186,151.44030579058534,17794345
153.95068359375,154.43823034434993,148.5461771753284,148.5461771753284,22738488
161.7721405029297,163.46300110531564,157.2701173372531,158.08961504326737,40461227
162.9962158203125,165.13311726006145,162.2597023498379,163.6912232854278,23989114
164.448486328125,165.97336464750865,160.17466950863445,163.89868754875593,31725274
160.0709228515625,161.77214266557968,156.67884241255507,156.6995884889754,28250482
162.60203552246094,164.2306442903758,159.83235084877708,160.70371387523775,22291662
164.09576416015625,164.93600791099323,162.40490362079746,163.62896361515598,16786908
170.20567321777344,171.76168448362887,165.76588782856436,165.9733624602978,24347771
164.8841552734375,169.88411257909425,164.35511641762236,168.85715398550104,21126187
169.52102661132812,170.2886591499977,166.2637956149488,166.90695169302876,27405612
172.44631958007812,173.02722362263947,169.29283257806827,169.8944826989645,16522676
172.04173278808594,174.83216302323171,170.98365524479462,173.2346736705994,21445055
173.91932678222656,174.27202395112474,169.22020170713577,172.1973607913641,19989261
172.8197479248047,176.2429474989276,170.97329171561245,175.49606104495962,17430906
175.2160186767578,176.90686574895395,173.07910318496658,174.68697978612065,21068816
178.08938598632812,179.3964163769338,175.30932891091282,175.7242642496953,15957543
177.14544677734375,178.40061222887923,174.8114436928884,177.7470969049056,18851741
174.9462890625,178.2138933033918,173.85709226526416,176.41930215328287,14952871
176.1910858154297,178.17239156160775,174.4794790696995,174.50022514665702,15284147
176.11846923828125,177.67446651075235,174.8944091871268,175.70353386245233,13711512
173.5769805908203,177.53960555721082,172.83010804187361,177.21802754563,31421021
168.55628967285156,172.40479732559027,166.9484273350392,172.40479732559027,27747347
169.74923706054688,171.45047078813303,168.08950933655544,170.5479887313262,35922700
175.00851440429688,176.08735193220502,169.1060894369449,169.60400912321663,36457910
172.9027557373047,177.88195327674123,172.2181212690766,175.9317664196965,25146771
174.1890411376953,176.32594254871256,171.49196792747892,172.61228382750895,19105924
170.11228942871094,174.62469923972924,168.98160064116865,172.92346569047584,18746068
162.12486267089844,171.2845198363217,158.78464695202533,170.49614112283382,27772012
165.24720764160156,166.0459592832691,163.4214975173233,163.70158339857315,23140014
170.27828979492188,171.76167586325252,166.83434403316176,167.02105872808505,27846970
168.2451171875,169.8529936849409,166.20157303696567,168.42147270579397,12960682
168.89862060546875,169.7077314012804,167.16626789993,169.34467507907505,12687228
165.45469665527344,168.87789651163442,164.78042141361806,168.4733341364781,13074509
161.10826110839844,167.84055707690308,160.57922228837256,165.3509447072494,35129404
158.04812622070312,161.30535747347602,155.8074943569843,161.10826972869532,28202989
160.5377655029297,161.74106594910396,159.58341803905898,160.84895673080916,17249418
165.67250061035156,166.5957286246317,161.7617547708238,163.8986558425937,15041933
170.11228942871094,170.5272247785089,166.65797099180946,166.68909010435564,16117008
168.9816131591797,172.1973519714463,167.3633776393542,171.7824165909103,17623820
165.2783203125,170.37163422326287,164.60405900499964,169.70773210440012,20258209
160.2368927001953,165.4961754543754,159.1995611728023,161.8240091061556,25168501
156.65809631347656,162.44641782411165,155.82822555841673,162.03148244658175,15978638
157.7887725830078,159.0024456549216,155.66224452322245,156.86554455775547,10455362
159.3448028564453,160.4754918643193,156.6581163705063,157.67470194347618,14211666
152.7681121826172,160.050193505095,151.86563006563023,158.89874459585644,29243875
154.3656005859375,155.49628955864517,153.13116737190413,154.3137353898669,26956646
151.47142028808594,154.3344618422077,150.828278089412,154.3344618422077,23135333
151.6685333251953,153.2764098640473,150.43411391126844,153.1104273808378,27194700
150.55857849121094,152.67473380456613,149.47975475691942,151.45068752697722,18072694
150.34075927734375,151.38846399696737,148.96110343447447,148.96110343447447,23976904
155.72450256347656,156.22242227029577,150.84903588229176,151.346955589111,17276879
153.6394500732422,155.77636525722193,153.3282589172138,155.4651602520099,11220694
156.16017150878906,158.2763266306879,154.40707271228666,154.40707271228666,17515593
154.97760009765625,157.05226302060368,154.24110057666655,154.5626647432303,11813695
153.97142028808594,155.1851074949609,152.30131932898848,153.53573876632456,11411688
154.0751190185547,154.97760099605588,153.1311448902886,154.77014024223146,8370104
151.51292419433594,153.31788832483292,150.6830533999859,153.31788832483292,16304095
154.20994567871094,154.68713304022745,152.13528305087775,152.13528305087775,11779103
155.9215850830078,158.08961934485743,153.00667821050516,154.78052316572908,14214624
155.20582580566406,156.3157685665338,152.69546752247373,154.99835119713467,10518035
154.85313415527344,156.59584614311368,153.59795496918105,156.59584614311368,13893966
155.30953979492188,157.01075938957584,154.08547989640846,155.59998482735526,14998238
153.86769104003906,156.40915506165712,153.2141618279191,156.40915506165712,18399192
151.6270294189453,153.732825545903,151.0357523568591,153.53572395908495,14922257
152.75772094726562,154.71828053712022,150.247362641926,150.58968674705105,22106609
152.50877380371094,153.62908975655245,150.14365157612403,153.31789857475468,16664900
152.75772094726562,154.1269896693998,151.04611427082344,152.30129342349323,13586437
154.5730438232422,155.39254152649784,152.19754886695085,152.92368922787728,15180399
153.9403076171875,155.00875846210926,152.79924549046137,153.7950850535788,12501799
154.58343505859375,155.16433910620822,153.00669154387316,153.00669154387316,12147744
154.26185607910156,155.89046463425643,153.52534266392,155.16432425733987,12520177
153.2867431640625,154.44855099940483,152.51911073233816,153.2141180563198,8299657
150.71417236328125,153.52534894317435,149.79094422156922,152.1560662886402,16529947
148.48390197753906,149.79093244802138,146.28474870234945,148.33866559812114,20084811
146.95901489257812,149.14778114711524,145.01920153182027,148.9610664767808,16997816
144.2100830078125,146.9486480499195,143.36983925752338,145.64160375493447,16058311
144.01300048828125,146.96939942830218,143.26611405014526,144.65614269671065,14838445
144.6457977294922,145.84909807545182,142.79934120110545,143.7744346656259,13310297
141.34701538085938,145.80754540039678,140.77648456486435,144.81170626905055,17853868
141.41966247558594,142.73707989859486,139.85329213123052,140.8698775917623,16170682
140.26824951171875,141.65827842142676,139.63546637236826,140.04002878217997,13569502
142.1457977294922,143.12089100126357,140.62091959374538,141.12921230566099,15576334
142.8511962890625,144.4798050116014,140.0400195352226,140.4342088789896,10341793
144.2930908203125,145.37191461298062,142.32215794360485,142.4258883372874,10211280
143.38027954101562,146.1810841227775,142.89273269230253,146.1810841227775,12853294
142.49851989746094,143.14167612821527,140.98401438655216,142.15620954958075,11301566
144.2515869140625,145.2266802336302,142.34289242902074,143.98187406327025,10498664
143.40098571777344,144.25160266795714,142.85120076680644,144.18936443001957,13496281
145.56900024414062,145.84907227636523,143.56694846891344,143.56694846891344,11265492
145.6104736328125,147.25982804647228,144.71836476158217,145.68308489106917,15024360
146.52334594726562,147.02126562637514,144.2204622379405,145.1540633674187,15403723
148.32249450683594,153.25186307515585,143.43518029686638,146.51471838383472,39482174
144.04483032226562,149.13185192422452,142.53133594402604,148.69041430988509,17921568
145.62136840820312,146.51475361907953,141.5538536130667,142.31059369878383,14269847
147.68138122558594,148.40660499404106,146.11533681147176,146.30451829951062,13284608
150.48768615722656,150.929123745559,146.83006443451657,148.0808066068178,23252900
151.6122589111328,153.8509765992949,150.56122261800175,151.5702185819798,27944820
153.38856506347656,153.8510228553527,149.7309430702599,150.92913490782138,12717493
151.82247924804688,154.7969311268826,150.95012827857204,154.01915687749303,9954345
151.9696502685547,152.6107794659555,150.17236966031032,150.2984906764241,11961991
150.57177734375,152.1798625070972,149.7519626178914,151.82250557119002,9950023
150.58224487304688,151.51767027399322,149.46814807071974,150.5086742960077,7479627
152.76844787597656,153.4095911774663,151.03424161337531,151.03424161337531,9936719
151.11830139160156,154.39754594985163,149.66786764777513,153.52518088024445,10034412
155.01763916015625,155.4275464421736,150.71888878887026,150.71888878887026,7804051
155.00714111328125,156.17378851779156,154.08222564412773,155.13326212303264,10313366
151.07626342773438,154.29244753011073,149.33153326110653,154.29244753011073,22609240
149.45767211914062,150.27747276837187,147.89162738236223,149.9937004778458,19130296
150.5507354736328,151.96963889518975,149.66786036259896,150.13031808589503,11114641
152.08523559570312,152.5056529441255,150.1828544609724,150.823983550436,16084241
151.8750457763672,153.36751976192195,150.92911017671864,152.69484633914928,7708056
151.32852172851562,152.989157211028,150.64533815728677,152.27444338563373,11903391
155.1017303466797,155.74287353759323,152.42158875502082,152.42158875502082,16771028
155.00714111328125,155.72184086736075,153.48313681565367,154.60774388358018,6831968
154.78643798828125,156.11073672891928,153.7248773338061,155.54317812119498,10294922
154.34498596191406,155.5536736574468,153.20985482047516,155.5536736574468,9347118
155.2803955078125,156.0581556574497,153.88251241641558,154.4921112433535,7805552
154.47113037109375,155.13327977980725,153.34652317516802,155.13327977980725,9259557
153.82998657226562,154.25038994615915,152.63179486020303,153.241393784504,7798797
155.49061584472656,155.97409373773408,153.61976477628593,153.7563958673965,5974354
152.53720092773438,154.8389795126926,151.76993672202997,154.17681614827507,11937173
151.60177612304688,153.40956673071022,150.7399211559371,151.7489173015736,10066480
151.0341796875,152.71583483132525,150.29844591497223,151.34949616603356,11373177
151.42311096191406,152.22189142486067,150.30899989618592,151.34954036960437,7307313
151.21290588378906,153.020696693587,150.78197835205086,152.35854728402458,11396875
150.46665954589844,151.73840780093778,149.70990541768325,150.92911728377325,8552746
152.98915100097656,153.43058857352952,150.92911835049955,151.3915760916429,11681226
151.90658569335938,153.20986422261933,150.72941414468102,151.8330151025961,12406980
151.13931274414062,152.56872623578414,149.9411351279896,150.29847797678454,10221032
152.2954559326172,152.78942984430466,151.0026735991863,151.559722042392,8035118
151.19189453125,152.3060057403984,149.69942022723052,151.43364054068624,8748220
149.27896118164062,151.53869919634135,148.5432413365787,151.53869919634135,14016845
151.55972290039062,152.77892062597795,150.54021675725426,151.13930553676101,13466410
153.36752319335938,153.82998091980465,151.7384040507623,151.9801500140235,6963876
156.31044006347656,156.83595832451192,151.55974151284752,153.78794960407572,13479810
156.97259521484375,157.8449603312775,155.25939523687222,155.6062420728839,14431906
155.45909118652344,157.1512568568584,154.87051243302236,155.99511951847578,7974567
156.0897216796875,157.2353630496053,153.56723110030296,154.50265673651418,10943814
165.23373413085938,165.9379237431239,157.24584631961986,157.24584631961986,37384710
164.7502899169922,167.31482092315096,163.48903756869814,165.23376787901472,19670296
166.2322235107422,167.95591930127347,164.4980036045563,165.02352181173143,18370923
163.9935302734375,167.40940615082613,163.2578102854024,165.83285129175977,12750067
164.40341186523438,165.85384547603982,162.7322665022463,163.46798637500922,10678248
165.67515563964844,166.06402868359672,163.85685527852326,163.85685527852326,6183560
168.07154846191406,168.58655659848907,165.43343324430228,165.62262878420313,16508712
171.56097412109375,172.75915159216115,167.97692372610123,168.59704665881873,21632112
171.5504913330078,173.4003082465001,170.19464837633524,171.92885436376332,14330179
171.16160583496094,173.19010823134198,170.75169851553812,171.5294728172281,11057384
169.80572509765625,171.42431981461255,169.3642876235496,170.10002142444472,8748439
167.0099639892578,170.5624840498933,165.6331151490729,170.38379861934413,16661033
164.40341186523438,167.00998271844765,163.68871215934598,166.43191409724372,15117604
165.5070037841797,167.3673447384475,164.69771330244876,165.22323152263994,9154343
166.10610961914062,166.8838698636189,163.65718989794263,165.40190593015973,8774153
164.41390991210938,167.64060351620702,164.0250228212463,166.2742506729289,8842299
164.6766815185547,166.45292764528483,161.56559871975338,163.90941739383533,27245709
161.10313415527344,164.88687613789196,160.32537401290043,163.9619608073784,14781765
160.3989715576172,161.84940529266171,159.7683524652103,161.4394979713429,9790138
163.87789916992188,164.2037257995839,160.22029178572416,160.58814471839383,8754970
162.10165405273438,163.9514851016281,160.64071017264425,162.96350906853564,13179587
161.48150634765625,162.82683897305213,160.5986313737354,161.08210918972514,5302686
166.43191528320312,167.43040128116692,163.64667299170924,163.6887133257579,13821905
166.49496459960938,168.87031347455965,165.88536576470094,168.16612389439612,8776096
166.27426147460938,167.293767623926,164.63464637545314,165.95894494193726,13658914
167.7667694091797,168.10310617672047,165.94846849238294,166.7998134806372,7772894
167.98745727539062,169.95289910895153,166.96795106466743,167.76674551173411,11677889
176.94232177734375,177.77263247394293,170.1736309992976,170.89884085229627,36312698
183.66896057128906,185.31909996587012,178.27713287084617,178.27713287084617,42430663
179.8536834716797,183.70048656547,178.94980219377808,182.92272629860278,17296128
174.9978790283203,178.3191494802087,174.10449390068342,176.7215747528525,15310116
178.73956298828125,179.66447834530004,174.8927604000018,175.10297608958973,35935601
175.80718994140625,180.3161424051438,175.05044983803307,178.6765271543725,14905003
176.5218963623047,177.58344289881984,174.52492429587312,176.1540293942371,13838236
177.5729217529297,178.6134480568582,175.28165344834895,176.15401842062158,16657879
174.44081115722656,178.25608346086554,173.26365382240147,177.667504793453,30420370
175.98585510253906,178.23506901666417,175.3867523009696,175.94381477009964,14117613
175.2080841064453,177.05791489637463,174.3146989613894,176.57443703228645,8712229
177.85670471191406,179.4017431681713,175.36574467596836,175.40778501141432,21902919
179.28611755371094,180.54736970891156,178.48733715102304,178.7921295818844,12626615
180.3161163330078,181.1989913527499,143.43519739862546,180.75755384287888,15714795
172.24415588378906,179.6329549049575,171.5820066056207,179.6329549049575,20893020
171.38230895996094,173.7786782177287,170.91985124242137,173.52643620751869,11601732
171.52947998046875,172.8537787204862,169.72168927865974,170.47842941121885,9380939
172.35977172851562,172.79069918706514,170.1210677993575,172.16008014067395,11857119
172.13906860351562,173.7156233146094,171.5399797778017,172.1180484353206,10626525
173.01141357421875,174.45133702497714,172.16006879678676,172.16006879678676,11181159
170.783203125,176.5639170017801,170.26819504001745,176.34319123270006,22171959
169.24874877929688,171.82379011444266,168.49199449231298,171.5400177809423,20915414
170.54147338867188,171.5294492403419,167.53549147013132,169.69012861397763,26601633
168.7547149658203,170.37330993337702,168.02949113459306,169.78473122082497,12648708
171.4453582763672,171.72914455149203,166.42139824593315,167.15713212535096,14165351
170.25770568847656,171.27721189986949,169.17513897314035,171.00393568396035,9493730
170.35231018066406,172.0970403924,169.67965071887454,170.28924967163593,18056661
170.5204620361328,171.19312140508637,168.66012114793045,168.66012114793045,10986118
168.8492889404297,170.64656918239015,167.98743410831918,170.26819217900592,9337388
169.32228088378906,169.7111680252818,167.7457261819007,168.82829290193476,9422473
169.65859985351562,170.0159567055092,165.79077707566532,167.11508962212147,18379112
169.8372802734375,171.29822397557206,168.69165310827842,170.68862510076337,11547717
169.4589385986328,170.0475314614367,168.55504316520947,168.93342028210992,5066549
169.31173706054688,169.72164428842862,167.37782585464993,169.00693065208299,15450143
168.3448028564453,169.28022833247337,167.74571407745935,168.5865488039876,10418019
167.45144653320312,167.80880345830457,166.01152277986702,166.69470637481007,12414461
165.570068359375,168.90186321856322,165.01301987419956,166.7682600340348,10595311
165.35986328125,165.93793192258605,163.75177836288142,165.19170194039722,12661154
164.92893981933594,165.82232502862618,163.3418750300237,165.82232502862618,15252390
162.94247436523438,166.62111596535462,162.07010934246995,165.51751506602577,14357871
162.76380920410156,163.59411989131925,160.04161319267436,162.96350080468622,20723808
160.88243103027344,164.10911074501024,160.22028176074411,164.10911074501024,9434023
162.1121368408203,162.67970938737355,159.9890439452854,161.12416097408476,8612899
160.987548828125,162.63768818252106,160.0521232664006,162.50104305523797,10486909
162.648193359375,163.07910680023846,161.01907422261357,161.01907422261357,7469469
162.62713623046875,163.8463478901615,162.07008782890716,162.88990232366342,4542818
165.39138793945312,165.6436439743561,162.70073641602804,163.3313554550543,10808581
167.80877685546875,169.00695442970837,164.51902251978888,165.2232261732673,19614256
166.84182739257812,169.84779555682738,166.06405312589897,167.33581536407578,18244916
169.0069580078125,169.63759109069912,166.0114999766415,167.11510085561585,10320168
173.35824584960938,173.56846153876725,169.427362606398,169.4588928549487,15279225
175.0189208984375,175.96485655886892,172.49643048133888,174.1045154912101,13516432
177.39425659179688,177.80416391673688,172.79071332189446,175.7231110709012,11534903
175.4393310546875,178.61346060561883,174.56696602112555,176.79515995072663,13188809
174.11502075195312,176.143523113836,172.6330567959541,175.4393334462996,8177837
172.38079833984375,176.22760132772984,171.21415095558362,174.8927785678986,16253418
175.0189208984375,175.48137864425186,172.23366433914998,173.4213319408122,10123422
175.3657684326172,176.78467204259957,174.55647783349417,175.01893561820302,11603084
176.4167938232422,178.00387272916834,174.15706950177025,175.41830772023,8950431
175.3447265625,177.49936394012084,174.68257723931424,175.41829715039233,7246381
174.76666259765625,176.45884229317582,173.63154543256906,175.41830185433145,7996183
176.46932983398438,177.21555975372885,175.3236886988279,175.56543463822916,8718992
176.12249755859375,176.98435249357635,174.36725743726242,176.98435249357635,9577572
173.47386169433594,175.41826901610284,172.8327186097937,175.1029665471338,9402708
172.51744079589844,173.9153100057408,171.4453701517325,173.54745707270575,5704037
174.10452270507812,175.71260778157895,172.79072000400816,172.79072000400816,5823779
171.88682556152344,174.8927940338392,171.34028711493477,174.53545114747942,16101867
176.62698364257812,177.83567126067496,172.69610031476384,173.1060075868983,14550602
176.47987365722656,178.63449719715481,175.9017909215889,176.6375249312244,9730755
176.7216033935547,177.9618354965795,176.38526664775617,177.41529705475438,6831351
178.24562072753906,179.93780063203587,177.11050342226957,177.41530993579423,13441898
180.936279296875,181.19903142505294,177.5414235757214,178.38224441804718,17266808
181.16748046875,181.74554911684538,179.42276444053758,181.1779905526762,13306377
180.0639190673828,183.09090785930928,179.05492280340732,181.97681074120234,15307180
178.8131561279297,180.3792148020088,178.23508746490057,179.748581685836,13973797
179.24407958984375,180.7470636928536,178.39274875677862,179.1810190860726,17071824
178.68699645996094,180.55784717102904,178.04586743044905,180.30559117270258,9239813
176.55345153808594,179.3071640650073,175.78618724198603,179.2020632113379,8050294
178.1614990234375,179.30712615050427,176.3642186770993,176.78463603503624,7060887
178.07742309570312,179.05488891846028,176.15402170046139,177.86720739506538,10387846
181.06240844726562,183.06989092529724,177.8462240288812,177.8462240288812,19551254
187.08482360839844,187.83106762150905,180.72604049989772,181.22002846999126,22117537
189.2289581298828,189.80702679246778,186.17042540561363,188.13586727769555,22754714
193.3805694580078,200.7483495598549,192.9811721939812,197.19584258812472,43957346
193.4015655517578,195.64028354932742,192.45562995077398,193.391055468017,18664413
194.03216552734375,195.24086713513984,192.59224209998766,193.83247395590553,11701950
192.4556121826172,195.1462775647857,190.65833190024804,194.44207395485543,13438049
191.75144958496094,192.8340163269504,190.25897552509315,192.60278044131036,14088477
188.67189025878906,191.95113465814552,188.13586194814735,191.57275760588232,13400981
185.58184814453125,189.60732267862815,185.00377947731852,188.13586878383424,15439403
189.06077575683594,189.90161052521216,186.55930565146355,186.55930565146355,17641932
186.38063049316406,188.7664896289323,185.63438649394456,188.48270333984007,16733589
187.92562866210938,189.1448262528162,185.73946141952314,187.36858027737676,8152817
186.39112854003906,189.3970964456704,185.8445901964837,188.35657017311752,13697044
183.87918090820312,186.22298593837934,183.51131390943584,185.82360271748698,9708430
184.06829833984375,185.5923021958884,183.04879240878043,185.07729418980642,9876509
183.49026489257812,185.40315614684667,182.53381926544384,183.21698869961676,8542570
181.5248260498047,183.72148958219935,180.1479630447542,182.87015880504018,9584217
182.54437255859375,183.93174595371408,180.90475710917352,181.82965867376342,8329895
184.02630615234375,185.05632243393543,181.87168283451197,182.5863825684544,9728703
184.7725372314453,186.66439428840118,183.40618433018247,185.82357360713868,10533233
179.9482879638672,185.7079684785986,178.88674139177678,184.98275863419764,12284945
177.79360961914062,180.23201876138836,175.3341803132594,179.70650063839847,14390520
178.1510009765625,179.64347498038893,177.24710570075197,178.25610181510916,5310071
178.34017944335938,179.72755258496977,175.3657415703068,178.4663144796181,9677020
183.88967895507812,184.74100979709013,180.06389609551786,180.3476823976252,14873246
180.6104278564453,184.3100895710615,179.4437805030192,182.6704603874682,16214530
181.32513427734375,183.3010720268057,180.35817855305712,180.4632793856635,9725304
179.59092712402344,181.81912106162923,178.88673746355684,181.61942946554083,9878487
173.10601806640625,178.61345628555588,172.1075320493916,178.61345628555588,13474915
174.74562072753906,176.77412286766625,173.8732557774518,174.47235857054764,17709146
171.0775146484375,176.4798519946883,169.374824969638,175.98586403130827,27667849
170.35231018066406,172.0550000530479,169.32229380222574,171.52948177899071,13906688
170.81475830078125,172.00243991688447,169.1961632306502,170.03699803452707,14948007
173.70510864257812,175.40778431787078,172.18110439222428,172.18110439222428,13159371
175.57598876953125,176.23813819200478,173.77870801004417,174.87178497265845,10778102
175.8386993408203,176.88973571273053,173.2216184941208,174.73511255352994,10529882
178.94979858398438,179.6644983309174,176.5744494299766,177.2050685045828,10131948
177.52040100097656,180.9047465911625,176.58497537302057,179.1179760151286,10569010
178.2245635986328,179.62244678529544,177.32066836321766,178.78161205019006,8552523
177.62548828125,180.06389797221462,176.61649213548222,177.0369095349113,9401899
180.7891082763672,181.50382206687533,175.57596618725498,177.41528705241413,14790357
177.3416748046875,182.754521682714,176.21706790522663,181.7770559392547,12793329
175.37623596191406,177.31014731375765,174.64051613831435,175.52339115235654,8023328
173.42132568359375,176.36423340271824,170.6676135090224,175.85973533750132,17970333
172.93785095214844,174.43032500707554,170.97240907541283,174.34624433335938,20179135
170.81475830078125,175.06095862498867,169.16463297791645,173.42132935421327,16660114
170.3943328857422,172.58050046658252,169.08054435264245,169.9108550010727,11876985
170.11056518554688,173.07449307553568,168.6391113245846,172.49642442161388,14058667
164.66616821289062,169.217160360583,163.96196460006914,168.69164218774694,19465627
162.46949768066406,165.21271360506876,160.68272739744378,165.01300799092962,26513604
163.69921875,166.23221896510677,162.6586924476034,164.1721865267397,8326610
166.8838653564453,167.43040373925578,163.60462102742795,164.00401823890797,11110756
163.2367706298828,167.95592455867896,162.07010922835457,167.70368254677317,9321547
161.3448944091797,163.53104790652955,160.64069075013515,162.385420740337,11915658
163.98301696777344,164.4664949042976,161.37644575735644,161.6497079641732,12989770
165.9379425048828,166.9784689320757,163.54157308413485,163.56259325308199,8878601
163.32086181640625,167.24123559443737,162.09113983272232,166.50550161469712,13081885
163.83584594726562,164.79229156128096,162.19623090844794,163.9829871087592,12190258
162.0911407470703,165.03404861832098,160.6301968960104,164.8028267578818,11428531
162.98452758789062,164.04607420365488,160.80888393302286,161.2293013518926,11349794
166.82081604003906,168.15563885164502,162.50104507408577,162.50104507408577,16184406
169.20664978027344,170.26819620563808,165.0970811228374,167.53549048920257,17774606
162.63771057128906,170.18416257722015,161.69177479510617,169.39587808634872,32105722
164.29830932617188,165.05504935795773,162.41694828180448,163.22625276238543,13793320
166.011474609375,167.05200079534032,163.60459566214578,165.2232044244494,12790893
168.94387817382812,169.38531566847362,165.23372084733182,166.3793478976304,12356228
172.2967071533203,173.75765083155622,169.76370691192076,169.76370691192076,25921526
166.56854248046875,173.42131322058535,166.00098395190696,170.89882307578074,20852076
166.62112426757812,167.9349128769506,165.7382491169859,166.71571502682258,20968563
165.68569946289062,167.46194582451045,163.36290064768193,166.83132672780349,17548959
168.77572631835938,169.6375811910956,164.67668167957788,165.51750235410128,27236264
168.27125549316406,171.50845981449024,167.0940979393123,168.79677376172174,12917135
172.70660400390625,173.41079357611028,168.62857966399832,168.62857966399832,9358282
174.08348083496094,175.71258587805866,172.29671050680878,172.6855976294501,16529868
174.39878845214844,175.08197196571413,172.80121361280803,174.49339323881551,11858396
171.97088623046875,174.81920309796587,171.3192470107742,174.1360336272613,8182539
172.94967651367188,174.55589956830593,172.15189761906146,173.3219809052467,9081731
170.83290100097656,175.61963164912817,169.93937605313226,173.03478857827426,9087230
169.80108642578125,172.10935669942978,169.2585922124073,170.3116700502167,8828077
174.2367706298828,174.61971186456142,170.6201381280509,170.6201381280509,11255447
178.84268188476562,179.5128184775034,173.49218340195853,173.5985662369208,15197535
177.74703979492188,179.7042792732163,175.15157437413703,178.84266501993227,12484982
176.82164001464844,181.89556639325485,176.31105631743912,178.15129068086028,13237846
176.2790985107422,178.704373973275,175.57705144064312,176.8109557944942,10594235
174.18359375,177.42792201758428,173.06668058442418,176.59823254204215,12579289
166.886474609375,173.5985329175158,165.9610392723376,172.6730975804784,12798137
167.31198120117188,169.06710611018622,165.76959354121922,168.79054768640603,7975390
176.2152862548828,177.1726322543482,170.407389084982,170.779693462867,18956469
179.42771911621094,180.1723279353626,175.76853880325174,176.57696880094454,21734556
180.3850555419922,180.78927051920283,177.3109170649569,178.8107572846516,25752389
178.0236053466797,179.98084490337013,176.57696360613528,179.76810764782505,18225094
171.53494262695312,177.80023972044464,170.64143190956904,177.4492090306104,17159386
167.6204833984375,171.33284822495597,167.05670122173305,170.98181752282795,14165128
165.98236083984375,170.15213948911878,165.75898668788918,168.19489963773728,14752690
170.62014770507812,171.10945758757222,166.04615475909935,166.04615475909935,12748842
168.49267578125,171.02431966820552,167.6629864343288,170.1946303212843,17113393
166.70567321777344,170.6201523850983,166.15254214431482,168.96074496330328,9420701
167.928955078125,169.2373319328158,166.36529349164303,167.85449703135257,11361378
167.1311798095703,168.38635817165317,164.93991480582503,166.68441731757216,13242164
168.23744201660156,169.66282440459395,166.40784459299633,166.58868548339768,12774566
168.02462768554688,168.68414141327827,166.0567517652624,166.5779863119662,9726275
173.3113555908203,174.4176177752631,169.36496570085842,169.3862394274277,17575615
175.63026428222656,176.13021106226114,172.55611135697583,173.4921837367963,11089648
175.1728515625,178.17253201336095,173.907022313423,175.23667273786913,15658352
176.93861389160156,177.2683708334331,173.36452865009946,174.87500574269816,17331546
169.7691650390625,174.00274984699146,169.1309390994659,174.00274984699146,17422410
168.67355346679688,172.39655498400182,166.70567697584843,170.17339377712636,20486223
168.63101196289062,169.3756066120307,165.6206943728739,168.06722979249122,16311628
171.00308227539062,174.42825160338495,169.13095176560972,170.13084529980722,19232377
170.96055603027344,173.26882661631097,170.42869860790026,172.20511177156462,16661304
176.57696533203125,178.05553187677813,173.25816470315695,173.70492714558728,25751492
183.51239013671875,185.7249143178371,179.98083821456555,184.98030554826408,48133694
188.42677307128906,188.91608300642187,182.03383332323367,183.3847576270921,20497553
185.48025512695312,189.72449109522287,184.82075544773718,187.87362020669784,17779689
181.01266479492188,183.6719659298606,180.52335486304085,183.0656504972172,12816463
183.310302734375,185.21435818878223,180.26807443347536,181.49134219164262,13233510
187.28857421875,188.2246465038335,184.3101675667273,184.3101675667273,12756629
184.4378204345703,185.82065521647542,182.56568995903598,185.0866974746125,14253091
186.10787963867188,187.59708316903286,184.45910895052276,184.8952345660152,12922258
182.10829162597656,187.18221727296202,178.4916446076004,185.99084601697936,22237458
185.0973663330078,185.78877674276637,182.79973254127242,184.02300038963486,11368001
189.3309326171875,190.61803572290202,185.0016012995152,185.9908580216549,14371976
190.79885864257812,191.44772151375466,188.49058826929533,188.49058826929533,12913233
191.5966339111328,192.41568652084055,187.86298158147932,188.70332211749619,12974694
194.6494903564453,195.27707941542485,192.10720933313146,192.10720933313146,23132227
195.1388397216797,195.7132445870032,193.42624778843472,195.2983926838749,12303560
196.51100158691406,197.40451221196795,194.24527893417556,195.52174500076677,14298611
193.39430236816406,194.66013157788208,191.2455993918727,194.66013157788208,16958736
193.5006866455078,196.78756230802128,193.0113767777977,194.03254396246066,12430954
193.45811462402344,195.0643375525053,190.4371606812233,193.1709193570306,13788582
189.5010986328125,194.06445457897783,186.6716222506457,192.7348041856838,15831296
189.3734588623047,192.25613379668252,188.37356538850278,189.80958442446317,9565406
188.42677307128906,191.18180599788772,187.75663645195817,188.71398259467102,9151355
182.39549255371094,189.76705183499544,181.66153478527931,188.71397396644332,11393034
185.52281188964844,187.1502944204199,179.25751539723507,182.67204759416848,15795755
180.8318328857422,187.82045095827368,179.7362075528822,186.18233139068283,11071339
182.39549255371094,185.5015418429172,180.8318310458178,182.95926050950212,12821918
183.28900146484375,185.70364022788908,182.05509702812768,182.9592445302335,12559130
178.92776489257812,183.85277431227323,176.6088720298823,182.629506705044,12415511
185.60792541503906,187.6077125271923,176.78971008699884,179.76811702856403,18794821
184.16127014160156,185.60792616489945,182.35294656212426,184.52293769778097,11367214
179.9063720703125,185.69299536233447,178.80011002960762,184.87392859299953,8728866
181.44876098632812,182.94860112988889,177.64066498724017,179.34260550843808,11537003
184.0229949951172,184.66123526386946,180.2893561695957,182.10831679312375,11260259
175.87490844726562,184.44846157147109,173.84321077965942,184.02297284399336,27321905
174.50271606445312,177.42793873295784,171.80088173067628,175.08777195929,16150138
175.5876922607422,176.74713860920502,171.26899852206785,172.55608721316855,11418893
166.70567321777344,177.57685955715516,165.9823381361143,177.21519201632557,15711357
171.4923858642578,172.03488006377768,164.70588283819592,166.46100778924992,22293762
174.3431396484375,175.44940170544203,172.00295898829867,173.1092352467212,14332191
175.00267028808594,176.8854520116709,171.9817157197638,174.98139656020004,9916035
170.88604736328125,175.49193610526237,170.1946371794166,173.17304354307763,13094883
172.70501708984375,174.14103604552065,162.5146051958943,169.15220581787875,25813146
179.82125854492188,181.55512366108002,172.85391590072027,173.59852455959276,30837833
181.65089416503906,182.959256725492,176.21530092063867,179.51281368086543,21443760
188.65016174316406,189.34157209126138,181.51261311539395,181.51261311539395,21052445
176.78973388671875,189.7032569474956,176.21532898802693,188.958648011154,17326878
180.69354248046875,183.92723396196055,177.21518895453667,177.37474189563758,13323596
183.5017547607422,185.03351988036874,181.0658562613546,183.59750073178355,14254145
184.6612091064453,185.8312924310459,179.02350133910628,185.08669782486893,15048312
189.41603088378906,190.09681857219272,184.28892050018953,185.7036659947611,18493766
188.8628692626953,189.9584944638024,185.96955755778208,189.12880501709174,14860857
186.23550415039062,191.68173408793695,185.33134241480914,188.9160645675017,17979275
185.72494506835938,188.00130500208522,184.45911563106895,184.66123025120848,9825959
183.33155822753906,188.85224628896617,181.68280187356763,188.4799418859987,12050423
182.56570434570312,183.81024580649756,181.38496986594765,182.18276304952784,10930099
185.5015411376953,186.1504181987595,182.27848636455187,183.06564264786073,13704245
189.46923828125,190.60742545469836,187.33117158392048,188.92674395806822,18935509
187.61834716796875,191.68174252413345,185.1930713498336,188.4905841523053,18362492
186.0121307373047,187.4268618896754,184.02296639064127,185.5228208480774,8875005
186.06532287597656,188.1821154635818,184.69312491559435,185.51217758539775,12352943
180.62973022460938,186.1291447484227,179.1724373529945,185.59728738373445,17472523
178.33209228515625,180.86373668599788,177.69386630380117,180.1191420746535,19874983
178.68313598632812,181.78918541687165,178.0661836860131,179.1298984662584,12006474
174.96009826660156,179.6617334834476,174.25805114351874,177.01306952502122,15922812
174.75802612304688,176.5557129732072,173.9602329075675,175.78983035023333,9108666
180.18296813964844,180.59782000927774,175.17286351707355,175.17286351707355,9108321
181.7678985595703,182.8954344410139,178.27890808376324,178.8214022984736,9909849
179.56600952148438,181.34240823196373,177.85341778705498,180.32124098962063,11265723
179.75747680664062,181.83172192336482,178.53419494202163,180.7680072071688,12119312
183.15072631835938,184.58674537321934,178.1725326087456,178.69375307742052,11954619
182.95924377441406,183.55493646700756,180.41696267353876,182.74650652807233,9371240
183.67196655273438,184.6612232835569,181.74663740979804,184.0229830562119,9773103
185.15052795410156,186.15042152024336,183.64005074144947,184.02297782526733,12156983
184.61866760253906,191.18179685722401,183.81023759134737,190.89458734757392,23041721
187.28857421875,188.91605675463873,183.94850004716815,185.08668691733692,17613513
192.6709747314453,193.17092144005628,187.55450216492886,187.55450216492886,22177371
194.27720642089844,194.76651632544406,190.64993668996175,192.67099748681287,15143599
192.3625030517578,193.798522092425,190.93712087358253,193.0432906540789,10246173
190.777587890625,193.4262379352463,188.84162190892542,192.57527464546604,8945093
188.1714630126953,193.80915627095268,187.50131228214673,189.77767183098996,11717100
188.70335388183594,189.937258536032,187.0758710494939,188.0864015547379,9945744
189.5010986328125,192.5007932148129,188.88414641728002,188.91605700421698,15374364
190.7882080078125,192.30932197400082,188.04382643163854,189.1500885522448,14450634
191.07540893554688,192.085939246814,190.34143704132399,190.72437828172644,9614780
194.5963134765625,195.29836059629565,190.61801332809844,191.46897652141348,19779731
193.22413635253906,197.11734201948826,192.18169532279268,193.61771450493393,11890914
193.53260803222656,196.08552613634566,192.18168383912763,192.18168383912763,10955587
191.17112731933594,195.70255810968956,190.3946080306689,193.59640273696778,9619806
188.46929931640625,192.70289843573818,187.6608835589603,191.2562425206965,9792601
186.35250854492188,188.91606345684173,185.3313413252242,188.4905747483979,8755784
183.78897094726562,187.66090293730812,183.00181463227582,185.9376742158408,8901228
181.38499450683594,185.42711688972884,180.87441077638022,184.0230080806201,12169801
179.64047241210938,183.25710530960436,179.1511625035496,180.81055576680552,8391536
181.18284606933594,183.81022208188796,180.91691030866045,181.09775117037367,8031378
186.09722900390625,186.73545498356995,182.14020236743676,182.55505422471487,12073167
186.86309814453125,188.25656980396136,186.15041412100095,186.15041412100095,8434885
183.49110412597656,187.85234556086638,182.32102084891136,186.11849437025455,13090661
180.3212432861328,182.9592563288795,179.43835525039515,182.93798260278552,11465699
179.50216674804688,182.20401502478285,178.51291013519048,181.04456861235326,7482129
181.19349670410156,182.2891220143553,179.56601403348913,180.26806120470837,10078405
178.9702911376953,182.27845443883672,178.1831491936724,180.93816729987824,13965988
178.2682647705078,180.72545104301474,177.6938599875639,179.66173637809362,11421820
180.39572143554688,182.19340829654504,179.36391720213993,179.36391720213993,12546701
181.51258850097656,182.2146498190846,180.53396876170103,181.03392969510978,9884161
181.9593505859375,183.58684732855937,181.32112464453937,181.47004071720133,7221751
183.36346435546875,184.12934686857443,180.970099253787,181.89553470653186,9184625
182.11892700195312,184.55483960741944,181.512597415241,183.15073110366455,8761077
185.2993927001953,186.57585856350258,184.67180372974178,185.51212991003857,12534404
184.3846435546875,186.0759616304525,183.2145601851218,185.1186155275643,7301066
186.99073791503906,188.9160669000943,186.40569625579766,187.6608886786555,12704841
188.20339965820312,189.06501403025345,186.89502280440152,186.89502280440152,8718563
187.76727294921875,188.26721974715204,185.6185696649073,187.74599922170756,4977570
185.12924194335938,187.21412384482008,184.6612057816622,186.78863513405727,5690033
183.9591522216797,184.68248732100625,182.45931190852784,184.44846212954667,8926111
179.7787322998047,183.43791225657645,179.3851542023597,182.95923926269316,10046119
178.5341796875,181.44876514558385,178.01295923707028,180.55525451728874,10089421
182.94862365722656,183.77832739673804,178.53419757882213,178.53419757882213,12009855
181.69342041015625,183.8953076143276,179.4915190045672,183.8953076143276,13450539
190.4371795654297,191.04350914759692,183.40601443790302,185.51217007703866,20508621
190.6712188720703,193.3836900928771,189.34156831991484,191.25626057056434,16191974
191.05413818359375,192.53270465581906,190.42653490154663,190.72438124903096,7306775
188.82032775878906,191.4689775169307,187.6608813484647,190.2988942441523,14619868
186.96945190429688,190.17124682757202,186.55461427964377,189.04371103465297,7744563
188.724609375,189.30965105286157,186.33124414609395,187.42686945936086,10315527
190.44784545898438,191.09672259124366,188.72463081921995,188.91609437872006,5706010
189.08628845214844,191.0967125267006,188.83098951817306,190.92650850357688,5849398
186.15040588378906,190.61801596583405,185.10796495145377,188.85223997754042,6023632
183.86341857910156,185.79938446447093,181.8955421045065,185.42708005541851,12833897
181.8848876953125,183.65066360113684,180.83180994961452,183.4060015725893,13315857
179.15115356445312,182.94861294684438,178.7150279936482,181.81044023853568,17311470
180.62973022460938,182.39549213092008,179.6404735380905,179.6404735380905,12726430
180.980712890625,181.6402266926671,179.7787191634277,180.92752858423722,8309185
182.56570434570312,186.426985294425,180.40634999873313,180.48080804493551,14839980
187.29922485351562,187.85235593511624,184.66121180247745,184.71439611787952,12058586
187.5332489013672,188.1821117467425,185.60791988985343,186.89500871758833,12075547
188.3735809326172,190.40527863524278,187.4268716929806,188.21402798259518,12660424
188.5225067138672,190.04362073863862,187.65025553842642,189.0650009323927,18038361
188.22467041015625,190.80949928402285,187.26732427888416,189.16074281412986,15463211
185.0335235595703,189.12882961951107,184.25700412102543,188.68206715097318,16576057
183.60813903808594,185.85257401586946,183.38475070579324,185.6504736117463,9806364
185.60792541503906,186.22487768973278,182.56569729347996,183.70387007287664,8517726
184.1931915283203,185.36327497102621,183.08692926960703,183.08692926960703,13767334
184.5867462158203,186.07594959046352,183.1932746049877,183.38473813260887,11879019
179.3745574951172,183.12948425237838,178.77887888528258,182.10831686368442,12345838
179.73619079589844,182.10828211965614,179.27879151099742,180.19359008079948,11573795
177.98104858398438,181.36367018011214,177.64066899292018,180.7892654187731,12374165
175.51324462890625,177.39602625240707,174.91756607834512,176.87480574548863,14102043
176.82164001464844,177.3109499828666,175.75792516224746,175.93875185867242,11038353
174.64102172851562,176.53442616682028,174.3325384642452,175.76855774039365,8227762
174.779296875,175.86428540455228,172.99224691944056,173.27945644851994,12362252
173.8644561767578,174.76861780014792,171.66256905750035,174.47077147901828,11298451
173.56663513183594,175.321759982097,171.928501563224,174.44950888730597,10826505
173.26881408691406,175.25796439512,172.44974718303394,174.89629682960435,8459052
174.86439514160156,175.64091463041748,172.5667614691489,173.43901273568767,10345205
171.3115997314453,175.51327510654053,170.77974226879303,175.0878004975565,12609169
174.0027313232422,174.8537086197243,171.76893367174765,171.8965760057949,9828890
171.76893615722656,174.21548526895134,171.26898947355707,174.21548526895134,8657303
174.88563537597656,175.30048720141087,171.8965919021203,172.72629555298894,9218744
172.8114013671875,174.87500956115045,171.69450236759624,173.9495740924312,9058505
172.99224853515625,173.99214216214844,171.70515957782285,171.70515957782285,5741275
172.80076599121094,174.44952234771887,172.32209295849327,172.96031893497712,6130140
171.35411071777344,173.10924991192118,170.854163957214,172.59866628840135,8041497
172.64120483398438,173.5985508538737,171.38601246514924,171.70513253891846,6256274
172.82203674316406,173.3751678067878,171.3221964933135,171.90723814514135,6800627
172.43911743164062,173.59857822155865,171.8008913849047,173.236910641126,7039336
172.4710235595703,173.7794004128618,171.94980303130043,172.53484474244985,13608048
170.1840362548828,173.46027542588345,168.72674334912983,172.47101871619054,18949872
170.91799926757812,171.64133441153578,169.5883486833227,170.21595205272075,11635479
172.94967651367188,173.3113440426708,170.747789154788,170.8328840553951,8997053
171.68385314941406,174.024019608447,171.290275051749,173.50279916605314,11827655
174.97073364257812,175.38558547600113,172.17316783504467,172.18380469740376,10172590
184.9590301513672,185.93764988449573,175.51322661464505,175.51322661464505,33597187
188.3735809326172,192.24551279784194,183.68259638919315,184.04426394399604,32869474
186.09722900390625,188.87352124636584,185.53346106503773,188.2778427185851,12780183
185.37388610839844,187.83107235820316,184.5867440803103,185.9376540235128,9431389
187.11839294433594,190.35208443879625,186.0865888515743,186.1504100282706,17221827
188.5225067138672,189.33092250940555,184.88458592897692,185.93766377678642,16540547
190.71377563476562,193.34115207514412,189.23520892027994,189.23520892027994,19034847
192.10723876953125,193.57516855368908,190.45846810237177,191.46899854934432,16376397
192.74546813964844,193.0645882552906,191.07543791762657,191.8093957217571,29711945
188.4480438232422,194.3091260885127,187.67153857840873,192.9582018059854,22050970
192.61781311035156,193.33049714001208,189.57558505292536,189.6074956422496,28815466
187.06520080566406,187.74597419670093,185.61854492346964,187.00137963163732,31299573
189.59686279296875,192.09659668338384,187.4587822558846,187.48005598255114,13811011
191.62855529785156,192.51144333340557,189.78832118543022,190.37336285431155,55407935
194.90476989746094,195.71319979038407,191.46896415466392,191.46896415466392,18667646
198.01083374023438,199.9361483222074,194.27718165276218,194.92604442125676,18751896
200.5318603515625,201.04244396655173,197.70236964284686,199.1277518599874,15640608
203.8506317138672,204.65906162856794,199.57449957923833,201.0424291392468,26780181
202.669921875,204.86117236308198,200.06381954659702,203.55280986832182,26550895
200.8828887939453,202.7975810146056,200.3084839680312,202.53165942919156,12513877
200.86160278320312,203.15923614776517,198.77672087538107,200.82969219490496,12905249
204.6909942626953,205.65897721163495,201.49985011098937,202.1061655116148,13438946
206.15890502929688,207.19070906224985,204.70161230827966,205.2334696180054,10649501
202.90394592285156,206.58441420875593,202.23380933849407,204.72290633936126,11691621
201.9146728515625,202.95712796688906,199.25538625500272,202.10615057542256,9264526
200.2552947998047,204.0208579694059,199.57452135621654,201.36155697116774,12381278
204.04214477539062,204.61654962421085,200.78716503018217,201.04246396378025,7845800
204.14849853515625,206.35038599539376,203.40388971773206,206.35038599539376,11817203
205.88235473632812,210.34996514331863,203.40389457577325,204.23359831753794,19331824
205.75473022460938,208.91396411308205,205.13777789713816,206.14830840299342,15288495
205.75473022460938,205.75473022460938,205.75473022460938,205.75473022460938,0
201.73382568359375,206.14825092611363,201.25515272473214,205.93551370058267,13252156
201.04246520996094,203.38263207511056,200.265945741933,202.06363254784233,16610579
200.0425567626953,202.4784694237533,199.55324685786016,201.26582442407346,8396497
199.08522033691406,204.23360434983996,197.65983800573406,200.80843484983848,14391181
197.44708251953125,201.55303961149886,197.00033425599247,199.97874122143625,9070553
201.43601989746094,203.91448008067334,196.78758277154296,196.78758277154296,15199246
204.9462890625,205.72279425783,201.58494096659575,201.65939900710774,12392211
204.41444396972656,206.65889334560302,203.60602808097553,204.25489100512195,10571569
204.2974090576172,206.3822909673889,202.26571146172546,204.8930875744921,11949181
212.2327423095703,212.53058867769667,203.3400691351989,203.3400691351989,18452114
218.8490447998047,223.16773881326608,211.48813708615066,211.6583268871632,30847764
226.2312469482422,227.38007074238234,220.08296979276577,221.25305311122543,26863271
222.4231414794922,227.20985738649304,221.48706918267158,226.358894190544,19375695
224.1038055419922,225.50791396964257,221.09348830302088,222.4231386945821,20864719
231.86875915527344,246.04836085603594,228.18421509236538,234.19980543105814,52633579
240.6343536376953,241.64411329259627,233.51231261759625,234.39317044630914,23797958
231.99766540527344,242.5571741545035,231.1060801289656,242.32085414769938,22509088
231.6861572265625,236.96053362491165,230.68713940414517,231.99766996893214,21991587
236.49859619140625,239.20562026882175,233.03963054240566,233.318932140823,18745180
242.22415161132812,243.20170007092204,236.75642285089495,238.80816744868972,16566818
236.6919708251953,244.92041847189833,230.95566795959905,243.30911710143428,16073584
233.73788452148438,238.04546823205638,230.97715127171358,236.97125775888856,11273379
233.94200134277344,237.74471997418945,233.05040168900055,234.09238680770713,11351815
230.6441650390625,234.90878166519255,229.52697290371555,234.71542893449322,27659174
228.7427978515625,234.11385026599243,227.73303827666416,233.10410503264012,17293884
232.50254821777344,233.80235129661833,228.87171313007718,230.9019742172945,8806299
235.33848571777344,236.7564488698264,231.46057427330882,232.73889377645014,10874352
231.49278259277344,236.71346406876188,231.22423713397836,234.7476539441957,8826406
234.15682983398438,235.2310403074863,228.64611949217564,231.70762364411985,19974435
241.13922119140625,243.41654403767095,237.20760096040786,237.91657530990338,29319340
241.19290161132812,243.3520786695308,238.9263207180305,242.77199183258074,13497804
240.25836181640625,242.8686953543004,236.42341797552527,242.8686953543004,15760599
236.7779083251953,240.62357957789985,234.71542189342065,240.62357957789985,15164409
235.06991577148438,239.22712867624026,232.91075284974747,236.01522449879877,11767348
232.43812561035156,237.83067697617992,230.4615733755953,236.39123007986407,14646904
228.90394592285156,232.8892754946164,227.1207609485112,232.8892754946164,14371376
234.1890869140625,234.88731951366867,227.32486356471145,227.32486356471145,15824961
229.18324279785156,236.68124740924915,227.87269788558947,233.74864484094624,19212704
223.8873748779297,230.94495078329996,221.63153550872886,230.74085622112275,23126286
222.68426513671875,225.4557261957559,222.20086893157244,224.70378451083258,12855084
222.9957733154297,224.48892917698024,219.99871977335803,222.79167875498896,14768300
227.70083618164062,228.33461785008234,224.5104155181372,224.5104155181372,11890148
225.7994384765625,227.59337932768628,225.18714055033612,227.22814319878742,10564797
217.39913940429688,220.62178565720768,216.281961489015,220.2135821731302,24480677
217.44207763671875,219.89128387247254,216.38935077930077,216.9909069347473,9225499
218.1510772705078,219.13935326892573,214.8424967370727,217.53877926620578,20656550
216.56124877929688,219.25751701286057,216.33565624236172,218.53780080983745,9653273
218.76339721679688,220.71846577243662,217.42062672687277,218.4948373821927,12293489
216.2389678955078,220.2135553740939,215.5944444599806,219.13934486769978,11575392
221.70669555664062,222.7486805351288,215.55146204301644,215.91668383727946,12957117
220.68621826171875,222.79167208308718,219.35418972461667,221.93229790808283,14019093
213.77903747558594,222.25457656800077,212.69408506131623,220.42840995131868,17484768
215.04661560058594,216.96944425177654,213.231190799275,215.27219380258316,14903156
214.24093627929688,219.46160345204808,210.77122853537782,214.89620154511178,18600100
207.64527893066406,215.2721853455889,207.03298092203534,213.81125497492832,17783841
206.62477111816406,209.44994106261558,205.92652423968417,208.09644326231123,13764770
208.869873046875,210.54565411824498,206.904062872685,206.97926994459263,15345123
212.62962341308594,213.33859778080026,209.25659198867342,209.25659198867342,13957671
211.08274841308594,214.45576533455636,210.6100940767101,212.26437708325238,9426887
209.847412109375,211.30834250074557,208.24683807265535,210.54565901921487,9332698
214.33763122558594,216.56125954121993,213.77904227722394,214.84251107713885,16987269
221.4918670654297,222.12566304326626,215.07882928955357,215.70186910728836,28489939
221.98602294921875,223.3932443179604,219.3649473028541,222.37274278990807,13721398
223.6617889404297,224.12370148566222,219.99871403464044,221.28777530212483,9673900
219.5368194580078,224.14518882623253,216.35714068229916,223.84440355638603,13532588
216.04562377929688,219.9020370694973,215.18624960330678,219.354189976229,9372911
216.16378784179688,217.2057729545847,213.33860343159233,215.70187528914846,18616706
216.22825622558594,219.11789178244152,215.2722055864546,216.5505251590561,17722817
209.750732421875,214.62766152855346,209.47144513559434,213.76828734921125,15826199
211.619873046875,212.62963272052866,209.69703007100418,210.76049883990032,14672155
211.372802734375,212.23217696520368,208.6120834545435,211.6413625595894,12233949
212.29660034179688,214.54171200174878,210.4382084697067,211.59836783329192,16358373
212.54368591308594,214.13351806523778,211.265366495379,212.4792206609645,10844144
210.65306091308594,211.29758433715708,209.0632288182192,210.44895202874022,9118453
210.65306091308594,212.1032493734056,209.98703951138452,211.65207867409197,6696796
211.490966796875,212.03881389844256,209.76147660003375,211.83470499924076,9556263
212.72630310058594,214.1120407434555,210.5456565289685,211.2546309077487,14113750
215.4762725830078,215.91670147714643,213.07004790509902,213.76828043977937,12062077
217.64617919921875,218.16180079247346,214.30537349003407,215.07881305068904,7643510
216.8405303955078,219.78387472665432,216.15303966695586,218.06514073450109,14559347
214.48800659179688,218.80634684573175,213.84348311890489,217.20577281158393,13022078
213.78976440429688,215.70186544076589,212.71555388396627,214.84249128788275,16449220
214.47726440429688,216.34639824817287,213.83274093251268,214.86398422398625,8571614
213.9401397705078,216.66864755767378,213.43525998927348,214.84248115431933,7455233
213.41378784179688,214.1872274528548,211.19017405771197,213.98311856087304,9548209
213.4889678955078,215.22919974629272,212.01731017296908,214.24092382503224,8391614
214.56321716308594,215.70187866345162,213.68235931946083,213.68235931946083,15914040
217.8717803955078,219.35419442546294,213.89719267786936,215.77706834789777,16197464
219.9557342529297,221.62077342144755,217.11982257219265,218.81707285340303,16556769
221.55633544921875,222.5660950907485,219.37567454401082,220.24579054235264,21922291
220.40689086914062,222.12563901822304,218.73112433117598,221.07291223060543,9346763
220.3531951904297,222.02896183036293,219.2682428846145,220.79362407189305,9078852
222.94204711914062,223.29654145952406,220.85807703251882,222.1256545984542,13886787
221.93231201171875,223.71551138694178,220.90106867279755,221.73895926375147,9166689
218.24774169921875,221.0944095336544,217.54950918395443,220.8903006490214,9459033
219.01043701171875,221.28777427120082,216.56124499553852,219.2038040887914,10619105
218.1940460205078,219.9987145896826,217.30244638386438,218.81708584766767,8749882
215.4333038330078,217.42059758141542,215.057340193128,216.79755777949674,8738403
210.416748046875,215.73410627733077,209.79370819530908,215.1432918831796,13242995
212.40403747558594,212.81224093578086,210.3200672405114,211.59838671565512,10887270
215.89523315429688,216.9909273874119,211.3405727744037,211.61987441301517,9089107
213.86497497558594,218.23702449182022,212.90892437758845,216.13157054899116,17169819
213.02706909179688,213.98310521522953,212.19992044010658,213.33858180724317,7900222
207.50564575195312,213.8649748538961,206.90407519016048,213.05932406766465,17694403
207.333740234375,209.27806668012246,205.26051197119799,208.07495436768744,15393998
199.7712860107422,207.92455546281414,198.22442117032503,207.55933364519984,33092058
200.5017547607422,202.30642320500476,197.07501443622823,199.5886715498639,15904980
200.48028564453125,202.53203039233796,199.71758783005015,201.29667821122493,12481132
203.1765594482422,203.76737383739822,198.74005910772695,199.37384077307271,17642155
199.2019500732422,203.15505378652784,198.94414644405185,202.72536672966473,8656245
198.9763641357422,200.8562252165604,198.396277309601,199.21268411994794,12404189
201.2429656982422,202.27420896400014,197.90217407387163,197.90217407387163,9827783
205.09938049316406,205.65796936544933,201.5652220136264,201.5652220136264,11164671
206.38844299316406,208.18238408464927,201.114066588946,203.4558547764103,15465656
205.797607421875,207.26927945877677,203.68141198696122,206.63549787837252,13881865
206.51734924316406,210.33079509448282,205.9480185370932,210.33079509448282,19077913
206.51734924316406,206.51734924316406,206.51734924316406,206.51734924316406,0
200.01834106445312,205.58276004384896,199.37380335946358,204.4548405724344,19017182
201.50079345703125,202.0916078485471,198.77228535880144,201.09258999005107,15313270
200.88848876953125,202.0808737588081,195.8396901884888,201.62970299820984,21187302
199.66387939453125,201.30742069363592,199.18048320755372,200.71660631878498,17621790
203.16583251953125,204.27226864560373,200.48030585311037,200.89923682666418,13384016
202.24197387695312,207.09741905456903,201.26443975059522,207.09741905456903,10072622
200.6736297607422,202.3816218935615,198.9656376279229,202.18826916433355,22023470
204.44410705566406,204.83082685317734,200.69511210560472,201.22147553999494,17516848
210.38449096679688,210.8786289144305,203.47731585899533,203.67066857442114,32745121
214.96066284179688,215.63742611871834,210.94310782225585,210.94310782225585,14086084
215.3473663330078,216.77607116959405,212.72629100035036,215.70186067300722,12376151
212.97335815429688,216.668658417687,212.3503183453113,215.27217900051158,15730002
210.65306091308594,213.84346692086152,210.1266974874777,212.79074006964507,11633677
208.257568359375,212.6511011090701,207.80639765014485,211.14720352548508,10482542
210.05154418945312,212.22144920744617,207.59159568833434,208.91286823861577,10100100
209.26731872558594,211.19016147871093,208.1179155374509,210.9645689632781,9286081
208.236083984375,210.5026793407662,206.97926256719154,209.25658540027644,7041533
208.214599609375,210.0622497063028,207.33374183371905,208.182374154769,8424014
211.66281127929688,212.16769104684553,207.53783859831137,207.53783859831137,10224348
212.40403747558594,214.3483640648073,211.66283762912582,211.7165467236847,13410579
210.148193359375,213.12376317956054,209.79369900179978,212.4040326457426,8099318
210.706787109375,211.34056876685716,208.46167524858112,210.11597272754943,11342020
214.34837341308594,215.05736217527883,210.58863623916014,210.58863623916014,11739875
211.69505310058594,215.73409155327943,210.91087167391984,214.88545921618268,12426216
213.338623046875,213.74682654274133,209.10623129340232,211.64137248585544,14606201
212.060302734375,213.33860788885232,211.10425215251507,213.11302968802016,13155281
212.40403747558594,213.3386044040054,211.20092507437198,212.6940809277513,12279963
213.03782653808594,218.57002085454786,211.23314365347716,212.62962309118188,20881173
206.5925750732422,213.11304620466652,205.93729537503978,212.47925014630363,17382184
206.81814575195312,208.6657960769892,205.81912785273795,206.67850209808702,9453044
208.04275512695312,209.2566094104543,205.9372868025811,205.9372868025811,9789854
205.937255859375,209.46067250781505,205.32495789988923,207.98901477809588,10775294
205.6794891357422,207.7527177206328,205.196092903824,206.4636563216682,10048267
202.94021606445312,206.86109457481285,202.43535059167147,206.24879657478616,10238784
201.9197235107422,204.25076995079823,200.01837851549877,202.16679969027734,10598750
200.35134887695312,202.15603160790005,199.80350183538974,200.11502888871016,13242754
194.67953491210938,199.5886895852726,194.07797870966348,199.5886895852726,22620658
189.56629943847656,195.72153423908154,188.92177591347013,194.8621599780407,17874849
188.80357360839844,189.44811137954926,187.34264331749415,188.62096270011526,12647964
185.75282287597656,189.75963602410752,184.70009594960112,188.37391271465336,20886278
186.80555725097656,187.9657167532489,185.7206048249131,185.89248827425772,20779949
189.08290100097656,190.0926607263643,185.76357835409635,189.39442811089123,14970699
193.47642517089844,195.16293379306424,189.59851374612407,190.15710268048184,20073537
194.4109649658203,194.81915403433246,191.4246536258531,193.78791086236862,8305143
192.01547241210938,194.24982788961316,191.59652717469095,193.8631081057234,10583206
189.9530029296875,192.74594752519485,189.0614032862661,192.01548950530741,22479751
190.96275329589844,191.77914582648845,189.08287773125716,190.47935713189202,4890141
192.71371459960938,193.1541434948504,190.55455173848208,190.88756244989517,6931660
189.0936279296875,193.01450650688687,188.43836264421114,192.73520487776338,11627412
191.45692443847656,192.0477388875808,188.85733225748854,189.06142684009853,8464992
190.75863647460938,191.63949421977767,189.8455532759505,190.4148983040429,2963643
190.2537841796875,192.50963795764676,189.98523869513753,190.80163130971732,7331366
188.1697998046875,191.4031875881007,187.79382181284004,190.13560997101808,10103941
179.62982177734375,187.55751386389105,178.7489639140501,186.91299036610076,18627980
183.53994750976562,184.50673986815283,179.82317787836487,179.8446615155936,20720312
180.9081268310547,185.3875941827233,180.4999233898571,184.78602366856543,19872227
184.82899475097656,185.1942309260531,181.5419121999284,182.27237020853457,13392787
182.68055725097656,184.97937793975618,180.81143795202678,184.87195976307154,10100113
181.14447021484375,183.67961139496617,180.57513942398958,183.2606660812871,9948711
179.3827362060547,181.97158601559116,178.5770711842263,181.11221190451366,11380041
185.67762756347656,187.14929974449421,180.4677020980599,180.4677020980599,16927085
186.84852600097656,187.9871874448055,183.05654933898364,184.76454150472705,19136963
188.98619079589844,190.350430323848,184.495981933399,186.95592988894253,13339962
194.01353454589844,194.55063985336298,188.8143362387985,189.38368134576586,13361320
194.8084259033203,195.80744369269448,191.65024525999124,194.4324622611715,17084297
189.86703491210938,194.90509045632876,188.95395179203567,194.46466162165044,23721627
190.5438232421875,192.88559717955005,188.41688568750132,191.20983037003177,18080494
191.00570678710938,192.64924788952402,189.1687986281166,191.8328410762949,17939876
194.82989501953125,195.4636909378675,190.37191166381163,190.37191166381163,19298126
199.67462158203125,200.77031578345762,194.84065970332992,194.88362697855865,36117653
196.6345977783203,200.07208013444304,195.29182742348647,199.8035203268575,21746801
195.08773803710938,197.63362083032968,194.58285820603575,196.806472089926,19302710
201.43634033203125,202.1345729067884,196.1941749164506,196.1941749164506,17092333
199.5457305908203,202.76836245723146,198.92269072462847,201.75860275143688,14072894
198.45001220703125,201.9304473157431,197.13946737606233,201.09257116359225,12365643
195.48519897460938,199.8035248997183,194.00278494350778,198.53596158791174,9045844
192.64926147460938,197.22540512699,191.6395018751421,193.6160538010394,8839692
189.49105834960938,194.32500506604376,185.04381704457757,192.92854017511175,13651008
193.50865173339844,194.37876776795602,189.7059330205524,190.3504565113314,9781008
195.32403564453125,196.35527882621918,190.61899042077323,195.0769738375758,8709626
197.1179962158203,197.82697059582725,195.30257147842423,196.36604021920814,7393680
193.95982360839844,198.55745130693907,193.3582530491857,197.375808168494,12266698
193.71275329589844,195.07700740236965,192.15514643767222,193.35825890946617,9835036
193.79864501953125,194.99102974979465,190.68343199159239,194.85137178506798,9550637
187.57901000976562,192.49890697927518,187.19229014868677,192.33776533792224,18717199
182.92767333984375,188.36319202389544,181.99310631554005,186.90226147736362,14104463
180.7792205810547,184.0770594051517,179.8231843484304,183.52921229456024,19946218
181.14447021484375,184.01262215025946,180.69329944177002,182.3583388766881,15274116
180.89739990234375,182.61613401435184,179.73724039372917,181.77824342616597,21459750
183.80848693847656,184.97938815362892,181.45597137300308,182.0897529919832,18659378
185.67762756347656,188.09460846964038,183.8084937505036,186.6981290192405,14579511
193.53012084960938,194.7439750060053,186.354385411619,186.69812359874902,20636925
190.7478790283203,195.43145463400973,189.072112559471,194.64727331356326,14476047
190.12486267089844,193.08969056278463,188.66393236149597,191.74692025435564,10716702
186.83778381347656,191.58581135991903,185.65615500729024,190.15710636826597,14065391
184.58193969726562,188.15906582425177,183.77627458710901,186.68739359284336,15234060
183.89442443847656,186.82701235002207,183.13172670604092,184.96863488120786,11635873
185.58094787597656,186.35438748873293,183.819232281113,184.33486825064836,11782380
182.63760375976562,186.8270276989115,181.97159667252694,186.69812587716467,12936157
180.9188690185547,183.46475169509432,180.53214921339188,182.93838825029235,13839990
184.08779907226562,184.743064365206,180.68254209796558,182.7342868693364,19070082
186.6229248046875,187.3963643836847,183.6258715337789,184.12000950326433,9269885
183.93740844726562,188.35241061351886,183.49697954418835,188.1053487863188,13934612
183.4969940185547,185.01163358159283,182.31535085757488,184.31338663611658,10405717
180.8866424560547,185.6239134302759,180.0594937586231,184.01259765043142,13251683
182.17572021484375,183.5399744034103,180.91889856970965,180.91889856970965,9238431
181.52041625976562,182.5086921901338,180.68252578006994,182.40127401108202,10264941
178.1688690185547,182.45498344471736,177.0516912712174,180.7040097566874,20621346
174.3876495361328,179.39348012833094,172.18550514335706,179.1571457913166,23326922
174.1835479736328,175.67670375966594,171.11130185414825,175.44038375426558,17330588
177.4598846435547,178.9422984579468,175.7411365066417,175.7411365066417,20235395
179.6190948486328,180.25287657969338,174.6884559791461,177.22359724493737,14588531
177.1698760986328,180.03802793596955,176.4716434940767,179.6083408171858,12334096
178.93157958984375,179.62981214655207,177.47064922271136,177.47064922271136,21275454
186.03211975097656,186.80554502699985,178.94231873662034,179.0712205590331,24821205
192.30551147460938,193.14340199293312,184.50673619272618,185.94618288301842,27276420
194.29278564453125,195.24883606881252,191.01644531365082,192.27326662280117,25323219
198.1921844482422,198.67558057973724,193.08967769443083,194.8191533453313,20177342
198.4392852783203,201.86601155372426,194.90512647246254,197.86994019402087,22231264
199.44903564453125,201.522263960023,197.4402582393806,198.62188694539395,20177302
199.12677001953125,202.87576509006334,198.21368675828612,200.88847128907577,23958678
190.2752685546875,201.40410899155316,188.73914535247422,201.37188353328247,37628162
188.29867553710938,192.39143692292737,187.43931582823342,191.24201946948747,17707007
189.00767517089844,190.51157267606752,186.26842560351244,189.46958767432182,14761313
188.42764282226562,191.08094407172004,186.70889425496253,189.88857336785378,13337818
188.82505798339844,190.01744282561,186.6229278910655,188.41686889269786,12709854
188.05165100097656,190.6727265983507,187.22450223795516,189.0721525099547,11042925
185.88174438476562,189.4910959991358,184.45303941747278,187.92274738331324,14687371
182.6161346435547,187.0311514633649,182.05754569668875,185.1942429912236,16387960
185.2694091796875,186.03210692614368,182.17567960577884,182.61610847687322,34802149
191.4139404296875,192.04772210395316,184.87198609761452,186.09658216935136,15078502
191.67173767089844,193.7449660729833,190.15709818998047,192.00474839644966,17846755
189.1151123046875,192.66001289781101,187.3426548373522,191.2098243358677,22438208
187.0740966796875,188.7283796865353,184.76453408770342,187.98717989841484,16735535
193.55361938476562,194.43469800638417,187.33171230154235,189.4854471346217,17104443
194.913330078125,195.6747455582437,192.18307665286665,194.23891732809707,14214007
188.985107421875,194.6848972521327,188.21281477734638,194.6848972521327,16650201
192.5529327392578,193.3252399713216,186.48330454742268,189.9967280987308,16701434
191.05184936523438,192.79225273795896,189.33321483079717,192.74872958362454,12329713
190.1272430419922,192.95539098120335,189.28968743496526,191.85676908525033,8331715
193.9561004638672,194.48909562695923,189.74652493880978,190.33390588158088,9847540
194.82632446289062,196.82777947496345,192.87925523677202,193.8908598999993,14513036
197.71969604492188,198.18742826760067,195.29401768493426,195.88141314391686,8708891
195.0873565673828,199.14465196843904,194.51085277214997,198.24181896814102,10759523
196.6319580078125,197.01267299665653,195.14174404324044,195.14174404324044,8349048
194.59786987304688,197.53478914968866,194.1301376391119,195.79438608698044,6617337
192.44415283203125,194.9242172621872,192.0308063399654,194.70665959793402,9510249
192.596435546875,193.81472072478272,191.48693646363424,192.74871574827372,8078236
190.52969360351562,194.5434802988733,189.7030007126266,192.71606002311333,26538868
190.79075622558594,192.84659673546258,189.94230903914132,191.42164577646767,29277517
196.28390502929688,196.8604234414825,191.00833823449764,191.4434390719871,19594976
195.50071716308594,199.88432756406564,193.93436300549612,197.0453170069136,20178960
195.00033569335938,198.06778078833645,193.2925786515984,195.5768394778744,15546279
198.55728149414062,199.31869698315236,194.17365665671386,196.70810677159446,15931395
197.4804229736328,199.48187798109402,196.7625015562126,197.94815525400077,13066337
192.6290740966797,197.96991824375735,192.11783316524503,197.27375111016133,10846953
192.2483673095703,193.76032121704154,190.8669247673123,192.2157213154678,9153355
197.05618286132812,197.94813871889355,192.53115515819582,192.74869828333956,13509379
190.8234100341797,197.8611338855631,190.06198000391717,197.0997038553006,14676438
193.58627319335938,194.20628563773846,191.0627002674895,191.22587213765965,21543824
196.1751251220703,196.8821693988139,193.618920517301,194.68491098888654,12858570
196.6537322998047,196.8821671252148,194.31508539267074,195.57686468323539,13929305
202.58193969726562,205.00761817431575,194.48910301769112,196.89302718204297,26232634
212.9699249267578,213.63344601891782,202.86475573678834,202.8756328936723,49366799
216.82058715820312,218.94169115763168,213.74226416495475,213.74226416495475,45710935
215.74368286132812,219.44201778547344,214.6124150007259,216.88581335636383,19394187
216.4615936279297,218.13671935234316,215.59139203399906,215.95035273288724,16007498
215.5696258544922,218.9525231099549,214.64503852711354,216.46158171306251,18603004
218.5391845703125,219.50728055785703,214.28610013690562,214.72120092569133,27175118
217.70162963867188,220.61678024448403,216.54860746214405,217.52758060929185,20966796
215.5587615966797,216.21142005637557,211.4579572598146,214.91699481614296,20168946
217.5710906982422,218.16934884280002,214.93874614884444,215.35209262832183,23184864
218.7784881591797,219.82272420337213,217.7668835837284,217.7668835837284,14824266
219.9097442626953,221.84593618835638,219.09392848926882,219.50727495417507,15931202
219.1156768798828,220.55150505074272,218.21284387976965,219.6704263628136,13831096
220.93223571777344,221.66101974990494,216.50510217394756,216.70090551973965,12237733
218.25636291503906,221.16063614808877,217.54931873790096,219.94236564425586,11294999
216.80967712402344,219.44202169675523,215.73280954982584,216.64650524879676,15190654
214.80821228027344,217.76688594497895,213.8836249447732,216.67912674176577,16245867
217.94094848632812,218.41955795020192,215.42825243155067,215.61316411354557,16110573
219.0721893310547,220.26872018300077,216.4942304780482,217.94093594417842,9860248
217.07073974609375,220.05116800984476,216.5051130385392,219.48554130229022,9942927
219.97503662109375,220.68206640298223,217.4514633908406,217.49497202220357,13532911
222.70523071289062,223.59718651953213,219.9749920370224,220.15990368283755,14854295
222.27015686035156,224.32599761330013,221.46523272363925,223.0424640484458,10195142
222.9336700439453,224.06492329762295,221.44345612472551,223.5971910735036,6348354
219.24620056152344,223.73859668276393,218.14757876273512,223.64070227891426,7923338
228.5138397216797,229.28613240775053,218.55007324774337,218.63709050563986,17309440
227.40431213378906,232.31004013292332,226.51235630767832,229.18820926377313,18642915
222.9989471435547,228.3506533878568,222.13962273173738,227.9917072217525,13099664
218.7132110595703,224.05405453028166,217.9300412862555,222.9663098593101,20118553
219.7792205810547,221.18240281333925,217.57108520145218,219.3549969555256,13382878
216.6791229248047,220.31220926461623,215.83069022104326,219.61604222504423,14790821
217.5819549560547,219.2897265565692,215.874197877778,217.5710777999301,11701228
217.95179748535156,219.26797697151792,215.3738388170525,217.54932817782645,16634259
218.08230590820312,220.56236997078693,217.41878490116204,217.76686839903397,9887787
214.93875122070312,218.7785038288304,213.19836252980926,218.28901724041663,12006872
214.8843536376953,217.7233785990708,214.09029217390827,214.99312520198444,14345010
212.9699249267578,215.80895000690268,212.65448737712316,215.59139234698478,8708037
214.1446990966797,216.2440484412955,212.57833043355296,212.98079975609974,8608888
210.78353881835938,215.11276303587078,209.82632005658337,214.1773131080891,9288894
210.15267944335938,211.81692809853757,208.41227616385518,211.2404242319297,8762464
205.1272735595703,210.1526651785522,204.61603267231004,209.63054713458936,9650325
203.0496826171875,207.53120196877987,202.19035817595258,206.01923359004746,9340350
210.3593292236328,211.45795108497998,203.25634265074703,204.55076785318082,12739366
206.82415771484375,210.1526693881804,205.81255307676207,210.1526693881804,10857430
205.38832092285156,207.97715677383093,204.97498897700305,207.97715677383093,6630334
207.672607421875,209.06491256841613,204.37672718084926,205.36657751663782,8877298
199.3404541015625,208.8364879290492,198.78570458144003,208.8364879290492,19008087
197.52392578125,198.38325021650104,195.14175582094987,197.96990373414337,20050521
180.46804809570312,191.44341872040215,177.95535228105234,191.44341872040215,35635706
184.51446533203125,187.23384162837115,179.0866189404801,182.92635689417696,49504268
185.65658569335938,190.3121388221832,182.74142096440215,184.4383007434398,18955515
189.0830078125,191.71535241673206,186.45066320826794,188.571766911448,26997546
189.79005432128906,192.09606972085606,188.419488956756,190.3556810140553,10770215
186.20046997070312,189.88792747915056,185.74361490033297,189.88792747915056,20708942
182.70880126953125,185.76536921309744,181.67544241379855,185.76536921309744,21645696
184.8190460205078,186.46154029298728,183.30707763192999,184.91694043343404,19652369
185.75450134277344,187.25559249982385,183.69866068444767,185.79800996858026,11659978
181.84950256347656,184.85168515104786,179.49996394469568,184.85168515104786,16199949
181.26211547851562,183.61165401873546,180.0655991553676,182.3607373879543,10234633
184.61236572265625,185.55870742648352,179.4999567083793,181.87124954644952,12900468
190.14898681640625,191.1605914007262,185.02570095675213,187.30997639984787,17340694
188.61521911621094,189.3766489226328,186.11340114433645,187.30993162268012,11074406
187.29910278320312,190.59496835066804,186.2657438666693,189.70301246925783,10634833
187.92999267578125,188.33246199091673,185.33027964560534,187.47313757782183,7964072
188.61521911621094,189.267877385211,186.1351554518208,187.5274746975237,11509788
189.82269287109375,190.86692903856127,188.22370714729908,189.7247984533136,13424811
194.793701171875,195.68564262122166,190.82342245256606,191.1062285514048,34261453
191.03005981445312,193.22730341889272,190.58408189550732,191.44340626534714,12732187
184.4600830078125,192.50941143678176,183.72042181939247,191.44342102045476,15745524
184.9930877685547,186.39628464210182,182.74145809422052,183.3941020614966,15221260
182.16493225097656,184.48182459028524,181.59930561128058,184.48182459028524,29076982
181.4905548095703,182.9372604194821,180.28316120272754,182.6979629386537,11624639
182.90457153320312,184.97128903514687,179.7174780418454,180.56592516112784,15853471
187.59280395507812,188.13667635674165,182.41513172056625,185.13450825112366,17292020
188.1149139404297,190.12724609659594,186.787871727305,190.12724609659594,8663393
193.18377685546875,193.61887757799315,187.4948650421027,187.70154550947586,16015412
195.37017822265625,195.90317339644372,192.69431067532696,194.84806020502285,12330294
198.7965545654297,199.72114181333464,193.83644103277254,194.6413650497614,11515191
193.423095703125,199.03586763210842,192.80308332331148,199.03586763210842,10753149
193.04238891601562,196.98003551402365,191.76973263631234,194.4999713675195,9327873
193.9996337890625,196.14249187021088,193.1838179455263,193.1838179455263,6212395
194.402099609375,194.98948061629167,192.0743153737164,192.54204765227283,6162561
196.43618774414062,196.8821657122269,194.47824135634303,194.8807106955662,8002587
196.59933471679688,198.18744315312506,195.81616491639323,197.4695362925685,9048478
199.01412963867188,199.01412963867188,196.59932833156572,196.77336283217227,15246935
209.60877990722656,210.04386614852453,204.71391447024746,204.71391447024746,33505855
208.12948608398438,210.30497582850836,207.32454732694535,209.93513792482227,18091895
207.75962829589844,212.06709873957286,207.32452748418842,207.8683998682661,14404450
207.90103149414062,211.68639839325715,204.74656875970305,209.7066976857402,12153422
205.1163787841797,209.49998873669685,204.77917243312552,209.2606913097946,10938775
204.39845275878906,206.29113590789697,203.93072054927117,204.23529542601668,11601798
203.8328399658203,205.5623658993867,202.29911736708982,203.8219628095649,11958727
204.71392822265625,205.58412980818656,203.39774868759764,203.6261835018627,13280382
206.1715087890625,207.95540604757522,204.51813741043736,204.95322367672935,13366359
208.8038330078125,209.1736708204372,205.62761643929636,206.45429478710574,7222044
210.41372680664062,211.1207710699425,209.11931605385476,209.55441686460068,11373522
206.9546661376953,212.11059782763508,205.84516718093474,210.5877524205306,10033187
203.75669860839844,206.88940672396404,202.973528840626,206.45430595420694,10767454
207.1939697265625,207.7052105602903,204.03950747968662,204.37669930215924,8367190
209.11929321289062,209.93509443697434,200.89591638024186,203.08229735237768,17031699
200.74363708496094,208.7385791542635,199.34044038485814,208.19470682838642,11486238
202.98443603515625,204.1809524373745,198.94889431431903,199.06854305009284,13682323
203.25631713867188,204.93144261194303,201.17872239937992,201.4506658025518,15346549
201.83139038085938,204.25706890016792,201.49419852816152,204.07215723901106,8588142
198.4049835205078,202.60368179606593,197.95900561484032,201.79874323027835,11249222
203.35423278808594,204.21355718612148,199.54712640146022,199.9060870840459,12183206
205.98658752441406,207.2810127642705,201.35278797756192,203.19108558551432,11304265
207.4876708984375,208.39050393289253,205.84517669935224,206.6718696382669,10499517
210.5225067138672,211.37095405452584,206.9003115629628,207.3245352332921,14806176
215.0801544189453,215.79807582767003,210.64215817114473,211.24041633025595,23805828
212.99166870117188,215.91771089160056,211.91480117846888,215.15628090292358,10891864
210.39198303222656,214.15559579426915,209.3477468430189,212.87204761215474,29919205
210.1309051513672,212.9372841155183,209.11930056105632,209.71755868566976,12981379
212.7523651123047,213.13308009563923,209.82632300644846,210.207037989783,7573628
212.58920288085938,215.14540727522012,211.91480465412536,212.08883915851135,11361395
210.03302001953125,212.3716815231741,209.15195572851033,211.52323418283115,13443688
207.11785888671875,211.67551841164533,206.6174951378934,210.03300960063407,14483909
204.6921844482422,207.45505501953232,203.64794830073606,206.4325731866726,7532164
199.25343322753906,205.2469207940402,198.58991215125704,203.66968951689333,9174419
206.74803161621094,207.4985700167846,200.14540812928644,200.6892805343769,18592203
207.3136444091797,208.6298239639761,205.12727777804204,207.05259264294898,18155513
207.7813720703125,209.6087924823477,205.80167146468722,206.14975500084594,10563900
212.30641174316406,212.752389714258,207.46593152710506,208.19473010995588,15718833
212.90464782714844,214.8408397126894,211.78427169812934,212.30638971607672,12097338
219.6595458984375,220.81256799353926,212.7632402508711,213.20921816616482,19369032
215.7871856689453,219.50727480611602,215.37383920431785,218.3760214982585,16016139
215.83070373535156,217.3317949479828,214.1447008561946,214.91699351509973,12331769
214.7864532470703,218.1149501550333,214.06853189828297,215.98296946539878,11579277
218.37600708007812,219.05040525326672,215.37382498435528,215.7654171103707,12919467
217.66897583007812,219.11568118545748,216.74440302185104,218.3977743470397,11901877
219.81185913085938,220.54064316171298,217.54933789590604,217.67986377804598,12885935
220.89959716796875,221.6175040202293,219.10480825395987,219.81185247194327,14913870
218.52830505371094,221.03012367053213,217.98443270416186,220.81258053960786,8151610
220.72557067871094,221.83508432329285,217.3535646811803,218.28902928150475,18483713
220.88873291015625,221.66102559009192,219.33325587089504,219.681324899716,5416562
216.52685546875,220.55151966742733,214.65592640797885,218.63708197940463,30170947
218.66970825195312,219.72482148219984,216.89668816688226,217.61459502170638,14946239
224.55442810058594,225.90323910337892,217.63635310097877,219.20270723862288,26759864
220.43185424804688,223.64070239825776,219.30060098070498,222.12873414905968,19739943
223.15126037597656,224.70673755945424,221.18243666021127,221.90035814319515,21313199
228.77487182617188,230.77632667467128,219.9423740309928,221.01924154935568,29016443
227.4369354248047,231.7770366402425,226.4905938533479,229.51453021092183,23373377
234.2679901123047,237.07438350703956,227.81764778462534,229.10119576542533,71802356
230.96124267578125,235.170832943929,229.0903281899539,231.43985208430414,27823189
233.49569702148438,237.01999744967534,231.8205713221507,232.7234043731687,28767318
221.2150421142578,235.81260779175096,219.31149609359255,233.86553862132806,27254669
227.0345001220703,228.38329664820935,220.61678863796274,223.85828311246658,21489315
218.5391845703125,225.1418074542668,215.37384484775063,225.1418074542668,45114225
214.11207580566406,223.1512554361356,212.48045855119113,221.36735797080578,31768619
218.45216369628906,219.94237770122933,216.2549199976897,216.2549199976897,23682648
218.40866088867188,221.62838642695928,217.54933645911487,219.72482590270158,13099564
217.40794372558594,219.72483631703787,216.88582565348867,219.31150434006705,17251028
221.2259063720703,222.2919112508423,216.9184363209522,217.76688355257642,23074633
225.25057983398438,226.25130729513225,221.46522764569036,221.67189362304626,19177163
224.14108276367188,226.64290143839486,223.10772382338882,226.24043211463183,9918809
217.79953002929688,224.6849591962427,215.4826229781656,224.14108682425336,14771279
213.50291442871094,216.24404502362125,212.1106093403079,214.93874266572513,15691478
211.6864013671875,217.76690661934467,210.0874156630153,214.93875856252015,18203784
211.21865844726562,213.63344535697644,209.1519405567628,213.0025557374231,20998404
209.07577514648438,214.2425692472094,208.40136245894087,211.26214149764155,12078110
208.30348205566406,210.76179198257378,206.67186504931308,207.30275463487737,19603494
209.42388916015625,211.67553345096678,206.37819782241226,207.04173349711573,16883350
201.13525390625,210.14180163995152,199.16643032653874,209.46738883620898,17114833
197.21934509277344,203.16932397976674,193.20555815649533,203.16932397976674,29319458
205.96485900878906,206.96558661499034,199.7103187311513,199.7103187311513,19283523
202.44053649902344,208.41225507443588,201.66822935439,206.91116393276806,13024856
207.2375030517578,208.292616311675,199.36220912915084,203.43038197277676,15442221
204.5181427001953,210.74005073595958,203.62618678674968,209.4891341213002,14433087
205.44271850585938,207.27013898668895,203.91987294591445,204.49639131640026,10235503
209.3477325439453,210.65303495241884,205.3883312127052,205.3883312127052,12770834
206.5957489013672,210.413732848315,205.0946575962001,209.5217768867868,18989787
207.24838256835938,208.53191613695518,204.93147551956193,205.56237966911476,15186204
205.38832092285156,208.09682001723587,204.68129123008296,207.58557914092182,24826958
206.74803161621094,208.5754521915484,205.4318519729929,207.32453549427242,8349402
210.2940673828125,216.37457222234073,203.40862390600347,206.95467863267334,31032353
213.4811553955078,214.2969711664352,209.8589606743979,209.86983783075058,16453192
217.8756561279297,218.80024345757073,214.7755794501248,216.00472715605548,20105967
220.34486389160156,221.465240139688,217.00547493973602,219.72483688007776,15880459
218.94163513183594,220.8125640066558,218.31074557715385,220.5950063697824,8987660
223.42318725585938,224.27162005148898,219.18096518875356,219.18096518875356,13222993
226.6211395263672,227.09974893166847,221.59574803182286,221.90032293419213,11854901
220.1055450439453,227.534861093061,219.507286887952,226.697290961327,20706353
220.70382690429688,223.97795316180503,219.85539404669981,220.79085869170214,15319044
221.84593200683594,223.29262282338223,220.3665951995088,221.7045144542453,11880095
222.0090789794922,223.6080644301214,220.8343171223436,222.77049439883302,10487788
222.28103637695312,223.16211514392396,218.7349960394123,222.11787902093596,11064129
223.5187530517578,228.11672846191098,222.63875368247795,225.9387439744036,16832997
225.98272705078125,226.63171956560075,223.45274005108615,224.01373557213304,14030979
228.20472717285156,229.1287250489491,225.0037481674222,226.1477385446155,12708074
230.52572631835938,231.49370802921047,227.84172963426718,228.1387342027173,15333442
226.4227294921875,230.31669931477774,224.92673652240097,230.31669931477774,16806372
224.4867401123047,226.97272868170091,223.44174641177167,226.59872676240312,18070240
227.9737091064453,229.23869521530332,224.44272706540158,225.2347146649767,15871250
230.3496856689453,231.38367967379799,229.39268903040676,229.39268903040676,14453294
229.9427032470703,232.31869559731535,227.19272365918033,229.01872009184737,30833349
227.5777130126953,230.18469734061676,225.4987253247865,228.6007074205789,12381116
227.709716796875,229.2827071501707,225.56473128653965,228.79870898871457,8632568
225.92771911621094,229.32669096751826,224.8827254890588,226.8957153771565,10259495
227.4237060546875,228.07269852434376,224.97071659524636,227.0607037948902,6990781
228.19371032714844,230.55870296419198,224.8607360725847,227.6767133028409,8789163
227.99571228027344,231.97767896581948,226.86272163754285,227.8967009785937,13411752
228.86471557617188,230.0087206201896,227.25872628749494,228.13872564881703,10308361
230.42669677734375,232.6376947135226,228.36970826872383,228.8647060531523,11164859
234.5296630859375,235.376663497367,231.55969120547897,231.55969120547897,16038542
234.24368286132812,234.6946821460281,232.18669436213986,234.47467497298706,19065716
228.20472717285156,235.22269355827376,227.8747237354602,235.22269355827376,21687934
229.0517120361328,231.4386892530528,227.69871418952044,229.106710157652,11380697
228.56771850585938,230.4486983571158,226.44473222927502,228.57871813038577,11705087
223.7167205810547,229.77768947295175,222.7047258284539,229.77768947295175,61157544
223.72772216796875,225.25671393399452,221.64873452598556,223.3867338300377,26429236
224.2667236328125,225.70771844189787,223.51873451099328,223.93673491101566,14502641
219.2727508544922,224.22271359844544,218.00775009545993,223.07872338359144,61949033
216.1927947998047,219.67977867722837,215.34579431492256,218.5577728853692,23479680
217.12777709960938,218.32676549581944,215.15878564630822,215.3787781279077,10620873
214.67478942871094,218.8877629751429,214.0037976680609,217.35877115705762,17571826
215.1807861328125,216.41277340835248,214.0587950987053,214.2897872057141,13546285
214.5537872314453,216.35776960076527,213.5967905846415,215.5987808690824,21665684
213.16778564453125,214.89477060697976,212.7387856383827,214.05878452762857,14748329
216.28077697753906,216.91876986081954,214.014795670898,214.49879381684266,15347096
216.1597900390625,216.63278858044478,215.15879483354965,216.28078590910872,7248302
214.5867919921875,215.76378114837604,213.39878852609638,213.7947896814601,12339923
218.41476440429688,218.72276856698429,214.5097950214283,214.71878788078098,12786216
215.1917724609375,217.9197525086493,214.4987814969823,217.56774987206708,14648291
214.7078094482422,216.14880441482396,213.64081642632053,214.9388015787467,9327335
213.2117919921875,216.28077520412228,212.59579836214877,215.65378195007833,12157600
213.51979064941406,213.94877597456625,212.10079513205747,212.49679627179006,8228838
209.26278686523438,213.81676288278902,208.03079973834534,213.77276439152476,9134784
205.5228271484375,209.98880650595362,204.8958339169015,209.4388106396901,18544619
204.5988311767578,206.95282407861777,203.64183454282514,206.2158199188094,18365734
206.89784240722656,207.6788304381977,204.16984739675004,204.16984739675004,12283217
209.26278686523438,209.61478948109328,207.05180393622584,208.96579704920057,9240115
208.30580139160156,209.5268036463824,207.70080741878456,208.9988070373745,14190024
214.4327850341797,214.9167831883575,208.72381848833524,208.78981623403038,13401594
213.11279296875,215.92877011100816,212.2987914300662,214.80677910365728,9633652
210.72581481933594,214.0588038715716,210.42882495529582,213.17880453255108,23332727
209.7908172607422,212.54081152247826,209.39483077553768,210.74781397148058,9042808
210.37380981445312,210.57181774069863,207.92083481417788,209.9888229579282,10253825
211.121826171875,211.8368164907178,210.28582529091443,211.19882354774677,8643295
210.0548095703125,211.85879194536017,209.55981180955774,211.41879230405078,8672842
210.1098175048828,211.40780255592102,209.35081404958765,210.59381566435812,18954268
209.9008026123047,210.75878791143438,208.81179585346547,210.75878791143438,12135516
213.65179443359375,214.81778396489585,210.3628040127746,211.19880481960246,15643495
214.87277221679688,216.56677300094745,213.02479138737695,214.2787778542781,16316760
215.84075927734375,216.35775625233853,211.86977782501847,213.37677025730068,10214469
214.77377319335938,216.7867630405903,213.24478146677532,215.80776717577604,10923848
216.61077880859375,217.02876452117533,214.22378696854088,215.59878402769303,11129082
214.7847900390625,216.4017788834661,212.74980078161818,215.81878410438836,9372207
214.47679138183594,215.30179260471638,213.4207980405674,214.93879030435932,10534878
217.84275817871094,218.3707547980659,212.9587931211142,213.87177656705913,10758608
217.16079711914062,218.71178832269308,215.5328085395303,218.70078869754195,13933068
215.7087860107422,216.89677480751607,214.96078218629438,216.69878156996933,12788710
215.69778442382812,216.03877277427824,213.39878953560896,215.58778818174744,9837526
209.3177947998047,212.27678159062106,205.34682797668665,212.27678159062106,24985097
210.2418212890625,210.84681534082918,206.90884684905365,206.90884684905365,9163399
210.71481323242188,211.53981444078903,210.0988195751429,210.40682374665587,7604977
212.71682739257812,213.1678267328574,211.19883498593632,211.63883470049535,7523987
213.2117919921875,215.04878794404482,212.7497930982219,213.83878524623145,12758283
214.1577911376953,214.89478063905122,213.39878770236578,214.0037964001053,6610193
217.07276916503906,218.5907613793818,214.6087945728422,214.6087945728422,7803505
218.48077392578125,220.636759123564,215.66479655608995,216.94078240082968,11359882
217.33676147460938,220.10874006330647,216.9517599610902,218.34875622196233,12029091
215.24679565429688,217.57877484324518,214.79579635400088,217.1387898534416,7140617
218.34878540039062,218.88778171704638,216.80879382626736,218.0187819610257,8266601
220.7467498779297,221.0987378383728,218.01875507001947,218.9537524614385,9767494
221.92376708984375,223.67275154697182,220.91177220394943,221.14276433223606,14915296
221.07675170898438,223.10074134461482,219.61375760434422,221.78075704313653,10758372
222.68272399902344,224.61871649211545,220.7687454388375,221.97873340414714,13992989
221.37371826171875,228.52367850584506,220.38372286264007,226.15868623343613,32106850
223.9147186279297,225.04770919139605,218.96474132009715,221.3187341185597,16649300
225.0587158203125,226.22470528974333,223.63972032313023,224.38772409707337,12265316
221.39576721191406,225.4987448222545,221.0987626512128,225.2787376365412,6711097
223.2657470703125,223.91473958696616,221.1207469123103,221.31875483460485,6899519
225.0037384033203,225.22373089486942,221.61575123323453,223.07874535927732,8241568
225.28970336914062,227.654695816722,223.34272598010344,225.05871127892698,10516399
222.8807373046875,225.71871368580025,221.96773915394053,225.06972119311402,11030767
225.7957305908203,226.70872882056898,222.86975696575163,223.28775739383212,15610838
223.2767333984375,225.47671686094736,222.63872585828318,225.27870895044416,9629597
222.0887451171875,224.46473740481343,221.10974917883564,223.95873999911743,7978251
222.8147735595703,224.3987636923879,221.38477818410007,221.75878013769193,7710138
218.6677703857422,223.16673415864423,218.12877411549795,223.16673415864423,11872282
218.45877075195312,219.99876224924103,216.34678409118652,219.7787697578058,10187608
223.57373046875,224.17872447193872,219.34975738463618,219.55875023975267,12109001
226.43373107910156,227.47872477356324,224.10173726648077,224.37674256353503,13556347
226.75271606445312,227.5887168791176,224.6187302165296,225.93872918403983,13290768
220.80177307128906,227.59973224403012,220.43877076011304,226.8737423074258,13471958
223.1007537841797,225.0257469073943,219.91077441103687,220.42777147318753,14169454
227.87469482421875,229.43670012681247,223.7387188423825,223.7387188423825,16365425
225.47671508789062,229.85468273128853,223.4087271248142,227.97370305364709,13367575
222.92471313476562,226.33468429493928,221.58271510470553,225.30069038701018,15486572
223.96974182128906,225.20172913170506,223.518742532901,223.518742532901,7749690
223.2767333984375,224.83872400653883,221.5607333742235,223.95872474723657,8177802
222.60572814941406,224.33272780624003,221.5827337780029,222.6387270203792,6684236
222.29776000976562,223.29875522988166,221.09875685912002,222.63874837577953,7320433
224.5087432861328,224.82774708842635,222.41875584853025,222.57275059444913,8719596
222.79275512695312,226.37873553954077,221.97875353670284,224.6627353624179,14960746
226.13670349121094,226.77469633018333,223.21071557055947,223.9367200819293,9639663
232.6376953125,233.14369272264642,225.74072518598905,225.99373123393573,16193208
234.60667419433594,235.0686583960779,231.6586868877915,233.63867792395578,18170724
233.19869995117188,236.27868303009626,230.33870936970743,234.27669256022065,23295502
226.4227294921875,236.00366665053912,225.65272641570692,231.65869754356686,42621045
222.93577575683594,227.15974956402832,220.50478501823352,226.84074572902207,28124615
224.37673950195312,225.4987305522715,223.29874694884356,224.37673950195312,11510431
223.88174438476562,225.94973252115736,222.86974956543574,224.8387410819305,12927438
227.34671020507812,227.9077204128077,224.44273597700422,225.0697292444267,12206479
229.79971313476562,230.9767023680278,226.598734181269,227.69872604039688,15269894
230.22869873046875,232.3186860686931,226.4117263378869,226.68671694252347,33684893
229.84368896484375,232.97866985988,228.99670324715694,230.55869388277935,18604842
234.29867553710938,235.44266581594206,230.3386933718847,230.3386933718847,31371009
236.61965942382812,240.64563940953627,233.0006802235666,234.73867960851535,39324529
238.12667846679688,239.3586805843209,235.6187051010928,235.95969349277712,16678060
236.32269287109375,238.64367257367385,235.18970208330595,238.47867819266054,11531268
235.89366149902344,238.67663978497512,235.1786712570743,236.27866302272508,10943394
239.56764221191406,241.07463477126805,237.37865827242598,238.258657572161,18761415
242.6146240234375,244.07761807323678,239.5786396837968,239.5786396837968,31085948
243.58262634277344,248.49960525195237,242.05363451106362,242.74662552624622,38213411
244.30862426757812,247.70761108113732,243.45063886001978,245.7386195278383,19374535
239.94166564941406,243.7586383559227,238.98466889507742,243.73663910574246,24820234
235.93765258789062,244.36359923456337,234.82666123317614,240.8986296872647,21260295
238.4126434326172,240.79963520282965,234.58465690132246,234.95865879264633,11199883
239.95263671875,243.74760972345462,236.77365733153346,239.1386351874559,18125170
241.1956329345703,243.82461654897548,240.23863625699562,240.46964305110671,13113580
239.66665649414062,243.42864570063523,238.87466881460062,242.87864976919846,10789932
244.37461853027344,247.77359040534918,240.2386278019719,240.2386278019719,21111045
243.97862243652344,247.06959022284593,243.4286265483588,245.07861421285273,15280380
241.1956329345703,246.83861638214802,240.67863591105555,245.0786177659083,11553662
232.5717010498047,239.58965246457703,231.43869565791417,239.57865283996878,21938040
237.0816650390625,238.03866175314474,233.5616823580493,233.85868690873752,15265659
233.34169006347656,237.77467096382333,232.92368964153175,237.59866228388768,9826781
237.84066772460938,238.20367002186381,233.64969326941142,234.5186782978579,11073137
239.2156219482422,240.83262531535902,237.90663740483237,238.57762911147742,17073242
239.2596435546875,241.55862364697524,238.489640525534,240.66762475733208,10125508
234.12269592285156,241.33865538177724,232.84669539063742,241.33865538177724,43608816
233.9246826171875,236.27867569567528,233.34168783126808,235.39867636165687,10513017
233.3856964111328,234.35369278321895,231.92270222799692,234.29869465818538,7658966
231.88967895507812,233.07768238805232,231.46067893920517,232.32967859480047,10945927
230.71270751953125,231.8566978590669,229.54671793061019,231.24070419052828,12842476
232.08770751953125,232.75869931979094,229.63471775413458,230.9987152900575,8127969
231.2186737060547,232.30766577501603,230.42667146367629,231.28467144529534,10223897
225.2237091064453,229.4256974602513,224.6187151274661,229.01869670451217,7039997
225.26771545410156,227.64370764454603,224.5307259672683,225.24571620630792,7311872
221.21975708007812,225.91672878355925,219.99875473706422,224.45373470822975,11535892
220.25177001953125,223.63974252856454,219.78977109816358,223.0787469852782,9506040
220.7687530517578,221.25275119172088,219.6247481027339,221.25275119172088,13432073
221.0107421875,221.9787384560763,204.59883348851753,208.99881519243277,21640144
222.28675842285156,226.3677366402624,221.5387545776713,224.0907409166297,9764091
220.38375854492188,223.84874300271207,218.92076445448836,219.52575847726993,14775330
216.78677368164062,219.99875202175647,215.49977360933437,219.22876365178192,14487470
217.03977966308594,219.29477617618272,215.7527941897858,218.89877499757216,16550762
215.1038055419922,219.591770028484,214.366801295413,216.91878772444164,12628378
217.24876403808594,218.39275426689142,216.03876138176653,216.69876817093925,18163751
218.12879943847656,218.5797840819425,216.30280287071895,217.2597996563993,13232434
220.31777954101562,221.7147613186822,218.52478188301728,219.4927782761118,17646355
221.97874450683594,222.3087479164924,219.89975680321723,221.09874520491638,13107911
217.2157745361328,221.21975519539714,216.0827838820873,221.21975519539714,18913793
218.6127471923828,219.0967453187642,216.55577351244432,217.79876035647723,10454964
217.061767578125,220.13075085204244,216.50077205678224,218.45876391224155,8312777
219.49278259277344,220.9447772109709,217.36979613566018,217.57878901943366,9885281
217.8097686767578,219.9877529895628,217.06176486714517,219.9877529895628,27596098
219.50375366210938,223.2987414386984,218.89875965467027,219.9987514292407,12627845
218.84375,221.0987315504423,218.19475753064398,219.09674133937355,12481430
218.645751953125,219.93273723998666,217.02874859852378,218.8987432869159,3987213
221.1427459716797,221.4397505119942,218.81076688912336,219.11875636793445,6726369
219.81173706054688,221.67071740341547,219.19574348725465,220.8787298622526,4930865
224.4097442626953,224.79474580912049,220.95575934095365,221.10975408522486,8750556
226.36770629882812,227.0056991266169,224.46471275285532,224.8387146253157,8239158
225.98272705078125,229.1727061895174,224.5087333478505,224.5087333478505,9023848
228.75473022460938,229.0187359198814,226.0597485736458,226.15874520221726,10365823
233.0886688232422,234.1776608942081,228.4026971568226,228.75468510008736,24139260
231.64768981933594,234.87066775770927,230.70169278622214,231.5266939556402,19331986
232.5717010498047,233.63869400829861,231.43869565791417,231.43869565791417,14942206
233.7596893310547,234.72768566580544,231.95569215654274,232.09870196186182,15009634
232.73667907714844,233.41867044072015,231.691685441246,232.03268846590493,11688169
233.91366577148438,234.8046646644373,232.58268192966182,233.22067479126875,20367894
231.73568725585938,233.7816760616264,231.20769061842745,232.7586816587429,28892834
232.6046905517578,235.1676764109491,231.43868633302202,231.43868633302202,10265033
230.4376983642578,234.51867654300742,229.82170470601667,231.95569060371648,15321770
234.23268127441406,234.76067792524313,230.33869679595801,230.52570509433804,17442849
230.9326934814453,235.29967653265356,230.3606983278564,234.93667424231464,9637310
234.39767456054688,235.1346787549117,230.88869163351396,230.99870256148023,8772325
238.12667846679688,238.69868836628027,233.880705523063,234.25470747711032,15711974
238.7206573486328,239.7986498861889,235.91566507756107,238.47865093172928,7097888
239.66665649414062,241.33865822402603,237.84067470120982,239.76566780411224,6434204
234.7716827392578,240.45865015709268,234.1446894561158,240.4366509080613,10392483
237.02664184570312,237.57663770464978,235.1236629291907,235.61866067081723,8734164
236.4876708984375,238.6986688798613,236.0806701010015,236.3226765288339,7845839
237.09266662597656,238.9186630722342,235.618687542205,236.9386718799178,5228980
239.76565551757812,240.76663601918585,237.59865609187045,237.59865609187045,11349916
238.9296417236328,241.05262785093316,238.4786424640165,240.89863311839207,11475958
238.32464599609375,239.87563699120184,237.55464296750318,239.1386328336298,4371992
239.8866424560547,241.4486331128697,238.59964239775664,238.59964239775664,7234429
236.77365112304688,240.66762063967695,236.2676537566377,239.7876360745165,12013154
229.07371520996094,234.95867585656868,228.4687211771364,234.29868370128253,39234251
227.15969848632812,230.55868490576222,226.32369773923716,229.37068152530475,15867619
227.41270446777344,229.96469051628603,226.81869543478075,227.7316935452466,15284274
225.6747283935547,228.23771432845433,225.25672797718858,227.46772592840892,8784907
223.49673461914062,226.81870919013895,222.8147432436451,224.7947343117088,13708502
226.00473022460938,226.33471895698804,223.73873416687488,223.73873416687488,9419288
223.80474853515625,227.19272099803328,223.55174248573041,227.03872625492443,23856654
225.52072143554688,226.3567222229978,224.17872326321694,224.4537285463179,21861796
229.85467529296875,230.21767754283485,225.45470854493576,225.48770741440129,15678126
229.9427032470703,231.83469742755705,228.86471066118756,230.30570554582584,15125194
230.9216766357422,231.19668191051957,227.74269731206198,230.14068867714658,11312284
229.56869506835938,231.1746841760499,228.41370521537752,230.99869019791808,9099129
227.40171813964844,231.09769460529927,226.6207154638543,230.11869869742875,13219481
229.16171264648438,229.87670292560676,227.0497259969106,228.13871819523789,9991907
226.79672241210938,229.31570988180403,225.98273550351965,229.23871250937296,9905562
225.53170776367188,228.4136971685253,224.8387168134455,226.79669380842157,16230826
227.2037353515625,227.47874066783177,225.8947505787851,226.15874158408556,9861688
226.6317138671875,227.81970262474002,225.619719092755,227.69870676134502,12518554
226.5657196044922,227.4787177774471,224.83873456135487,227.2587106094206,8565757
230.95468139648438,231.6366874461676,226.576713621483,227.69870462483783,18244623
231.28468322753906,232.64868063190065,229.95368469447885,231.6366858738331,15236663
234.8486785888672,235.2776786279463,231.55970276550542,231.55970276550542,19655195
236.60867309570312,237.20268221365242,232.85769819286153,234.62869655027993,14847356
236.58668518066406,237.34568870899213,234.62870779130319,235.51969213941888,11650581
239.40264892578125,240.00764293991185,236.06966000736705,236.5426585316684,14186476
265.6485290527344,266.5615126391101,240.2386603020784,240.45866749400182,127323130
260.20355224609375,268.838507746783,259.45554835571596,266.99051195714196,62249698
272.55645751953125,276.49441089022463,261.8755145831481,261.90849876826445,83422197
272.3695068359375,274.5585058281439,270.26850485130745,271.0385080390984,36111716
271.5884704589844,273.76645475256566,270.5984749281299,272.82045771768287,24385665
272.0834655761719,276.03243335141445,269.94947979933266,272.3364422398002,18063590
276.8794250488281,283.3143960755556,273.1394647324896,273.1394647324896,84305639
287.1753234863281,288.63831733055525,278.35339130261957,279.1783776727591,66724743
287.0873718261719,291.9383382678864,285.1513792248654,290.1453554668616,42071555
284.0623474121094,287.69231081664753,282.94035658732577,287.69231081664753,43336972
283.0834045410156,285.55839353084764,281.9284292600904,283.7984242047962,31094457
281.96136474609375,285.1183592945123,277.46238684262806,283.8533586134327,24785585
283.6883850097656,290.17836888206716,282.75340226790513,290.1233560753727,27765035
287.0873718261719,289.58435994716996,283.88640775669376,284.02938818548216,24107889
285.4813537597656,288.286330930204,284.5903402786932,288.1983339500717,15924023
286.15240478515625,290.38736313283164,285.56940998508543,287.75837937724003,22727289
281.77447509765625,287.37344642772257,281.235478723195,287.31843361047197,12869337
278.034423828125,282.4563901191714,277.04442830624225,282.0824029068017,22596181
277.1324462890625,278.49642912663114,274.23947155728183,275.43844533820715,20291685
280.1244201660156,281.05940291290995,276.75844703140416,277.89142301477676,11807911
283.0834045410156,284.2384091934354,279.05742440898854,280.30042605913616,16282523
275.24041748046875,281.32340010392375,274.38241748821184,279.64038430369396,32452615
274.0634765625,278.078442373231,273.2604599031582,276.75845803938023,21707345
276.4614562988281,277.1984458460531,271.33548428540564,275.3724493865668,18924345
279.54144287109375,280.4434414873783,275.6584724682917,276.09845746574996,27862325
290.59637451171875,294.28135166793174,278.5184338661172,278.5184338661172,45390562
302.42132568359375,303.7083259297767,294.1493723006689,295.2383792870153,44886623
311.29827880859375,311.95828572486084,303.620334437291,306.94230952712405,40323877
316.4682312011719,318.75621196514396,308.4822977774712,309.9782761626851,50620850
309.4502258300781,315.47819585547535,308.5592416233247,312.6842326885915,31875272
303.8952941894531,313.47621643517203,303.0042805803993,310.19824033994394,30768410
301.9153137207031,308.0972789091605,301.42031593321735,305.3252854249413,32249647
297.8783264160156,305.01730316075896,297.2513331198886,304.2142864972413,27448279
300.25433349609375,302.1462983236032,296.4153322886168,297.878326436847,12713918
306.2052001953125,307.0192015537651,300.29824193590895,300.29824193590895,11837502
301.4422912597656,310.1982266253829,300.738285977224,307.9872582225041,16016414
301.1342468261719,304.1592458620143,298.65925829556954,301.17824531687194,11572557
301.2992858886719,305.09425889008793,300.100282840332,303.3782882102299,8393496
308.5482482910156,312.6182264412283,303.2792671311256,303.70826713012974,30230907
311.82623291015625,315.6982179472222,308.042244862888,309.98922231939974,25512511
315.2142333984375,322.90319135770125,313.7402543156564,321.1982054702398,36764315
311.6172180175781,316.8091871505392,308.57024888903044,315.69821049482323,16763153
310.0882568359375,313.311249628815,308.4822822803935,311.73825926116876,12571594
306.9422912597656,312.46424991319213,306.01829338058144,310.1432849616357,11848658
301.5192565917969,308.43821035920826,300.5842739529807,308.43821035920826,18591411
301.4202575683594,303.76322118682265,300.29826671684503,302.91623557988237,9500038
298.747314453125,303.5102837182896,297.88931442738556,302.4982889597365,14365934
292.2133483886719,300.81531899478796,291.4983581184318,299.55031813421317,15598448
290.70635986328125,294.68834142943416,290.03536808115086,292.59835402557985,16066733
292.6753234863281,293.40129859970557,290.45331154000655,291.27832731698834,21106150
299.0002746582031,299.9902701147255,292.74132753297056,293.65431094157856,22906024
299.0993347167969,301.3433169517029,297.3613352300679,300.1003152739382,13783848
297.0973205566406,300.07829211209855,295.68933930241377,299.2093071237273,7523427
295.7003173828125,298.40631295916245,293.3683383881324,298.40631295916245,6738085
298.38433837890625,302.9163012569784,295.0183357230718,296.12934187886094,12655992
297.6803283691406,300.5073053113593,296.5033244833285,297.6583291200085,9844573
292.015380859375,296.9983433125036,291.30039052618605,294.85337231293664,9790379
290.1453857421875,293.8523622829346,288.1984079992745,293.2583825144256,12813204
291.31134033203125,293.39034270028384,289.3423635754577,291.82833734665314,8801430
287.2193603515625,292.56535380965374,286.4383723669095,291.65234096636914,9223001
285.49237060546875,289.01236769013826,284.92039017067975,287.64835560265743,14326531
286.5373840332031,288.7263532549563,285.2173704171441,285.998387774285,25922008
294.204345703125,295.76632169298233,285.9983911727322,286.8673761602448,21430443
298.5163269042969,300.3973067478246,293.8303400178321,294.1383588747999,24022633
299.0553283691406,300.23233226625615,296.6683363866416,298.29633958104483,9658309
294.9523010253906,300.94728667136184,293.87430856460526,300.7382791417736,16423338
292.2133483886719,294.7983335459587,291.05837314335895,293.1923590154493,9534069
291.4433288574219,294.5123266855227,289.7383431180289,293.6983251560987,11495005
292.4553527832031,295.0183388026691,289.48539532992686,291.7733760423225,10835031
288.8143310546875,293.4673038447981,288.4183446190787,293.4673038447981,9591064
294.5783386230469,295.2383454516932,287.97838782255695,288.46237129113575,11199223
292.97235107421875,295.8543409123369,292.16936377081777,294.7983475505031,7903123
293.852294921875,297.6472675954259,292.81830100518624,295.92028275525246,13836547
290.2773132324219,292.5433236365782,289.73831703116883,291.83931840809834,8432435
289.1553649902344,291.938343389122,288.4183754704943,290.5303620959697,6025338
298.6483154296875,299.1982966409152,289.4963637314192,289.4963637314192,52939271
304.46728515625,306.8982755942494,299.00031024830713,299.1983034888807,28290813
305.5343017578125,307.07427860120174,301.2443012286326,305.600299506608,32710880
310.0332336425781,311.4742284673773,305.84227402983174,305.84227402983174,15236956
310.7152404785156,312.8602406276011,309.63724793474273,309.97825097090436,10142474
312.8382568359375,314.15824117748093,308.9332578778172,309.7142752923381,19992472
315.18121337890625,317.9861907900898,314.0922065990691,314.47720810593603,22118609
315.8852233886719,317.2382212776561,314.7302481148517,315.918236948364,31143289
316.17120361328125,317.45820371360367,313.4982214796845,315.0382276246502,32591540
307.6683044433594,316.7872435555429,307.01931185916317,316.7872435555429,15567803
306.39227294921875,310.1982606214147,305.8202924588047,307.99827691529407,12898245
303.5982666015625,306.3262319133456,302.509259841458,306.23823492725523,7814271
303.8292541503906,306.83225420122454,301.61828574380064,305.4022443865207,9195278
312.82720947265625,313.96021475947873,305.5782666133339,305.798259085098,18816782
317.3812561035156,318.43724952449384,313.278263614524,314.47726685295123,27209010
317.35919189453125,318.99817981810327,316.35818212027124,318.71216024174856,13590313
328.05108642578125,329.50306592207585,316.79816455790666,317.4581418873643,35845310
328.42510986328125,330.1961226550387,327.60012342457145,328.9201076008053,3504540
328.7551574707031,330.9661260245132,327.13816863238935,330.21815156796225,20995547
332.44012451171875,335.49810810731793,329.4481386603164,329.86612437356314,17104482
337.5220642089844,338.1651436027515,333.98518675322686,334.56174375505054,23010262
340.10540771484375,340.60434043237126,336.0695977155094,337.0563908882755,20530867
344.0968933105469,345.8376070089388,340.82610535667027,340.82610535667027,18749450
337.0342712402344,344.107997342335,335.0607141806566,342.9992610802669,19640167
339.9280090332031,341.0478469647154,335.41544052083873,335.41544052083873,11790198
339.02996826171875,343.7088283029618,337.8768542446069,341.4359058725699,13626050
351.47003173828125,352.95572820184384,342.5890401427748,343.7088486222554,97142371
358.1778564453125,360.31770435655847,351.4699898171692,354.79619806803,43429394
355.27294921875,360.3287986804059,354.2639819368403,360.273348555145,20063064
359.8409729003906,361.426467691863,355.0401402634839,355.7275679370529,21954323
353.6430969238281,361.7812093252695,352.2128212268641,361.0051148270928,18409364
353.5655212402344,356.1156351851967,349.91777298029587,352.8559194251609,14331863
358.1667785644531,358.9650768875159,353.9092269814265,355.22863218683875,16567422
355.5945129394531,359.8409625683317,352.91135432093404,359.8409625683317,12311920
361.2712097167969,362.7125576968661,356.5923205050714,357.01365855815334,20786240
365.9057312011719,369.18762078142913,358.5769889816956,360.7501128789064,19707381
359.7079162597656,368.7663002170983,358.1445956510528,368.7663002170983,18579866
358.42181396484375,361.80344313429646,357.5791673371341,361.80344313429646,9537088
355.3616638183594,359.46399633212053,351.86913468860513,358.7876705574027,10961296
354.5301208496094,359.2311849000864,351.47003139658875,355.1288520238856,10436651
351.32586669921875,356.2708459499977,349.90669270654314,353.25507531120337,10188164
342.8773193359375,350.3612817295262,339.93914306706205,343.9195332021839,16996281
348.8200988769531,351.3591108795183,346.1480420888799,346.1480420888799,13440617
347.2789611816406,349.4742592210382,343.7531561568668,348.58726443244717,13576650
347.5007019042969,354.2750909153216,346.18129678838204,347.9220103658174,15828719
349.3411865234375,349.8733952411508,344.4073094433938,346.81327652799314,7935890
346.9020080566406,351.28153233624136,345.98176677884334,349.696037495409,7573558
345.9374084472656,350.3390771257185,345.0504135906936,348.58729114884596,9533641
350.81585693359375,351.8137225068668,344.40735497401096,347.0018173065143,8320052
347.7113342285156,353.26611639561764,346.9241378429523,352.5787183934968,12654347
347.3786926269531,350.79359703177107,346.1923324139103,350.15054734276595,12316426
339.7506103515625,347.58938692689753,339.2738517794356,346.33650424107964,15164812
346.8354797363281,347.87769352445696,341.7685574532909,343.16555734632084,10334911
353.57659912109375,354.2307507603837,349.0307544336853,349.2524957342954,25104625
357.03582763671875,358.47717559640006,354.5744401595001,354.76290544954924,15431918
357.75653076171875,362.8123805042196,353.8759395322366,358.2332893665264,21560532
362.025146484375,362.52407916771716,359.46396068355045,361.4485895504114,25216776
364.8635559082031,366.4379784756321,359.85208370254236,360.65035244717217,48745984
362.823486328125,369.20984369174647,361.44866051487156,364.9966401174372,16205339
362.291259765625,365.10746302595015,360.16248412450756,363.6660853990611,13248413
362.7347412109375,366.7040287972623,362.1360397165631,364.2426412215425,12690592
365.3292236328125,365.88357689939755,362.33562717831063,364.8857114145636,6500191
376.5274353027344,381.361513565737,364.55305107387704,365.44004578767874,29377106
374.24346923828125,382.07117437463523,373.4230263856734,379.54326421339397,11867640
373.3343200683594,378.2349213442362,370.20767884305747,373.42301659063907,28595395
374.9974060058594,377.43664916098584,373.91084401297826,376.9709628183337,5061995
371.9151306152344,376.41662731665457,371.20555841007007,376.3944531852432,7718697
375.70697021484375,386.9495788406749,374.79780135579483,379.67625757326084,24942703
373.1347351074219,377.72492830569644,370.87291450768384,375.6405007561369,12950541
362.5130310058594,372.49168615099455,360.65034476476995,372.49168615099455,12294087
364.35357666015625,367.191954545754,357.10242781510317,361.4486763744652,14229631
363.71044921875,366.79274216484043,360.2068477943011,364.420050997808,10564143
354.41925048828125,366.1940699541337,352.8005092316181,366.14972168970405,18448855
348.786865234375,356.082361807985,346.0150099533438,354.64101364063885,29547622
346.325439453125,351.8691198027437,345.5271411933858,351.1373439309011,16666208
354.0644226074219,356.5036360732859,348.2989712817694,352.5787263193002,18345748
363.15606689453125,365.8613698016583,352.84480101536934,354.4413678842515,18907611
365.5066223144531,367.41365679087505,363.067408693903,365.88358254154394,10631751
371.2276916503906,372.2477311879378,364.81916114353356,365.44006635964087,12997688
368.3892822265625,372.4472658941758,367.21402388864334,372.09245025661323,8850408
373.9551696777344,375.7735074677797,368.54453417062797,368.54453417062797,14732024
372.6025390625,380.6963334497577,370.7620270403874,374.8865336899504,15420644
387.0604553222656,388.8566189393201,373.46732969765856,373.46732969765856,18642942
388.7013854980469,395.0211899903906,387.32655987386397,389.9653700804989,21509701
388.85662841796875,395.5977412708959,381.98244118592373,389.8323196999686,32009221
387.7701110839844,392.04983689754187,384.59909184908736,389.38885229381066,13898844
405.576416015625,407.08428647089767,388.05834991138755,389.122737763633,36671941
403.53631591796875,408.85825490337993,400.47619730073495,406.1529223501807,8014767
416.7746276855469,418.9699552795636,403.1815016937894,404.8667947139501,27455320
414.3354187011719,420.300437117699,411.6522898436859,420.300437117699,13857773
416.8412170410156,419.5021719792803,412.22884975371863,416.92991356529234,10011782
420.16741943359375,424.7797570491367,412.8940973133276,416.8855592679219,16840049
412.3840637207031,424.291927221682,410.54355165409277,421.320504879138,11498547
417.9942932128906,419.3469447863989,412.7167020976662,414.2245725855957,7823263
417.26251220703125,419.43563619238034,413.4262692346385,419.08085010660267,9504986
422.4513854980469,424.7797282788682,419.4356151056107,420.32260988044237,17571371
419.8125915527344,424.2032173383508,418.77037783283686,422.5622725006483,10277678
419.2360534667969,423.9592614784177,416.95205891437126,423.9592614784177,4798537
413.559326171875,417.99430039934794,412.0071073959955,417.99430039934794,9757496
402.1171569824219,414.66807064727834,400.4984157810259,413.93632430917336,20447574
393.73504638671875,401.80666600985097,392.09413127084844,400.2544474080829,17752793
399.36749267578125,403.5363476761895,395.6199461595708,396.8173788249037,15007224
391.9833068847656,399.5670669702896,389.9210534785723,399.5670669702896,13923102
388.16925048828125,395.5534436328341,387.3931262681677,392.49332462108424,9088619
393.24725341796875,396.9282479225255,387.1713639871543,388.0583588185482,12481463
391.916748046875,394.9768370699114,389.3666343877063,392.27153411215954,15272059
400.8531799316406,401.80669713708545,392.71503729248457,392.71503729248457,15160866
404.4233703613281,410.1887927775508,402.91547015671244,407.5500118269478,12219276
408.39263916015625,409.94488766849526,401.3632614219142,401.89544060992733,9231195
413.5814514160156,416.73026646257995,410.454810497843,411.0313674410068,13082246
412.78326416015625,416.28686595160536,409.5457223568753,415.7546571603182,11058315
419.9900207519531,421.2761499230699,410.96488321372397,412.8940917728894,16031638
421.808349609375,425.53372212654637,420.16743427108344,421.32051871568837,13987125
421.919189453125,424.6466962472127,418.65950354115483,420.10088119537977,10237135
418.37127685546875,421.91922677009313,416.0429337988408,421.2540028139037,10153618
419.5465393066406,421.32052908275244,417.3290668889922,417.70602713429827,8038351
408.70306396484375,417.5286047513973,407.793895008569,417.5286047513973,20637767
403.6250305175781,413.0049539505473,402.5606426728081,409.98918345620234,11114967
399.85528564453125,405.26592105881963,397.9704254997438,405.13287628694917,10103208
405.2215881347656,408.3482292069647,397.1278236382061,399.61138535038634,18306627
410.9648742675781,412.58361536021647,403.04847302919,403.5806817534001,24078081
413.13800048828125,415.1115572762486,409.34610582297626,412.4727469806021,12095301
408.4591064453125,415.53286109974505,407.59431538147743,414.1580354445659,12224184
406.30816650390625,410.6766182137095,405.155082119155,409.1021957467538,10792248
406.0642395019531,412.0070839044345,402.693682965239,406.2194584101928,15782031
405.6429138183594,410.21090277257525,403.89109843262645,406.64077921966594,9147866
408.680908203125,410.18877875119625,403.02632703664835,407.5721720223421,10983157
407.90478515625,413.75893352303564,406.99561615652317,412.8941127864671,24408414
408.4591064453125,413.62582672337993,382.58118640027124,404.4455001289847,18581421
410.6544494628906,411.1201062069751,408.0156390981362,409.61223571638743,8891691
407.1951599121094,411.29749243814445,406.68515491513307,410.63226852904495,10443493
404.8890075683594,409.7674644578064,403.5807042224332,407.3282212105921,9071450
408.1930236816406,409.08001849506155,403.27021874989356,405.6429394974131,10658428
412.36187744140625,416.3976875485768,407.19515709161954,410.16657934662317,11596338
409.67877197265625,415.77680613836804,407.57217027768803,413.78110470548717,9520350
409.8782958984375,414.40193665086133,407.6164755222256,410.3439526091369,15511891
408.4813232421875,413.47065100266894,407.35041289714275,410.8983924623664,11089700
403.4698486328125,409.21309685361973,402.4719830864583,409.21309685361973,9453202
404.0907287597656,407.81610140165844,401.98412698380986,404.91120125887096,9499419
405.7095031738281,410.67665687146433,404.93337893248236,410.2331446171311,13507800
408.1486511230469,408.81390459475335,406.10857205512417,407.1951339757583,9008932
409.45697021484375,411.0757408966286,408.12649282480197,408.8139204520637,7441284
411.8075256347656,412.8940876209005,409.56787927181296,410.72096364863074,8827020
417.3068542480469,418.61515752483297,409.7896169328094,411.6300993303302,14294571
417.927734375,420.16738058344146,414.889789928457,418.2159980480723,11727682
415.8877258300781,418.0608500208346,414.6680893349744,417.6838601640817,7849171
420.8769836425781,422.56227675746726,416.1094272021357,418.21602879325684,15071161
420.9434814453125,425.09016199435393,419.1916956467455,421.32047124384815,11120925
409.3239440917969,420.3004644736042,408.01564077187857,420.3004644736042,10825151
410.0113830566406,412.00711409018425,402.25020023619726,410.6766366028158,13204016
407.882568359375,412.27316437270844,405.8424892575261,412.00707482159225,9381821
413.02716064453125,414.4019864176343,408.94700198372743,409.3461363551174,9973533
430.8556823730469,432.0974634033044,416.8855939739287,420.4335440039478,45700733
436.0667419433594,439.48164710252286,432.40792133103764,432.40792133103764,22526810
428.5716247558594,435.4014342247697,426.9306799741848,435.4014342247697,14289485
428.3721008300781,431.07740409349725,424.04799714595697,429.25906609350596,13669901
427.7511901855469,433.4279158253268,425.4450213195419,428.50514025500365,9897064
421.49786376953125,428.3277027382647,420.87695855238144,428.3277027382647,9182956
426.3320007324219,427.75117468971007,417.5729527381982,421.3204992134328,12551686
418.5929870605469,431.3434671995685,415.37764936301045,427.1968160325906,16524809
401.0749206542969,418.6373350663167,399.589224325159,414.6680473385717,28965593
400.0992431640625,404.6894363015321,391.07413501593584,396.48477099961235,19191099
395.6421203613281,398.25875660491704,386.2843707394772,388.9453552445686,24062503
396.66217041015625,401.5406273286008,394.7107876427784,400.2766722375666,15532284
401.1636047363281,403.8689373531646,395.7529691076345,398.21438629970964,13825894
398.1922607421875,400.0327433221432,392.93681377411474,394.2673209177958,11580639
406.0198974609375,407.2173300906768,400.05487883734907,400.4762169140037,11877059
414.06939697265625,417.9943369248246,408.4591637062846,409.3461586292872,22247829
414.95635986328125,419.4356527934342,411.630121757543,415.84335471781264,13363743
408.5921630859375,418.03860843319694,407.1729596277247,416.7081014905001,9628162
411.1200866699219,413.3375588415747,405.1550681730884,408.45910230095075,8941900
408.5034484863281,412.2509947924835,407.4834385291272,412.00707936793543,8458450
412.162353515625,413.55935346661613,408.96918962408586,412.45061723781714,11917390
409.9447937011719,412.894041507004,408.015585376869,408.9025800918915,11196908
414.3354187011719,415.9985376100109,409.23522093304183,410.41047939189673,10610664
416.3089904785156,419.05867142839287,415.37764740847626,416.44203525923837,8435611
421.5422058105469,423.89272266048624,416.1537445166383,416.44200818946643,14021366
423.3384094238281,424.46931969824345,418.3047337134018,419.52434051090995,56650480
420.6108703613281,425.7110680740822,419.52430843154434,421.20960145140356,8956590
409.8339538574219,421.38700093860916,408.72521778157744,418.2160116169969,12325694
403.9576721191406,415.20028250694145,401.40758777250045,412.00711873824434,16019726
394.59991455078125,403.2480625576209,393.84596448508796,403.2480625576209,15853546
404.2237243652344,405.57640547928685,396.1743080945426,398.1034869725736,13283967
404.95550537109375,407.72736041802426,404.04633644202084,405.753803650887,10638527
412.5836486816406,413.82545927009636,406.92909705824286,408.01565911940486,8315150
413.27105712890625,415.111569189153,408.61437125645455,413.29323125963253,11148731
412.029296875,413.3597743903112,407.6608744828242,411.91842621580594,14724464
404.3789978027344,412.2067034382179,403.5807290303769,410.23314642992295,12711836
399.1679382324219,403.44766402308875,392.9590037952404,403.1371965777423,30814962
397.14996337890625,402.2057828834253,395.59771523946665,399.5891766209094,12630833
394.6220397949219,400.9196699047029,393.40243312517197,396.17428799640567,15192983
397.77093505859375,400.1879747570287,396.1743678832462,396.8617660038194,14715126
402.7602233886719,404.44551653498024,397.2608909398997,397.3717615936067,22129723
396.4404602050781,399.1457636501029,394.3116842199835,394.9769082122105,23469999
399.6335754394531,401.0527493880917,395.8195065959501,396.46258598165065,13227705
399.0570068359375,403.9132892705213,397.8152259663807,402.3388964550956,15179544
391.4732666015625,397.30524063751744,390.2758339322176,397.2830665066959,19160609
396.01910400390625,399.56708355384876,393.1585817578689,396.0412781359688,12494499
398.9461364746094,399.8996536584331,392.6041577389312,395.15427147403454,13922126
396.8838806152344,404.3789436536117,395.61992562327055,401.2301284360106,14214534
402.7823791503906,403.5806774256553,400.69795174579804,401.4075535021422,8527915
404.0242004394531,407.3504090466722,401.36324539567084,402.69372291756196,9664888
406.24163818359375,407.57214519694816,404.7115936047103,404.7115936047103,7813897
406.70733642578125,409.745281147405,405.42120723986966,407.3060379548352,8455132
412.8276062011719,413.6702232334477,406.26385576750954,408.81396981171486,13140816
411.8740234375,415.39979874815555,409.87829262619204,412.3840284022897,10822592
416.37554931640625,417.6395044488931,411.87408208799576,413.6480422578965,12616816
415.57720947265625,416.88554234364585,411.7853444537146,414.4241251155822,8934275
418.7703857421875,420.0787186530312,415.1115653908795,416.8855550427153,9599816
415.9985656738281,420.5222067798712,414.6902327458218,419.21390345684597,7360987
417.9056091308594,419.10304182559247,414.6680675423455,416.4864055182277,9802587
411.51922607421875,417.70598594346166,408.5478334589732,415.99854833693695,7326696
415.111572265625,418.81474093930876,411.78536381708244,412.45058774380226,7674482
430.21258544921875,432.71835114553664,414.6680750573063,415.02289076938536,19921115
430.4121398925781,435.42361158218694,427.3298470754848,431.80913965680776,14079382
432.5631408691406,438.1733443246489,426.75334061941896,431.5209270537312,34096999
441.8543701171875,448.37374261650046,437.0646095351513,438.97164411508226,25518647
427.2189636230469,440.2133583873013,425.7554119091687,435.5123246517616,19406069
431.3878479003906,434.270544058522,427.99508753377586,428.85990822320747,13381914
426.4650573730469,433.6940313534749,425.4228436053623,433.6940313534749,8634812
423.07232666015625,427.8398832730146,421.32051109092976,427.0194108162261,8302649
430.6338806152344,431.63174604692307,424.13668304700604,425.2454191261069,7683268
428.9042663574219,435.51236459482647,428.0616197789629,433.5166336055746,10792648
433.1618347167969,436.53239155645736,426.753333013599,428.37210384069573,9831044
435.1354064941406,436.6654808464618,432.0752873944816,434.6254014466891,8781584
438.7276916503906,439.63683099426174,433.6274936476748,435.17971237633765,8774740
437.55242919921875,439.92515009954354,433.16183271475825,439.92515009954354,5642499
434.15966796875,443.49524318264264,433.1396283795008,435.9780058463204,10501479
424.0479736328125,431.9643750098041,422.4070583814764,431.9643750098041,18840763
419.25823974609375,425.7554375190378,417.55077251218853,425.4671738266835,10353948
414.1580505371094,422.87272072239983,413.3375780980791,419.36911926475983,11440117
413.04931640625,414.9785249921325,408.94698379615016,412.78322683715754,14491208
411.00921630859375,414.22455392023164,410.2330921664799,413.8475937164807,11310073
404.5785827636719,410.676646670664,403.2037273748704,410.676646670664,9991028
406.17510986328125,408.459104435722,403.64719986377935,405.3546374581869,11632489
408.37042236328125,409.5235067551595,405.55424857762773,406.24164662366286,17782410
408.1930236816406,411.1200976844356,407.1729840869536,410.18875461059264,11369679
406.8847351074219,411.563595171058,405.53208351065683,408.68089892942515,17878384
406.2860107421875,409.43482621348,402.07280735954237,405.73165745761935,13105124
408.61431884765625,409.03562727741945,405.59854864073554,408.4590703475032,37080158
412.69451904296875,415.0006877887482,407.32820191627786,408.01562955597336,19174278
417.26251220703125,418.6595120247612,412.69452293272207,413.9584779682855,12250151
420.2783203125,423.53800658185065,417.3290718959495,418.1273702652758,17436812
423.2718811035156,423.98145327832106,418.06081241988534,419.99002098009873,9164022
430.7891540527344,432.85140756560793,423.2940901040603,423.4936572946642,14999572
436.55450439453125,437.5301659880082,426.0214683556672,428.57158178991045,14289325
435.8006591796875,443.47311624309543,434.20406243314926,437.77421617791623,15018718
442.23126220703125,443.4952171531176,434.75837356949177,436.1331991595349,16285583
444.6039733886719,446.1118734249206,438.83855161619664,443.4952372937736,12962502
447.0210266113281,448.72846415066095,437.9071931402921,442.36431149274165,11997529
449.79290771484375,453.9174146433953,443.1626646866806,446.1562612901438,24705890
450.3916320800781,452.56475617039035,446.5997371852568,447.39803552179524,12363932
441.7434997558594,450.05903617970074,440.6790821991443,449.65987219468684,13881382
452.0325012207031,453.65127185980026,441.21123013776315,441.7212351085879,15735681
457.6649169921875,459.461080701245,452.94167935854944,453.89519653712443,22988909
449.0389404296875,456.4453069026759,447.2427767338343,456.09049122640886,35370008
445.46881103515625,450.8129245451572,444.5152938125026,448.55110400955294,11369371
434.15966796875,446.1562276087198,432.5187527369022,446.1562276087198,17649122
431.21331787109375,439.9415986728214,429.80694964677105,436.86102371876177,19595831
421.8822937011719,432.3964225846219,419.80625475468474,429.4944265706641,18770484
434.159912109375,435.5216355630852,423.6904281020801,423.7350728184062,17425606
428.8693542480469,434.115257308918,427.2621146947591,434.115257308918,14570004
433.6465148925781,436.8387016438374,428.7577692485713,430.8338082449859,11084063
442.0399169921875,442.88819635542546,433.51253825186393,433.8696959614885,10938521
430.6105651855469,450.21016179062025,427.97646733224576,445.1205151453767,40946479
436.4368896484375,438.8700863363339,430.61057524915884,430.7221870419172,20039239
445.1651306152344,446.45985709879477,439.09327081269566,440.70054009102387,11309207
457.93389892578125,459.1839807582411,446.459879251171,447.68763872595974,22846197
463.78253173828125,464.720100555837,454.4291957230969,457.6213822531326,18953870
483.2258605957031,490.65941455353067,465.47907904150037,466.2603913873789,52736376
491.0166015625,495.1240347099374,482.1766794310179,482.3999328173729,39301408
480.48016357421875,495.079403574208,479.0737953539936,491.0166150320153,14427529
487.6904296875,489.2976691230747,477.53345967431557,481.417668831512,14150770
487.7797546386719,493.1595918432317,480.97122693967844,490.3915300877872,10241565
493.27117919921875,497.8027367862964,485.0116688601383,488.1145658264259,11885426
503.8970031738281,508.29459729390845,496.41877450543836,497.08847507655935,17538801
500.16900634765625,504.41037364042637,496.9545271434767,504.41037364042637,12779803
495.99462890625,503.0486728534669,494.40968188205403,500.92801904000555,9775749
497.8697204589844,501.37444976256535,492.9810050043988,495.57045805397433,13014255
495.8606872558594,500.70481797832855,494.58828298940574,495.61514130674914,14053674
504.4327087402344,507.80347414154267,496.5303557383555,499.81183170939454,14610585
514.0538940429688,516.6879917441377,503.6067330594974,504.49962732912786,30344461
529.50146484375,531.465892149494,512.156543904111,513.875395444474,30350826
532.3364868164062,537.0466537751513,529.2335893780803,531.4658849764195,21227054
521.6213989257812,531.9569782717618,520.5499257666319,531.9569782717618,13668930
525.4609375,528.3852555934322,522.1571095453567,524.5903357985942,14536058
532.447998046875,533.9659181501548,524.7465771380403,525.3492509055839,8785462
528.69775390625,536.376882708247,525.4832154663305,533.4748572488671,8879612
543.6541748046875,545.7971806624587,529.0549362225413,529.0549362225413,17307566
543.7658081054688,549.9046051440648,541.1093582790866,545.3507252164142,14976885
537.6270751953125,542.4488841158743,536.7788254549266,540.6630355829742,7833494
530.2604370117188,535.7295637899235,528.0281415839977,534.6580309896207,10211072
540.4843139648438,543.4309245222671,528.7423972350266,531.2872053899499,11592139
536.1089477539062,542.8951822361751,533.7427184695975,537.2028325799839,13086024
537.4261474609375,542.6274061809165,535.7742332705718,539.7700249852122,8379864
551.333251953125,552.181501431192,539.1671812118711,539.2788227881778,16639535
556.82470703125,558.7444892662321,547.806236722095,552.3824687480126,15923396
566.758544921875,568.7899093554271,552.8959728069792,556.4229650681924,17429373
570.3524780273438,571.4463032931235,562.5617670285709,564.8833516984448,14550512
576.6029663085938,578.5450412843464,570.9106159254254,571.2007767805591,12188510
588.8805541992188,590.6664022670705,578.1655253978652,578.611972513389,19018790
577.808349609375,593.3451871918196,576.0225610189889,587.6751296000617,24230135
568.9908447265625,579.1254936274751,567.2049964208702,577.5405167476425,21545859
554.3469848632812,567.0040906700622,552.0923371204485,567.0040906700622,33479841
548.7661743164062,561.6019176293519,547.3821285118954,555.8425704366274,26686176
554.4808349609375,560.2178295599161,548.6991956492384,551.4448752844278,19333815
547.8062744140625,559.2579717405524,539.5467636458379,554.7263841151453,22584608
563.1644897460938,565.0842721677138,547.0696223513252,549.2126283561845,24487897
570.8436279296875,572.07138745866,560.0839530285834,564.7271228405991,23389269
560.6866455078125,570.1292707547068,558.1194850414608,569.2363168680037,15440786
552.5833740234375,566.2897187823456,551.0431015515308,562.0929963566653,23787332
559.1909790039062,561.9590106886245,548.6321770323365,558.8784064214935,17642490
559.481201171875,569.5042081053455,557.025682194555,562.2715853209249,17233514
547.3151245117188,558.4096629387927,545.3953423482047,558.4096629387927,14773803
543.4086303710938,553.3424075471863,542.158578318765,547.3598367651822,16660044
540.5512084960938,546.466781301861,536.1982600711617,546.466781301861,24642640
543.5648803710938,552.4494167154339,528.3852606521707,544.2345510686796,41713856
550.0609130859375,553.5656125953851,537.7609067596751,542.2032048827424,22098277
549.41357421875,555.8425924069185,533.5195778168597,551.6012249993262,21250513
558.6998901367188,559.8383601963247,547.8732782929156,553.1638261473953,13992341
559.7490234375,563.8788083281055,552.4940490888685,560.3071121425695,23642923
561.624267578125,567.7631252878276,556.869455814372,562.4948694337038,24220992
549.9046020507812,561.512584974886,537.53765901159,561.512584974886,16039441
538.0287475585938,553.431650175397,535.7741597805772,548.9224150136064,16135428
501.03961181640625,531.4658507174746,493.7846366880265,531.0640482647124,50774608
468.2694091796875,497.9366545104724,463.4922760253854,490.8826112623065,47998260
495.3026123046875,498.6957001734143,457.8669445485981,468.78290558411203,53983473
486.6636047363281,501.50838973662115,482.7124282413264,500.7717221351258,24042005
492.04345703125,498.18228435889955,484.0964590820585,488.3824710717272,20784941
485.6590576171875,497.6911358814303,465.65765947457095,475.0333176479424,28926389
502.9593811035156,504.0532064436551,491.9541606284115,493.3158542633898,19814528
508.8527526855469,512.0449398406953,499.209224134511,504.4550983839934,19406012
519.5900268554688,521.197236570262,508.96422721755306,511.64302928706195,16358598
514.00927734375,526.5324479895229,508.9642456280992,526.3762212867025,27967162
491.686279296875,496.0169658921809,477.82370712880925,491.1058979716003,55606079
474.43060302734375,497.7134779838939,472.0643734838293,495.57047201941265,28798142
470.8812561035156,475.345846870972,465.9478660198054,470.01065434722784,23128845
466.8854064941406,480.3684972116425,460.4787113831887,479.8996979238602,29869514
460.2108154296875,464.6084686799236,453.78179793260546,462.53242991714427,30833933
466.50592041015625,471.9081097573829,456.2820124209503,461.14840558093374,20085933
485.6590576171875,488.3601224220943,466.99703069851546,466.99703069851546,16781215
471.9081115722656,484.632213065964,469.72043111415906,484.632213065964,19263668
473.8055114746094,475.85922785261135,467.44346113462296,472.8009756418284,35999348
471.5732421875,476.77450048727985,468.78288790074254,476.77450048727985,20552752
479.89971923828125,482.6231362516007,474.65381623126126,476.37269735800754,36739798
486.7752685546875,487.846771633721,475.4798266035544,479.2524246415333,16585905
492.9363708496094,496.4633927831408,487.35560259420896,488.427105569208,18886485
495.8829650878906,497.8027473961336,494.0971467245612,497.8027473961336,2808599
488.1815490722656,497.26701670688357,484.4089812850755,493.8962513505449,23712291
482.1766662597656,490.5701111921419,479.74346966060784,490.07901932191515,12690610
490.8603515625,492.44526882905774,477.73441724276194,479.4979431813482,14899604
490.1906433105469,496.7535954660199,484.6322270811469,493.3605075968177,17034346
489.69952392578125,492.4452334473973,485.0786470042091,489.7441686398602,14943663
503.33892822265625,504.4773983628146,489.81119089519905,490.1906710076241,24131016
513.4288940429688,514.1878542105717,504.94615962906437,505.79440922815,15987574
507.8034973144531,516.0630084143205,504.4996690322006,511.1966150310496,12511640
496.8652038574219,511.4198284081758,494.2534283492337,507.84813189418816,16422494
492.3782958984375,502.4236551973058,491.1505363847718,497.5795544148948,12670591
495.4588623046875,498.91891720283525,489.9450908650716,495.12402693473547,13969873
503.696044921875,504.4996498003363,493.5390741236261,494.6328994555236,14896607
514.612060546875,516.8890008843463,502.8478489346839,505.5935290316807,17507771
521.6884155273438,526.7780324372754,517.8934954003397,518.3399425668665,27640198
521.2643432617188,529.5015034055542,518.9204058585306,523.3849974406077,23443212
516.3085327148438,524.5456908324637,512.7591290389386,524.5456908324637,12182825
514.4557495117188,517.0005580483291,509.94651377360316,517.0005580483291,11358720
515.7281494140625,517.357771019017,508.6517530373176,510.6385323839286,12729759
501.66473388671875,512.98243868726,499.25382958643917,512.98243868726,12831451
506.19622802734375,507.6025664215225,494.83381967230787,504.2541530269567,15779984
486.7528991699219,497.49025128284876,483.560712601136,495.57046890944844,20521072
490.0120544433594,492.04344861233886,471.015191471742,475.9262294075282,29518062
495.7936706542969,497.13307166687105,485.6367300933664,490.6593795804412,27572962
494.25341796875,503.6067540590632,488.8959031131703,503.6067540590632,20337275
496.55267333984375,497.7581104398142,487.44488331368484,492.4898850899819,15795834
504.45501708984375,505.83906290811495,496.2401806276893,498.22693011914953,11077711
507.3570251464844,508.5177877357673,500.2582770428259,501.5083886678146,12841994
507.5356140136719,512.2234283897294,505.9283446372126,509.6339752645108,16118419
503.8077087402344,505.61584959942394,498.3162296778599,500.48152827656696,12609700
491.1951904296875,505.05776268308085,489.32005268457095,502.26737842420783,18115814
486.2618408203125,492.5346029859464,485.10104826257754,491.5077445922326,9065704
490.36920166015625,491.1058692558898,475.76996270692274,484.76614094859843,15771193
500.1243591308594,503.16031905904646,492.89173625328937,494.32039698165846,27294221
502.5129699707031,506.84362692592003,500.57083528524674,502.4906178083164,16768547
500.5931396484375,506.2185525234821,498.33852194809737,504.92379619014116,15799099
500.4815368652344,503.2942733237321,495.61514336926854,502.37902679763,9746670
493.9632263183594,503.1603058863403,491.5523222860719,497.5795376624696,15628818
487.8690490722656,497.62418768494496,486.6859343025705,494.4543234595547,16288287
490.5031433105469,493.09262621248087,482.66778713740405,489.9450843680271,18516544
493.2265319824219,499.3430364578289,491.55229564542304,494.23106782404534,12060290
493.1819152832031,495.5481448035208,489.32002819226295,493.3828165023636,12304389
495.9053039550781,498.6956880823205,490.52546672321347,496.46339270167897,12614237
494.4542541503906,496.016878587624,492.44518261844877,494.56586592406774,8925160
490.23529052734375,497.2670420457163,486.0162455768965,494.49898019460494,14139060
489.67724609375,491.32913046775286,485.03404639294496,488.8736113643765,8994060
504.34344482421875,505.39262548584077,493.3381941550944,493.3381941550944,22011407
507.13385009765625,511.1966387604237,504.65597877094586,506.73198801869063,13961606
506.48651123046875,512.4913754499532,504.49973166103115,510.9511027134286,16379077
528.7647094726562,531.2425804556203,506.8435593070668,512.8930669398635,56181172
552.5833740234375,553.5879099148134,530.6845154337483,533.0730970972566,48206814
551.4448852539062,556.7131402674426,544.5024236802047,550.418056842771,36207430
547.4937133789062,555.4853551538082,545.573931180241,550.6189027870724,19313542
556.9364013671875,559.503561976666,544.7257435628289,546.9133942788677,28775487
556.2889404296875,564.63773960318,551.5564819692464,558.2757194286726,18703992
548.9447631835938,560.7313260803486,545.752576516443,558.2980996005348,18744303
540.5066528320312,549.8823410558548,536.3545751055725,549.5921206040808,20405845
533.83203125,546.9133493610966,531.7783148522408,542.4487588626214,17164298
547.873291015625,549.0117611016684,536.1983696918949,536.6448168617621,22279301
558.052490234375,560.307137710747,547.828612256669,550.9315093030788,20187323
576.3350830078125,579.0361777015246,554.525513647207,556.7354568651449,25528059
576.625244140625,582.3622986996858,570.8436044718482,576.8261751631559,20479210
584.9739990234375,588.2778269242751,577.8306662833047,578.7235605236624,20586783
576.11181640625,589.8627453742492,574.1920341792635,584.9740003825399,20150710
570.4417114257812,580.6210029666843,568.008485410084,573.6115453269812,14230054
559.52587890625,569.6828801924032,558.5213429375432,569.6382354739221,16457901
560.9322509765625,568.0532926214723,558.7446000340462,558.7446000340462,13998153
546.55615234375,554.0567028073378,543.7881204373118,554.0567028073378,14496604
555.596923828125,558.0301499532394,542.0022220756946,549.033972582918,20994460
544.7257080078125,559.191012461725,542.4487680073203,558.0748350154104,21106139
542.9398803710938,553.4763312128322,540.7522297151899,543.7881299619653,13658461
551.0877075195312,553.6102231508138,544.2345356219246,546.399893557965,13776558
556.6907958984375,561.5572485583291,548.8554399445312,551.8244028443058,23142949
550.1948852539062,555.9765252163418,547.359856268429,555.6640121921242,19152470
550.1724243164062,554.9495869879506,544.9711667130119,551.8243381521457,17176522
544.792724609375,551.2887400075299,538.4307029773585,539.9932681816805,22160532
546.24365234375,555.7979195087538,539.7699897659588,548.2750763117239,24308835
549.6144409179688,553.5432952667888,547.6053690260895,550.819907895402,24688859
547.382080078125,554.6594065797099,545.6855810168665,552.2708250716707,17329606
552.5610961914062,553.5209873933135,544.0560095229422,546.1990155079255,15577500
564.6824951171875,568.3881259771628,551.4226560417763,553.5210174243717,26332276
567.11572265625,571.3793827037865,561.7135328724033,564.3253383268631,17738092
565.7092895507812,568.9907652371148,563.432349670703,565.2404902796604,13211934
582.2283935546875,585.7553858588773,566.1111736182986,567.0264201340634,21258869
594.3943481445312,595.577462849436,586.759863749937,587.9429784548416,24561597
601.515380859375,607.1853785856194,592.9433575951788,596.9168562382761,24577591
598.9483032226562,608.0784164601129,596.5150766349007,602.6092893825687,22753310
590.063720703125,606.6496795453033,585.3981989215824,600.4885299924671,34764353
602.7431640625,606.2702157177265,593.3451834391091,594.2380777286548,22104063
614.5744018554688,616.1146743850626,599.6402970706429,607.1854330129869,21448030
614.083251953125,619.6863129299114,608.9712828614872,615.1324326015516,21639437
599.0376586914062,616.5165747096631,596.7830703364278,612.7662986985982,25078643
591.3138427734375,596.849966965339,587.8537875056624,594.0595825090068,17394088
610.4223022460938,612.3643771569576,593.7916392126693,593.9255733580475,20734876
602.3861083984375,615.1995012587308,600.1538126906338,615.1995012587308,22079870
607.1854858398438,611.5608472759995,599.50641507925,602.832536172641,22930248
621.4052124023438,628.0797464592013,608.3239529788846,611.6500737297531,22088854
620.4452514648438,626.4278215540705,616.1592399987941,624.1508816880913,17526740
613.9716796875,626.3832687978564,612.5429891204959,621.8070362357245,17169813
604.0825805664062,617.7665733414323,601.4930678489143,615.6682121015236,18320845
604.4620971679688,608.9266884313624,599.595703419908,607.6096393731805,14717266
593.456787109375,606.0693068475563,590.9789755624574,605.3996361059249,19081843
595.7784423828125,598.5687669931867,589.7735193369165,593.300571185114,20774977
594.4166259765625,601.8278866211845,592.2289754740699,597.3409440328751,16651949
601.292236328125,604.0602684859988,593.3452379973971,595.1087341842842,12558520
599.6402587890625,605.8014081198679,596.7605853360574,602.7208036515855,12948769
598.3232421875,602.2520964310748,596.0239498907815,600.4885407296359,9285737
599.9304809570312,607.1853959955371,598.2562147735979,600.4885100790826,17360317
618.7711181640625,620.4676173820794,609.4177818809053,613.8823727187911,39286534
600.644775390625,610.3106238585675,598.8365751283981,607.1853747766489,23607922
608.9043579101562,612.9894389915621,600.9350671742699,601.8279615289713,19807450
620.3560180664062,622.7222475680461,609.9757939933658,611.7839943601788,16101112
612.7214965820312,630.5799179681269,608.3461955616181,620.1774019651224,30469914
621.829345703125,623.2357437524909,611.9626244356665,613.8824069478079,15069884
621.829345703125,623.436615183996,610.2214207985367,623.436615183996,22348580
627.2985229492188,631.249669908159,617.0522323175992,621.4721786192873,18992003
628.9950561523438,632.8569734891225,626.2270238762148,628.5932536679366,14240262
618.3023681640625,626.2940114358133,615.2664080044252,624.1510052784442,15832114
599.81884765625,622.8115313444415,598.3455124683162,622.7222419152189,19417647
580.1522827148438,598.2562210793925,576.9154515074857,598.2562210793925,31958919
560.9545288085938,575.3974816269213,558.856167586445,575.3974816269213,42670173
558.5883178710938,570.4418179938009,555.8425783837405,564.7717601521865,24557430
550.0609130859375,562.8965963823589,548.0294891602686,557.137308979703,17603659
562.7403564453125,566.7138551680924,549.8153244178754,552.0476197041186,28438234
561.1553955078125,570.5757283735635,558.3427188654277,568.3434330244504,24419559
564.927978515625,567.8522965181571,561.6911475335924,562.517104496579,14451308
565.8433227539062,570.1069828344795,558.9677975928695,565.6647438775954,17276949
591.9612426757812,597.2294987357691,581.9605268303233,586.4698226095867,26979100
598.1669921875,610.3107133855572,593.8140426779783,594.7739339390024,30343560
598.434814453125,607.0514829769342,596.0685849233197,600.7787514280371,24689918
595.5328369140625,621.4721314190546,591.559338094982,612.5429500576765,38766006
596.8499145507812,604.4174026757108,587.7644464474524,601.8279494930982,22269265
585.1526489257812,597.1401429956289,583.5230869363744,596.9615641258729,16076686
591.0012817382812,595.9346719964042,586.3581119444352,589.2377856084611,42594251
586.2242431640625,595.2650676185398,582.2507436841887,589.7735879809482,15558515
593.6801147460938,599.1492418933113,587.6528988028498,587.6528988028498,23494381
593.858642578125,599.1045456771681,589.4163443601329,597.3186974468484,25724066
607.2748413085938,610.4223835528671,589.8628636383498,596.0240139636787,18556942
603.45751953125,613.5475237013525,601.8726022592729,606.0469727484934,15442761
592.6084594726562,608.0336539003672,589.8180756746337,608.0336539003672,16764835
587.0501708984375,592.5639428178075,582.8980927382347,591.9835614593916,14722419
588.9475708007812,592.4522705383959,584.9071344523691,589.7288831610767,11768468
593.412109375,595.8006909625585,588.4341343972108,590.15298567464,11492074
594.7515258789062,597.541909961758,591.559339362968,595.8899959088646,10297599
592.5639038085938,595.8900246292044,584.259748034861,593.7916633273016,15686169
588.2332763671875,591.5593973535475,584.5946423466802,590.1753514537003,14942768
572.4954833984375,589.3270169461798,570.7989247086907,589.3270169461798,14908257
571.9151611328125,575.0180583967408,566.6022609517996,570.9775624628624,16797371
570.2855224609375,581.290772787879,563.7002778357845,574.5492418538271,14492763
578.9468383789062,580.3978810642056,570.57574547034,571.4686397944357,10748848
571.2454223632812,578.612039039428,569.4819262513256,578.5896868782038,23236832
563.6109619140625,569.8836932323617,561.2447324712444,567.9639109286112,11267228
578.5450439453125,579.5049351598901,559.9723052950454,562.0483740359632,14966899
577.7861328125,582.4516551310151,574.3037253931227,576.3797943102957,11593027
568.8568725585938,579.0138133366069,567.4504746427406,577.3396067394259,24905533
559.4588623046875,572.7410516069743,557.4720832053408,570.1738912496671,18942165
566.4906616210938,568.1871608281672,556.4899472137438,561.66885347844,13478857
570.7990112304688,571.9151888238307,564.0128350485902,568.7676466901623,10146746
572.607177734375,574.3707336421505,569.2587640163503,572.7634640624984,8806492
573.2544555664062,576.3797047351823,571.4686074136428,572.0936930108535,9351405
564.0350952148438,576.1565233015185,562.5394673944718,573.745589375231,10926753
558.9901123046875,566.1557978567677,557.2712609324692,561.6465623204884,14009219
571.5133056640625,573.0312856769727,556.0658160451108,557.6060886140673,17535754
570.955322265625,575.6431372279717,566.4237340254203,571.4910589228601,12018196
572.1605834960938,575.8439210875221,571.1560477176595,574.5938096010746,8608376
571.6919555664062,580.3979141456102,570.5980705483961,572.8080735351422,15692436
569.7275390625,575.7100506990951,567.1603782774239,573.7009787117777,10659498
577.2725830078125,578.1208921498853,570.151542753857,571.4462990203062,10070773
572.2946166992188,579.0585000590426,571.4686596178976,577.8530330739347,9482233
563.3653564453125,574.3259609625034,561.6465052477585,572.3615340485459,11942908
557.6283569335938,568.3210334786407,554.8156209199686,566.2003798963916,16336536
571.6919555664062,573.4777443163837,547.9402499225146,558.5213462949607,29092589
568.5890502929688,577.6744590522399,562.7180612389295,573.7009599272978,20316348
562.1376953125,570.9329434479142,559.6598239798129,568.5667137164907,15189179
549.8153076171875,566.5799037143001,547.8062359603838,564.3252563372678,21805071
541.9129638671875,554.7263541228488,540.2164051687386,549.8153164851223,20387504
540.6405639648438,545.5739538004406,538.0287588273351,543.2970138156664,17626045
527.2245483398438,544.6811712787885,525.0146047745368,541.9800761605057,20853117
520.683837890625,529.0549302126107,518.9649270285447,524.925204844403,21229950
526.9342651367188,530.4836091581316,513.585078975408,519.4113629202086,22628222
531.938720703125,538.1817660986544,521.9453747891965,528.0536820803043,23766807
513.5239868164062,524.1461095875968,506.62967789300745,524.1461095875968,30399133
506.764404296875,516.3311084402746,503.9348444623566,509.6613631577137,29067994
498.27569580078125,511.36813736790305,495.4461058086125,505.9560072107,25349369
517.5662231445312,520.1038204001688,491.9427810384487,497.8040376595128,31198568
521.9453125,527.9637936699118,517.5437483537378,521.8330607414882,21970009
572.5409545898438,585.1392961072399,550.64538482119,553.8567326553839,104827144
578.6043701171875,585.880407312381,575.056146936637,585.6783301468079,31688983
574.0006713867188,580.1988038270233,571.7549764414099,579.9293276292124,21977767
580.55810546875,582.4444988171226,574.8989254236321,575.370538751613,16317602
573.0798950195312,580.5580689108862,571.5752896946076,579.3005134001935,14969299
570.834228515625,574.2926262685804,568.8355834266999,572.945185333918,10677848
559.965087890625,570.8566878725052,556.4393508671409,570.8342615034657,14031953
573.0349731445312,576.6954478212746,550.8699280063424,556.4841949083675,21307915
568.9703369140625,581.1868912003481,565.4670263673079,581.1868912003481,19202504
572.5858154296875,577.1445437834005,566.4550228701304,577.1445437834005,28401906
567.3982543945312,575.3480410998164,564.1419941288456,572.0917808341308,11605488
557.7192993164062,566.0283875792122,554.822340601595,564.3216452398416,18890222
560.7734375,563.4009201205882,548.3996601443131,559.4035703114624,24735240
541.8422241210938,558.2807502312022,538.9676917084522,557.9438750362791,18730619
539.4842529296875,541.3257335120979,532.7022556378679,539.2147767415614,32949395
538.3389282226562,544.8963617694775,535.9584953565233,542.021889244317,22995486
549.0733642578125,551.9928094524059,536.8343246830169,540.3151486011255,23186819
548.9386596679688,553.7893511047719,544.8739704483091,548.2424828491529,11747929
554.418212890625,556.933384116387,549.073421567772,549.073421567772,12127900
543.6163330078125,557.1354146928165,541.5278625990524,554.6876427052201,11880005
550.4656982421875,551.7681663921559,542.0667844554548,544.3573918551506,12947715
543.7959594726562,547.5462594793273,532.7246502704801,534.0271783990462,20547730
537.8223876953125,543.9082677485037,536.0483062586251,543.9082677485037,15640772
541.5278930664062,546.2887591809384,537.7101936493838,541.19101783552,14933909
529.5582885742188,543.3244213653871,526.6838157108397,542.4935064047546,13766222
563.3784790039062,570.3626135565473,527.4248741293634,533.5556074391999,48165560
556.5740356445312,575.348082800098,554.687642393154,572.271473087721,21610844
574.3150024414062,583.3426940130429,558.1684388221538,558.5502267123759,34958974
574.6968383789062,581.6360602262258,569.8910596730767,576.6954834602465,18192270
582.4445190429688,583.3427730669335,576.4709498929437,580.2886494219001,18350457
587.9464111328125,590.6188065098296,576.6954509023795,580.5131500176116,19058663
598.366455078125,599.9384594095243,586.3744054049397,588.3731103322438,25263770
586.08251953125,602.7456100128123,580.8724667303939,600.4999151741729,17920384
588.8447265625,590.4840699646425,575.482809606027,577.5937663026517,13524851
587.5197143554688,596.7271169809248,585.6108947672165,592.8195924476273,14992253
588.41796875,593.2237467297927,584.6451826880798,587.5196549448309,10061584
594.9979248046875,597.3335050998041,580.5131894899739,587.7892866445324,17588647
612.0652465820312,614.8723200751248,593.3136262727216,595.110194083513,35006390
607.5064086914062,613.345238611576,600.2977116671494,612.4918374898702,16597126
609.9318237304688,613.0533461635638,606.7204759020422,613.0533461635638,13394275
612.694091796875,615.321574758122,608.2700408270032,611.9530022465063,9672791
616.3770141601562,619.6557010982141,612.4919158499821,615.2766230704987,19403660
627.2236938476562,628.3465712560851,616.2197830700856,617.5672239674906,16038940
636.13916015625,641.3267268721688,628.2118587994682,630.5922918433066,28121951
635.1510009765625,645.3464223655849,630.3002501354316,640.0241182193714,27786502
625.3822631835938,640.4509242230683,621.2277483606593,636.1167585946158,18446160
645.1668090820312,647.3900775088593,622.7547738451004,629.2448084121064,22642488
642.808837890625,647.4124790605935,633.8484854271818,647.2553146103045,13539957
644.1787719726562,649.0070370820224,642.2698922969041,647.2104691368942,3014841
658.9105834960938,664.7269282277449,647.7045347136889,649.2316265226021,25768505
664.3226318359375,666.770463701537,655.8788051741802,664.7268460980022,16341366
657.6978149414062,669.061087025911,656.5075984930896,666.5234297085269,19463741
654.3517456054688,656.5525277702769,647.2104467352256,653.4984043437559,13904301
654.6886596679688,660.6846551135943,649.0519658275414,658.3940474169035,14063434
650.0400390625,659.7639084967254,647.21047898491,657.136485551914,12685356
644.4706420898438,649.6582085343399,641.5961695004942,647.9739524046353,14625505
655.1152954101562,657.091454042988,643.2579838318883,644.5155992890548,14084039
649.2315673828125,655.5868639515566,647.3451741350617,650.8035717498628,12019353
641.28173828125,648.6700863681345,638.923731884504,646.3569926657017,11357841
661.2684936523438,662.8854107743203,642.2698823688809,642.2698823688809,25225749
656.9791870117188,665.445439921155,653.857664753014,662.9302690288374,14258133
660.6172485351562,667.7810334291528,657.1588510114367,658.2817283764853,15691605
655.384765625,667.4216679150189,653.6780232213534,661.4256731179055,14076051
678.0888061523438,680.401900078277,657.989803851585,658.8880578246369,30176255
695.1111450195312,706.2273668779121,693.1125001019192,698.4348043904894,43538120
690.5972900390625,698.8614660565698,686.5326010568918,693.9209495101001,14897371
694.5946655273438,704.9248859295,690.5973154610606,692.6184468432987,22352865
701.354248046875,702.813940744003,696.6158084004693,696.6832074306451,15146156
700.7703247070312,708.0014485249362,698.8614452156953,704.2960612255829,35330983
705.0820922851562,707.6197496133545,698.9063865694551,700.6356153508962,9642739
709.7755737304688,711.5047424379907,702.4321383603998,706.339602717197,13747479
696.6831665039062,710.516636744211,695.200987562607,710.516636744211,18559594
712.560302734375,725.113732000519,708.2934763696048,718.6236970364512,31225364
709.1467895507812,715.9287867735616,706.3172296407129,715.367408035788,12990426
697.37939453125,708.5180438488965,688.8681681217647,706.4969124035104,20987607
696.5484619140625,709.5285915490043,693.4718521245353,706.9460214424878,19942460
698.3674926757812,704.2512363715517,692.169360074394,697.5141513605358,13085234
706.3171997070312,708.4730690622769,694.594626358389,698.9288513984832,12642677
701.5338745117188,706.7663536649228,698.0305641892746,706.0701768738169,10173333
701.7360229492188,707.17057934649,696.4361446827004,698.6818395512796,12364641
704.3410034179688,706.8786607483856,699.1534369962054,705.26174368991,10326606
710.943359375,714.1322808379101,706.2274061907143,709.6408311785137,12668303
703.622314453125,715.8837790786988,702.6117489102666,715.030437938224,11892718
701.8707275390625,709.1916768706358,698.6593798328424,703.6897217070801,20324601
707.7769165039062,709.6408234193324,701.55635803333,702.0054850052944,14742077
723.0926513671875,725.3159200862308,705.9580056370759,706.8113469845609,20507816
718.219482421875,726.5060853195512,716.8720414786092,725.3607815050178,21271510
705.7782592773438,708.5404200888759,699.6699526737415,700.7029446913748,25107772
694.5722045898438,706.0701545727457,692.7980631541956,704.6553746683051,18048449
680.62646484375,697.4916329459464,678.2684582147567,692.4163780616171,29761019
692.7307739257812,694.459942826319,683.2763809105966,685.8364647278993,17677571
693.5617065429688,695.1112246862972,686.3080955664578,694.3477087806046,17123749
680.0200805664062,693.3370848613087,677.3252588088935,692.5735090561382,22203005
678.0213623046875,685.881323903539,676.1799417816508,681.7941486692199,14004468
689.5643310546875,692.101988476081,679.0993724418228,679.0993724418228,17710316
690.395263671875,692.4163951283864,684.0399067715819,688.5312966830404,20984698
674.3834228515625,686.2406751889083,672.8114184251873,682.6925120092671,24519177
684.7584838867188,689.2049605395949,679.7729949399003,682.2432530844378,16683622
679.6158447265625,689.182488645687,678.2010648478615,680.4467595684358,16047902
695.2684326171875,696.1666866025647,687.7453456172265,691.0465189588135,14982742
695.1111450195312,699.7372725509242,691.5180094774487,697.0199645467686,12478359
693.3370971679688,700.0741816631064,690.9566642441663,693.9434485641472,18282382
686.9143676757812,696.1666227304904,683.5233692467747,691.6752332885804,15816535
684.4217529296875,691.6304517402934,681.906581560917,689.8114572601014,15817859
690.7320556640625,693.1798876683814,686.2855786022757,686.7347655491267,12847975
710.0900268554688,711.864108417727,697.6039369634283,697.7386750581485,29463471
688.2393798828125,722.6659529995442,685.5669843520598,722.6659529995442,32545850
688.935546875,694.3027642276626,683.5907558897001,686.5551139029081,18922720
688.6884765625,694.7069578428508,687.6779108996185,693.4718286952786,10322817
685.7691650390625,692.551162896633,683.0069439350237,690.1033307049676,11247739
683.3886108398438,690.0358694147471,682.0411700619208,685.8363826344054,14628445
676.6514892578125,684.6911015699314,675.9553124989559,680.40184922387,13387750
661.0215454101562,678.2011634902889,657.3610702784755,677.572325703313,24532236
664.6594848632812,671.194431790855,657.5630393118081,662.0544286675653,24746565
648.445556640625,664.5921208129523,646.7613005344713,664.2777319364013,22402689
634.0281982421875,652.7124208100716,632.0295531429389,652.6001090801238,34750310
622.2831420898438,628.7732364278764,612.1999721671589,615.2765817380496,30712290
640.6530151367188,643.392749686745,627.8076236876792,628.7957030467365,25383901
650.5789184570312,652.510224313433,642.4046280431421,644.470612021547,18472100
654.7559814453125,658.8880697230694,646.8062537495949,653.0942115651576,15538577
643.9093017578125,652.308216503922,641.5063823648017,651.7018650727308,12209212
644.78515625,649.2316336580535,633.4892819407784,641.3716709839845,15142476
652.48779296875,658.5287003335919,649.0293955389806,650.084873849493,13999816
660.3702392578125,662.4138569993008,653.4984164481951,654.0149424663631,13533565
662.0994262695312,663.7163434347497,656.9118595053045,663.7163434347497,13565659
668.1403198242188,674.3608779961388,652.6449603270156,663.4917059787033,21227841
663.94091796875,676.4719212712255,662.1668363056625,668.7691832128454,13149130
659.0676879882812,662.8853871813449,654.5762983365174,662.8853871813449,11127161
675.4163818359375,676.6065982812527,662.5260780910154,664.4348976841294,14084409
667.3992919921875,677.3028119988342,666.433638977898,672.3622951611951,16892268
648.9845581054688,663.3794682340763,646.5592123393019,660.1232075352376,21370214
636.1615600585938,651.881422537564,633.2870277458312,651.881422537564,27745062
625.2025756835938,634.3425797138669,623.1141052102467,633.2871013116201,29362748
622.6200561523438,626.01105480176,614.8723458997378,623.4059983867498,25054993
596.74951171875,609.482650299557,595.1101683971237,608.5394237569191,39315769
591.1353759765625,614.8723673505802,584.3758048091705,608.6293222107583,29500495
603.1273193359375,608.0903221655078,593.7627523600072,597.2211498879527,27398798
601.7125854492188,608.0454559764457,587.4299272474076,607.2370273845426,22105261
588.8897094726562,609.9094535522046,586.5766153844484,607.326883253176,30510390
570.8565673828125,578.5593639229672,557.4273126478531,570.4074404612836,33734039
500.4090881347656,557.3824636576674,491.80806675033256,556.9557630516778,88187018
518.1051635742188,529.2887242178758,497.646831785308,497.646831785308,59578576
477.4355773925781,494.50288183788876,471.01288187724856,487.3166704790647,55970485
496.4342346191406,512.0193615817409,423.2693760849751,448.24152737493375,73297403
456.1912841796875,484.93622031330693,451.3854756005796,476.3351988203249,38482258
452.73291015625,476.0881723114349,450.5770407259798,470.3616235248102,45445979
434.99188232421875,465.2639095336341,431.62334010835116,460.50301374905985,44730415
412.1755676269531,434.3181565645048,400.7225002479749,413.2535023220885,61404010
457.2018127441406,464.8147242845173,417.6999588823388,421.96678475902803,63360475
397.0620422363281,426.6828062402737,393.2892556538885,411.5018644957339,40670949
423.7184753417969,435.66558280239923,402.339431470685,417.6999939226345,45734887
486.08148193359375,517.2068483175221,432.633877035581,432.8808968523473,73130298
478.8728332519531,501.6442309970332,468.16085483888116,492.1673817748405,45744488
478.6033630371094,497.33249822279765,469.8900595626091,491.808086327856,41657940
462.8160705566406,482.73542100014635,458.1225738707301,467.37485913555446,30229866
500.2294616699219,507.43812982547627,470.69852227882103,482.353697590762,44292810
485.2730712890625,505.1025660724522,469.44089636021357,504.0470877438623,41597459
483.9256591796875,509.5266467407699,474.4263536585657,509.5266467407699,41367807
541.70751953125,545.2556826260416,494.0537679361035,494.9969645730183,54373624
535.4419555664062,551.9927934073661,521.0021343230625,529.984913200758,49880330
547.9280395507812,553.6994707291697,535.8237385284261,545.2556442705474,33032857
534.0946655273438,545.7049289888793,529.985003316439,540.7419254256431,23673784
516.4434204101562,555.1368221650581,513.3668104051654,537.6428152013088,35321842
524.6177368164062,533.3310401975677,514.2650899548404,516.443385818356,37455706
549.7470092773438,552.4418907671377,535.6664903491599,546.1539338968546,33269335
558.6400756835938,564.568671615686,539.8660286625086,550.6453757620592,36030932
555.7431640625,562.3230246427732,522.7987685696473,543.4591506227827,61371628
612.4468994140625,622.0136023452187,583.8816486196923,592.8644266085537,142683366
615.7257690429688,622.4404275154787,607.8208940475317,614.1313382230468,65464502
636.4310913085938,671.441528341193,605.0811290605411,606.4060836160222,134986308
642.1575927734375,662.481157457328,639.1258958346626,644.0664123436825,58482901
641.43896484375,653.7004302500167,625.2699151285234,651.2526584199817,78453401
640.9000244140625,652.8920749618222,637.778501853498,648.9621238102608,37494672
658.4389038085938,671.441519297824,645.8854752509995,653.0267739342546,71345899
644.60546875,657.9898129141151,636.633194793388,646.7613382785672,53456868
656.0360107421875,664.2777607712053,649.9951028716541,652.9145482077337,44903763
656.0809326171875,666.9501046546811,649.231536738521,657.540625190458,40489094
676.8311767578125,679.8404474329739,649.0070109682932,653.4984006686208,50026966
701.466552734375,709.5959310504622,690.3727564277558,693.9209795350185,84262770
708.20361328125,725.3607432259387,706.1824819547866,709.6408195837681,67085063
664.3900756835938,704.4084932105097,657.989865615948,702.814002313346,100683202
678.4862060546875,692.3374854091504,659.2394667766971,692.3374854091504,66430125
651.0557250976562,678.5996237792763,648.380690996665,666.0404972787221,49266771
661.6878662109375,664.9976742099919,641.6023560024253,654.7055307065824,62152260
653.2319946289062,671.934625710567,647.4512086416427,666.4938930123836,62796089
638.791259765625,662.7306870242377,636.2296169843721,660.5997024465184,42315854
650.0355834960938,655.9977592740474,631.5822806874944,639.2900553699237,55320985
653.458740234375,662.6173332555018,646.0910186461061,650.6249827116403,39167981
649.0607299804688,661.0530797201703,646.7710818787218,658.2420485719986,37828973
645.6602172851562,657.2898468071819,642.1463536125135,656.5870740726534,33216635
655.4083251953125,659.2395163773771,640.1968316143481,648.8113752002266,35667956
667.513916015625,670.9143885511281,656.9724451592112,659.6928111949052,40126278
663.954833984375,667.4006392385065,658.6274325748551,665.5870417459248,40022527
689.3223876953125,697.4835461337315,669.1915462041577,671.0278098509792,39943702
696.2820434570312,698.2316982991255,689.5264300652609,691.8841368603739,22153960
698.9797973632812,707.2996198286917,695.2165450057216,700.4986740537478,25381289
716.2769165039062,720.6748832331556,698.6851095504607,700.0452627916196,34202350
717.1382446289062,733.5965580817705,713.5110499395983,723.1684183226668,33076685
711.6068115234375,733.7779723445225,709.5665519196646,733.7779723445225,31414953
696.939453125,717.7277354097461,695.0578569942143,707.4355922602493,25857161
712.8084106445312,716.1635510870276,698.2543579127656,699.6371773101957,22132647
697.1888427734375,710.9040649725692,694.1510894939327,710.0199624389527,20385805
720.3574829101562,722.2617453836087,678.7355832322007,680.0957964119027,38548899
732.0324096679688,737.6545319197148,707.7983218291862,709.5665868819464,53107403
733.4606323242188,747.4479095164369,718.7705223811143,744.9315991710574,51187003
732.3951416015625,741.5084017080833,726.3876335279219,729.1759984984004,41782053
750.7803344726562,754.9062460773085,727.9744595662398,728.6092336480461,40471557
797.7069702148438,811.036806276966,753.5460980292615,757.1732328951931,105804173
791.6995239257812,818.0192047923906,786.644116992293,804.0545935608894,60198705
780.2511596679688,799.6792282083774,778.0748427783411,793.4449983614627,37962078
783.4022827148438,803.7371809475347,776.0799540242331,787.0521439314226,51586221
778.8909912109375,792.9916593974489,776.6920079755439,783.0169030640604,39679374
789.6591796875,794.3518669642939,778.4829338193193,783.8330614327233,30921913
781.2713012695312,788.7976853649965,777.8254962562587,783.4929505472088,25621946
772.6340942382812,789.3644025522511,768.7575111217045,787.5508651459843,30276420
787.8229370117188,792.9916750315008,774.4250413446268,779.8431677658135,28464103
801.3856811523438,804.6861996239467,789.8680342945179,793.4872314043702,28789533
813.927490234375,816.2492742859773,804.8681794266967,810.2400181491006,29434266
843.017578125,845.8400485080258,815.8395827912735,821.7122285635882,47016185
830.1113891601562,848.7308182995876,822.3040338657166,846.7505314032984,35189589
818.5255126953125,835.3466620868999,814.8835573836751,830.384535604519,26204095
830.4755859375,835.3694371439491,813.1763881748166,823.5331724572737,36418942
854.9676513671875,857.9494910165994,830.47557693471,832.4104071041867,43759967
880.8937377929688,886.6752895392428,864.9602274387016,866.4852850343061,69608392
872.6993408203125,883.9438255351058,859.1786490123874,880.4384810614978,67331128
839.4666137695312,900.8332904617105,818.5255210332008,882.2366199327603,139669773
839.1934814453125,850.8476779255769,825.1037086001918,840.8323311882583,60961724
870.28662109375,874.0651274421449,836.7352331476831,839.9219593421793,49726765
874.01953125,879.5279814361119,864.8009103824138,873.0635555577999,36592938
897.5328369140625,900.0139304632268,881.5766280179596,882.714731620567,42173371
912.305419921875,915.0368563302916,892.5934043256922,902.7453021810755,59771457
936.79736328125,946.7671325108311,906.5464981262386,912.2825322120614,58333751
977.01806640625,984.6888708499514,936.7974291918398,936.8884630232047,120597372
981.5933227539062,1000.986661284018,968.7099874584451,991.8818323884997,80304827
991.3809814453125,998.8014431540602,979.0666684037063,981.5932787795956,55114422
954.483642578125,993.7027295677889,942.5562832540246,991.4720995169137,72663399
960.03759765625,974.0817945575063,943.2619040109058,955.553458736611,72857444
941.0311889648438,969.210676067923,934.5212463254046,962.6096995947653,74958061
914.5816040039062,936.4332151378001,911.8956243712823,933.8383295422998,46715383
979.0438842773438,986.5098627078864,910.5982427880609,919.8624404517334,92041055
968.0498046875,999.7118774916555,964.3395739237862,987.4203834167224,74549993
971.5324096679688,986.8285623938125,959.5595337737351,981.9574695434507,49322975
977.1546020507812,982.321614806726,965.2045454344603,969.5748315555948,32984416
965.045166015625,985.5993643312216,959.6960856552419,982.9134449224033,26958997
971.3958129882812,983.3231714012784,956.1679363583773,971.8510423474091,46828306
968.5733032226562,976.4945711950116,959.1042794793162,965.5687050978182,30264617
966.0466918945312,973.7174959268164,960.5610007356095,968.7553696852826,24830322
962.291015625,981.9574543922378,951.1148063712412,966.2743479036901,33224635
952.07080078125,958.2848229484189,942.3968910270399,958.2848229484189,30979066
964.4534301757812,971.62348848325,947.9736572354838,949.1800361479504,30547672
970.3715209960938,980.5917544629181,965.7280730674024,974.6735920543468,34087543
954.6656494140625,966.8889281378858,950.545706257055,965.113467386494,22537845
947.7460327148438,966.0240252893934,945.5381009673681,964.2030475488176,25280895
954.0738525390625,958.0571846713239,942.5789650840524,952.0935657016652,32717218
947.8598022460938,961.152909329285,945.9933076327724,958.7400913031292,19388008
972.9891967773438,977.8375311935933,931.8808576150299,949.1800558278446,59870421
960.834228515625,978.7707835292046,957.4881932942184,977.8602645790771,28085062
963.36083984375,970.9861274953616,958.8539426274133,965.1134819561734,27166900
947.2225341796875,989.6966220053134,937.9583362044388,989.6966220053134,62076132
950.2042846679688,966.206008512564,938.8914652063621,956.0085942641633,38616258
968.846435546875,973.3078156827148,949.1799975834302,952.3666632761391,26949439
961.5171508789062,973.6493363422608,957.374448998183,968.7554848886175,18586429
945.65185546875,954.6201328529465,943.3528899780134,948.5199028214822,28475945
948.1102294921875,958.62632327603,930.6289033675571,948.7248282952921,21926473
959.2409057617188,965.5687205253842,947.1314190290713,952.3667073731223,27397082
983.937744140625,986.874066930711,947.5638875335859,949.1800391155887,55310877
1053.430419921875,1067.520192252559,990.3110455525355,993.8392083530571,140304404
1056.0479736328125,1064.2878591419137,1041.184414210617,1052.5199313476533,59470807
1048.218017578125,1074.3717015543773,1038.8627255125116,1058.4382515027112,44063445
1055.6385498046875,1058.7796990234556,1041.662567129064,1052.4974005859194,27178393
1058.233154296875,1078.6279819092379,1051.8598233496223,1056.1617735729737,33952295
1046.4881591796875,1062.39885115726,1043.3468896793474,1056.1619494909085,25828669
1049.6519775390625,1055.911516718031,1036.3816292479246,1053.5442758754605,33074915
1026.9581298828125,1063.4457155664595,1023.0884697883298,1047.0569777590383,33627381
1006.6088256835938,1036.5864712866703,1002.2384792539814,1036.5864712866703,34792254
1015.5543212890625,1036.4727165869242,1003.9457010535652,1028.8474287241281,42988708
992.974365234375,1013.3691350966294,990.6298225507139,1005.1293087424575,29826318
1002.3068237304688,1007.3600446640394,986.6465350264727,996.5252718826434,28374935
1008.9306030273438,1018.8321583918915,1004.7423842478207,1013.8244544577879,19666849
1022.0415649414062,1030.6683454011038,1008.9305853955734,1012.9139779725118,25842539
1017.1704711914062,1032.0340317967598,1012.9139171566138,1028.8473660925888,24465159
1013.0277709960938,1030.5773123079302,1007.9062748517082,1030.5773123079302,20783227
1007.0868530273438,1023.9080032931726,1004.2643826698032,1021.5635207802644,18922799
1006.24462890625,1016.9655484297961,1002.2839949333554,1013.0277331224493,18412175
1027.7093505859375,1051.1542952670088,1010.6377374854936,1017.4663586426468,53170865
1019.401123046875,1032.4894046109346,1011.5937673591221,1028.3921594479646,21077808
1016.7607421875,1025.6607444158603,1009.3175221290292,1017.4663748140129,18545499
1018.399658203125,1026.9126467762155,1013.4831083716006,1017.4664409316503,14226473
1038.27099609375,1040.569961682038,1013.3008726312257,1015.4632874664696,23112012
1041.3665771484375,1048.8780723491986,1032.716918231139,1037.4515203439753,26742011
1004.491943359375,1042.5046497952774,999.2566550292003,1042.5046497952774,20036197
990.5160522460938,1016.328238929852,989.0820284953152,1008.3615741090018,21583600
990.6981201171875,1014.5983554147849,981.1153036636263,997.0032368055278,31200385
981.4567260742188,998.3462117848015,979.7950575498431,991.9728198146275,18482288
967.2075805664062,997.8909179596345,954.9843021735538,986.9651124602846,34082321
959.172607421875,970.8040465640626,951.911514958086,968.482322469,30802210
961.9496459960938,971.9421752885252,954.3698746983655,958.7401612822234,23422125
923.7319946289062,956.8963669563012,918.9064187246078,956.8963669563012,37324416
926.1902465820312,937.7305902435107,912.7605897874666,926.3723142338621,36478896
915.6969604492188,936.7519054216706,913.8532243397686,929.5135117299179,29924017
922.7303466796875,929.6045443871877,906.3871862233021,909.118622416831,30655304
935.2951049804688,940.1206806112644,920.4086656504021,925.7349875477929,34021563
854.6945190429688,922.7759666224563,846.3635985876244,922.7759666224563,99366895
842.3801879882812,869.0573757655418,835.415016035143,860.4077768659023,88691623
870.9693603515625,878.1622370795737,836.2799319931916,836.2799319931916,80180117
889.99853515625,892.7072131568946,879.5279584878177,889.9757766978659,37205373
923.7547607421875,928.6941289800106,900.537399991742,905.9320578188386,66674086
933.565185546875,941.8961056762797,926.87311521094,938.754956836276,35838510
948.9751586914062,951.4562521220001,929.2404443694571,945.5380895882416,36934242
909.209716796875,953.73242473373,900.5146011862793,951.0009883582815,56724780
901.3795166015625,914.3311859112665,894.5508957591001,901.8348061571066,40046527
908.8455200195312,927.1690286034634,902.1762683976532,902.2900606859357,45388670
911.531494140625,917.4496568071913,908.3675866761497,917.2675891350206,5226220
907.4115600585938,949.1800760372262,903.6558122060101,949.1800760372262,46542562
904.6572875976562,913.4434970992197,892.320216888313,907.411482384605,30402290
898.26123046875,915.241750715451,896.0077817170311,904.6573811617833,27796343
864.7326049804688,903.1095066562257,862.6839824982056,899.1033557320118,57471248
888.041015625,896.8271654235257,876.9103231364059,888.1775663766775,45327567
894.1184692382812,898.6481249010166,879.5279494687583,894.0957107801305,30936268
886.7208251953125,907.2750256891022,884.1715164674155,901.3796213147642,32637879
888.9059448242188,894.5509455933704,878.6402545316154,889.1108311563834,25838637
878.5264282226562,890.4993042816868,874.7024050404513,883.3975211400648,47336811
889.9530639648438,895.1200771893862,878.6403033398307,883.3292684986208,19750687
891.4326171875,893.1853196355595,880.8937644544011,891.5919264066118,22188887
894.1184692382812,901.8803678264751,891.660134305071,897.7376661598639,27785372
886.2427978515625,896.3719375555851,883.169924273135,896.3719375555851,18464552
891.4552612304688,894.5508930364205,883.443020024606,883.443020024606,18242188
907.63916015625,916.9716331799368,887.7223182888608,892.7982973584456,43403061
922.753173828125,925.8716244238354,910.1430013207677,915.0140940024156,29175254
913.671142578125,923.458845268728,910.9397060664031,920.3176962906259,16065507
913.1248168945312,927.7836114688461,898.7618822646788,916.4025164013542,26944202
906.5238647460938,917.3131205116126,904.2704160220808,914.1036358709437,17312747
898.8074340820312,905.7953640021194,892.7754195477754,905.7953640021194,18551265
899.8090209960938,908.1855186869865,894.8696526918599,905.0215510160521,18561011
903.9290161132812,912.7607436976475,900.0822342441418,903.4282697787537,20252358
906.6375732421875,912.7151048635118,894.5509057864864,901.4251038276055,18466344
883.0333251953125,920.499769395756,844.5881468445682,915.0368963400598,44135540
881.6676025390625,891.773983524998,859.7021382582204,887.267086336982,28140001
884.922607421875,888.3824349298498,874.3609368175694,878.6174909837365,19501410
907.8212280273438,909.9380655316372,885.8557651343747,886.3565113877723,20776988
911.9866943359375,918.6787643683464,908.3447391739005,913.5345102279138,17221499
905.9547729492188,916.0839121937714,902.5404022307764,914.5816131606807,18611939
908.4358520507812,913.7621743090195,899.3537820197387,908.3220597569275,22043630
903.7923583984375,915.9017844958948,900.74224341645,907.5253475242407,18781189
904.7939453125,909.1187147073263,902.2900934265087,905.0215298973234,10015175
906.3189697265625,909.9836232762993,895.9166687687,908.2537396646372,24513534
895.0516967773438,903.0184210450284,890.4537057887719,896.3718678992179,24123091
871.4473876953125,895.0061235397974,867.304686241535,894.9606066258343,46401468
870.0361328125,885.4460768809599,867.3046964895353,874.2926266014794,32325918
880.3018798828125,882.4415362488493,870.4686603146358,873.1545798977656,27540187
863.708251953125,882.6235401700677,861.545837284541,882.6235401700677,33307825
890.9318237304688,892.2747534146366,864.9146909422456,866.3259562099835,41161546
882.6236572265625,899.0806730153788,873.3595189822454,893.8909012055155,26619458
892.5478515625,895.415898811063,882.73739117813,885.4460690197959,21553242
882.0090942382812,898.5571434105204,874.0878859816115,892.5479467876977,20593268
903.1777954101562,909.11871640614,875.5901485259847,887.312621100716,35100458
917.9503784179688,924.5968713660361,908.04882405528,908.04882405528,32006615
935.38623046875,936.8885296233058,911.1217991937036,920.2266881664387,30924537
955.7354736328125,965.1134634243352,944.6276002202932,947.8142659690089,39087742
933.064453125,962.9966422111165,926.486174980478,961.0162951057749,30532660
883.6251831054688,926.3951919989635,879.527998128483,926.3951919989635,54207104
862.6840209960938,876.3413241979638,859.4973550471146,876.3413241979638,42370131
854.2847900390625,875.5673803547642,851.3029503448859,855.9236398649215,34067814
838.5333862304688,870.9238493538744,833.0932117324548,862.3652844937398,43712383
862.8206176757812,867.2364209713336,841.2876235871692,846.4773951055146,34180952
876.7055053710938,883.1699312073853,844.4515913585626,871.4474584754812,41470034
878.9134521484375,888.6328194240807,864.9602287597149,877.8436239424492,30301696
876.0226440429688,883.1699441641426,867.2364338241757,875.8860330804215,25626981
875.772216796875,885.2868178634317,874.0650915760868,878.6402642334788,20248046
888.3823852539062,896.3718679791865,878.1849709654533,880.0058883464687,21183400
890.5220947265625,905.7499728329998,888.7694524928455,893.1625577221616,19604141
898.7847290039062,903.542029738115,877.388345241065,889.4295571671307,21234156
935.8414306640625,939.711030934567,897.851482048299,901.3795850224443,42539278
929.4225463867188,945.9933539276093,917.4951870443532,935.7504216150935,30497029
925.3253173828125,938.3907796936559,921.865489857928,932.3588249314862,15791099
937.5713500976562,946.6306614247935,926.4178993748968,928.5803141449838,21421660
948.3833618164062,954.1649132894505,933.5196803689347,937.7989327765557,23742994
941.3043212890625,959.8326560429554,937.3892042781949,949.1800120186759,18646877
947.0403442382812,958.2620699842834,934.7487903697971,936.4332172583491,23403483
914.171875,951.4107338256188,908.1854973069509,946.903836556302,23804335
921.1598510742188,934.5667503769652,916.675712334559,932.3360602361935,25644108
938.2542724609375,940.1890425413142,922.3890373867205,924.1417397925037,10807663
976.1986694335938,979.6812554509664,943.7171111072541,945.0828594470373,34855693
949.5442504882812,971.4413798428517,942.6700520025815,963.7478166346481,37481215
956.7825927734375,961.4716180153758,938.9370709939213,960.6521328705006,17680764
958.7400512695312,969.6658567868195,951.0464885551218,966.0239617527627,17150760
1002.4888916015625,1010.5922272948175,959.2864140273274,965.5915304832657,31924461
990.5387573242188,996.9576659606543,982.2761125657947,992.4280103618662,21435754
991.836181640625,1006.9730247841883,980.1592262032003,981.5022160610837,25511666
997.481201171875,1016.0550523775076,986.9651081564465,987.192692727957,19506841
997.4584350585938,1007.8152194196155,977.2229745845875,1001.5328613864398,15154484
993.3157348632812,1008.4070612823298,987.9894126954109,1004.7195889484004,11519358
973.1257934570312,1004.4464294921411,966.8889523171073,999.2566580629433,16864952
960.060302734375,978.2699589088028,947.1313914595759,974.241109808898,16698099
956.2818603515625,967.8450241002813,953.9601362596196,962.3820907596237,13873801
935.6821899414062,957.3744947555532,926.4635082842556,955.1210459290905,19210236
914.627197265625,949.0890437278471,910.9397247848686,943.6716273031666,20647480
947.8143310546875,954.1194478193275,902.6543228245274,906.3873122312596,41787429
938.8915405273438,944.1723458333299,925.5984934278937,942.8066576933722,18572478
950.3181762695312,960.4245577469666,935.9780591025484,938.6867371971894,17421165
932.0173950195312,946.7899826444071,928.8762460938054,946.7899826444071,16822814
906.5921020507812,935.0675093142783,903.655779253552,935.0675093142783,22001648
908.0488891601562,916.7212466409155,898.5115898394444,915.9473386351556,20180202
923.822998046875,932.7457584739709,906.6375928831196,914.1263296404951,20441701
911.8956298828125,933.200977960531,910.0291353276648,918.6787941699841,16250796
920.4314575195312,924.1416882581158,911.9184094330365,918.6788154190479,11723312
907.11572265625,921.8655527149284,893.2308344858781,921.842794255108,14875099
903.3372192382812,912.7379683643409,896.3719865664539,912.3054974187572,14009194
911.7818603515625,931.8353131430233,907.4343325719275,910.4844476173693,24266353
912.9199829101562,920.4997537655782,907.2977405296601,915.4921101816266,15369188
902.3128662109375,913.3752232282881,901.3795887756579,909.7788448629212,14037885
870.0361328125,892.9120550102809,865.0740064336392,891.8194684395833,20901482
879.4368896484375,883.4430404477608,873.0862564834994,875.8859682062383,19411189
885.12744140625,892.7299706495629,870.8783585858474,876.9330718304664,19723716
879.573486328125,887.6768221798729,877.0013590458416,881.6221088535101,15656948
865.734130859375,872.4262015601038,860.4078085326934,866.7812005989736,18478808
865.4837646484375,873.6097986753781,860.6126718409391,869.7402586625492,17203668
867.873779296875,871.5384932480764,854.3530872650451,861.4321119124859,14490954
866.9405517578125,873.5642867342584,862.8433669295424,867.6917013062026,11828857
882.191162109375,893.1853042658839,870.1955273205505,874.0651277156184,20846778
905.3174438476562,909.2097422970247,882.3732451937523,883.1699116502867,19992524
909.2551879882812,914.126280386783,901.4478332427979,909.5055912178142,17122437
921.4330444335938,930.742759312041,913.80775655143,920.9094794638086,17412606
907.9806518554688,926.8731836206574,904.816744324124,914.3540440447277,19828769
891.84228515625,900.924355173872,884.5811928754125,895.0061925812134,23640186
872.5172119140625,895.8256664439901,869.9679033222117,887.7223306691753,21849830
874.110595703125,882.487032889842,868.6249041616924,875.5901363168591,12393609
879.0726928710938,880.8936705045602,867.9647594107282,874.9072328753465,14624666
879.4141845703125,890.294473924553,876.7965403485116,882.1456210864117,12288548
876.8875732421875,886.2655634713672,874.497573819113,882.7147020250081,13941237
880.0514526367188,882.5097271897829,869.5125412335344,871.7888083417317,13478264
870.9465942382812,879.937629861703,868.1468825348196,878.6629756290201,13177961
881.9407348632812,884.0803308881162,867.6916527006447,877.7296977704199,13291616
892.4341430664062,893.8453481585767,878.7995983346415,881.9408075702663,11873078
904.998779296875,911.6680914262254,897.9652716210829,901.834871879862,12064918
909.1414794921875,917.9732064262796,897.7376854863212,901.3795807368958,16317002
903.8379516601562,915.4466324629193,901.8349061823197,909.5284696600273,11422532
911.6453247070312,914.8547490123232,904.1110708009865,906.8425072707681,10785605
903.95166015625,914.9458013244958,902.2900519332032,914.1263162341309,8551760
893.7088012695312,909.1187467146541,892.2747775044082,908.8455849956869,14780102
896.8499145507812,901.1519856746123,894.6875599672395,899.1033631753894,7480204
899.6041870117188,907.2977502423565,893.2990703914683,896.9637843362693,26819294
953.6414184570312,958.2848664502153,905.9320434049215,905.9320434049215,56469931
983.4598388671875,997.7544398102305,949.2028772580124,956.9191994440874,59124142
987.3748168945312,1002.4433237744353,977.177342317412,986.0545855544805,28013832
1002.1019287109375,1005.8576763597913,981.957442155245,981.957442155245,24630162
1005.9259643554688,1024.294990378304,999.7574588337671,1011.0929170890556,23974257
997.2080688476562,1009.0215748912947,994.3627799595077,1008.2704253680703,14468646
1014.0065307617188,1020.6530846464241,994.7042865938554,1002.4434271530697,16336573
1008.179443359375,1013.8927196796076,1000.6907062000149,1013.6423766307048,9674735
990.1517944335938,1011.0928868642935,982.389896024746,1010.1824281441778,11409161
993.7938232421875,1015.1902068232403,991.3127297246227,998.5283052691044,14155653
1011.03173828125,1017.8157126519592,995.9335361412359,997.2126945807128,13762778
1025.5361328125,1031.63479215877,1002.7631604975908,1011.8769532340812,20332436
1027.865966796875,1039.2410040209252,1023.4347084703895,1032.891128773957,15174215
1010.3236083984375,1026.5182055674861,1007.6968386354546,1025.536059392105,10797349
1012.173828125,1021.0135066968147,995.8422032614709,1005.0244488314551,15745975
1016.7420654296875,1021.0134588160797,997.8750227422593,1016.6735520332666,29369026
1022.0413208007812,1026.723794749891,1005.0930150511967,1006.623389301293,12186448
1016.7877807617188,1032.8910879180498,1013.864059060513,1029.6931917855316,12871913
1007.468505859375,1028.139977076722,1005.8010443983306,1027.8659234810375,16653951
983.7819213867188,1011.694184008243,977.6147486787495,1008.1537812346793,91461975
961.3743896484375,983.7818960222618,950.7074455850956,983.7818960222618,55355022
952.9459228515625,971.4475011180049,950.6617803701479,969.3917970517157,20277042
953.7681884765625,963.4529862690547,952.0779496523554,954.5447944905159,27144063
964.206787109375,969.6887049913062,955.2529194290985,957.6284131501046,19762858
958.4050903320312,969.9171542633795,957.0574184378943,967.5644983162041,12534407
972.6123657226562,974.3711783116252,956.1208166764209,957.9709804602825,14086620
982.2743530273438,983.8047272546104,973.7316264634129,975.9929311052659,11702287
970.6708984375,981.6804700692718,968.5695187644329,979.8760422116535,10070124
963.9326171875,972.0185271579843,958.4278618246567,972.0185271579843,10454892
955.9609985351562,967.0848195775515,950.6617831294963,967.0848195775515,11185460
946.1848754882812,955.5498841149281,943.8550573362168,953.8595847933082,9037675
952.0780029296875,960.0268263265551,947.6924201931555,950.090751767374,8585292
959.2044677734375,960.7348419649169,953.8823543840481,959.3414945664211,6717133
952.9459228515625,962.4707957907124,950.7759693689808,959.5013984813814,8532544
951.2785034179688,957.0573729091445,949.5196907826289,957.0573729091445,9448356
965.0062255859375,966.0797834396925,953.6768642476271,953.7453776477148,8828185
958.86181640625,970.3053658580621,955.8010680997962,959.3414705871608,8354449
956.5090942382812,962.9961164173949,952.0322212155547,959.1130261456819,6741464
968.7979125976562,970.2597734814888,958.4964334276333,968.0213065553028,7972397
961.9454345703125,975.0792836183456,960.2779731544988,975.0792836183456,9937030
948.7659912109375,968.9349715996465,946.1392211762791,962.9962370835403,12389668
938.7841796875,951.8951912047526,932.8454455587007,948.7430915357183,10824523
930.72119140625,940.1547132715874,921.082068922824,940.1547132715874,12897848
937.9847412109375,947.6467013033619,933.484969676648,938.3273686226693,13765738
929.7847290039062,944.7001688625526,927.8659912762856,940.1547215988769,11350608
946.7787475585938,949.9308472571458,932.457151281978,938.4644592829562,10925104
953.745361328125,955.2300599744618,942.987066009552,954.7732435642334,11817299
961.0546264648438,965.7371002097505,953.4026951306048,956.7832330967059,13169800
974.9879150390625,984.3757002882581,961.2830004249387,965.8741229557749,21252078
954.3392944335938,980.7896964541407,949.6339221357499,973.0235755705216,16620987
948.9029541015625,954.6818840390373,944.0377173940346,950.6617667456799,7494143
953.88232421875,965.2802584159509,947.3496868630104,951.1185277254477,11919198
967.24462890625,968.4780512791236,951.7581243886486,957.948134469001,9184963
964.1382446289062,971.3104615933719,961.6256637652859,970.7165579723031,8137612
980.19580078125,982.1373763310396,963.4301968241793,967.2447136872462,12780901
992.91845703125,1006.3949336552006,972.2012500929505,981.8860478561403,21935444
988.69287109375,998.2634201352979,981.2008640274707,990.7943112874481,12658169
992.5301513671875,998.99427565262,983.3707438476754,993.1468927819392,10075860
981.383544921875,992.2331911641546,976.2441942889842,978.985153098379,9426282
987.8248291015625,993.1468821147997,974.0970764519088,993.1468821147997,9854395
997.5781860351562,1001.3698650195099,984.7412277910344,989.0582970116596,11864472
1006.2122192382812,1014.1611029660608,995.9335777810966,998.3548075470753,13380559
1018.9348754882812,1025.5360869799686,1007.3085627390604,1008.679072362687,18589616
1017.5415649414062,1024.5539779082799,1012.356598901359,1021.9271475619793,10480636
1037.11669921875,1039.6750161597474,1021.8357943124836,1027.8659401949478,14027062
1031.589111328125,1043.283877520939,1024.3254825360598,1040.1546155627925,26485463
1035.677734375,1047.4639732024218,1033.8047929988975,1038.3730782676028,11145486
1048.149169921875,1054.2706670089046,1030.1500834612436,1030.1500834612436,9956770
1091.13671875,1094.1061158800003,1051.8494221083772,1055.2755752061237,30664428
1108.085205078125,1132.9367186374639,1101.8722360621011,1102.329112889796,33641710
1115.0745849609375,1122.8863202659359,1101.8721626211263,1110.0950991271347,17349882
1110.7117919921875,1121.0590057757804,1099.4281076918091,1120.145373056114,14301651
1108.085205078125,1113.6813118340635,1103.7452981372394,1109.1358646964288,8963249
1083.3935546875,1111.4656812985645,1081.7946670450547,1111.4656812985645,16311160
1081.9774169921875,1093.6493456289584,1080.8581230923344,1084.9696522121014,8908356
1086.4771728515625,1094.4487734980669,1082.000238987395,1082.000238987395,9071075
1109.2728271484375,1113.1786948346985,1081.314891120308,1087.9617779439016,13448882
1092.0732421875,1121.9042417219844,1085.2436526248523,1117.4044702123695,34882133
1093.809326171875,1104.7731621056607,1082.685504799595,1083.6448132559435,11779819
1098.5374755859375,1103.9737179503202,1089.0810553233348,1098.6745023889607,9915736
1110.32373046875,1115.577149672077,1095.5909322268315,1100.0450284006708,10995912
1137.459228515625,1140.7026791204019,1117.1760016671321,1118.043958812431,15748397
1134.170166015625,1144.5630573223596,1129.2821515155142,1143.69510003584,15192163
1153.2427978515625,1155.732601640363,1130.7897339923156,1136.134625571545,15373834
1164.02392578125,1171.7214726589973,1147.920618562489,1157.6054165265496,18035258
1154.7960205078125,1174.0513068665264,1151.2327195173505,1174.0513068665264,9719875
1150.8671875,1157.8796004415367,1142.2331699253161,1153.4940178368095,13590654
1152.900146484375,1160.2551266314806,1139.78919473795,1142.9641323630601,8958928
1167.7242431640625,1176.2669093931136,1158.9987537034099,1166.285220120344,10918552
1191.958984375,1193.238142788496,1163.7040352926124,1167.2444983112625,13533634
1169.4144287109375,1196.869812618489,1165.4172097910566,1196.869812618489,10258881
1175.147705078125,1187.1851584977169,1173.000589469529,1185.4719610696864,6336665
1220.3052978515625,1226.312605731285,1179.30480229351,1181.01787890642,15772493
1211.80810546875,1242.575573220252,1208.4733036629266,1234.0785832867898,14768666
1218.7291259765625,1225.673025288034,1206.6003212330802,1208.3135186791883,6682011
1231.132080078125,1242.3472517896107,1219.4143559591569,1223.8456139267437,9959762
1233.621826171875,1241.4108451318314,1227.5916803112225,1233.5989883719458,8623469
1236.9111328125,1253.9964663465123,1216.2167017072054,1219.094747975881,13594479
1247.9891357421875,1256.8973280016348,1237.0938131592734,1244.3116456683422,8833409
1233.621826171875,1252.9685844197754,1229.5560936098884,1252.9685844197754,12710570
1198.034912109375,1246.230405706619,1189.2180708947537,1245.9563520943234,20831669
1200.2733154296875,1217.4044444925073,1193.0096867399918,1196.8927168827815,11027475
1188.5784912109375,1224.3026120772852,1174.0513539008114,1224.3026120772852,17198417
1215.6455078125,1219.2316463701334,1189.195107790589,1195.5679411193034,9750178
1200.2733154296875,1222.8406866924129,1196.8698790829687,1211.5113254614243,9896298
1187.116455078125,1205.092701863398,1183.4162485198249,1196.89260332446,9886181
1158.6334228515625,1185.9974585582772,1142.8499647974816,1185.9974585582772,14233025
1159.3414306640625,1167.6557188193183,1139.3779314707497,1158.633338048634,15481114
1142.4385986328125,1164.0009839176223,1139.903240578253,1162.63047438303,10569130
1134.581298828125,1151.2098755817628,1124.256921548311,1144.8370418730785,11989430
1141.5478515625,1144.3117085453473,1137.504957017311,1138.8525079757649,1705656
1142.9639892578125,1151.2097634313918,1122.1553721254918,1150.9355890234222,20337183
1151.9864501953125,1155.2755766423923,1136.157317707636,1144.3574168608955,15682497
1164.8690185546875,1168.569346210271,1143.7406708564943,1149.7023031441058,10253470
1166.993408203125,1174.279754381168,1158.3135936316294,1160.3693582672354,10722478
1184.60400390625,1187.1851585303978,1168.112454676172,1170.8077982952088,8712341
1177.6146240234375,1188.7612831498793,1174.0513229840578,1187.7561782617665,4803269
1150.25048828125,1176.3353624571253,1139.7890849188382,1174.987690680871,11337581
1125.62744140625,1141.5936012700768,1124.2569317252073,1141.5936012700768,10202029
1129.8759765625,1137.0482548060436,1119.2547068453823,1123.800154494944,8505625
1079.8302001953125,1118.774930011545,1074.0055949047517,1112.8818113255577,24124307
1089.9261474609375,1096.9613981890418,1054.8188905598922,1065.8055640158266,25326999
1074.1883544921875,1100.9128063473322,1070.6022161694104,1087.253628639713,16820296
1138.8525390625,1142.9869057502729,1076.8151676259156,1084.0559583618915,42401936
1102.1463623046875,1131.8402130986924,1097.0755251621483,1127.3632795557144,15763138
1115.3487548828125,1142.0733315237671,1095.9791583517374,1114.2524196239417,24325354
1098.8570556640625,1131.063545905381,1091.2965363741096,1127.4545697409383,32172299
1126.9979248046875,1130.195700095931,1107.8567069866976,1111.465683506633,10104610
1134.2386474609375,1140.3373069310228,1124.5310113033875,1128.2313391937091,12720411
1100.1591796875,1141.3880547156314,1096.3903385030703,1141.3423791155121,19222481
1079.304931640625,1107.8110990776074,1076.81524882145,1103.699690714065,10332254
1088.098876953125,1098.2175931317008,1078.117187573528,1085.4950052677639,11235122
1104.658935546875,1110.917459353258,1099.2683689652913,1107.399954854594,8744178
1122.1783447265625,1130.6068222946656,1107.8110723494628,1112.3793574587028,13213547
1123.3204345703125,1126.5410476603054,1110.255038143322,1114.7776474830682,8364414
1100.7987060546875,1130.241341479281,1098.2175514322435,1129.9672878917288,12901733
1087.322265625,1099.1313414381925,1084.2386793233202,1087.2537522258444,12991523
1084.147216796875,1098.6743517895868,1078.6195031532577,1089.0809060389704,9366969
1098.171875,1103.4710901997232,1082.0686892103222,1098.994156596947,9761279
1069.1861572265625,1100.0449790112286,1059.8439262473955,1095.4995318380993,21049821
1040.3602294921875,1058.8617468017153,1026.5410651728776,1058.8617468017153,14325846
1055.8466796875,1071.7214876815042,1047.1441489990318,1055.8923552859483,12836561
1080.90380859375,1083.5534768287473,1060.757726561112,1062.0824398436855,17658543
1080.5155029296875,1087.2537412931745,1077.226376463614,1084.5127220148347,9072401
1083.964599609375,1092.735643674074,1067.8612928275788,1082.6854411861189,7886494
1082.7996826171875,1086.3401458343014,1072.6809662417227,1078.8253011948634,4017223
1095.6593017578125,1098.6058610192822,1084.0787257274364,1085.2435742523726,6374613
1097.532470703125,1105.0701530756053,1088.2130774203813,1092.2789308424592,15425312
1077.7060546875,1098.6517018375448,1071.538881662976,1096.3903970062242,29333171
1081.84033203125,1089.0353263516697,1078.1171665569657,1084.0559610763128,9477290
1098.1490478515625,1100.0221098879913,1079.7388816851078,1080.4012986958621,5421611
1122.9320068359375,1124.256840809471,1098.2175214801582,1103.6538841643307,10847728
1128.1856689453125,1131.5662676416757,1111.4429025740294,1124.7138398805841,11643813
1103.927978515625,1121.0591071061663,1100.5017044635504,1119.7799486820695,14447422
1112.836181640625,1122.9092220377781,1101.6666852015849,1110.5292013946803,13112115
1113.7498779296875,1122.429692222141,1103.7225125598666,1120.1455496454307,9246731
1121.767333984375,1130.6297303123442,1112.3794265424572,1112.8363034157246,16205164
1151.7122802734375,1153.47115333556,1126.0841609074216,1128.9622069773336,14800442
1158.19921875,1160.8032110375166,1145.9105501812826,1151.7808308921801,11856712
1159.8895263671875,1172.8177748769795,1153.8822185126548,1158.0622607657344,19930176
1165.9425048828125,1171.7671103195187,1158.975888658763,1159.4327654746496,8036453
1152.0321044921875,1170.5564594662167,1149.2682474814246,1167.084630688477,6215029
1151.9407958984375,1161.2600682274417,1146.1847036746883,1155.7781504359639,9755485
1131.7718505859375,1146.618838379736,1121.5159859403882,1142.0962286365416,16494486
1131.95458984375,1143.1012499527574,1120.1456334643224,1120.1456334643224,13338594
1086.29443359375,1144.2432352238623,1075.878705331114,1130.6524486555923,21868937
1084.170166015625,1091.2052958438017,1052.9914943305807,1073.3432364243356,24510205
1068.112548828125,1076.3354860223421,1055.7553656542316,1067.153240392027,20020431
1067.084716796875,1085.3806944826188,1063.681401285532,1080.4013291145584,14667727
1090.2689208984375,1099.314140400549,1076.3812415861958,1078.2086282289556,12143683
1086.6597900390625,1105.8008860446819,1072.2240055314126,1100.0449149813596,13200509
1088.8753662109375,1099.5879848711845,1085.015174279064,1099.5879848711845,10017691
1074.80517578125,1097.0528193815537,1072.269817322335,1092.7357499095467,9572839
1065.0059814453125,1072.8406749853164,1060.3463458567744,1069.4372390642864,11061241
1058.5191650390625,1076.6552773098128,1052.991451054535,1069.8942013561498,10714467
1076.3126220703125,1078.1171707334422,1055.2756253778728,1064.7092074142017,12060849
1088.8526611328125,1090.5429000148201,1077.2035705251526,1083.2107578128368,11486225
1087.7333984375,1094.4258400134381,1080.4469324364052,1094.4258400134381,12464491
1085.6092529296875,1089.309580876674,1070.8536167438697,1084.170229792808,15943370
1068.318115234375,1075.8101213291516,1056.6460670952029,1069.0947212014587,10719633
1104.5904541015625,1107.30863568818,1067.0162307067358,1074.097036343286,11212671
1102.306396484375,1111.4658051672634,1094.5403354027371,1110.095295368167,10392840
1116.2623291015625,1121.4701931862114,1100.958586872722,1105.5725473406733,12853252
1107.5369873046875,1122.1554750723071,1105.595411812659,1116.6735572638147,6775458
1096.3446044921875,1113.521408425006,1089.3551505320604,1101.8721976565464,11107193
1091.3651123046875,1094.517332701672,1072.246853908931,1074.8735632656853,13494914
1084.53564453125,1099.382632057145,1081.771908072454,1096.892949213623,7310110
1030.4925537109375,1068.934850965678,1024.8507717891239,1052.991409674357,24846650
1043.3753662109375,1054.3392021395248,1039.8577407594298,1041.6164930677219,14570089
1077.9114990234375,1081.474799880528,1024.6681305348836,1024.6681305348836,21297446
1095.7279052734375,1096.8471991296558,1064.046801992361,1066.445133467933,21471786
1086.4771728515625,1103.1742632236142,1082.7083316309584,1096.3903490265268,10186748
1062.37939453125,1080.0814684121392,1060.0039008697365,1074.919279861678,10805667
1023.0921630859375,1056.2351291977702,1015.074765720734,1040.976940539197,17983310
1021.2418823242188,1026.0386661318942,995.8878765487244,1010.2779863019115,21289374
1075.421875,1081.3149942061316,1020.6251706720651,1021.4704109600883,20414228
1092.849853515625,1098.674459093969,1078.117176907654,1096.3903166288228,17980493
1096.001953125,1101.4154783101,1085.4491980198648,1085.4491980198648,12257423
1105.0015869140625,1107.537066217772,1084.5128164457324,1090.405935906339,8340678
1079.6932373046875,1109.1587116435871,1069.3688600939372,1109.1587116435871,15925769
1097.9207763671875,1099.9993787977592,1085.9289972826414,1088.167464322889,11149828
1133.7132568359375,1140.8854130077184,1103.2883553055435,1111.3514272797765,21422098
1127.1806640625,1134.7640221448232,1114.2067392411075,1116.4908817859648,11999466
1156.303466796875,1158.039381139047,1120.8763623611185,1123.8456386475027,22557065
1159.98095703125,1171.6986821541798,1152.5804220869475,1152.5804220869475,15462187
1178.0028076171875,1180.5154488766732,1146.6415549864084,1146.6415549864084,13168266
1185.8603515625,1195.065434779435,1177.2490511325275,1179.7616924170409,14222488
1197.78369140625,1201.3468716912448,1181.589032177552,1192.32449030425,9891424
1198.0576171875,1205.1155844365524,1191.1366767294153,1205.1155844365524,8684065
1221.08203125,1227.9572970530596,1195.568098448871,1205.9838276782311,15811550
1203.631103515625,1219.597385918607,1200.8216912880262,1217.4274321644898,13223718
1213.2701416015625,1217.5186975999854,1197.8065336156067,1204.2020845793309,7922880
1216.8563232421875,1222.0185122973244,1206.78328178683,1213.0874817677436,7929162
1199.6566162109375,1219.6886298945194,1197.2126090402044,1211.1001668436431,13149870
1196.4588623046875,1203.5168303364353,1181.8632115846942,1181.8632115846942,12257215
1175.3533935546875,1190.497272885423,1172.6808873975315,1185.5177862357762,15496499
1194.905517578125,1199.1769109058184,1169.4829394682276,1169.4829394682276,15152495
1192.4158935546875,1205.3669801293806,1179.990076371114,1187.7561365890233,9254209
1169.9627685546875,1188.9440018326563,1167.3816137327406,1181.8173996563173,13217742
1165.66845703125,1184.3756354169766,1162.858924394788,1176.1070229366328,10354235
1162.1051025390625,1169.3915684841897,1152.0320627201922,1157.148575340456,9974224
1206.394775390625,1218.8205923006697,1165.3944009006232,1168.5693383167388,26141820
1241.8675537109375,1248.9713175668496,1210.1864513522937,1213.8411033760067,25072240
1270.94482421875,1274.0969239268672,1248.0576029654037,1256.6917412979888,21708633
1260.3006591796875,1280.0356589714931,1253.6309344426143,1260.3463347771044,15054154
1231.155029296875,1260.1179524637025,1216.8334323192007,1252.8087686869983,17063215
1267.998291015625,1276.837969729548,1236.9567662507138,1238.0074258969112,12227666
1269.231689453125,1291.9132486351143,1258.587462723263,1258.9529883377872,19338945
1288.190185546875,1302.4204311461608,1272.772132649719,1283.6675760306302,25614076
1274.6680908203125,1304.7731467025958,1268.752133531133,1304.7731467025958,18214862
1270.19091796875,1281.6344669344742,1259.957893094285,1261.7624415848888,9467006
1230.5382080078125,1274.5537765928625,1222.6122832882447,1272.2696341542794,19247660
1206.4404296875,1247.1439120703812,1202.3746973429188,1244.174514898695,17210669
1197.189697265625,1214.7090684591842,1184.8095559027615,1193.3295050253437,19649948
1150.4332275390625,1186.4313990691257,1145.2710390876546,1176.312562358624,18083752
1130.4925537109375,1154.224893475783,1122.8863583311434,1139.7891087133974,19511677
1118.9119873046875,1135.1979964297846,1106.4176570044551,1129.578931172324,16643899
1096.1162109375,1112.3107476202658,1082.6854103802077,1108.9531078983991,20490321
1108.5419921875,1132.0229967577814,1103.4026412800768,1108.2679385841418,19308778
1108.8160400390625,1133.3933770518554,1103.996418885784,1112.128004041224,13437911
1155.389892578125,1160.3008658238577,1111.008914291324,1112.4250996768853,16551828
1159.5926513671875,1174.0512742938924,1145.8421210589095,1160.1865549882743,17276788
1132.8680419921875,1147.7835412963072,1126.5638428485388,1134.7639417959872,14699118
1198.9256591796875,1208.0393914427182,1142.9869449255991,1147.783607958272,21793091
1190.908447265625,1212.2194992964169,1184.5584509779821,1202.1463372152618,15252755
1194.9969482421875,1205.1156645014323,1186.705497653737,1190.9540534654761,13527818
1193.2381591796875,1213.6584143035645,1188.4413754806435,1203.745238550085,12714544
1181.863037109375,1203.699475880604,1164.0009793047864,1198.9026925285402,17882023
1176.381103515625,1190.108796154797,1160.39210620289,1184.5812027866161,16521973
1217.3587646484375,1221.5615239739543,1185.1065955235417,1194.6085702316102,13853398
1202.6715087890625,1223.7541789727848,1194.9282871925982,1206.6687274718395,70620653
1203.06005859375,1212.9732349640553,1195.1568503574256,1203.4254634054103,9776989
1244.5400390625,1248.263204422123,1203.2883287237908,1203.2883287237908,22126569
1269.757080078125,1287.048074567651,1252.6259501949446,1253.5397039010566,23939791
1264.2979736328125,1285.517673613419,1257.1028581470161,1269.985552620149,11093152
1266.6734619140625,1275.0562638211352,1257.2171625563249,1265.3714656251257,12358255
1244.4259033203125,1270.4422655186836,1240.8854401986373,1266.6734244004224,12479250
1278.551025390625,1280.4924800493743,1238.0074055365444,1238.0074055365444,17278305
1239.948974609375,1274.508124039323,1234.1243689934488,1266.2851869447563,18093057
1216.4906005859375,1221.0132096229022,1195.2023893618195,1210.5976028269408,17620803
1200.5928955078125,1220.5792304045258,1193.9003334796064,1210.620380069086,14714312
1186.06591796875,1204.7959348444308,1180.629675723532,1195.7735538240995,11195535
1169.4830322265625,1214.731964725186,1166.742012850329,1198.263252337325,17111475
1183.1878662109375,1199.1083502709462,1167.7014211838505,1169.4830112454863,24457187
1161.73974609375,1195.567964067813,1151.7122606190735,1190.040250016785,12066797
1180.4925537109375,1184.7409883434877,1155.0014625759918,1169.4829224735429,11720049
1144.6314697265625,1168.7063769509302,1142.5300296822988,1168.61502575356,10617206
1126.061279296875,1153.4939462565972,1116.9475476533491,1148.9484993341132,19446323
1142.09619140625,1147.0983948217652,1127.454744304901,1132.936783210017,14240234
1138.715576171875,1162.6077823265894,1133.644738592181,1162.6077823265894,15474529
1154.7274169921875,1157.5826254205356,1133.8960802024349,1133.8960802024349,13572847
1178.6881103515625,1186.3857782029609,1142.5300725593804,1145.3624431238156,19205146
1185.7689208984375,1195.0196790944162,1172.223931675006,1178.619481785339,23112959
1100.36474609375,1184.1015357824997,1080.4013666583253,1176.2897996268855,81997149
1102.6488037109375,1115.577052050198,1080.9037149989122,1086.7739959811406,41857728
1111.579833984375,1126.038456527804,1104.202016602596,1106.897360208046,17647327
1101.8037109375,1115.5542412022614,1090.9083889368783,1105.5725520123876,23943726
1090.9539794921875,1111.5797732814808,1084.969509837668,1108.2221336923733,23301033
1092.461669921875,1104.613313326111,1088.4186541641254,1104.613313326111,19010108
1107.30859375,1109.5469397737156,1082.6854583050267,1085.654855583519,13847467
1105.732421875,1114.5264247032646,1098.2175774888256,1098.2175774888256,10778989
1086.134521484375,1111.9226280873092,1084.05603991937,1108.8618794074898,14224132
1095.08837890625,1111.8997795163002,1085.860457354083,1090.9084571807557,16970315
1097.212646484375,1103.2427925242473,1088.6699798728641,1103.2427925242473,9603210
1106.5548095703125,1107.8110093612281,1092.8726719861108,1105.9837437553965,15160908
1113.3387451171875,1117.8613544563116,1096.5273453757022,1096.5273453757022,16439888
1143.443603515625,1161.4883641035365,1135.7917327813682,1160.3463533603945,23924246
1135.814697265625,1142.0733421750035,1127.135003810937,1139.3323227498786,16523230
1143.489501953125,1149.519647885798,1139.7891741458102,1142.0733166707644,10969995
1105.7095947265625,1127.2034684800046,1097.7608320732331,1127.2034684800046,23110452
1106.212158203125,1116.4451842707813,1101.575359803222,1106.029455803504,11303288
1105.1614990234375,1108.7246791571874,1097.303966652393,1105.5040660228672,8655086
1122.475341796875,1127.4318694475983,1105.9837916915405,1112.8362192627847,12496073
1146.3902587890625,1149.8850463753715,1125.6274359766599,1130.5154502025562,15130683
1176.266845703125,1182.1599643564234,1145.5450526925335,1150.8214299555013,15700044
1180.7437744140625,1191.3193666955792,1170.1910199308022,1175.1933435933545,13917913
1190.6571044921875,1192.3245056514904,1172.8865159355626,1187.756220396863,14250977
1174.919189453125,1195.8648341932765,1158.0622356809067,1192.3243712278706,14467127
1157.6053466796875,1178.0712765976916,1154.3847337642264,1176.7922390518186,13942438
1172.749267578125,1180.2412740858922,1156.2348803420678,1156.2348803420678,10165178
1179.76171875,1183.1421964909127,1168.1353451870384,1177.2034018093864,10724688
1183.6904296875,1192.278771712202,1178.7109434195304,1189.1723475578433,8198226
1202.83154296875,1206.6460598118545,1179.6247127043816,1183.3249197105126,12650587
1211.1915283203125,1213.9325477572347,1200.2276922424733,1208.8617101328987,6607378
1217.5186767578125,1222.886405749029,1213.133094028372,1217.4501633559391,6595965
1219.7266845703125,1223.2556660585276,1210.0561114924558,1219.1308431407494,7410035
1197.979248046875,1219.9098470851989,1193.9001289854964,1214.547517275345,9460724
1194.6563720703125,1205.9768732003308,1185.2150443055014,1199.4229818081733,9471680
1213.0809326171875,1216.0141936887906,1187.6670549206476,1188.8816500056364,9678484
1209.8497314453125,1223.7139850665083,1207.8332053117829,1210.0102388759242,10369622
1206.32080078125,1220.4598815412169,1201.9896457854827,1214.066375696288,7871946
1199.8812255859375,1214.5475305502569,1194.8397893299764,1206.7560105770235,10742038
1190.554443359375,1216.8391091462286,1181.5713619970995,1184.7566583910777,19838975
1209.024658203125,1212.3704619638545,1180.9067653713694,1198.0479633404393,23139054
1173.4820556640625,1193.9002008248963,1169.0363393296598,1183.6797327019556,19909939
1159.7783203125,1180.3339395479504,1157.578374439265,1173.4820664694669,12999345
1177.790283203125,1183.152613267758,1160.007418090633,1160.007418090633,11327815
1190.1878662109375,1194.381547322973,1178.7986269685039,1179.2569945077344,10899618
1183.2672119140625,1189.2941205007858,1177.8819693667544,1180.1735645194212,7488501
1184.93994140625,1190.7148139862836,1178.3402255766878,1186.246185676337,7057077
1177.5611572265625,1196.2146902235793,1175.131967038779,1196.2146902235793,8314850
1190.73779296875,1197.1314195730788,1178.1339594994238,1178.1339594994238,7435419
1200.683349609375,1205.243627563175,1192.0898981636706,1199.8812973738873,8888657
1186.2919921875,1196.2145993219858,1179.1422597382566,1180.1734350135887,8678219
1174.5362548828125,1193.2585249490623,1171.809204596027,1183.8401091308515,10365600
1145.432861328125,1170.0905112150654,1141.6746357685297,1165.851005842832,20217708
1146.9224853515625,1156.2034277254472,1137.2519123914522,1145.4329424103823,7580254
1147.105712890625,1163.0782625830732,1143.3703996112527,1156.0887946120808,8411448
1150.268310546875,1160.9242344812671,1143.5080864000993,1144.3101386731619,9207309
1139.4288330078125,1147.174407042077,1133.0124155770613,1139.3830083821167,10308170
1118.0711669921875,1143.9432900811485,1116.512887254655,1138.9247661746108,9528051
1089.586669921875,1108.1257637609822,1088.5784068177602,1097.2405955370475,12479523
1098.2489013671875,1111.8839101447593,1081.6806315191177,1097.2176047922692,16154822
1069.008056640625,1089.8845687516468,1066.5560753973682,1081.79518852817,16997059
1065.7310791015625,1085.0721019368389,1060.0936802894325,1081.6347700818835,14671827
1089.77001953125,1100.8841889640387,1059.1771101258157,1059.1771101258157,18613024
1085.9888916015625,1107.7360720763115,1083.0098058550202,1096.0718857741501,11852723
1106.017333984375,1108.2172796798002,1095.4530606754843,1098.9592506464485,8948850
1110.0963134765625,1122.883444582741,1108.28599835404,1113.2588187066735,13352162
1114.794189453125,1120.0877821926324,1106.6818973872244,1106.6818973872244,7714340
1102.6258544921875,1108.0340090016343,1094.4677374871164,1102.2591362524915,6329527
1080.6722412109375,1106.383978832154,1077.5556816482654,1106.383978832154,9215177
1088.6241455078125,1091.5803188699474,1073.8891033241994,1077.9682225076774,7417103
1092.08447265625,1097.2175580819248,1081.6805854702077,1086.8596167505027,7328492
1086.538818359375,1107.4611561285692,1085.8055030587066,1106.842402401571,9106089
1103.977783203125,1106.3839397308118,1074.1183117345415,1079.343167648829,16729355
1123.45654296875,1128.8417857528536,1109.2027792744873,1110.0506561830466,12415820
1143.0037841796875,1158.5637907456658,1119.0794497261325,1124.9459717728541,19247142
1146.0745849609375,1154.5076502732582,1138.9248517273975,1138.9248517273975,8717053
1132.783203125,1153.4993289396746,1130.675027825281,1149.328560508879,8243452
1136.5643310546875,1146.9453061847062,1125.3126880195434,1127.466687927406,3370033
1119.0107421875,1145.3412339203949,1117.3837254397367,1145.3412339203949,12233241
1123.41064453125,1131.3396387492933,1115.0004917159831,1126.5501164869822,12513059
1157.78466796875,1161.8407536345453,1127.2146711343125,1129.7583016394149,17609592
1168.5322265625,1173.73417030913,1160.5574079774485,1164.5907025113656,12419943
1159.4803466796875,1191.6314123081297,1149.466090273219,1191.6314123081297,13963166
1166.7218017578125,1168.8071859857873,1152.6743713766593,1160.6032441848488,8981896
1171.075927734375,1173.0925751230764,1157.2805321080048,1159.480478014994,6693449
1188.3087158203125,1191.6314862106915,1169.219727852498,1170.5029386439226,12575815
1194.6563720703125,1196.3522469303784,1179.7152405470758,1187.5066393072761,11789748
1193.46484375,1201.6916979178834,1187.0712171428536,1196.3522802029581,11254205
1179.02783203125,1190.0503526288535,1174.6737648559092,1187.048354481427,5966242
1206.2061767578125,1208.131053614602,1186.1317162720698,1191.631520300409,12310132
1200.362548828125,1210.8809981278312,1193.9918344945936,1205.7248788906377,9043112
1194.977294921875,1203.7311322774233,1187.048300859644,1201.85208009541,7086433
1188.1253662109375,1198.9416749788477,1183.0838088290016,1196.2146248596603,9716161
1191.1961669921875,1197.5896724023316,1182.46512064804,1184.7338034111838,6661451
1190.554443359375,1195.7563869660585,1178.3860656031213,1194.7250904323355,5303197
1169.1280517578125,1186.1316551090897,1165.5531247706042,1186.1316551090897,6390268
1175.6131591796875,1177.1943511777015,1162.5281680351934,1166.423867249805,6611488
1171.9466552734375,1181.5026660158019,1169.7467094821798,1180.1735093697805,6413408
1182.052734375,1188.881695182707,1167.8906206096285,1176.048738121383,9389439
1199.6978759765625,1203.0435584626207,1183.4274673303253,1186.589972548595,7349922
1240.923828125,1247.1111224052154,1146.7161566971913,1195.7105612872263,31527484
1243.0550537109375,1251.9693991169331,1234.713637416888,1239.2739155387835,11058913
1251.8319091796875,1258.2942730770744,1236.6386197398801,1243.1926328973345,26164986
1248.1424560546875,1262.6711675458318,1244.796773049701,1256.621346374702,9485801
1247.615234375,1259.4628401319972,1237.7384512683063,1251.213073743623,11589592
1229.419921875,1245.1403144295887,1227.3804835565434,1242.9632810037526,14828536
1232.9720458984375,1236.0886056642994,1219.5890717739412,1221.4682452969935,8594245
1214.7767333984375,1235.171966579139,1210.9497707145547,1230.5887762843192,8462111
1214.203857421875,1221.4224491280545,1210.010297520957,1219.1308538803946,7757008
1195.80224609375,1219.130739287579,1192.479354498011,1212.714200459747,12655763
1197.635498046875,1202.1728635770146,1184.7567167308982,1184.9859610992187,9479842
1203.089599609375,1206.7560547555115,1194.7022379594414,1197.63549905969,8333348
1198.7354736328125,1209.4830455477284,1196.673001792663,1208.8872041855739,7268947
1181.7088623046875,1198.5062549944987,1178.340267333074,1192.7773280655917,8688551
1175.865234375,1200.2479359101073,1172.450814829652,1178.3402490896397,15837349
1191.3106689453125,1193.4647900311825,1176.3694164498822,1182.9234289584863,7729933
1201.623046875,1203.547923828457,1176.0487810765753,1184.2527235171408,7467588
1184.527587890625,1206.756047926871,1180.6777130256276,1201.2562440096137,8527550
1181.456787109375,1193.7626386035686,1176.3923174365239,1190.71481612068,7451122
1146.807861328125,1187.2775540025889,1142.247583492427,1174.8111943599192,10257115
1156.8221435546875,1165.0489979342706,1142.3163452044564,1152.5598469360827,5990242
1166.2864990234375,1168.1655512498644,1152.7889638080726,1159.5491875728774,5763271
1166.1719970703125,1168.6239785073883,1155.653547085744,1163.2158234648991,7459393
1165.644775390625,1168.211318146737,1157.4866584016988,1158.1741490242443,6930648
1167.4322509765625,1181.0901725672647,1164.636584915218,1166.4698125367283,7289476
1180.5860595703125,1182.006865479474,1167.890576871922,1168.7155413951168,5316175
1171.9466552734375,1179.2568955973827,1167.7072711151588,1175.6132315922005,7658932
1154.3013916015625,1173.780010205778,1152.2160073672667,1171.9237491084905,9264891
1152.239013671875,1162.4825159401614,1147.6329108672364,1156.5701686896753,13637099
1162.7115478515625,1167.7760177993446,1154.1868336075447,1158.0137961533028,6349597
1190.164794921875,1192.5481603325027,1165.6676535881122,1166.5613550025143,10722753
1172.5654296875,1194.3814682477307,1166.8823272148813,1194.3814682477307,8047142
1157.78466796875,1172.3821151320517,1155.470039371194,1169.8613969406213,11509553
1132.783203125,1160.6948864390893,1129.7582928272088,1157.1888175579406,17688773
1130.9500732421875,1133.379142369728,1115.8255204472603,1126.7334798203121,20618583
1120.179443359375,1136.4726433721778,1112.3420989573833,1133.2873470155082,13623855
1136.0831298828125,1138.0080065855818,1123.1585247743378,1126.5500319312011,10751000
1134.2041015625,1141.7205532932778,1127.6272972199556,1133.6542059937956,13448286
1132.9896240234375,1137.1602715521187,1125.9314186223132,1133.379133383367,11940054
1119.5150146484375,1134.3415861827705,1117.040120878316,1134.3415861827705,14930286
1113.8546142578125,1130.3083225769092,1111.4255453120863,1122.4252743528841,10954118
1107.27783203125,1119.973193767497,1094.1698061809661,1118.3003523721982,16488755
1091.9698486328125,1106.7048910921467,1090.8011993917125,1105.6737157348025,12385018
1071.2537841796875,1094.1697337425892,1059.474915791439,1092.817786064837,25830975
1081.520263671875,1087.088804600051,1054.5939303654334,1068.664394571223,21772103
1078.8160400390625,1094.3073089468612,1072.9266059520432,1091.717732743555,22691594
1072.422607421875,1090.7782802892427,1056.4271453359777,1090.7782802892427,19347800
1066.4873046875,1076.1348431598142,1059.177064587237,1062.3852733070487,13662663
1067.4268798828125,1076.5932602066225,1050.9273468082845,1076.5932602066225,24699575
1059.38330078125,1063.7602800211087,1056.7938456763231,1061.0103174930114,14837879
1056.839599609375,1066.6934697036866,1050.9272533069554,1059.6353865773144,15135435
1077.9453125,1081.588976505019,1057.3438694042813,1060.093710721351,21160332
1079.8243408203125,1086.6074765525984,1069.718434775689,1078.6327793113203,13172763
1070.93310546875,1079.2974338522342,1063.897812566571,1079.2974338522342,10790445
1064.83740234375,1077.0516050808442,1060.3458615319694,1072.5600642690633,10352493
1089.930419921875,1091.6719982566156,1064.974909235553,1067.8623457367958,14321920
1114.61083984375,1117.0171177005811,1087.5929789519903,1088.9678390041,33503591
1113.7401123046875,1129.208470731056,1111.448517118838,1122.631545268288,17264487
1118.3919677734375,1121.7377716919275,1104.825696049732,1109.133938364863,11809520
1106.5673828125,1122.7689340908057,1104.5965601857347,1120.5919006448164,8836937
1115.5963134765625,1121.4168897733282,1105.627759786796,1110.9672987239808,13311592
1090.2969970703125,1113.7171398223675,1088.532506453579,1111.8609999506527,11024335
1085.0721435546875,1097.5614154720001,1082.2535652696852,1089.8845780570418,9851910
1092.4969482421875,1098.2030842261706,1085.3013906282733,1087.1346181952451,9434053
1085.2325439453125,1095.2240101015127,1077.8307754283262,1091.717819898285,11199715
1064.470703125,1084.8430233363044,1060.3917051116362,1079.8472903100997,21994038
1074.2557373046875,1074.989052509317,1064.7913765797048,1074.3015619281543,11551145
1066.0748291015625,1077.8078737030087,1064.0352694390695,1071.093474543068,9333535
1093.276123046875,1096.9656118416422,1073.178871193431,1076.6620279277167,14643807
1103.9549560546875,1111.2422843673862,1099.96760718037,1099.96760718037,10171916
1107.91943359375,1108.6756611476815,1093.0927425824505,1103.954876091951,15782657
1081.291015625,1107.713156702434,1079.3890511036197,1107.3007350502105,16235128
1064.53955078125,1074.3017734811567,1061.0333602497922,1073.1560364397071,13334091
1047.0316162109375,1074.301633233475,1042.6775493176322,1067.4268481947054,12771592
1043.113037109375,1056.404240108183,1039.9506528647596,1044.9691769993278,16027522
1025.284423828125,1053.356496015565,1020.8616195268391,1046.848428529058,21728555
1020.174072265625,1033.0528538597043,1009.3119380271019,1028.011417314579,18363159
1018.8908081054688,1032.1132737236858,1014.124258968127,1028.8134157047268,34014213
1008.8765258789062,1017.4700377683855,999.1372164451357,1015.1784426798026,19524589
1040.2484130859375,1042.2192355857244,1016.0949571461871,1016.9886585344154,21400360
1043.410888671875,1050.21693692809,1040.3859783357793,1047.2607635333445,10920094
1030.2113037109375,1040.3401220744431,1028.0342702801966,1039.4693329479808,16249370
1009.8160400390625,1031.2195961032824,1007.3869710951456,1029.042562610501,12375945
1025.513427734375,1033.0527910081307,1008.3952628701555,1016.3241960797575,14054323
1030.302978515625,1034.1986779828205,1025.2614209073392,1028.927997237986,12576424
1024.2073974609375,1028.8364124844704,1013.3910269147096,1026.1780990171535,18804065
1068.366455078125,1074.0496790283871,1033.3737735504117,1033.5112474403347,28171201
1068.5498046875,1076.5933611535606,1061.010440404444,1074.7601334085755,10293043
1065.983154296875,1076.1348852790402,1058.0542814385333,1076.1348852790402,16262928
1073.1329345703125,1078.8848954151513,1062.4540986713062,1062.4540986713062,18435046
1065.5247802734375,1077.234912208272,1064.0123251151065,1077.0516136991828,12961408
1070.7955322265625,1072.9267412239772,1065.1582540929578,1069.7185321848658,10542367
1075.5162353515625,1085.2095986717054,1067.908135009568,1070.795450186044,18179087
1079.5723876953125,1084.2930519234303,1073.385092860318,1078.4265294959243,12378208
1085.0491943359375,1111.4025973314378,1076.6161296232112,1111.4025973314378,17929479
1072.6287841796875,1089.4261767156875,1066.0518592606056,1089.4261767156875,10405576
1077.96826171875,1080.6722785012348,1068.8935304804768,1072.0330024650548,12273475
1075.2412109375,1081.1764701886825,1068.847705399231,1078.930699694429,7007330
1076.59326171875,1082.093065674926,1070.8183887658017,1077.3494893088182,7647317
1080.7181396484375,1091.2135547837872,1076.1348285306533,1088.5095382132533,12936186
1088.99072265625,1091.0761068370036,1077.2807122181785,1084.3846203456042,9236126
1082.5972900390625,1093.5970195080386,1078.9078012347554,1090.3428646820537,8617834
1089.4490966796875,1092.6343931381125,1083.4680130880868,1088.509570607269,9167125
1109.363037109375,1110.921438081387,1091.6032062577365,1091.7177678227733,15565210
1118.7816162109375,1120.958649716804,1112.8463570833217,1116.5587580773163,12981805
1109.1798095703125,1120.5919606156895,1105.948688312864,1120.5919606156895,7061872
1121.9669189453125,1124.1897770911949,1106.6590686073505,1109.6610666585334,8635233
1119.1024169921875,1128.0854990100452,1116.4671371419286,1118.75873227531,8746585
1132.9208984375,1138.306141188911,1120.2025024279549,1122.883607031309,9153782
1136.4268798828125,1139.7497715225165,1128.9562533083829,1134.3414956439876,6464721
1144.2413330078125,1145.7308758867846,1137.18312795373,1141.2164226215416,10872255
1136.7706298828125,1150.1534813506003,1135.0518427485713,1145.3182560121031,10557860
1138.6268310546875,1140.0247246584067,1125.8626113395205,1131.9582566592853,6955341
1140.8726806640625,1147.8849402539147,1133.4937027978535,1141.170661994074,6833343
1124.625244140625,1145.6161971769827,1122.9522815131972,1143.049654293992,8717229
1117.9794921875,1129.7582392014917,1113.258828456941,1128.8416254760998,8798967
1115.573486328125,1126.0919363508979,1112.4109806432973,1122.677395195577,10525531
1119.194091796875,1121.0274406829346,1108.6069050669037,1115.5734611130783,8050447
1125.1751708984375,1130.2167287764828,1114.7943162780748,1116.00879019594,7434906
1124.9688720703125,1131.1332541245263,1123.5480662004748,1127.7646591838109,6092034
1118.4149169921875,1129.3000847067574,1115.2983573351414,1121.0044934210875,8112254
1118.2774658203125,1122.425322161984,1107.3236821696307,1115.5047120501324,11487863
1148.7786865234375,1149.9244234487512,1123.2273347076036,1126.550105143105,12626260
1155.240966796875,1159.5492093307969,1149.0994966306168,1155.424265314273,10010304
1154.9429931640625,1163.0781975947891,1152.3763292561057,1155.2408532255517,11342504
1132.0040283203125,1150.3139969659119,1127.9250304984787,1145.7995439719668,27107927
1128.9561767578125,1138.8789051474243,1126.5500202896324,1136.7018718012143,14592692
1125.2667236328125,1137.9392935709284,1123.3418468895768,1132.508226805784,15800644
1135.372802734375,1138.3518884662321,1126.7563179342822,1130.7667002528126,10908682
1136.335205078125,1140.1621675342958,1128.3834200937229,1138.2143784509424,7493309
1144.9517822265625,1145.799659114034,1133.2416495492241,1139.8414873574645,10312545
1145.63916015625,1153.5223301261628,1141.6747234706256,1148.5495091108025,12071109
1137.52685546875,1149.7181454299607,1135.7164190871351,1149.0077425106983,5877018
1138.53515625,1140.8496635852962,1129.7582854890468,1134.5707198955656,6391969
1155.3555908203125,1156.5472737061696,1139.4977223954843,1143.5081050554063,11248016
1169.5633544921875,1171.007072636391,1153.5909268852188,1155.4241543414826,13277380
1169.88427734375,1174.4674673281584,1162.0698450738732,1169.540471418876,11813494
1181.2735595703125,1183.565154648271,1173.3903900662972,1173.3903900662972,24171579
1169.54052734375,1184.2984822350734,1165.3469677097826,1184.2984822350734,6798554
1171.9696044921875,1175.1319887825873,1161.8407855913522,1167.5927463145983,6921096
1175.26953125,1177.813161711121,1167.7989048303969,1171.9237273658862,6961603
1162.06982421875,1179.3943208422334,1160.465719875912,1171.4654483785869,7619166
1152.559814453125,1161.1074409929802,1151.2993947399736,1159.0449690703254,6628570
1143.760009765625,1152.857652893267,1140.6205379277071,1149.0077781140742,12641159
1144.172607421875,1150.1535700821155,1139.6810664262143,1144.2184320506567,9689466
1159.320068359375,1163.147030997109,1144.8141488097256,1151.7577923411968,11354006
1168.8302001953125,1171.7634615125367,1161.1304498521908,1167.0657094335256,11151555
1198.8272705078125,1201.7147071937477,1171.1676200643255,1172.4051275666359,12154387
1186.4754638671875,1203.0895579356743,1179.371434501982,1203.0895579356743,8061643
1184.527587890625,1195.7564400923563,1180.5402391428015,1195.7564400923563,10248062
1209.3914794921875,1212.0038470194174,1180.6548305467759,1180.6548305467759,19117987
1207.0311279296875,1221.3994521703457,1204.464463843499,1207.6727939512346,13375267
1253.527587890625,1263.1294232871096,1226.0055349528075,1232.3761279794887,33240016
1267.11669921875,1269.5457680130983,1254.696286269897,1261.7085449049966,20069348
1268.5146484375,1284.212128884572,1265.718861293945,1267.8500701216137,18733835
1257.1712646484375,1282.8371779828115,1254.535984865038,1275.9165681293327,14682934
1256.1171875,1265.375217134004,1248.9673332187003,1260.379484062722,15124144
1281.7830810546875,1290.1932337077706,1250.2964703895977,1259.0046043501054,22220040
1292.6680908203125,1300.4594895542746,1280.0871700514763,1291.0868987604547,25867313
1302.4761962890625,1308.9614722453714,1281.9205773427532,1297.0451292402618,39122156
1300.89892578125,1306.4106104107345,1281.111171787359,1281.111171787359,38717624
1260.628173828125,1298.4407636179003,1253.105419037273,1295.511139544098,30249238
1235.130126953125,1248.8102333463848,1226.1425595139197,1231.9522253270634,23727866
1234.335693359375,1243.9688060153449,1231.4556518632148,1238.4074176398622,12026020
1254.396484375,1264.7248465906373,1233.9384545652665,1233.9384545652665,12911012
1242.7274169921875,1260.0819794212514,1236.5950392165305,1258.2944552480367,17226898
1255.2158203125,1262.6641406548117,1241.6598530436584,1247.370231972764,20827852
1265.842041015625,1268.1509718279565,1250.299855003079,1255.2158191620024,8551174
1247.941162109375,1270.6833900537076,1244.0184287403833,1268.6971713900832,9536632
1234.6087646484375,1247.3453435702158,1223.3121457924572,1245.9549662344152,12748214
1229.419677734375,1241.833544673933,1220.5562494770325,1229.1218176653272,10168350
1246.12890625,1249.331659908142,1227.2846791073166,1240.790943076704,22885610
1253.2296142578125,1255.488841134543,1243.8695097744273,1251.814384886759,5982870
1245.681884765625,1258.4930201182456,1241.1633097871697,1255.2902665873837,9844072
1253.89990234375,1255.7868344468004,1232.0019128435704,1243.795086951167,11486586
1259.486083984375,1266.2144240915582,1245.5825530531736,1253.77570520906,15470598
1264.7991943359375,1270.6089810278029,1247.5191885964646,1257.4998648454127,22179330
1279.74560546875,1282.253230959174,1253.8006222945364,1260.75238812112,9575812
1278.7027587890625,1282.5014748971257,1266.7110115422968,1266.7110115422968,10203112
1260.255859375,1280.1677518229112,1257.6986510992238,1274.7056499895286,13673744
1269.591064453125,1279.9194263226734,1245.6323004942694,1256.9040677896994,18639978
1255.738037109375,1273.403057784055,1253.5703454061634,1265.6792722383425,9221746
1255.43896484375,1264.6826161104336,1245.2735154216373,1254.1931930195988,7713044
1256.8343505859375,1267.1244996417786,1254.21822955338,1257.83096812215,9517952
1235.7060546875,1265.6543373767377,1231.3209133840314,1265.6543373767377,14140020
1230.00048828125,1248.263455848564,1217.1690375873975,1223.8463263728836,22222400
1217.741943359375,1237.798869485294,1211.438386668476,1231.8191648017903,12580826
1206.0816650390625,1222.5756121252018,1200.0022007952118,1221.8780285188975,16876644
1204.935546875,1217.3683263678636,1203.4156807934467,1211.8869298921998,12168946
1199.42919921875,1208.3987570026875,1195.8911583187871,1207.4021394711388,21638600
1202.2445068359375,1208.7225203155078,1196.7631108147625,1199.2048965822742,18112842
1201.2728271484375,1207.7259008493393,1198.5820086782048,1202.2445048372767,9347626
1207.701171875,1212.858594599831,1202.1449561491547,1205.9072116575028,8675876
1210.242431640625,1213.9548074808367,1204.5368208088998,1206.4553581511952,8200370
1211.8868408203125,1215.0012704071246,1201.422357408624,1206.754236529765,13652572
1219.95947265625,1223.8463052862799,1207.3771765615925,1215.8733651866949,23109288
1233.1148681640625,1234.236062839516,1221.8530418720986,1221.8530418720986,13271074
1215.30029296875,1237.3005747017125,1213.8551246595125,1237.3005747017125,16255666
1221.379638671875,1227.159946953354,1209.0215578194573,1215.8733028663476,12803338
1222.5008544921875,1228.729713733621,1218.3648676243943,1225.8394987141144,9209636
1224.7681884765625,1229.8259735378333,1220.6072618237126,1229.8259735378333,25468592
1214.1043701171875,1221.354787003095,1211.9118602069937,1215.8983303400107,7516300
1187.046142578125,1209.694372637889,1173.5171086509097,1207.4270434892683,57081884
1178.4005126953125,1191.0077479349486,1176.0086064524028,1183.458297657559,12226182
1173.4921875,1187.1956783704497,1171.0255834748014,1183.9816112068631,19176786
1166.2667236328125,1176.3574761147186,1163.600844736979,1171.2248715084886,14254884
1167.2882080078125,1171.1251609235717,1163.8499264102609,1165.3199128423328,10087782
1180.443603515625,1181.8887719515524,1165.2950654817153,1167.786609346333,11722778
1163.1025390625,1187.4697890502082,1158.5678806301862,1187.4697890502082,14518346
1168.5340576171875,1180.5433475545983,1163.1025407244908,1166.9394938956318,12342014
1155.1544189453125,1163.8500042507808,1154.0831037597964,1161.0344867242761,8859056
1153.1611328125,1155.5779788871073,1143.6684485524847,1150.5948914404187,10286386
1153.1363525390625,1160.7603792567368,1150.5949291948962,1155.7025939953498,10953682
1155.0797119140625,1158.468235831833,1152.1147991075431,1154.60634292099,5431026
1145.238037109375,1152.0648423692783,1143.6185337391562,1150.1464267559231,7576878
1150.2958984375,1155.0298316802025,1147.978811355353,1149.3741002215268,10236032
1168.5589599609375,1170.876046988333,1152.5881401722484,1153.3106635291579,9814118
1170.7265625,1175.6848320320562,1165.1205889001094,1167.9610461833179,12554450
1170.6767578125,1174.7628651860132,1160.635763616147,1166.0424621570608,10150316
1168.0606689453125,1173.2929109062115,1164.0492591104744,1168.5340379341021,5929036
1173.6417236328125,1175.8591733147746,1166.690340663721,1174.0154552081121,7928180
1158.069580078125,1179.4968571621866,1156.5746537699347,1173.6417291217745,8918320
1149.1746826171875,1156.9732875998106,1146.6084412009752,1152.089837486595,12032556
1145.6617431640625,1153.435286991073,1144.2664542748817,1146.1101723946424,8913312
1127.7723388671875,1149.2245548899484,1123.8108086354716,1141.127037701022,7853962
1125.15625,1136.7419287697721,1117.7065583053281,1121.2196594250643,11620688
1109.484375,1125.1810998203457,1106.394885239857,1121.6929387491577,15222534
1129.0679931640625,1132.9049462180562,1114.193428272988,1116.2116030474801,11771084
1152.3389892578125,1158.5678486592062,1131.1359275239868,1133.1541023015204,16813304
1140.08056640625,1160.062796398939,1137.5890225995513,1160.062796398939,12808438
1144.814453125,1154.8305074839402,1133.752023404208,1140.7034060109795,10309190
1156.1759033203125,1158.2190177980203,1150.0716213128414,1153.061473724664,10562104
1155.9267578125,1163.5259660841282,1153.958462624445,1159.6640733559236,8850156
1165.544189453125,1166.042498213045,1158.8669007331605,1162.2055450931427,10647304
1157.9698486328125,1165.5939965170132,1155.8520365348347,1163.0775131044059,6960204
1163.9993896484375,1166.5408130001256,1156.9483693221023,1162.0560341376731,7884494
1151.3673095703125,1163.9993634204725,1148.203000336806,1163.9745453088372,14513610
1153.534912109375,1154.2575571449777,1145.138482408668,1148.8757981483514,7734954
1153.385498046875,1158.3685856187403,1151.9403296565872,1157.521363405594,3854810
1174.2396240234375,1176.9803221354077,1159.5644557371882,1166.0424694563903,12220648
1176.357421875,1183.0596501175335,1169.5056766785162,1171.573730950445,13134910
1173.7911376953125,1182.6111777677033,1172.0470571634735,1172.4705465839068,7758634
1170.70166015625,1175.2112568239902,1164.2484647951942,1170.3029888419037,4490186
1185.4266357421875,1189.9612940264415,1176.1082864562932,1178.9985015354105,8214450
1190.0609130859375,1193.1753427228437,1182.0879732154583,1183.4832620242737,8534814
1193.6986083984375,1195.9409977692549,1190.0609301987408,1190.0609301987408,8531542
1192.9012451171875,1197.2366284850898,1191.4811382013293,1191.755232340062,6749486
1193.150390625,1195.7914512612867,1183.60782697909,1192.901236256622,13792174
1196.289794921875,1201.895768374035,1194.9693253938858,1199.9274731378698,12531306
1184.7041015625,1196.2897798846666,1180.9418462059707,1193.2999274144302,28439984
1193.1007080078125,1194.1470834265622,1184.7789759105292,1184.9782507548393,14342842
1206.0068359375,1220.8564613085723,1195.2434397220431,1220.8564613085723,15590990
1214.752197265625,1216.2970031069408,1206.729377450582,1215.3750832246371,12693624
1226.3876953125,1232.2925809190049,1213.381788465167,1219.4113729147537,16422442
1224.3695068359375,1226.3128622476854,1216.8699360110222,1225.8394932789167,8142096
1223.7216796875,1234.1612233859294,1218.364860770004,1227.7580291162037,10204894
1225.515625,1229.6266720265642,1222.0522819971522,1223.8462420898877,7066138
1207.92529296875,1228.3060712224215,1205.9818159406923,1225.8394673573903,9197124
1212.8585205078125,1215.0511519349654,1199.0803326561356,1206.903755459549,10031182
1227.907470703125,1233.289229591819,1217.1938324642308,1222.8496854998207,16972354
1243.579345703125,1245.7718555058523,1230.8475330083736,1234.8090631774007,15932152
1256.236328125,1263.1627709181807,1241.2621262210648,1243.5793348465209,14165188
1274.7236328125,1282.5968135560647,1258.3292023189276,1273.1788270599538,16820604
1259.3009033203125,1295.0297378629468,1255.7380444365613,1281.1767303428394,17736722
1276.941162109375,1282.397618806035,1254.8660592804733,1259.2262610152907,13765454
1278.1868896484375,1286.0850103793666,1269.5162443624122,1275.471131279396,16541784
1284.6649169921875,1291.5913600605638,1277.0158288992886,1279.6568896463184,7465664
1289.050048828125,1295.5528807412925,1282.1983034612615,1286.6332027084852,9204156
1298.368408203125,1301.5824753594177,1289.0500587638487,1290.5200452678605,12302636
1288.1031494140625,1302.5790426007668,1285.2877537041506,1301.1339959219,10864584
1290.7442626953125,1299.0162367557261,1282.2231342554576,1285.910692065635,4030540
1301.4329833984375,1303.0774266622284,1282.148458432854,1288.1281636412468,7448800
1287.281005859375,1312.545234910568,1284.241273850567,1300.5858250252782,9037536
1293.933349609375,1300.511122346772,1285.1881284905055,1289.6230276428519,9612778
1299.439697265625,1305.4942215456497,1294.6061267435991,1297.0477909447786,8086406
1289.2991943359375,1311.5236916149431,1280.1302403318166,1300.5858388723832,7734652
1285.8857421875,1298.991286774565,1284.241298964633,1295.60276290932,5403074
1320.568115234375,1325.0030146082704,1283.170017850485,1284.1416956169662,11102740
1355.3001708984375,1357.8913520828567,1324.0063568749174,1325.0029743810333,23725852
1366.0885009765625,1368.6796821500511,1341.1980031977973,1355.3001651813313,15012164
1389.409423828125,1391.726510938781,1361.37955559883,1370.3491134322044,8610594
1369.975341796875,1391.5770749435692,1365.864294576788,1385.273396211656,9069024
1356.9693603515625,1381.5858844431966,1350.4415890267092,1354.9014277988692,12197382
1363.3228759765625,1366.3626080491183,1346.6794122001247,1346.8289291583083,10279438
1362.8245849609375,1371.3457134567918,1354.4032155434447,1371.3457134567918,10422704
1324.0810546875,1367.1100641823,1318.076531538343,1367.1100641823,20055420
1339.329345703125,1344.935319152724,1319.4468751981772,1330.708579978037,21919128
1348.4981689453125,1359.5357807014761,1330.6836312147743,1338.4074168042384,11808872
1443.1519775390625,1447.5868766220333,1355.5742172752682,1359.8845391743644,23893438
1402.8636474609375,1455.0365469867197,1399.6745202625193,1455.0116072188218,14093978
1421.7994384765625,1429.3986469009094,1397.7560413306783,1399.250967578091,15130226
1421.8243408203125,1438.4678039404528,1413.253454892232,1430.1460723803827,13349362
1452.769287109375,1469.9111811748812,1428.3273401464805,1428.3273401464805,19652588
1434.157470703125,1465.5259810562725,1426.6828397218792,1455.8089607806528,8814432
1422.970458984375,1436.9728613121172,1415.0223374097375,1436.9728613121172,9047984
1437.27197265625,1444.5970870552653,1424.4155823896087,1431.0680529608824,9296568
1445.219970703125,1454.5383201160262,1422.6964392460436,1445.095393514029,14694634
1455.8089599609375,1466.995966658422,1446.0420601546468,1449.0817920816041,12556798
1447.4373779296875,1456.0581434940393,1437.4712030939993,1455.808989123147,6674430
1460.144287109375,1473.9972948065167,1449.081857098496,1450.576783360977,7715594
1476.3642578125,1478.6315869699197,1452.570014858978,1452.570014858978,7117888
1465.6256103515625,1479.7028319549202,1461.5644428705468,1478.3324829492838,10006782
1455.634521484375,1472.0040121921968,1453.616468421208,1471.4807636857656,9767498
1469.01416015625,1474.495556276236,1448.608441659238,1457.1046299766977,6729828
1466.04931640625,1470.5091554911164,1456.855544086153,1470.0357864990758,7117496
1462.7354736328125,1483.4901063137138,1452.619903212402,1469.0142126210908,12720292
1476.7379150390625,1479.927042234461,1453.0682504652966,1463.1839419725131,18493728
1488.57275390625,1492.4845261002738,1478.3324851717987,1484.4617068831596,14438584
1482.2940673828125,1489.4697863426854,1477.4854366314444,1488.4981086163489,7513106
1480.624755859375,1494.8763125629423,1473.0504874842213,1478.0086350232018,10826044
1450.7012939453125,1486.2307308172146,1445.2697774372984,1477.983696983013,8647950
1455.85888671875,1473.9723367128477,1449.605087600302,1460.044631538696,23628976
1487.077880859375,1494.926243638477,1457.553087547515,1458.549705043274,12132926
1502.30126953125,1507.3341149979008,1482.1944624618202,1485.4334693922297,10024420
1495.12548828125,1502.3012071002497,1481.0234483269724,1500.6817037023463,7107668
1497.9161376953125,1503.8958428358128,1473.4990083716032,1488.398391683718,7805676
1473.922607421875,1498.015762858888,1470.5590233078656,1497.8911856694801,8315726
1461.63916015625,1483.9634158613337,1458.5496703244203,1483.9634158613337,11277130
1470.4344482421875,1482.9668648517434,1460.0696017370103,1461.6392256628503,9432678
1427.3306884765625,1478.0833606651493,1422.9455472318687,1474.769656206196,13522134
1426.633056640625,1443.625434216477,1420.6782912211108,1434.8302115061215,18571102
1413.4278564453125,1428.377119229181,1408.120916820004,1421.1267024475223,19223818
1434.60595703125,1436.8483464149253,1411.733633980725,1415.1968554751415,9169392
1420.4290771484375,1432.737278814348,1412.4561372310984,1423.9172383622733,8275764
1438.866455078125,1440.1122269007035,1419.2082000493178,1423.1198505777713,8488806
1446.0670166015625,1452.9686412795918,1439.7883995028772,1447.61182235093,13006936
1450.1033935546875,1455.0615412559098,1442.4543056251903,1445.0704265469687,19527608
1436.6988525390625,1447.4873101860683,1434.1326110883704,1440.1123162075712,11415906
1487.8004150390625,1494.926254517076,1442.1055268574726,1443.102144360484,16326644
1480.8240966796875,1500.856084215032,1473.6484993008032,1487.8253589895007,21854364
1479.7528076171875,1488.9216401693752,1477.4854784200013,1487.4267138842959,5013880
1481.9202880859375,1488.9464898637184,1470.010758064916,1478.9803152327697,8910166
1466.622314453125,1479.4288252217937,1463.9314958187817,1477.0618586176802,7008292
1457.9766845703125,1474.7447251116087,1445.095354899025,1474.7447251116087,14490272
1455.1611328125,1465.8250126567757,1451.075025547316,1455.9335356774968,7442298
1480.9486083984375,1485.9316957072076,1456.058111622612,1458.0264067780952,8357118
1458.69921875,1484.7607905375294,1457.5530843009483,1483.9634478797345,7071414
1474.5703125,1481.9702462188995,1461.3900701830325,1461.3900701830325,9138330
1462.1873779296875,1481.4469623023954,1458.126088654758,1470.882841217157,15551012
1459.8701171875,1477.1116478494807,1441.4326942405721,1456.0581040790023,12902062
1460.7921142578125,1466.1988129087342,1446.0173083453908,1448.434032810999,9366184
1459.371826171875,1480.9735584686243,1454.413678596639,1458.5496654231706,19005692
1465.15234375,1469.0142366720518,1438.1440330653274,1451.8475240790594,15741778
1474.8443603515625,1477.8092730369624,1462.8351926557814,1467.4693666335522,10350362
1454.3887939453125,1488.4482458913958,1450.626660184371,1473.99729204779,14605554
1445.269775390625,1463.5826212393129,1444.5970099413846,1458.5496543975278,10462776
1455.03662109375,1463.009561153273,1436.6241369752715,1437.620754482712,15943926
1447.6368408203125,1460.0446803968975,1445.0954174576802,1458.998183328187,9413848
1460.069580078125,1462.9348553961377,1445.095377780333,1445.095377780333,7247974
1462.037841796875,1478.0584191099754,1457.926794695708,1463.034459275946,11474262
1461.5894775390625,1472.3279340272813,1459.1726313819618,1467.0209943783816,14512646
1429.1495361328125,1469.9609752694557,1411.3599375772862,1466.0243846941194,17226958
1414.7235107421875,1435.1292301519277,1413.2036446912732,1430.6444513077029,7394208
1396.7344970703125,1415.944323859933,1387.2915705177031,1411.1854509298719,14517472
1413.7518310546875,1428.1030260106236,1392.7729836046894,1392.7729836046894,9439002
1389.409423828125,1418.9342183629824,1385.2983764878284,1408.2205798397852,11009612
1402.6644287109375,1405.230670101528,1383.3797828272338,1392.0254882725596,10505096
1397.955322265625,1402.2158864208184,1379.3186236295483,1395.164866252728,8456620
1415.271484375,1422.2478065630996,1395.289377387814,1396.236115307523,7188300
1411.4844970703125,1425.1381083791202,1408.2454901427022,1415.6951817447234,5046534
1420.5286865234375,1422.6714384154043,1393.2961628188336,1413.7517607219268,14711774
1430.84375,1432.3386763063274,1408.4697349449302,1418.2366354759024,10916476
1431.267333984375,1436.9480051777675,1420.7779102690051,1420.7779102690051,11176128
1455.7093505859375,1463.806867633702,1431.4167994426434,1431.4167994426434,10281604
1481.0234375,1487.177477372599,1450.0784164448637,1453.6164571204579,14608260
1475.2430419921875,1483.4651362981733,1471.107055070422,1478.6066260264545,7094776
1461.2904052734375,1479.8773459277495,1456.6063516995487,1475.2181104653632,6629010
1451.2742919921875,1473.4989099427537,1447.83601042904,1463.0344266458997,7820162
1435.901611328125,1453.0683235349763,1433.5844026325685,1441.6072222176565,7383556
1420.0303955078125,1435.5278460225502,1415.2964624662736,1430.6443960271654,13206858
1425.5616455078125,1437.371538130288,1417.4391888409098,1426.4586255573156,31069832
1505.21630859375,1509.3772354064818,1454.064962996406,1477.9837834980603,21527942
1392.5487060546875,1492.9828563818792,1354.702181790911,1492.9828563818792,36709098
1415.9443359375,1426.3091824359717,1379.4182796425412,1417.190107832571,17464890
1426.757568359375,1438.8166156062389,1416.5422391297848,1430.146092142623,17855722
1464.977783203125,1467.0208976542601,1421.6748033313872,1423.6680382466784,18558696
1466.4229736328125,1488.2986784951756,1463.1091475417077,1464.9778053029827,9251760
1451.747802734375,1468.690299735569,1449.7545677930582,1464.0310643972782,11774902
1458.375244140625,1471.0074195261454,1450.2529088993854,1452.5699959074234,10081742
1460.2938232421875,1467.2701458920392,1455.161218675457,1467.0209915116875,9181160
1472.55224609375,1474.6700582960718,1452.2959222700385,1465.0277352531252,8157998
1476.0155029296875,1482.3689396887319,1466.3731796559373,1482.319060149225,7196766
1453.7161865234375,1482.4685779731483,1451.075125733717,1482.4685779731483,8725874
1468.7152099609375,1477.8342847208717,1445.195060509748,1454.0649808863911,16113776
1449.2811279296875,1469.7117867937704,1435.702214416364,1468.6404716382522,31170360
1436.59912109375,1444.597000498706,1432.6375910430422,1440.6354704479982,8878386
1449.2313232421875,1451.0003435889125,1436.1257791358028,1438.1190140825563,7045386
1508.90380859375,1513.837016470209,1440.2368397034465,1441.1587595379178,22014882
1525.3729248046875,1532.299367591978,1500.905917133996,1508.6297025641345,28383030
1560.1051025390625,1575.6523116431479,1525.846375016777,1525.846375016777,28957336
1554.872802734375,1574.0576894338947,1550.41296379415,1557.2397692752247,7724306
1559.880859375,1568.1776514801143,1551.7334625704086,1564.191181441398,7749246
1547.1739501953125,1569.6725412908515,1537.556567118779,1561.026835932207,9049620
1548.7685546875,1562.1979513412318,1545.5544875401463,1551.7334674566494,6837176
1583.25146484375,1593.0930625872904,1542.763879189944,1548.5691274238031,12269710
1595.4849853515625,1603.3582879590508,1577.172138728573,1583.6252127309062,9500806
1584.8958740234375,1595.0862633393444,1575.1539139068004,1592.1960483401444,6960002
1578.8663330078125,1592.0964546384023,1557.8626678795374,1589.6049108909244,7134578
1575.303466796875,1598.8236153323678,1565.1877748976055,1582.130272301782,11940946
1591.3240966796875,1599.7206480087468,1569.174296470643,1579.1404717419714,12924784
1591.8223876953125,1600.4182137709945,1580.1370716514475,1599.0229249170825,5329688
1570.9183349609375,1594.588000594766,1563.817435270789,1588.1099868423498,9386838
1581.30810546875,1588.5086425064346,1552.5555935406855,1570.6691650942505,12298374
1549.8897705078125,1584.5969272016237,1547.547743652262,1580.635396865678,13140390
1495.5989990234375,1532.2993893942587,1494.203710207304,1532.0502350219995,19674376
1482.8671875,1500.656785362589,1458.0513876709067,1495.9228522857354,18052044
1490.6407470703125,1504.3941172423486,1471.4061023020706,1479.9769884762422,11913362
1487.3519287109375,1495.399566075759,1472.0786930693387,1475.9904652814091,12519876
1503.9207763671875,1507.3093002642313,1485.3088955316166,1487.3520101091112,9859940
1514.958251953125,1522.3332458553632,1506.661459848989,1506.8357949187157,7538550
1508.03173828125,1519.8416308848414,1504.8923689417118,1511.8936309498918,8228208
1500.3328857421875,1505.3407911439474,1496.072321776707,1498.9126572012258,10057346
1510.174560546875,1512.8653791590948,1499.2117679442729,1506.88567410313,10764222
1494.25341796875,1504.219592524845,1488.2239553567551,1499.9092706922956,10268248
1442.4293212890625,1478.8806780007048,1428.401979157231,1474.9938455626734,17046704
1451.125,1472.5023973081068,1446.415884855267,1450.2280198935075,10236186
1459.8701171875,1467.5192048297954,1456.5564128072976,1464.0310437317278,8174568
1444.223388671875,1460.0446920757677,1441.0342612156307,1452.5950003162839,12387192
1469.313232421875,1471.505742264147,1451.075083465356,1455.0615534748763,6249776
1455.6844482421875,1468.0175899089377,1452.8191729054677,1465.027737383665,8184584
1458.67431640625,1465.1024507415398,1453.0683428612606,1455.809041038811,6265064
1456.9052734375,1467.020965431434,1448.782816450946,1458.5995961882188,6267466
1473.199951171875,1475.392582683191,1453.1182057182932,1463.682326968092,9416902
1488.4000244140625,1498.300048828125,1480.5,1482.5,13797742
1495.949951171875,1503.925048828125,1490.0250244140625,1497.2249755859375,8411808
1498.675048828125,1507.875,1490.0,1493.25,7769996
1498.125,1506.5,1490.6500244140625,1503.0,10445782
1499.9749755859375,1511.324951171875,1498.425048828125,1503.75,9249654
1512.5999755859375,1523.0,1503.0,1506.9749755859375,8816114
1500.449951171875,1513.4749755859375,1499.449951171875,1510.5,6251156
1498.300048828125,1507.4749755859375,1493.0,1505.0,9610286
1520.925048828125,1537.0,1494.0,1503.0999755859375,38335358
1509.625,1539.7249755859375,1503.324951171875,1534.0,41620730
1516.25,1526.800048828125,1506.625,1510.875,11240852
1509.125,1523.0,1507.5,1521.25,10923800
1514.550048828125,1517.5,1499.5,1500.699951171875,11983304
1492.9749755859375,1525.7750244140625,1487.050048828125,1519.050048828125,16264168
1464.824951171875,1497.0,1461.625,1492.5,19394228
1462.449951171875,1469.925048828125,1455.5999755859375,1466.5,9010298
1461.5250244140625,1472.050048828125,1457.574951171875,1460.5,10768260
1451.5,1468.75,1447.550048828125,1463.050048828125,9760202
1479.800048828125,1486.0,1445.875,1457.0,22349376
1472.625,1483.1500244140625,1469.5,1476.4000244140625,8711328
1471.3499755859375,1480.9000244140625,1464.75,1477.550048828125,5481774
1472.300048828125,1477.4749755859375,1466.625,1474.0,5935328
1463.449951171875,1482.0,1460.550048828125,1470.0,8574714
1469.675048828125,1476.5,1455.550048828125,1466.25,16955902
1485.925048828125,1495.0,1471.375,1474.0,30897320
1493.375,1501.5,1488.949951171875,1491.0,8832314
1489.375,1500.5,1487.875,1488.5,17137444
1493.949951171875,1496.5,1480.199951171875,1483.9000244140625,7069002
1497.949951171875,1504.0,1488.050048828125,1490.6500244140625,18818998
1526.175048828125,1533.4749755859375,1492.0,1499.0,20597478
1476.574951171875,1524.9749755859375,1474.4000244140625,1519.4000244140625,27008814
