Price,Close,High,Low,Open,Volume
Ticker,SBIN.NS,SBIN.NS,SBIN.NS,SBIN.NS,SBIN.NS
Date,,,,,
2000-01-03,15.532902717590332,15.532902717590332,14.933643212516833,15.045208009912747,25152894
2000-01-04,16.517858505249023,16.702735824322286,15.226903034149379,15.532907628083068,47648560
2000-01-05,15.838911056518555,16.87486378134978,15.618971018106077,15.873973774419262,36396207
2000-01-06,16.63898468017578,17.08524143842361,16.065227832055513,16.065227832055513,70573968
2000-01-07,17.423118591308594,17.843873709958352,16.256476352579327,16.670858658729554,83453217
2000-01-10,17.18086051940918,18.478192184318928,16.906732983376493,17.85024539843825,58497022
2000-01-11,15.80703067779541,17.021483582270783,15.80703067779541,17.008734093664568,25729224
2000-01-12,15.60303020477295,16.033349045882197,15.083461060369133,15.555216713818899,29729836
2000-01-13,15.5870943069458,16.294729163591754,15.497842703847198,15.682720011970991,34199308
2000-01-14,15.249212265014648,15.618968126318265,15.17908684219667,15.618968126318265,15967246
2000-01-17,15.038835525512695,16.00147434873873,14.809333074843769,15.580717922737676,46484261
2000-01-18,15.073897361755371,15.36396406989745,14.901769567214899,15.102585971881421,28686319
2000-01-19,15.552026748657227,15.778342092525435,15.3002111388069,15.357587059451262,26623142
2000-01-20,15.153586387634277,15.606217157355978,15.061147745613328,15.491465295282179,12278096
2000-01-21,15.137646675109863,15.284274179387012,15.013332388111003,15.220522866442437,12491796
2000-01-24,14.5543212890625,15.322518675869707,14.47782051303515,15.086640960934215,19667143
2000-01-25,14.334386825561523,14.528825243955678,14.190946366356721,14.407699291557801,23597920
2000-01-26,14.334386825561523,14.334386825561523,14.334386825561523,14.334386825561523,0
2000-01-27,14.672268867492676,15.013336157651972,14.535205056734048,14.598955096946515,21205095
2000-01-28,15.842093467712402,15.848470145676133,14.83483094218367,14.83483094218367,52762279
2000-01-31,15.599845886230469,16.368043771644732,15.459593728112502,15.682720814164128,51181391
2000-02-01,15.714591026306152,15.982344467629755,15.475526190117726,15.61896534957846,23279485
2000-02-02,15.778345108032227,16.492355269467666,15.682718125769581,16.383978796146497,24676879
2000-02-03,16.49873161315918,16.887612377112344,15.848472735640657,15.937723044425697,77717350
2000-02-04,16.313854217529297,16.878049878170863,16.224603902235696,16.575233638894385,33982238
2000-02-07,15.77196979522705,16.4923553500823,15.52971657654493,16.4923553500823,21819083
2000-02-08,15.4468355178833,15.842090238196874,15.351208565214048,15.746464574265831,25418399
2000-02-09,15.644465446472168,16.192723100737368,15.50102628856537,16.192723100737368,14956246
2000-02-10,15.86121940612793,15.998283184428228,15.440463054419691,15.440463054419691,19541274
2000-02-11,15.944092750549316,16.42859904082589,15.720964480655619,16.00146866502131,31623752
2000-02-14,16.995983123779297,17.22229975354395,16.02378340121927,16.06522149401216,67707767
2000-02-15,16.18635368347168,17.34024533860436,15.746472320037247,17.333869947542677,50319322
2000-02-16,15.937722206115723,16.383978881522957,15.778345190252745,16.383978881522957,21683665
2000-02-17,15.937722206115723,16.179975424876087,15.746469529332426,15.810220851173064,18448442
2000-02-18,15.370338439941406,16.116222922649072,15.236461704872376,16.04928584385308,16000844
2000-02-21,15.567967414855957,15.867597874880396,15.300215195422508,15.491466596626585,21332035
2000-02-22,15.115334510803223,15.708217380778779,14.917706457898529,15.6189670829251,17503185
2000-02-23,14.920899391174316,15.81022461433125,14.790209665789616,15.612596500576615,13530713
2000-02-24,15.513777732849121,15.746468495808383,14.933644350644665,15.04520915654319,16693494
2000-02-25,15.36396598815918,15.714595722167108,15.246027059832358,15.427717317520175,11083761
2000-02-28,15.647653579711914,15.854844061582146,15.12808449430242,15.363962294244628,15615542
2000-02-29,14.583015441894531,16.702732688440943,14.39813815753135,15.867596569514333,41242798
2000-03-01,15.057962417602539,15.395842681557989,14.343952120510291,14.853960211998386,21711444
2000-03-02,14.407697677612305,15.389461120308258,14.21644504216844,15.2364595274485,24391861
2000-03-03,13.272933006286621,14.528825425814858,13.256996466025088,14.216446812638976,18472003
2000-03-06,13.521560668945312,14.280195792539796,12.950989834804117,13.687313032439368,25168241
2000-03-07,13.228310585021973,13.610815982389807,12.909556516795032,13.521565668079072,21692038
2000-03-08,12.205106735229492,13.323935421300316,12.170044025374917,13.323935421300316,18162937
2000-03-09,11.405031204223633,12.367669750938635,11.229716399265788,12.20829277268044,24882047
2000-03-10,10.863150596618652,11.532535552473806,10.71971077911562,11.532535552473806,13936660
2000-03-13,10.477458000183105,11.41140806374276,10.391393467162397,11.044840579871694,19333552
2000-03-14,11.315780639648438,11.31578063964844,10.27026646090059,10.742023337976107,22508766
2000-03-15,11.889538764953613,12.176418386669004,11.156403815414258,11.322156199352385,25065667
2000-03-16,12.731054306030273,12.842617840716938,11.634538687014679,11.851291654611831,38476977
2000-03-17,12.731054306030273,12.731054306030273,12.731054306030273,12.731054306030273,0
2000-03-20,12.731054306030273,12.731054306030273,12.731054306030273,12.731054306030273,0
2000-03-21,13.572563171386719,13.744690948213284,12.641800160658475,12.998803915298168,33726705
2000-03-22,13.521560668945312,13.865814883804658,13.186867603435678,13.687313032439368,24591984
2000-03-23,12.775677680969238,13.499250251954702,12.574862573287687,13.387685444083694,19461605
2000-03-24,12.574862480163574,12.845803005509588,12.389983914808461,12.686425998469836,12179137
2000-03-27,12.310295104980469,12.877677670171055,12.055291140166728,12.622673705357316,16185037
2000-03-28,12.772490501403809,12.998804587824578,11.908665811070636,12.208294944342029,27226033
2000-03-29,12.593987464904785,13.158183028184398,12.431423406092854,13.062557338660655,29238368
2000-03-30,12.782052993774414,13.037057004347545,11.816227124072055,12.686427295271162,27146045
2000-03-31,13.052993774414062,13.374936134388834,12.252920383315242,12.62267494428542,50096815
2000-04-03,13.598065376281738,14.00288396344671,13.068932480715173,13.068932480715173,41589839
2000-04-04,12.517488479614258,13.483314399365291,12.511113089053357,13.422751410883594,31096557
2000-04-05,12.50792121887207,12.941428323568855,11.953289460139722,12.55892304022457,22840682
2000-04-06,12.998801231384277,13.158179485578346,12.386793632484242,12.622671386710332,35520794
2000-04-07,13.904068946838379,13.993319247549753,13.005181528864265,13.005181528864265,78976442
2000-04-10,14.108076095581055,14.758335144205509,13.410003540479767,13.977386360039986,132074920
2000-04-11,14.073007583618164,14.273822681722413,13.333497218205668,13.897692754063414,53573665
2000-04-12,13.894505500793457,14.439576200017235,13.763815808803207,14.025195192783707,41323432
2000-04-13,13.059366226196289,13.738313503714403,12.954176830193427,13.738313503714403,45053080
2000-04-14,13.059366226196289,13.059366226196287,13.059366226196287,13.059366226196287,0
2000-04-17,12.73344612121582,13.052911783965964,12.171962044902532,13.052911783965964,41305044
2000-04-18,12.972243309020996,13.165860204930876,12.778627717772011,12.836712525612796,22656277
2000-04-19,13.085184097290039,13.485323521291097,12.66568350911495,13.294934391377584,24311164
2000-04-20,13.130362510681152,13.227170955093161,12.59146582317135,12.894796861538284,21593577
2000-04-21,13.130362510681152,13.130362510681152,13.130362510681152,13.130362510681152,0
2000-04-24,12.985147476196289,13.25620895642952,12.849616736079673,13.101317054770668,16132510
2000-04-25,12.952878952026367,13.036779064398338,12.494656064247494,12.843163520821525,25740395
2000-04-26,13.882234573364258,13.969361112782194,13.133587705520164,13.359472727535453,69333539
2000-04-27,13.340110778808594,13.866100375429848,13.240077228197828,13.682165403134706,48050173
2000-04-28,13.323980331420898,13.517597252745643,13.120684129623196,13.327208062906285,20049138
2000-05-01,13.323980331420898,13.323980331420897,13.323980331420897,13.323980331420897,0
2000-05-02,12.633416175842285,13.417560418521562,12.501111820664013,13.359475611483806,31893179
2000-05-03,12.688275337219238,12.77862832736095,11.939628261699141,12.714090663639864,20524665
2000-05-04,13.10777473449707,13.211036030033803,12.526927990111702,12.830259024246477,20499324
2000-05-05,12.998059272766113,13.41756126318551,12.907706282495807,13.223945662424768,24879037
2000-05-08,12.804444313049316,13.069051721688748,12.75604008920254,13.069051721688748,9727024
2000-05-09,12.723770141601562,12.788309104371788,12.45593501169815,12.688274233942279,12330686
2000-05-10,12.756038665771484,13.0367807843655,12.681819125087344,12.714088604050948,16479752
2000-05-11,12.230049133300781,12.617280274847527,12.010618240068341,12.585012100269266,16314880
2000-05-12,12.075157165527344,12.449481297151362,11.988030615548835,12.449481297151362,12001844
2000-05-15,12.171963691711426,12.249409646716117,11.765370144780828,11.962212110166988,8127716
2000-05-16,12.14937686920166,12.230049263497264,12.004164211080182,12.188100505632876,8462187
2000-05-17,12.271998405456543,12.455933381550853,12.14937595783412,12.326856777563915,11234113
2000-05-18,11.894449234008789,12.391395792619964,11.817001966576369,12.391395792619964,9489477
2000-05-19,11.958986282348633,12.133240668314064,11.791186052454648,12.036432241224174,7726856
2000-05-22,11.797640800476074,11.90735624055325,11.616933554032773,11.84281728592173,6980460
2000-05-23,11.642748832702637,11.849272727120246,11.368460855099304,11.752465589336959,12264286
2000-05-24,11.655655860900879,11.697605920399395,10.719847543828209,11.649203009178553,8417757
2000-05-25,11.894449234008789,11.99771051770444,11.649203032901278,11.742782429672364,10876166
2000-05-26,12.120330810546875,12.191323908958312,11.77827754296783,11.820227595091717,15354573
2000-05-29,12.423666000366211,12.694726233673432,12.130015566013979,12.130015566013979,12285642
2000-05-30,12.817347526550293,12.972239431385143,12.455931777275136,12.510790142316964,12972622
2000-05-31,13.152947425842285,13.35947126192126,12.881885951025248,13.23039337512423,22912042
2000-06-01,12.862527847290039,13.133589386538347,12.785080574938439,13.133589386538347,9477914
2000-06-02,13.040009498596191,13.143272110331907,12.910932864752768,12.969017676147553,12507068
2000-06-05,13.28203010559082,13.966139566631806,13.133592294152953,13.133592294152953,32536504
2000-06-06,13.488547325134277,13.633758637533997,13.165855229877035,13.29493180704785,13442405
2000-06-07,13.478870391845703,13.643442909183582,13.301389560967998,13.582131681521295,14462732
2000-06-08,14.211380004882812,14.54698047023844,13.459507992912869,13.520819214957259,43913624
2000-06-09,14.392088890075684,14.86967427934343,14.095212050113862,14.32754993608633,45288623
2000-06-12,14.08230209350586,14.637333379970945,14.037125613783545,14.398541365543613,16915778
2000-06-13,14.053264617919922,14.17911481892785,13.911279675398598,14.037129876406528,13155936
2000-06-14,14.24365234375,14.514715215779484,14.06939922453357,14.14684520025875,12899662
2000-06-15,14.40177059173584,14.6696057060185,14.075851979940554,14.214609176210883,20366163
2000-06-16,15.076196670532227,15.227863471587689,14.424358200478597,14.485669423263978,40968909
2000-06-19,14.930986404418945,15.340806438608418,14.805136219336859,15.260132741250382,17958204
2000-06-20,15.308536529541016,15.41502554612945,14.876128915969256,15.037475001491234,20344902
2000-06-21,14.540529251098633,15.453748746750184,14.482444448292354,15.424706997677436,24589769
2000-06-22,14.876128196716309,14.972935321484638,14.359819182416391,14.485669357877672,21212949
2000-06-23,15.269814491271973,16.06686435162632,15.060062880028319,15.060062880028319,55661441
2000-06-26,14.701875686645508,15.42470735537402,14.495353098243543,15.166552815210748,23789691
2000-06-27,14.653474807739258,15.121379773875741,14.60184414886343,14.714787356732774,20266791
2000-06-28,14.747053146362305,14.937442311642316,14.540530544380772,14.714784968298366,11676392
2000-06-29,14.847081184387207,15.102007893071232,14.747046355867079,14.843854759464739,15207051
2000-06-30,14.676058769226074,15.037474564339362,14.585704494282584,14.685739351423472,12689587
2000-07-03,15.05128002166748,15.198105536180385,14.878352222778133,14.995811842890472,14888457
2000-07-04,15.217684745788574,15.390612561802351,15.077383799103794,15.139376565741356,19835523
2000-07-05,15.178532600402832,15.400402727580738,15.119802117424726,15.400402727580738,14339312
2000-07-06,14.943608283996582,15.172004277097479,14.848987331842268,15.074119714698496,8316308
2000-07-07,15.136116027832031,15.335146153861492,14.982764579485051,15.074121934850016,14988688
2000-07-10,14.924030303955078,15.269885888137555,14.764152993957367,15.191579038086612,12247212
2000-07-11,15.054544448852539,15.13285131309405,14.7804697644255,14.813097954317005,10042851
2000-07-12,15.015386581420898,15.22746710542733,14.910976145363044,15.139372077942719,10075643
2000-07-13,14.969710350036621,15.351457763285692,14.682583887550646,15.07411949306302,22258353
2000-07-14,14.724998474121094,15.034964893593825,14.649953917020824,14.878351198120997,13467376
2000-07-17,14.617325782775879,14.910976766056988,14.525967142108446,14.682580823969957,11982512
2000-07-18,15.034965515136719,15.335142436783844,14.552071288721239,14.552071288721239,40897655
2000-07-19,14.568387985229492,15.181793739590164,14.43787654360919,15.04149410474378,14818453
2000-07-20,14.346518516540527,14.67606140542952,14.209481166919346,14.578176830463782,18257784
2000-07-21,14.225794792175293,14.486817678455816,14.167064312971295,14.421562616467446,13027046
2000-07-24,13.054449081420898,14.127909077187137,12.956565836777502,14.127909077187137,16063259
2000-07-25,13.214329719543457,13.423148063955884,12.333373701353228,12.855422200711788,21089528
2000-07-26,12.702068328857422,13.377466847511013,12.594395565933256,13.377466847511013,13450503
2000-07-27,12.897834777832031,12.979403924811137,12.40515232832361,12.643336506463575,10102447
2000-07-28,13.43293571472168,13.560184870382594,12.92067548142196,13.005509571026133,27046026
2000-07-31,13.093602180480957,13.410093205025316,13.018557617737521,13.27305588139092,7811878
2000-08-01,13.047924041748047,13.24695413434912,12.871732624570514,13.149069573973813,11954266
2000-08-02,13.250216484069824,13.29589647344604,12.871732681600466,12.92067364284159,6314561
2000-08-03,13.087077140808105,13.638490081678652,13.01855847448173,13.29915904114293,20632919
2000-08-04,13.175171852111816,13.341575076990237,13.008769946396766,13.116441379752573,15470055
2000-08-07,13.0968656539917,13.312211169859719,13.025084694811317,13.2404288915159,6564253
2000-08-08,13.266530990600586,13.344837850187897,13.14907004163791,13.1686477459073,8338872
2000-08-09,13.246953964233398,13.377465390561094,13.214325777860635,13.377465390561094,3429526
2000-08-10,13.100128173828125,13.308947791825535,13.057713111145505,13.279583213238308,4206414
2000-08-11,13.018559455871582,13.116442706932338,12.737958868057614,13.064239449641638,6424479
2000-08-14,13.005507469177246,13.11644119195673,12.790161967222122,12.985929765895557,7038233
2000-08-15,13.005507469177246,13.005507469177246,13.005507469177246,13.005507469177246,0
2000-08-16,13.145806312561035,13.312209525250134,13.083812234567613,13.181696787717264,6538276
2000-08-17,12.89130687713623,13.246951943691862,12.80973774280932,13.246951943691862,11183812
2000-08-18,12.845630645751953,12.888047025761576,12.571555980816973,12.826054260874713,4207495
2000-08-21,12.884785652160645,12.963091197245534,12.816265661884374,12.920674814215555,2339905
2000-08-22,12.904361724853516,13.005508583402772,12.767324385958,12.920674500240802,8129963
2000-08-23,13.03161334991455,13.142547103301535,12.953305153508648,13.05118973943417,5287450
2000-08-24,13.005507469177246,13.0838130056506,12.757533780915992,13.0838130056506,5031049
2000-08-25,12.956564903259277,13.083812716378485,12.874994439297405,12.927199008567674,2865903
2000-08-28,13.025084495544434,13.044660880628058,12.861943555969527,12.861943555969527,3168356
2000-08-29,13.002243995666504,13.149069516423475,12.920673529044095,13.025083990153451,5970636
2000-08-30,13.0968656539917,13.341575747934392,13.018558793295801,13.018558793295801,8818586
2000-08-31,12.95003890991211,13.149068993730364,12.829315679440548,13.106653935768804,5480864
2000-09-01,12.95003890991211,12.95003890991211,12.95003890991211,12.95003890991211,0
2000-09-04,13.162121772766113,13.328525002750437,12.946777580283525,13.044660824443461,8428653
2000-09-05,13.387253761291504,13.540603849684961,13.136017802955685,13.27631740940987,10323322
2000-09-06,13.618910789489746,13.759211716041344,13.445982998291107,13.507977075195958,14681276
2000-09-07,13.583022117614746,13.720059452474077,13.507978867887722,13.507978867887722,8313997
2000-09-08,13.883196830749512,13.99413318016733,13.631962197156676,13.631962197156676,14370164
2000-09-11,13.889725685119629,14.160536732642285,13.850571597236538,14.02023711279099,6709698
2000-09-12,13.883196830749512,13.990869570382563,13.788577211092313,13.958241387514171,4973552
2000-09-13,13.436198234558105,13.925617159073598,13.397044140164889,13.8799384815845,4733748
2000-09-14,13.325262069702148,13.605862651994542,13.246955206561742,13.462299409988727,7025282
2000-09-15,13.034870147705078,13.357887034448789,12.963087884449166,13.312208371768232,4348425
2000-09-18,12.773848533630371,12.956565858713738,12.734695763372091,12.956565858713738,3151122
2000-09-19,12.454093933105469,12.7901613332411,12.284428428054225,12.734694474600731,6534323
2000-09-20,12.643338203430176,12.985931568884086,12.437782184157829,12.985931568884086,3338124
2000-09-21,12.545454025268555,12.692279554044724,12.503037644140912,12.594394988751654,1877181
2000-09-22,11.945098876953125,12.463883647046385,11.811323831054684,12.463883647046385,5641740
2000-09-25,12.173493385314941,12.529138487577923,12.013616071920366,12.072346540497216,3272349
2000-09-26,11.88310718536377,12.333372008491262,11.830901287262629,12.333372008491262,5430531
2000-09-27,11.781959533691406,11.909208681056642,11.615556295150917,11.909208681056642,5001871
2000-09-28,11.543774604797363,11.843951554309152,11.517672318716487,11.82763746061318,4398217
2000-09-29,11.57966423034668,11.667759274485453,11.485043285377513,11.582926521180228,4062019
2000-10-02,11.57966423034668,11.57966423034668,11.57966423034668,11.57966423034668,0
2000-10-03,11.233808517456055,11.550299571192626,11.135925271187299,11.45241632492387,7846694
2000-10-04,11.370844841003418,11.46546710682586,11.224019325095357,11.289275696238192,3209499
2000-10-05,11.227283477783203,11.432839473822007,11.191391680421942,11.39694899562413,2920232
2000-10-06,11.19139289855957,11.276226985877264,11.070669648300996,11.168554220400507,3847249
2000-10-09,11.253385543823242,11.432840590669946,11.158765902511147,11.191392773683397,5422975
2000-10-10,11.224020004272461,11.364320946886652,11.158764948344293,11.295800961542465,4038585
2000-10-11,10.969521522521973,11.217494541148767,10.78354126386564,11.152238171181986,3612363
2000-10-12,10.982573509216309,11.086983319714378,10.868376165297006,10.871639116158576,3567605
2000-10-13,10.803120613098145,10.995626154099602,10.773756031842115,10.907530431586144,3045995
2000-10-16,10.845535278320312,11.282749524665764,10.7802789087427,11.060879451097827,3279079
2000-10-17,10.532305717468262,10.825957378577932,10.408319548499502,10.777015105268859,4079729
2000-10-18,10.372430801391602,10.57146157137058,10.271284600540223,10.506205851533926,3676092
2000-10-19,10.398533821105957,10.52252068689359,10.212554841588089,10.375694482451282,5888168
2000-10-20,10.50947093963623,10.799859116858372,10.44095159539641,10.519258475124952,6955786
2000-10-23,10.215815544128418,10.440948582867643,10.166873923314684,10.316962395946938,3201550
2000-10-24,10.163612365722656,10.271284466948151,10.114670081795419,10.147298271080244,3484872
2000-10-25,10.258232116699219,10.431160587275492,10.189713450519225,10.245181633179095,6398343
2000-10-26,10.375694274902344,10.395271321630307,10.117933014296074,10.124458916399321,1581533
2000-10-27,10.346327781677246,10.473576921044897,10.287597967768995,10.424635299524406,3296662
2000-10-30,10.248442649841309,10.421370439331753,10.225603317148689,10.4083199574345,3761103
2000-10-31,10.65302848815918,10.734598280661315,10.37242797981963,10.37242797981963,8213427
2000-11-01,11.325167655944824,11.507884991409705,10.799856965437655,10.832485155282349,25579328
2000-11-02,11.256649017333984,11.478519125920265,11.165290349338605,11.315379495390765,12974996
2000-11-03,11.40673828125,11.710177548654668,11.263175035534847,11.263175035534847,19298344
2000-11-06,11.3643217086792,11.78522192640947,11.30885352230045,11.485044955360406,17946450
2000-11-07,11.325167655944824,11.445890903039393,11.272963079858712,11.28927717478106,8292927
2000-11-08,11.42957592010498,11.66776010446951,11.416525436679146,11.42631362903937,10142595
2000-11-09,11.312114715576172,11.475255648405444,11.256647853744907,11.403473374127893,6546235
2000-11-10,11.021727561950684,11.383897957196591,10.99562527431264,11.289276999613246,7096949
2000-11-13,10.77375602722168,10.904268135380262,10.721550788209175,10.904268135380262,4318335
2000-11-14,11.005414009094238,11.086983162403953,10.72154982021836,10.780280296566353,9140624
2000-11-15,11.282752990722656,11.609032300517006,11.126139238620656,11.403476256196743,18438479
2000-11-16,11.348005294799805,11.498094409234735,11.178339798191002,11.354529876082282,15060748
2000-11-17,11.031516075134277,11.36758419249728,10.835748252584603,11.36758419249728,13591210
2000-11-20,11.028252601623535,11.113084700025379,10.871638228455351,10.90426641524338,6462294
2000-11-21,10.927106857299805,11.028253718924802,10.848799992573083,10.962997338737448,8403608
2000-11-22,11.008674621582031,11.184866023758056,10.930367771447106,10.930367771447106,5938798
2000-11-23,10.962997436523438,11.051093154813096,10.901004006708844,10.933632197093551,4927352
2000-11-24,11.05435562133789,11.171815914328267,10.962996956096978,10.962996956096978,5649933
2000-11-27,11.62534236907959,11.742803302031032,11.034776732800447,11.122871772932411,23210414
2000-11-28,12.199597358703613,12.522614321028247,11.553563434054347,11.553563434054347,37519351
2000-11-29,11.781959533691406,12.36599937589608,11.651446775882873,12.144129270617745,23934246
2000-11-30,11.905945777893066,12.042984445565585,11.759120235799685,11.791748427190115,13643058
2000-12-01,12.294218063354492,12.450831785256247,11.778696906055297,11.817849676949017,25603504
2000-12-04,12.708592414855957,13.24695351422809,12.304005028239098,12.398625974007778,27891413
2000-12-05,12.659648895263672,12.839102577453035,12.60091843138093,12.7705839227837,12651707
2000-12-06,12.47367000579834,12.98592879900611,12.39862544671448,12.98592879900611,10545628
2000-12-07,12.54871654510498,12.67270208040597,12.339896926839447,12.339896926839447,10346247
2000-12-08,12.848893165588379,13.116441933939562,12.623760778001943,12.623760778001943,29306496
2000-12-11,12.826054573059082,13.018558773752082,12.679227725415826,12.985930585386914,18223826
2000-12-12,12.584604263305664,12.927197534554981,12.535661990509142,12.793423835739592,12973640
2000-12-13,12.998978614807129,13.05118317337109,12.640069966144553,12.659647664978326,16301420
2000-12-14,12.927200317382812,13.40356870915812,12.855419357159553,13.077289458603111,26987999
2000-12-15,12.509559631347656,12.94024925479502,12.431252786856271,12.874992891470617,10996662
2000-12-18,12.441043853759766,12.52914022844729,12.209385557229622,12.398627471625318,8867859
2000-12-19,12.826054573059082,12.946777814679459,12.49651171739969,12.49651171739969,22866309
2000-12-20,12.82279109954834,13.10339167565409,12.633549188007203,12.737958336559078,20101315
2000-12-21,12.617234230041504,12.799950227500965,12.519349670601418,12.799950227500965,7067559
2000-12-22,12.245274543762207,12.790161543359808,12.13760179635289,12.69227830684859,11168465
2000-12-25,12.245274543762207,12.245274543762207,12.245274543762207,12.245274543762207,0
2000-12-26,11.958148956298828,12.444306840431391,11.811323431396925,12.392100948821241,8242075
2000-12-27,11.954886436462402,12.104975568747546,11.746068150670942,11.938572342989522,5371317
2000-12-28,12.287692070007324,12.365998930373113,12.078872456535121,12.131078349275745,8311634
2000-12-29,12.57155704498291,12.627023913218093,12.219174172383411,12.365999709718112,11557858
2001-01-01,12.724905967712402,12.907621950613628,12.47040771644183,12.63028370679418,11237186
2001-01-02,13.429672241210938,13.63849187795245,12.734697293962839,12.894573323672107,21367159
2001-01-03,14.1801118850708,14.38566786048129,13.383990266695426,13.44272073383603,59167521
2001-01-04,13.876669883728027,14.42155675107758,13.654799861044555,14.251891284418102,29457229
2001-01-05,14.026762962341309,14.251896679477579,13.746162378118667,13.879937428047603,29628333
2001-01-08,13.883196830749512,14.206213730485453,13.785313601307548,13.899510922183708,13834426
2001-01-09,13.667856216430664,14.023500037809471,13.599336229746573,13.8505722234313,12462490
2001-01-10,14.1442232131958,14.470502455194808,13.703745313082747,13.736373501115333,32865495
2001-01-11,14.078968048095703,14.317152235906997,13.938667104466502,14.193165386168712,27410883
2001-01-12,14.411774635314941,14.64343294498598,14.09528355656284,14.193166810568313,41641168
2001-01-15,14.401983261108398,14.741314293571692,14.27147183291612,14.539021909664505,34162117
2001-01-16,14.49986743927002,14.610802480098991,14.225792787711779,14.512919241326763,26929908
2001-01-17,14.225794792175293,14.552074059607708,14.13443612239535,14.552074059607708,16045082
2001-01-18,14.277999877929688,14.382409036160336,13.97129698625448,14.13443662578076,15326190
2001-01-19,14.330201148986816,14.401982098909206,14.225792014858515,14.353041141763606,10512020
2001-01-22,14.349776268005371,14.620588590067031,14.307359896106114,14.401980830471667,13912845
2001-01-23,14.826146125793457,15.400399012304083,14.356303694479584,14.395457780073778,31829503
2001-01-24,14.751104354858398,15.139377716777002,14.640170616211414,15.139377716777002,19080055
2001-01-25,15.27967643737793,15.433026538008766,14.81635856787769,14.826146759904056,56142320
2001-01-26,15.27967643737793,15.279676437377928,15.279676437377928,15.279676437377928,0
2001-01-29,14.943608283996582,15.204632464563808,14.356304867092872,15.204632464563808,26620577
2001-01-30,15.015386581420898,15.10674389912233,14.878349285705703,15.057802950054795,22795278
2001-01-31,15.041492462158203,15.465654930894974,14.689109629519615,14.943607902259696,48728123
2001-02-01,14.888136863708496,15.325351012110975,14.72825958555639,14.950129609421886,40833374
2001-02-02,15.302511215209961,15.433022607595673,14.698893881786148,14.7086820713197,39106958
2001-02-05,15.638583183288574,15.840876873789663,15.20463122745396,15.335142647536943,36489697
2001-02-06,15.393875122070312,15.759308465079142,15.357984641766645,15.726680276016369,27776185
2001-02-07,15.501547813415527,15.694052017370845,15.175268562561342,15.498285522189098,30459083
2001-02-08,16.07906150817871,16.18347197501514,15.406926630661227,15.5048098768138,48161225
2001-02-09,16.751195907592773,17.09052557440035,16.154103072409168,16.18346896420605,69484061
2001-02-12,16.199783325195312,16.836028986297148,16.0855859948678,16.77077393432285,26833991
2001-02-13,16.033384323120117,16.575009135450937,15.873506976438465,16.31398492289239,28600057
2001-02-14,15.958340644836426,16.238939918044185,15.488496810790723,15.726681019208632,52075595
2001-02-15,15.964866638183594,16.33030003074907,15.863719766037795,16.08558989875644,36990226
2001-02-16,15.348194122314453,16.101899371094383,15.204630903698451,15.974650244536786,25753845
2001-02-19,15.641847610473633,15.853929521551759,15.49828568835626,15.49828568835626,27932387
2001-02-20,15.410192489624023,15.700581323297824,15.33841151377089,15.53744166249764,22365632
2001-02-21,15.583114624023438,16.620684015997256,15.269885904324372,15.33514227235096,37819768
2001-02-22,15.14263916015625,15.726678945998724,15.01212641494272,15.413450204314948,25937784
2001-02-23,14.522709846496582,15.335145744211225,14.388934789420851,15.269889361410662,22048373
2001-02-26,14.516180992126465,14.643430121209882,14.160535888855124,14.35630367827859,15412081
2001-02-27,14.571646690368652,15.01212315224211,14.434609393008504,14.552068991343587,31056367
2001-02-28,16.02033042907715,16.36618601902202,14.76089094916004,14.813095516730462,71897680
2001-03-01,17.057899475097656,17.583210109387583,16.24872599403138,16.24872599403138,73527384
2001-03-02,17.3026123046875,18.00411446532365,17.116632668235887,17.292824111057975,62208514
2001-03-05,17.070953369140625,17.547321782274295,16.640263631000387,17.423334922772806,44423798
2001-03-06,17.070953369140625,17.070953369140625,17.070953369140625,17.070953369140625,0
2001-03-07,17.159046173095703,17.325449394355893,16.588056874468716,17.227566155327747,38814436
2001-03-08,17.097057342529297,17.54732351158919,16.98285866504599,17.292825184765615,16204379
2001-03-09,16.95676040649414,17.16231647585941,16.483654162401624,17.01222728910198,14988094
2001-03-12,16.007282257080078,16.98285780818465,15.687528878419815,16.80992997400271,11301499
2001-03-13,14.88161563873291,15.82456419592528,14.552072789507188,15.82456419592528,13193041
2001-03-14,15.429763793945312,15.66142338147421,14.682583100968765,15.005600024169835,7697222
2001-03-15,15.429763793945312,15.53091064051972,14.959921356333748,15.080644586386006,4656145
2001-03-16,15.233996391296387,16.183470801705184,15.015389919100564,15.335143240457692,8150556
2001-03-19,15.198108673095703,15.530913856959382,15.00886674251581,15.015392644747704,1827717
2001-03-20,15.093697547912598,15.400400402060715,14.946870703056952,15.322093542969082,3275030
2001-03-21,15.485231399536133,15.579852341727992,14.813095293653207,14.813095293653207,4055766
2001-03-22,14.72826099395752,15.971386232160839,14.65648005196875,15.46565207119225,6883557
2001-03-23,14.326940536499023,14.937083958965017,14.1931654932496,14.878353484347304,5129065
2001-03-26,13.889725685119629,14.388932720439692,13.710270658221878,14.356304533731011,3751247
2001-03-27,13.569972038269043,13.840784424909778,13.481875663831579,13.769002145028752,5117608
2001-03-28,13.830997467041016,13.964771207520231,13.703746990472634,13.703746990472634,2645792
2001-03-29,14.095283508300781,14.32367820658604,13.671119664347806,13.71679834017215,10017139
2001-03-30,13.119705200195312,14.186639273633862,13.05771243583054,14.127908800333353,6757614
2001-04-02,12.649863243103027,12.98593068364763,12.09518667502496,12.98593068364763,3945985
2001-04-03,12.976140022277832,13.14580551545211,12.594392662635709,12.607444463262897,6004509
2001-04-04,12.826054573059082,12.920674208656576,12.473671721711385,12.594394963331762,2212447
2001-04-05,12.826054573059082,12.826054573059082,12.826054573059082,12.826054573059082,0
2001-04-06,13.005507469177246,13.605861348221989,12.920673393283295,12.985929765895557,6481075
2001-04-09,12.985931396484375,13.175173317826225,12.695542612558272,12.985931396484375,3416161
2001-04-10,13.100128173828125,13.299159598963126,12.878258071735322,13.067501304007914,4426314
2001-04-11,13.504717826843262,13.63523060423524,12.8227933139594,13.240431299453649,7055053
2001-04-12,13.14907455444336,13.56018801690821,12.874999792242706,13.26000964005619,9198206
2001-04-13,13.14907455444336,13.14907455444336,13.14907455444336,13.14907455444336,0
2001-04-16,13.237164497375488,13.338311337724964,12.927198075848299,13.119703565410726,2767400
2001-04-17,13.540606498718262,14.023500808207757,13.152334467825426,13.21432723728229,7656757
2001-04-18,14.007184982299805,14.09528134818211,13.543868435547932,13.769000807902339,12173255
2001-04-19,14.53575611114502,14.773940256214747,13.736370930591464,14.069177330914139,25727009
2001-04-20,14.05612850189209,14.813097469793918,13.746162027225026,14.61732965601178,12191770
2001-04-23,14.157275199890137,14.304100728779707,13.899513302584026,14.030026056408923,6197700
2001-04-24,14.131170272827148,14.199688928118483,13.938664788399343,14.033285725746273,5125313
2001-04-25,14.255157470703125,14.55207211850992,14.043075579412557,14.095281468868452,7521285
2001-04-26,14.28452205657959,14.467238035854855,14.167061124606736,14.3399889127448,6370415
2001-04-27,13.645018577575684,14.167067090826176,13.14907367723512,14.167067090826176,5619483
2001-04-30,13.674379348754883,13.899511712689584,13.589546596137662,13.645013454837922,3627370
2001-05-01,13.674379348754883,13.674379348754883,13.674379348754883,13.674379348754883,0
2001-05-02,14.02023696899414,14.68258361190097,13.78531508243177,13.78531508243177,10664109
2001-05-03,13.906042098999023,14.323680096020944,13.853837514266747,13.990874878979898,5517726
2001-05-04,14.695634841918945,14.845723965730217,13.769000453127697,13.840782724188292,23134677
2001-05-07,15.136116027832031,15.465657603785434,14.845727227274015,14.940348193364322,14929961
2001-05-08,15.377558708190918,15.452603267883875,15.106746362811814,15.17200273109495,8682553
2001-05-09,15.005597114562988,15.465651271230465,14.976232545040045,15.139372120436851,4372304
2001-05-10,15.886556625366211,16.046433950357358,15.139375891170266,15.139375891170266,25663757
2001-05-11,15.641847610473633,16.039909145048227,15.530912558460727,15.87676951787201,16992915
2001-05-14,15.791936874389648,16.118216131241024,15.710366400595063,15.791936874389648,13780819
2001-05-15,15.61900520324707,15.857188025861491,15.139373310046448,15.661421575332984,6852694
2001-05-16,15.543962478637695,15.84740169990735,15.465654306216516,15.726678469572722,5642970
2001-05-17,15.687527656555176,16.568482173973198,15.599431281398942,15.599431281398942,9829491
2001-05-18,15.439557075500488,15.8898219204347,15.367774786612166,15.788675049158178,9614689
2001-05-21,15.103489875793457,15.387352812409597,15.018657092092482,15.30904593187726,4661857
2001-05-22,14.848987579345703,15.17200452998497,14.770680719619332,15.139376341974796,5676758
2001-05-23,14.809835433959961,15.008866879283147,14.780470852394222,15.008866879283147,3054346
2001-05-24,14.816363334655762,15.074123977876718,14.718480063737383,14.747844649263765,3551506
2001-05-25,14.59775447845459,14.99581472139538,14.555338093305465,14.878355078736206,4299004
2001-05-28,14.77068042755127,14.946870528660853,14.483553961735323,14.555336237771007,13504343
2001-05-29,15.018654823303223,15.57659241707973,14.79352241088685,14.79352241088685,20875013
2001-05-30,14.793521881103516,15.214422109785788,14.705425502699487,15.139377535279957,8102809
2001-05-31,14.454188346862793,14.754365274575425,14.232318271706067,14.682583003693368,6642142
2001-06-01,14.124645233154297,14.568385374300227,14.085491148103602,14.519443097777678,7266304
2001-06-04,14.010448455810547,14.225792634115033,13.932140282642258,14.225792634115033,4465751
2001-06-05,13.733110427856445,14.095281447563172,13.703744532634184,14.04960145925373,6342901
2001-06-06,13.974555015563965,14.186636878012846,13.83425541687795,13.866882279501251,8078475
2001-06-07,14.54554557800293,14.780467453155458,13.938665826076619,14.078966756838069,18333405
2001-06-08,14.636903762817383,14.84572334728343,14.486814645258562,14.780466979794681,7905220
2001-06-11,14.578173637390137,14.760890942973313,14.519443169107207,14.649954587978563,4984277
2001-06-12,14.003923416137695,14.578175033322369,13.906038853238789,14.578175033322369,8337356
2001-06-13,14.173593521118164,14.278002699985349,14.033292532747035,14.092023025650784,4909218
2001-06-14,13.876669883728027,14.160532651794618,13.801625339757415,14.160532651794618,4009323
2001-06-15,13.74942398071289,13.892987202741308,13.638488943576835,13.782052165605252,4325691
2001-06-18,13.85057258605957,13.892988967976384,13.579760200039653,13.736373924426289,3428254
2001-06-19,14.323676109313965,14.483553430035245,13.834257274295975,13.899512327467033,9986975
2001-06-20,14.724998474121094,14.78372893971421,14.225791495324442,14.48681432111249,14378177
2001-06-21,14.809835433959961,15.00560326855567,14.620593501655614,14.682586275514572,18092011
2001-06-22,14.659743309020996,14.87835107812317,14.516180096413835,14.87835107812317,8142724
2001-06-25,13.919090270996094,14.545546443402213,13.84078341434075,14.545546443402213,11232862
2001-06-26,14.183377265930176,14.277998219481535,13.723322981854562,13.837520320509396,6005092
2001-06-27,14.1083345413208,14.278000085493876,13.886464417273487,14.160539121195042,3388817
2001-06-28,14.30410385131836,14.454193023315588,14.07244550953773,14.21274516753032,6291562
2001-06-29,14.150749206542969,14.349779308005632,14.030025965369054,14.291050152161642,4683563
2001-07-02,14.381194114685059,14.548184077395241,14.027174421525146,14.37785482854397,1830611
2001-07-03,14.688459396362305,14.82873105434944,14.093974493407687,14.267644422400902,7929999
2001-07-04,15.249541282653809,15.296298033192656,14.82204655532123,14.82204655532123,6418766
2001-07-05,15.102594375610352,15.556807577848513,15.022439342915009,15.296302708865236,6652868
2001-07-06,14.938941955566406,15.055834529352838,14.835407877210956,15.00907776989781,5707059
2001-07-09,14.60830020904541,14.818707636294544,14.561543453089255,14.695135148890857,3224178
2001-07-10,14.63502025604248,14.94896179053494,14.494748621507362,14.598282704197146,9066964
2001-07-11,14.614981651306152,14.76193320711907,14.574903463248896,14.661738412124812,2182103
2001-07-12,14.855446815490723,14.895523649841387,14.69179614109844,14.69179614109844,2702431
2001-07-13,14.965658187866211,15.089230667103994,14.668415840413962,14.958979616240683,6078254
2001-07-16,15.022439002990723,15.179409778162244,14.912224991592346,15.015759079509458,4878736
2001-07-17,14.591605186462402,14.761935828075446,14.514789433387854,14.688459361974482,1347166
2001-07-18,14.45801067352295,14.741893221238115,14.401234704099016,14.628341282390249,5799829
2001-07-19,14.287681579589844,14.695138019243894,14.230905604145908,14.695138019243894,1846816
2001-07-20,14.107330322265625,14.427951742150722,14.013815460153799,14.361155219171186,1819461
2001-07-23,14.24760627746582,14.561547870561887,13.930325397323303,14.093974767964243,38504
2001-07-24,14.050554275512695,14.301039908990678,14.027175220300744,14.160768278314467,1575736
2001-07-25,14.097311019897461,14.240921922988921,13.926980427554216,13.926980427554216,2765015
2001-07-26,13.87020206451416,14.341114226212701,13.646434832967515,14.341114226212701,3287251
2001-07-27,14.000456809997559,14.120690021500312,13.693195208610987,14.070592624991209,2770262
2001-07-30,13.7199125289917,14.10065055365011,13.646437433151199,14.027174107511968,1952156
2001-07-31,13.469428062438965,13.759991885074276,13.385933750991457,13.693195355678066,3820540
2001-08-01,13.763328552246094,14.060570891017226,13.492804550089359,13.492804550089359,4666764
2001-08-02,13.85684585571289,13.916962461299484,13.59300172863121,13.826788228068464,1955134
2001-08-03,13.87020206451416,13.960376274099877,13.860181507629182,13.860181507629182,1134399
2001-08-06,13.709894180297852,14.260961484554189,13.65979678437517,13.970399018738533,2838230
2001-08-07,13.703214645385742,13.980417246035314,13.663136461402694,13.759990609872627,2166862
2001-08-08,13.399295806884766,13.80675092256796,13.2991009962657,13.69319761404514,2830207
2001-08-09,13.352533340454102,13.499484871331042,13.232300146982283,13.359213262379766,2574611
2001-08-10,13.562941551208496,13.65645641277267,13.379252464388136,13.379252464388136,2497814
2001-08-13,13.793389320373535,13.826787583063398,13.49280630646245,13.49280630646245,1531603
2001-08-14,14.033855438232422,14.124031024346595,13.773350589987524,13.820108701394213,1943687
2001-08-15,14.033855438232422,14.033855438232422,14.033855438232422,14.033855438232422,0
2001-08-16,13.753312110900879,14.150749304632626,13.693195503853314,14.093971983971905,1223512
2001-08-17,13.603020668029785,13.913622899016758,13.56628311820493,13.783369130914611,1415432
2001-08-20,13.603020668029785,13.746631581089755,13.559603195428307,13.619718449524775,1161055
2001-08-21,13.295758247375488,13.746630726867842,13.242320218780884,13.746630726867842,1964545
2001-08-22,13.295758247375488,13.295758247375488,13.295758247375488,13.295758247375488,0
2001-08-23,13.355873107910156,13.536221536090624,13.30911500776915,13.536221536090624,2019478
2001-08-24,13.349199295043945,14.708498451096956,13.265703613939648,14.708498451096956,1917074
2001-08-27,13.272382736206055,13.492809430579872,13.1220905193031,13.399295893753397,1855115
2001-08-28,13.279060363769531,13.426010567738743,13.228962966799434,13.426010567738743,1467492
2001-08-29,13.349199295043945,13.536227730300272,13.232305341497929,13.232305341497929,2197174
2001-08-30,13.272382736206055,13.476110295368432,13.238984465783176,13.359217699186345,1353875
2001-08-31,13.245662689208984,13.352536060601464,13.162167023872474,13.242322052416835,1772774
2001-09-03,13.145464897155762,13.342513812296795,13.031911628336566,13.138784975390513,1138607
2001-09-04,13.008535385131836,13.222282103188752,12.988495617590756,13.158826215052812,1832285
2001-09-05,12.884966850280762,13.178868677828397,12.871607001152288,13.065315361428656,1010936
2001-09-06,12.634478569030762,13.078672531958546,12.604419589797008,13.078672531958546,1727317
2001-09-07,12.634478569030762,12.691254540453501,12.490866296653733,12.657856274770573,886191
2001-09-10,12.530945777893066,12.824848925856733,12.457469315753182,12.657857580219694,1230285
2001-09-11,12.474165916442871,12.614438888343958,12.440767654099643,12.540962441129325,1413355
2001-09-12,11.979878425598145,12.290479358797594,11.355334571799368,11.595799679731401,3603916
2001-09-13,11.936460494995117,12.30717802875561,11.695994045843964,12.090090637243565,1373366
2001-09-14,11.592459678649902,12.083411775569415,11.428808979676731,11.816226988476439,4519031
2001-09-17,10.436887741088867,11.288538164246315,10.433547779296928,10.820965118140682,4454358
2001-09-18,10.643954277038574,11.007993200532452,10.236498554793366,10.420188334858851,5581477
2001-09-19,10.941197395324707,11.00465328813957,10.557119376336901,10.800925763682509,3070880
2001-09-20,10.269893646240234,10.904456468103799,9.849078855547551,10.904456468103799,6660075
2001-09-21,9.44830322265625,10.153001223314103,9.354789042409971,10.153001223314103,6041265
2001-09-24,9.778945922851562,9.882479332953277,9.54182012290553,9.54182012290553,4403029
2001-09-25,9.865779876708984,10.353391273880534,9.819022443722288,10.086206521226991,2415749
2001-09-26,10.169702529907227,10.20978071945544,9.839062529751285,10.006052510656174,2666289
2001-09-27,10.570478439331055,10.954555079570259,10.153002186534772,10.28659456042363,3503452
2001-09-28,11.018013954162598,11.238440627391526,10.617236772980421,10.620576734732115,3869326
2001-10-01,11.695993423461914,12.063371650995089,11.024692863984576,11.024692863984576,8970135
2001-10-02,11.695993423461914,11.695993423461914,11.695993423461914,11.695993423461914,0
2001-10-03,11.51898193359375,11.822904240496353,11.372031734926638,11.689312537027293,3826168
2001-10-04,11.42212963104248,11.675954553914835,11.188343126994909,11.508964579680214,3024225
2001-10-05,11.70267105102539,11.796185907962723,11.228418869797204,11.582437856434186,3767007
2001-10-08,11.502281188964844,11.555717856586169,11.02802907595389,11.358668963222346,2832624
2001-10-09,11.549042701721191,11.575761046558219,11.378713422172382,11.378713422172382,1718276
2001-10-10,11.842941284179688,11.906397159941763,11.42212650234057,11.438825630219652,2447460
2001-10-11,12.103448867797852,12.273778121279458,11.889700791515745,11.946478109541419,2836821
2001-10-12,12.25040054321289,12.323875643452231,12.050010960092386,12.200303147432765,2435865
2001-10-15,12.300495147705078,12.417389057498038,12.090087730434824,12.156884250316516,1102582
2001-10-16,12.343916893005371,12.587721277732756,12.136847362209778,12.290478854249605,2764666
2001-10-17,12.450788497924805,12.557661859630354,12.297157027749812,12.357273631283604,1718690
2001-10-18,12.343916893005371,12.410712078428784,12.12348886524425,12.223683668826194,1490364
2001-10-19,12.343916893005371,12.404032154797077,12.240381452458633,12.240381452458633,1568995
2001-10-22,12.5777006149292,13.3124583721181,12.444108909212002,12.450788832072293,15153963
2001-10-23,12.611099243164062,12.758050798846067,12.467486973859785,12.758050798846067,3923262
2001-10-24,12.561003684997559,12.72465439712682,12.290479589558561,12.651177933377902,2385861
2001-10-25,12.500884056091309,12.691253068161352,12.35727315067215,12.691253068161352,972633
2001-10-26,12.500884056091309,12.500884056091309,12.500884056091309,12.500884056091309,0
2001-10-29,12.721312522888184,12.938398532221495,12.490865317911727,12.591058756811893,2597473
2001-10-30,12.490866661071777,12.684574987326796,12.330556601474074,12.564343117777435,2102677
2001-10-31,12.394012451171875,12.557663146996429,12.026634219923501,12.290478365044052,1895782
2001-11-01,12.691254615783691,12.858245945189521,12.390672923448804,12.490866370794498,2431361
2001-11-02,12.958438873291016,13.011875556440554,12.724652371788473,12.724652371788473,2859226
2001-11-05,13.395951271057129,13.619717185780678,12.951757377242055,12.951757377242055,5521234
2001-11-06,13.75665283203125,13.960381730022966,13.492808671020047,13.566285131873716,6440143
2001-11-07,13.345856666564941,13.876885608389573,13.292419978749589,13.826789557498849,2725906
2001-11-08,13.362553596496582,13.552922609378635,13.125427827061847,13.35253438797084,2155331
2001-11-09,13.352533340454102,13.69319315509256,13.259018484387404,13.426008430743801,2649650
2001-11-12,13.345856666564941,13.496147519832853,13.325818246208652,13.496147519832853,817236
2001-11-13,13.365896224975586,13.619719812918987,13.162167336829564,13.492808018947287,2042318
2001-11-14,13.325817108154297,13.559603610103977,13.17218698137998,13.359215372761073,672936
2001-11-15,13.38259506225586,13.626400785082145,13.025236044563815,13.025236044563815,2260755
2001-11-16,13.38259506225586,13.38259506225586,13.38259506225586,13.38259506225586,0
2001-11-19,13.412650108337402,13.65979507006277,13.028572821727545,13.432688524072553,2282588
2001-11-20,13.659795761108398,14.017154728050905,13.492805804173205,13.492805804173205,6065409
2001-11-21,13.369233131408691,13.890242762025844,13.192223968557071,13.726592093388774,2639666
2001-11-22,13.596341133117676,13.719913631670657,13.412652028455561,13.559603582244803,2032758
2001-11-23,13.489466667175293,13.893582394428966,13.292417732642203,13.693194173833378,2989875
2001-11-26,13.770012855529785,13.820110258984114,13.566285305232615,13.693197106959401,1618077
2001-11-27,14.301041603088379,14.494749939797618,13.826789971793634,13.826789971793634,6861162
2001-11-28,14.414591789245605,14.588261667450801,14.277660808581981,14.327756850143007,6346738
2001-11-29,13.920304298400879,14.294362495984414,13.836809972779243,14.093974224075305,2557092
2001-11-30,13.920304298400879,13.920304298400879,13.920304298400879,13.920304298400879,0
2001-12-03,13.452728271484375,13.893582913380476,13.365894677937273,13.629738795658875,3284781
2001-12-04,13.339174270629883,13.526202624385856,13.165503059553112,13.29575680543506,2455006
2001-12-05,13.355873107910156,13.653115436145692,13.299095800681062,13.613037257495892,1922639
2001-12-06,13.509506225585938,13.69319533079395,13.34251625269663,13.62640015181688,2189564
2001-12-07,13.349199295043945,13.916965875658954,13.295762599256422,13.693198530537895,3678530
2001-12-10,13.279060363769531,13.492807097032205,13.182204856174907,13.362554675088605,1709532
2001-12-11,12.824845314025879,13.452726925541004,12.684572353135922,13.325815158956237,5416043
2001-12-12,12.641156196594238,13.62639955937064,12.53094354843989,13.08535147660187,4440961
2001-12-13,12.223681449890137,12.871602867698677,12.123486664496317,12.691253064168384,7135518
2001-12-14,11.766130447387695,12.343917541055102,11.62251815810691,12.290479499493864,9009954
2001-12-17,11.766130447387695,11.766130447387695,11.766130447387695,11.766130447387695,0
2001-12-18,12.003255844116211,12.173586472967731,11.809547507605078,11.95649907849908,3811108
2001-12-19,11.92309856414795,12.22368157306056,11.796186788394133,12.090088524522667,2325852
2001-12-20,12.32053279876709,12.484183452140263,11.766126309174936,11.936456884181142,4047679
2001-12-21,12.029972076416016,12.357273429157758,11.963176901591451,12.290476904035524,2489314
2001-12-24,12.156886100769043,12.19362365217693,11.662594749060927,12.023294390968648,1667520
2001-12-25,12.156886100769043,12.156886100769043,12.156886100769043,12.156886100769043,0
2001-12-26,11.999917030334473,12.223684357366965,11.90306285826168,12.223684357366965,1364474
2001-12-27,11.382051467895508,12.086750267945238,11.221740741203554,11.973196977194453,3104372
2001-12-28,11.689314842224121,11.756111382280148,11.355334842539937,11.422131382595964,1859778
2001-12-31,12.120147705078125,12.243720196822718,11.769468647344098,11.849622317343103,2096530
2002-01-01,12.253741264343262,12.313857876259283,12.190285365769968,12.22368363353419,1631389
2002-01-02,12.597739219665527,12.65785446896121,12.340573690833265,12.340573690833265,2262175
2002-01-03,13.29909896850586,13.419332182797172,12.627798430726772,12.75805085449273,6243698
2002-01-04,13.539566040039062,13.6497786997916,13.359216210037859,13.395953763288706,4207781
2002-01-07,12.991836547851562,13.659796407185297,12.898321681437672,13.659796407185297,2313239
2002-01-08,12.854905128479004,13.138787683899503,12.778089388087153,13.138787683899503,1733708
2002-01-09,13.666475296020508,13.753310233200802,12.824845612855421,12.858243873355164,7917535
2002-01-10,13.439370155334473,13.619718620483079,13.225622075883512,13.49280683762278,1771502
2002-01-11,13.342517852783203,13.840148544784288,13.259022181176547,13.52286769327483,3074897
2002-01-14,14.444649696350098,14.678434807140958,13.359213037831745,13.359213037831745,14493320
2002-01-15,14.120688438415527,14.828726431900588,13.916960939202106,14.695134739817819,4306825
2002-01-16,14.668417930603027,14.788651141160782,14.160768097467756,14.24426240736228,7977884
2002-01-17,14.381194114685059,14.621660525178232,14.234242569416748,14.494747397351796,4120926
2002-01-18,14.698476791381836,14.995717828525933,14.364495503569252,14.55486452705395,11846892
2002-01-21,14.364496231079102,14.89552514179511,14.237584442526828,14.695136899077706,5293799
2002-01-22,14.297700881958008,14.528148122796155,14.093973335968835,14.37785726590913,3947724
2002-01-23,14.04721736907959,14.581585640774616,13.9236434994213,14.29436240780022,4582983
2002-01-24,13.8034086227417,14.414592513158935,13.706554470462796,14.093971079578408,4274500
2002-01-25,13.91362190246582,14.124029327626344,13.82678696348234,13.82678696348234,3059338
2002-01-28,14.481391906738281,14.57490680008302,13.960383444498913,14.06391754957736,7415416
2002-01-29,14.04721736907959,14.691799662248991,13.983760115652961,14.574905716682657,6765828
2002-01-30,14.357818603515625,14.397896798586116,13.893586149580981,13.960382691265794,7405559
2002-01-31,14.027176856994629,14.554866527064727,13.96038167049184,14.427954727500893,6303983
2002-02-01,14.16744613647461,14.347794578032293,14.09396969521616,14.140727798825415,3514527
2002-02-04,14.594943046569824,14.755253096161876,14.177467440005554,14.234243409541083,12457043
2002-02-05,14.454668998718262,14.979017884003799,14.30103754749042,14.48138598555199,18348858
2002-02-06,15.900806427001953,15.900806427001953,14.69513762472995,14.69513762472995,30114067
2002-02-07,16.542049407958984,17.079758269443047,16.231447143195297,16.231447143195297,52501076
2002-02-08,16.638898849487305,17.547324978497215,15.363094585968826,16.532025504967898,47963158
2002-02-11,16.3984375,17.15991227583024,16.244806020094014,16.83261224730145,17369112
2002-02-12,16.034399032592773,16.795873830413072,15.927525661031568,16.632223136273844,14299101
2002-02-13,16.321619033813477,16.76581291642761,16.071133436779025,16.161307657580505,33989031
2002-02-14,16.8159122467041,16.926124895893324,16.45187333504209,16.45187333504209,45702254
2002-02-15,16.598819732666016,17.032994358126384,16.471907980791386,17.022975151430746,19641696
2002-02-18,16.24480438232422,16.899405723683927,15.944221375920572,16.665620591289322,20191445
2002-02-19,16.011022567749023,16.632225828368856,15.940886737522558,16.231449269846763,11754515
2002-02-20,16.057775497436523,16.665620063112673,15.990978975842081,16.031057158858268,22001792
2002-02-21,16.311599731445312,16.5320277219483,16.167988824276012,16.231444712306796,19633800
2002-02-22,16.14126968383789,16.365036949342866,16.041076252459487,16.23144390710821,12162593
2002-02-25,16.157970428466797,16.421814552764875,15.99098045928703,16.29824205658971,9452658
2002-02-26,17.29350471496582,17.68092271745513,16.34500150434592,16.358360000819157,48279378
2002-02-27,16.886049270629883,17.614127204376643,16.608846612202232,17.45715642236312,36741954
2002-02-28,15.199448585510254,17.42041855152569,15.199448585510254,17.03300053361507,115517204
2002-03-01,15.593544006347656,15.857388142945634,14.76861198080348,15.095913361880244,34473377
2002-03-04,15.827330589294434,16.017699623038247,15.596884717055792,15.987641994167127,13481609
2002-03-05,15.513385772705078,16.097851246416294,15.396493218081838,16.011016314308456,15174227
2002-03-06,15.389814376831055,15.523406070108157,15.069192962668406,15.363096038175634,17575372
2002-03-07,15.419876098632812,15.630283577812685,15.27626515898863,15.630283577812685,8113747
2002-03-08,15.449930191040039,15.6169201367225,15.32301707615475,15.55680354022921,8224958
2002-03-11,15.469968795776367,15.56348365261019,15.336377107654869,15.429890614191143,5830946
2002-03-12,15.316339492797852,15.75385486464997,15.176067862995616,15.616922521158173,7506257
2002-03-13,15.333040237426758,15.520069997030332,15.129312694217251,15.22950749764014,4912323
2002-03-14,15.266244888305664,15.530089040678332,15.202787640032897,15.363099053729835,3944449
2002-03-15,15.556809425354004,15.630284543142736,15.289625951305851,15.416537763904213,4850756
2002-03-18,15.520066261291504,15.964260145558486,15.429890689856927,15.64029945633923,5339277
2002-03-19,15.566825866699219,15.66368002759356,15.469971705804877,15.563486580229617,3571791
2002-03-20,15.45661449432373,15.630283060836051,15.39983716753673,15.6269437740889,1896831
2002-03-21,15.202784538269043,15.596882393406801,15.102591106661158,15.496687611501326,2309360
2002-03-22,14.895524024963379,15.289621907987367,14.802009158627374,15.22950530464977,3226245
2002-03-25,14.895524024963379,14.895524024963379,14.895524024963379,14.895524024963379,0
2002-03-26,14.9222412109375,15.01241543381929,14.701814582616684,14.962319393494731,3511761
2002-03-27,14.925582885742188,15.142670243246409,14.771951417262994,14.925582885742188,2554718
2002-03-28,14.69179916381836,15.262904973196978,14.574905222217742,15.15603159254333,6856170
2002-03-29,14.69179916381836,14.69179916381836,14.69179916381836,14.69179916381836,0
2002-04-01,15.727134704589844,16.084492310391532,14.701814590719914,14.895522880875202,18756511
2002-04-02,15.523409843444824,15.890788101980144,15.366439059327119,15.760537013310323,5676398
2002-04-03,15.409854888916016,15.720457137110525,15.369778050631425,15.369778050631425,3809592
2002-04-04,15.563485145568848,15.83066854744195,15.363096919015183,15.620261112105252,5668269
2002-04-05,15.573506355285645,15.707098073386486,15.479991477466129,15.590205488835482,2711015
2002-04-08,15.950901985168457,16.25816492723296,15.6970770745526,15.723795415128075,13207816
2002-04-09,15.72045612335205,16.15797013163103,15.693737782786036,16.017698506085026,5129563
2002-04-10,15.797271728515625,16.03105958954391,15.663680015368692,15.763874812952244,3152574
2002-04-11,16.201387405395508,16.365038083293936,15.864068191094008,15.924183443907946,9322062
2002-04-12,16.24480438232422,16.55206596086089,16.188027067110003,16.26484279931858,7660095
2002-04-15,16.15129280090332,16.41847759973946,16.011021152846272,16.365040910031816,4146310
2002-04-16,15.98430061340332,16.13125216507236,15.850708907475886,16.07447619641485,2397541
2002-04-17,16.08115005493164,16.344995453453603,15.914160133899633,16.084489340239294,4940314
2002-04-18,16.107877731323242,16.21809176426849,15.777236982785611,15.777236982785611,3303074
2002-04-19,15.934208869934082,16.164656163494374,15.803957754384705,15.803957754384705,2532959
2002-04-22,15.777234077453613,15.930865567777637,15.510049287850315,15.510049287850315,1968944
2002-04-23,15.797271728515625,15.957583134589745,15.703758204461673,15.703758204461673,1297999
2002-04-24,15.807291030883789,15.960921151205493,15.740494504475754,15.834009371387463,3347175
2002-04-25,15.810632705688477,16.25816733975763,15.750516092898623,15.897467663018501,10442069
2002-04-26,15.787254333496094,16.117893664473268,15.703758666387113,15.830670460035353,5126670
2002-04-29,15.149351119995117,16.0978557146879,15.102594355227078,15.897467458071054,8645977
2002-04-30,15.229508399963379,15.323021935007805,15.102595244834566,15.219487838789082,2583281
2002-05-01,15.229508399963379,15.229508399963379,15.229508399963379,15.229508399963379,0
2002-05-02,15.152688980102539,15.483329610442647,15.10259158755461,15.483329610442647,2762101
2002-05-03,15.276264190673828,15.44993410221986,15.142672470368371,15.199448445136488,2651133
2002-05-06,15.35307788848877,15.523407140373267,15.296300570995474,15.36309709738813,2748195
2002-05-07,15.443253517150879,15.496690202984214,15.296301955960299,15.363098488400876,1746691
2002-05-08,15.50336742401123,15.713774844167117,15.4532700334129,15.556804100530416,2864589
2002-05-09,15.479994773864746,16.024383672859432,15.43323800014726,15.763878754365996,1528275
2002-05-10,15.366437911987305,15.563486874266186,15.32970035893638,15.396496891972847,1375401
2002-05-13,15.406515121459961,15.590204225323179,15.182747830265711,15.182747830265711,1199093
2002-05-14,15.23952579498291,15.566825829235086,15.199447605955104,15.363098298230092,2966293
2002-05-15,15.05917739868164,15.356419832089905,14.962323228830469,15.313002352480904,2037835
2002-05-16,14.781970977783203,15.149349176056425,14.631680142180105,14.695136032715153,2074368
2002-05-17,14.705154418945312,15.05249417978345,14.561543514143654,14.788650073107416,3081299
2002-05-20,14.685117721557617,14.748573615972337,14.41125437437478,14.661738665595228,2329890
2002-05-21,14.671758651733398,15.149349509832419,14.197505729644481,14.43463151554007,5168587
2002-05-22,14.681778907775879,14.78197235743007,14.511448287976567,14.66507977445054,2461747
2002-05-23,14.581583976745605,14.68845734882878,14.397894862115962,14.678438138983212,2344389
2002-05-24,14.872149467468262,15.015761771723724,14.661741967317834,14.661741967317834,1853186
2002-05-27,14.705154418945312,15.112610780720638,14.49474699081397,15.002398137583821,1920052
2002-05-28,14.698476791381836,14.962320915012624,14.544845317970184,14.761932682444161,3443633
2002-05-29,14.778630256652832,14.888842895255339,14.611640305496472,14.761931126507438,2108835
2002-05-30,14.65839958190918,15.02243852124067,14.581583840082653,14.902205303625047,3792253
2002-05-31,14.675100326538086,14.82205190306222,14.594945289424365,14.635022132832246,2051412
2002-06-03,14.822049140930176,14.912223372091637,14.731874909768715,14.778631668463971,903445
2002-06-04,14.7686128616333,15.075875841883487,14.695137753493913,14.828729472973647,838582
2002-06-05,15.159369468688965,15.242865133491238,14.795331880925344,14.882166832200587,3509461
2002-06-06,15.613582611083984,15.660340723392313,15.115951960701704,15.296301786109966,7168818
2002-06-07,15.269584655761719,15.56348779821272,15.22950781379889,15.55012795069317,2562593
2002-06-10,15.683717727661133,15.697076222074545,15.363096307870073,15.363096307870073,3139135
2002-06-11,16.021038055419922,16.214747715577097,15.783912272640405,15.897465559485365,7055095
2002-06-12,16.465232849121094,16.792534231306565,15.964262916530561,16.031059447661747,26185611
2002-06-13,16.251487731933594,16.692341100564338,16.181351907365162,16.62554591306455,5026926
2002-06-14,16.331640243530273,16.491950289116012,16.104533670468285,16.365038507268398,6687483
2002-06-17,16.505311965942383,17.06639853804096,16.381739456639515,17.06639853804096,11821964
2002-06-18,16.468568801879883,16.699014608262814,16.40511157523459,16.699014608262814,5321949
2002-06-19,15.96426010131836,16.82926881555772,15.84402690660382,16.63221989364792,13144903
2002-06-20,16.221426010131836,16.451873216434453,15.773892793246638,15.964261813579935,23044228
2002-06-21,15.924186706542969,16.351681588248244,15.844031669404098,16.264846627106643,10172546
2002-06-24,15.823992729187012,16.191370983425713,15.673700520391067,16.03106091440087,4833173
2002-06-25,15.723796844482422,15.924185092163402,15.63362260563022,15.830670216499525,3056668
2002-06-26,15.600223541259766,15.720456753777302,15.563485990295451,15.697077698482849,2820711
2002-06-27,15.757195472717285,15.897467114285893,15.533429513704336,15.533429513704336,4028729
2002-06-28,16.071138381958008,16.164653267677497,15.76387672922022,15.964264998448858,4202482
2002-07-01,16.16798973083496,16.278203732266288,16.057777079701363,16.164650444545238,2848098
2002-07-02,16.15129280090332,16.324962717602123,16.101195397940685,16.157972724691255,2367260
2002-07-03,15.990979194641113,16.21808575081252,15.94756172507018,16.157969150614488,2162856
2002-07-04,16.05109977722168,16.13125481394017,15.964264816535492,16.00100237291089,1961366
2002-07-05,16.11789321899414,16.164651331401966,16.04775875097801,16.11455393252121,1218266
2002-07-08,16.154632568359375,16.281544362009022,16.031060061274985,16.031060061274985,2276982
2002-07-09,16.084497451782227,16.298245576700303,16.067798316227783,16.164653842562764,1983750
2002-07-10,16.264842987060547,16.298241249301757,15.964261327484987,16.101192312257222,5257159
2002-07-11,16.097061157226562,16.425781146855908,16.025152102033225,16.364145802697756,4112903
2002-07-12,16.055971145629883,16.285391526124517,15.997759446413518,16.148423473573377,1497115
2002-07-15,15.919000625610352,16.12787631961054,15.775185300251765,16.12787631961054,1531932
2002-07-16,15.672464370727539,15.949822761626407,15.61767769899576,15.949822761626407,1486273
2002-07-17,15.80257797241211,15.871060594814427,15.45673567618296,15.621095631240832,3179611
2002-07-18,16.001184463500977,16.05939477825258,15.727249743063968,15.85394408402749,2006526
2002-07-19,15.734098434448242,15.922428122262566,15.651918433578281,15.922428122262566,2710146
2002-07-22,15.682733535766602,15.809427861646256,15.562887888574885,15.751217553825004,3287653
2002-07-23,15.675889015197754,15.751220340862812,15.508103971912895,15.614253664921465,1663651
2002-07-24,15.54919147491455,15.64506882913323,15.408799783138333,15.545767827568039,1016204
2002-07-25,15.453312873840332,15.751217238909975,15.374556531529848,15.682733222220776,3415896
2002-07-26,15.319768905639648,15.470431504181002,15.165681276143104,15.443038178590735,2075481
2002-07-29,15.634795188903809,15.785459194469965,15.117744187214427,15.408798488349346,3708439
2002-07-30,15.484132766723633,16.093636145432885,15.415648743260356,16.093636145432885,3127848
2002-07-31,15.87448787689209,15.953244219012591,15.179379539287028,15.340315870590045,4454612
2002-08-01,15.607399940490723,16.025149934657925,15.49097933155064,16.025149934657925,2949770
2002-08-02,15.723823547363281,15.912153204515272,15.395102212992567,15.545766215596245,2117738
2002-08-05,15.843670845031738,16.011455868947,15.76833952806315,15.819701160355109,1646259
2002-08-06,15.816279411315918,15.901883065017266,15.689585062438619,15.819703059076105,1445108
2002-08-07,15.877910614013672,16.00460492979402,15.840244960848224,15.888182939021487,1502499
2002-08-08,15.75121784210205,15.953244868425521,15.713550800834257,15.946394805201725,1533691
2002-08-09,15.888187408447266,15.997760751901321,15.597133041846083,15.751220729129695,2912124
2002-08-12,15.867644309997559,16.05255038353214,15.826553609964018,15.901884944879455,2002838
2002-08-13,15.829975128173828,15.990911475592263,15.751218778167033,15.751218778167033,1222188
2002-08-14,15.744369506835938,15.847095538045137,15.624523854835749,15.69643152291797,890674
2002-08-15,15.744369506835938,15.744369506835938,15.744369506835938,15.744369506835938,0
2002-08-16,15.740945816040039,15.88818479907349,15.727248458152463,15.88818479907349,908077
2002-08-19,15.75121784210205,15.92242650597101,15.72724815846082,15.819700477003327,1101162
2002-08-20,15.788880348205566,15.853939322922598,15.73751734397148,15.819697320099875,1095036
2002-08-21,15.771763801574707,15.936125184666084,15.71012845596677,15.83682279466784,2397392
2002-08-22,15.853944778442383,15.884763145351874,15.768341126338637,15.819702763836599,1292499
2002-08-23,15.87106704711914,16.025154740680776,15.836825029791926,15.888188055782747,2340796
2002-08-26,15.96009635925293,16.059397382718164,15.81970463651445,15.919005659979682,1346944
2002-08-27,15.888187408447266,15.984064776174947,15.85394539251518,15.973792448277475,1648453
2002-08-28,15.936119079589844,15.97720837131354,15.836816727634014,15.884756080525126,2109704
2002-08-29,15.963515281677246,15.984061317437067,15.823124984909363,15.860790640520003,1708600
2002-08-30,16.528505325317383,16.655199646807095,15.901879627498575,15.956667670693191,6583150
2002-09-02,16.271696090698242,16.864078557897578,16.175818719460228,16.655204191239477,4418874
2002-09-03,16.086788177490234,16.333329565330512,16.035426542032393,16.32990591777021,1223216
2002-09-04,16.127878189086914,16.230602840074557,15.908731528627621,16.066242844730088,2581405
2002-09-05,16.086788177490234,16.23060352559351,16.052547548655227,16.097061888992464,1975345
2002-09-06,16.114179611206055,16.206633312950412,15.997757610544324,16.144997973257674,3013966
2002-09-09,15.973791122436523,16.086788104340616,15.888186089711619,16.025152757660816,1003178
2002-09-10,15.973791122436523,15.973791122436525,15.973791122436525,15.973791122436525,0
2002-09-11,15.96009635925293,16.00461070662775,15.908734715674967,16.00461070662775,820480
2002-09-12,16.26141929626465,16.329903311827234,15.908729661820306,15.929274312724907,2493967
2002-09-13,15.987486839294434,16.230603190139014,15.956669858656655,16.230603190139014,899884
2002-09-16,15.768341064453125,16.079941457967834,15.70328068319319,16.025153404167177,999882
2002-09-17,15.833399772644043,15.990912482576569,15.78546178390447,15.888186441035177,1296717
2002-09-18,15.758065223693848,15.884759541462628,15.720398185526847,15.867638538044101,933227
2002-09-19,15.754644393920898,15.802583770041737,15.477286002747471,15.71697873011936,1297607
2002-09-20,15.730669975280762,15.785458015001502,15.347163388108047,15.68273199798676,1731864
2002-09-23,15.740945816040039,15.764914115727482,15.487555770404233,15.487555770404233,925172
2002-09-24,15.860795974731445,15.953249705717985,15.494408852257585,15.836826283822205,1411956
2002-09-25,15.87448787689209,15.888183849550614,15.699854188520092,15.819699833026622,1085900
2002-09-26,15.823122024536133,15.901876968111093,15.761486697609053,15.901876968111093,387527
2002-09-27,15.823122024536133,15.949816324837828,15.720396018187596,15.751214373856241,1922734
2002-09-30,15.744369506835938,15.81627717491816,15.621098823149115,15.758066864761382,743173
2002-10-01,15.727249145507812,15.78546084245832,15.614252167844251,15.768339836555853,1199051
2002-10-02,15.727249145507812,15.727249145507812,15.727249145507812,15.727249145507812,0
2002-10-03,15.768341064453125,15.826551381525931,15.61767703142541,15.785462071688825,2002404
2002-10-04,15.761489868164062,15.83339753330878,15.624523216557572,15.751217542344886,760915
2002-10-07,15.850518226623535,15.881335203476043,15.686156863512105,15.751217233107058,358773
2002-10-08,15.932697296142578,16.01830231203036,15.812851658310061,15.812851658310061,1065827
2002-10-09,15.843670845031738,16.001183542488608,15.819701160355109,15.939548199327684,1064724
2002-10-10,15.761489868164062,15.881335515268429,15.624523216557572,15.836821180445009,780109
2002-10-11,15.761489868164062,15.881335515268429,15.69643088170229,15.806004202987483,1034677
2002-10-14,15.754644393920898,15.905308433537822,15.72725105802789,15.905308433537822,663620
2002-10-15,15.754644393920898,15.754644393920898,15.754644393920898,15.754644393920898,0
2002-10-16,15.758065223693848,15.942969845557302,15.686156178689792,15.864214891124556,574242
2002-10-17,15.840249061584473,15.87449107674871,15.727250688424643,15.768341383503873,1183842
2002-10-18,15.87106704711914,15.919005040730745,15.788887036180322,15.888188055782747,983666
2002-10-21,15.994336128234863,16.01830581480705,15.819702411400195,15.819702411400195,848470
2002-10-22,15.929272651672363,16.261417600577115,15.888181969737527,15.956665978158822,894341
2002-10-23,15.946394920349121,16.117604969864885,15.853942601139027,15.853942601139027,1217567
2002-10-24,15.806005477905273,15.987486478973505,15.758067492078931,15.95666949903027,1039044
2002-10-25,15.788880348205566,15.949816653944177,15.69985169463058,15.81285002706352,2653179
2002-10-28,15.956669807434082,15.990911819862115,15.754642764755069,15.785461129704549,1717439
2002-10-29,15.939545631408691,16.121026599894368,15.693005682894055,15.956666634217946,5744070
2002-10-30,15.829975128173828,16.12102945872471,15.734097772321617,16.093636126254165,2520569
2002-10-31,15.727249145507812,16.021728508855404,15.662190153724799,15.91557882602435,2760415
2002-11-01,16.34017562866211,16.764772925459066,15.7614892969306,15.819699602599746,9458349
2002-11-04,16.593568801879883,16.64150679519148,16.456602117839026,16.50454011115062,2330727
2002-11-05,16.596988677978516,16.881195694133588,16.573020378975187,16.679170054137224,6732156
2002-11-06,16.596988677978516,16.596988677978516,16.596988677978516,16.596988677978516,0
2002-11-07,16.497690200805664,16.778472204695547,16.43605485665216,16.70313950210322,3038851
2002-11-08,16.25457000732422,16.607261012932348,16.213479322647895,16.50453499344674,3162018
2002-11-11,16.076515197753906,16.26142123112764,16.038849538477017,16.26142123112764,1395729
2002-11-12,16.23745346069336,16.309361140305292,15.973792430253198,15.973792430253198,2693549
2002-11-13,16.076515197753906,16.3333289022601,16.035425891055702,16.299086890404528,1884876
2002-11-14,16.025150299072266,16.196358953844484,15.98406099719678,16.162118330418394,1375136
2002-11-15,16.17581558227539,16.33332827701717,16.032000245515746,16.032000245515746,2921419
2002-11-18,16.412080764770508,16.603834040552034,16.223751135474103,16.223751135474103,2808406
2002-11-19,16.412080764770508,16.412080764770508,16.412080764770508,16.412080764770508,0
2002-11-20,16.535356521606445,16.65520357733918,16.367572858637846,16.436056890485123,4571292
2002-11-21,16.460023880004883,16.675746901808477,16.412085892185413,16.63465759350912,2139602
2002-11-22,17.035282135009766,17.45303212707285,16.65177553424248,16.65177553424248,20271306
2002-11-25,17.138010025024414,17.374277683248298,17.0592536774796,17.107193046112386,9530038
2002-11-26,17.209918975830078,17.593427031413782,17.13116262241733,17.22703998241592,9827530
2002-11-27,17.6413631439209,17.99062914920574,17.189372494451337,17.292097138636052,33611414
2002-11-28,17.795454025268555,18.021449373350997,17.463307606024905,17.463307606024905,20389194
2002-11-29,17.987205505371094,18.192656178189345,17.80572451611163,17.80572451611163,22697060
2002-12-02,17.983783721923828,18.175537057034905,17.891331394118033,18.14814372344761,9050091
2002-12-03,17.939268112182617,18.476863803248204,17.83996572749458,18.148142439054485,14966452
2002-12-04,17.750940322875977,17.956391024262064,17.66875893479298,17.737242963391907,8783483
2002-12-05,17.812572479248047,18.072809803107578,17.600273136169587,17.600273136169587,9709123
2002-12-06,18.702857971191406,18.860370656673528,17.81599631850579,17.81599631850579,30482538
2002-12-09,18.53507423400879,19.137730303005995,18.346744558549805,18.997338612140194,17184188
2002-12-10,18.5145263671875,18.682311360752625,18.264561392409966,18.42207406137483,11785558
2002-12-11,19.120609283447266,19.35002964868144,18.696010563839014,18.696010563839014,31276447
2002-12-12,18.939128875732422,19.373999967018776,18.8706462312887,19.264426628380253,21236965
2002-12-13,18.949399948120117,19.171970242073698,18.9048856124473,19.072670629123387,9550260
2002-12-16,18.894617080688477,19.445908839886332,18.839830407998676,19.206217492971156,17329951
2002-12-17,19.199363708496094,19.411663047035887,18.524800038467504,19.10691001155208,28074790
2002-12-18,19.79859161376953,21.84624921944699,19.72326031663791,19.860226940700045,79181377
2002-12-19,19.072673797607422,20.11704695920059,18.945979448355256,19.77120592679024,99331329
2002-12-20,18.98706817626953,19.2918198884361,18.839829176094746,19.106913841890616,35103040
2002-12-23,19.117183685302734,19.206212350689775,18.93912497011823,19.14115198293049,19394282
2002-12-24,19.373998641967773,19.473301030779364,19.05212594342301,19.17197160131092,30998456
2002-12-25,19.373998641967773,19.373998641967773,19.373998641967773,19.373998641967773,0
2002-12-26,19.315786361694336,19.61026569746112,19.264423348797575,19.44932936457964,24173509
2002-12-27,19.579452514648438,19.668481206786385,19.20279308926815,19.380850473544047,26065942
2002-12-30,19.380849838256836,19.610270241494614,18.40495928914023,19.552058536507545,19679713
2002-12-31,19.356876373291016,19.531510069770537,19.237030723220546,19.380846057069316,18001764
2003-01-01,19.486997604370117,19.856808300562975,19.377424269855293,19.856808300562975,17053263
2003-01-02,19.733535766601562,20.017742767913845,19.401389400965265,19.517812780374772,38374255
2003-01-03,19.596572875976562,20.182108035939397,19.53493890752754,20.134168659042434,21238047
2003-01-06,19.100065231323242,19.58629792447724,19.038429886718976,19.58629792447724,17650251
2003-01-07,19.141155242919922,19.35345461721722,18.969946561342013,19.124034236321066,17585684
2003-01-08,19.219911575317383,19.367151955023967,19.158276228511216,19.1753972350913,12456089
2003-01-09,19.572601318359375,19.654782703931392,18.353594506772566,18.353594506772566,24085922
2003-01-10,19.60342025756836,19.92529297650837,19.449332577831495,19.689025293205894,28333523
2003-01-13,19.452754974365234,19.754083019136242,19.291818625246044,19.726689686376204,14768301
2003-01-14,19.377422332763672,19.510963955597273,19.295240955682278,19.387694658796217,8881764
2003-01-15,19.524662017822266,19.647932703482237,19.350029700146116,19.350029700146116,11825451
2003-01-16,19.702720642089844,19.77805196352821,19.517815986046337,19.58629862796922,11518887
2003-01-17,20.096500396728516,20.161559389066078,19.73353839108785,19.79174870412393,28990891
2003-01-20,19.89789390563965,20.243736211737726,19.825986250198593,20.09991951644532,21107493
2003-01-21,20.497133255004883,20.610131639039057,19.901325733277858,19.962961089622784,43264778
2003-01-22,20.390975952148438,20.68203161617144,20.216343661262922,20.613547604775356,31016580
2003-01-23,20.524524688720703,20.668340045379388,20.271135990686023,20.339620021251392,25817733
2003-01-24,19.829410552978516,20.88748215514763,19.733534598825017,20.88748215514763,28702047
2003-01-27,19.562326431274414,19.791746782519823,19.250726089621992,19.589719761410084,24842111
2003-01-28,19.863656997680664,19.92871599205518,19.312363908246958,19.5862986291875,20661970
2003-01-29,19.370580673217773,20.134171952050213,19.048707880312538,19.997205247966395,57810127
2003-01-30,19.178823471069336,19.634237844575626,19.110339440449685,19.38084914634011,33519121
2003-01-31,19.27127456665039,19.44933192729226,18.737102484724783,18.976795192081966,35236476
2003-02-03,19.870506286621094,19.945837610374543,19.4424838777038,19.552057215676346,20962737
2003-02-04,20.185529708862305,20.507402417631994,19.976655366681577,20.065684047167263,44403830
2003-02-05,20.103349685668945,20.319072707127937,20.004048678223253,20.240316353799102,15963229
2003-02-06,21.007333755493164,21.127179424422764,19.808871528554217,19.935565877413982,63562591
2003-02-07,20.678606033325195,21.08950732191963,20.19579708844725,20.613547054880666,60717174
2003-02-10,20.236894607543945,20.545071370303894,20.171835607121036,20.531374009998657,23386075
2003-02-11,20.185529708862305,20.50055373811525,20.07938002179009,20.257437382761463,18487731
2003-02-12,20.58616065979004,20.819004709437053,20.27113660163422,20.27113660163422,99804313
2003-02-13,20.58616065979004,20.58616065979004,20.58616065979004,20.58616065979004,0
2003-02-14,20.397829055786133,20.613552077195727,20.298528048363178,20.60327975013965,20855119
2003-02-17,21.075815200805664,21.257296198024758,20.555340509347893,20.555340509347893,31607992
2003-02-18,21.216201782226562,21.438773430491057,21.058690497277297,21.380563129473597,34929625
2003-02-19,21.37371826171875,21.56547297028791,21.264144933628128,21.43535360487237,37140769
2003-02-20,21.154571533203125,21.48671795424582,20.979939203778745,21.43535493436367,40573571
2003-02-21,21.270992279052734,21.394262957630943,21.014178596083216,21.16141895783232,25939320
2003-02-24,21.493560791015625,21.68531547170288,21.4216531318605,21.503834500389534,38787813
2003-02-25,21.038145065307617,21.44219766388962,20.997054383922045,21.36686636316139,21697040
2003-02-26,20.545066833496094,21.28126448485867,20.486855141669455,21.127175445299592,39644794
2003-02-27,20.682037353515625,20.90460906788552,20.353315945799267,20.476586646744245,51044500
2003-02-28,19.62738800048828,20.921726043376616,19.52123832057532,20.82585007425119,105081886
2003-03-03,19.89789390563965,20.16497987853793,19.689019617075232,19.689019617075232,36896249
2003-03-04,19.73011016845703,19.92871214520764,19.644506536469542,19.870501841585394,26728047
2003-03-05,19.51096534729004,19.68217540807971,19.24730434561305,19.68217540807971,25070288
2003-03-06,19.226755142211914,19.51781079226756,19.100060834737327,19.51781079226756,29297805
2003-03-07,18.935705184936523,19.19251890814515,18.877494868071373,19.10691387227204,19087665
2003-03-10,18.689165115356445,19.031582488961067,18.63780209399254,18.966523492546543,20274920
2003-03-11,18.95624542236328,19.00418478504508,18.57273882737116,18.75079476855517,23263513
2003-03-12,18.870637893676758,19.264418116784437,18.7816092492658,19.01787682936637,27697437
2003-03-13,18.870637893676758,19.021301859942234,18.791881572173203,18.969938860995118,11378211
2003-03-14,18.870637893676758,18.870637893676758,18.870637893676758,18.870637893676758,0
2003-03-17,18.822704315185547,18.956245928536813,18.56589064496532,18.901460655056862,10194697
2003-03-18,18.822704315185547,18.822704315185547,18.822704315185547,18.822704315185547,0
2003-03-19,18.863798141479492,19.12061187330465,18.802162790465022,18.969947835759367,10708655
2003-03-20,19.284969329833984,19.332908698940432,18.85352331433937,19.106911980377053,15104054
2003-03-21,19.486997604370117,19.647933958592763,19.288395589459338,19.34660590426634,16988951
2003-03-24,19.12403678894043,19.51096854401764,19.055554137814802,19.51096854401764,13991074
2003-03-25,19.226755142211914,19.281541794935503,18.8432471887365,18.94254816984929,14278592
2003-03-26,19.28154754638672,19.346606542851003,19.076096845184665,19.230184524983528,16611705
2003-03-27,18.915159225463867,19.353453933200328,18.856947528203023,19.216487269661,21331314
2003-03-28,18.836400985717773,19.12060799541873,18.798735330073182,18.93570197987646,10651508
2003-03-31,18.490558624267578,18.733676331058767,18.267988337650493,18.696009291030666,19032181
2003-04-01,18.730253219604492,18.822705537748103,18.422076518441607,18.422076518441607,8622204
2003-04-02,18.97679328918457,19.082942965416194,18.781614941559358,18.83297795607347,8936728
2003-04-03,19.12403678894043,19.175399815592783,19.00419111116245,19.175399815592783,5948241
2003-04-04,19.421939849853516,19.48357381614452,19.004189754835338,19.14115643172214,14017623
2003-04-07,19.66162872314453,19.79174669460839,19.452753024326043,19.48357000143786,8566519
2003-04-08,19.476722717285156,19.620538046035403,19.397966374300385,19.613689367425753,8015996
2003-04-09,19.449331283569336,19.689023982993305,19.250727890988525,19.3808472596166,15466028
2003-04-10,19.849960327148438,20.117044974798805,19.278121219214857,19.51781530299382,17640426
2003-04-11,19.736961364746094,20.30537403915231,19.483571314526422,19.997198709622882,14428859
2003-04-14,19.736961364746094,19.736961364746094,19.736961364746094,19.736961364746094,0
2003-04-15,19.384267807006836,19.997196123893236,19.141151499030027,19.853380804120746,7864097
2003-04-16,19.8602352142334,19.928717862588403,19.322639433372135,19.40824308991859,15818739
2003-04-17,19.678743362426758,20.305367531465013,19.58971471631148,19.764348362310724,12606515
2003-04-18,19.678743362426758,19.678743362426758,19.678743362426758,19.678743362426758,0
2003-04-21,19.678743362426758,19.771197039183466,19.517808454583115,19.654775069987345,7603838
2003-04-22,19.89105224609375,19.96295992690618,19.51781786609202,19.586300514611466,12663620
2003-04-23,19.66162872314453,20.065681379158804,19.586296027298193,19.962955353298472,10671836
2003-04-24,19.586294174194336,19.78489752851857,19.36029887685819,19.586294174194336,15446272
2003-04-25,19.14800453186035,19.634237258393245,19.014461506785423,19.61026895592054,16457315
2003-04-28,19.408235549926758,19.538354884748966,18.88091230196036,19.07266696544464,16583300
2003-04-29,19.014461517333984,20.54507014284272,18.81928314331537,19.449332607087545,34454278
2003-04-30,19.082944869995117,19.22333656991465,18.867221848798167,19.05212650444661,12991233
2003-05-01,19.082944869995117,19.082944869995117,19.082944869995117,19.082944869995117,0
2003-05-02,19.28154754638672,19.346606542851003,19.000764136911183,19.024733823781478,7782445
2003-05-05,19.391122817993164,19.541786865152034,19.295245445362823,19.31579148661915,8034046
2003-05-06,19.658203125,19.736959465674058,19.50411547506146,19.586295462734654,10840703
2003-05-07,19.54863166809082,19.873928002735337,19.486996325368914,19.72326536987131,6122291
2003-05-08,19.384267807006836,19.545204130029422,19.2781181406204,19.51781218612173,4740149
2003-05-09,19.54863166809082,19.654781348089067,19.298666649878317,19.439058340767684,9638992
2003-05-12,20.00747299194336,20.110199034769344,19.586299262060365,19.685600272812398,18561476
2003-05-13,20.04856300354004,20.250590050241428,19.976655329773735,20.13416665190387,15541172
2003-05-14,20.740245819091797,20.801881164058386,19.969806083625325,20.06568344073009,31783124
2003-05-15,21.014179229736328,21.161419595925263,20.685457871752472,20.685457871752472,27352061
2003-05-16,21.57231903076172,21.764073728359957,21.06896537228471,21.157994042367353,37900477
2003-05-19,21.794891357421875,22.236611073885214,21.61683401193441,21.709287716344,53062865
2003-05-20,21.97637367248535,22.082523356713804,21.421656950292594,21.681894305261117,28932768
2003-05-21,22.260578155517578,22.62011785848634,22.058552521475516,22.058552521475516,51023059
2003-05-22,22.466032028198242,22.647513025735595,22.05855431116507,22.332487631143984,25108401
2003-05-23,23.32207679748535,23.51040647436247,22.668057707235306,22.668057707235306,54182724
2003-05-26,23.589160919189453,23.76379322375019,23.044715201012355,23.42137590877625,40514356
2003-05-27,23.215923309326172,23.763792661617174,23.13374332180565,23.558340616200226,39676134
2003-05-28,23.661069869995117,23.822007604430997,22.918023465028543,23.147443839544767,40215179
2003-05-29,24.513690948486328,24.77050466997467,23.57888977753875,23.70216047460601,85487268
2003-05-30,24.13018035888672,24.49656735869487,24.003484650279027,24.31508499013219,39781834
2003-06-02,23.657649993896484,23.85967707952673,23.291262874961276,23.558348967390035,33666537
2003-06-03,23.52752113342285,24.003481388463083,23.291252137011607,23.69530612199137,37123493
2003-06-04,24.458904266357422,24.609569682167198,23.428227117727545,23.62682913822196,42230577
2003-06-05,24.48630142211914,25.201953219769944,24.318516366970947,24.791051778482153,61474731
2003-06-06,25.027315139770508,25.18825286210609,24.253451812613232,24.996498161712957,47256083
2003-06-09,24.886926651000977,25.20194928656983,24.73626124371045,25.003347277305203,24808630
2003-06-10,24.27056884765625,25.044434861199765,24.140450886059845,24.503412827322794,47379504
2003-06-11,24.35617446899414,24.595868530748586,24.020607212651452,24.24317888558439,30959114
2003-06-12,24.07881736755371,24.506841115316213,23.945277125783154,24.476024136446085,32300590
2003-06-13,23.729551315307617,24.232906348667118,23.643947678408843,24.208936665818435,41618200
2003-06-16,23.900766372680664,24.037731666691975,23.39056116927483,23.61998295140197,31533336
2003-06-17,24.3664493560791,24.472597644348888,23.921306014004,24.10621064501176,32017321
2003-06-18,24.137027740478516,24.630110450679915,24.02060712596043,24.38699412709535,26572004
2003-06-19,24.39383888244629,24.753378551949744,23.647367600624065,24.174692264641084,110462997
2003-06-20,24.571903228759766,24.92117067348937,24.47260221611711,24.743113303396132,46611847
2003-06-23,24.178119659423828,24.87322661708655,24.071968602483032,24.664352303520378,32031724
2003-06-24,24.53081703186035,24.65408774747993,23.695316745470667,24.20551923317474,40275305
2003-06-25,25.270431518554688,25.42109691515903,24.462326180182064,24.654080880941663,83267328
2003-06-26,25.527240753173828,25.729267744722573,25.140309156367543,25.338911116893936,77520004
2003-06-27,25.616273880004883,25.92102416720676,25.06498223021699,25.475883578253335,33847434
2003-06-30,26.328508377075195,26.57162475536172,25.695035226851196,25.749821899331756,53595636
2003-07-01,26.194957733154297,26.438074040806626,26.030597763465217,26.34562034649743,29116187
2003-07-02,26.69489288330078,26.821585839820642,26.311383444142493,26.331930867057757,40943335
2003-07-03,27.27015495300293,27.393425649460873,26.7085909080913,26.811314181121773,53508908
2003-07-04,27.144193649291992,27.529068547045906,26.95875284558356,27.308638859067702,35557031
2003-07-07,27.168682098388672,27.403107895359632,27.088207951113883,27.2911446024243,25130488
2003-07-08,26.934261322021484,27.361121764718785,26.825797757294914,27.34712847387345,18969278
2003-07-09,26.7523250579834,27.13720003890376,26.5318981515874,27.011240594157112,23898115
2003-07-10,27.039230346679688,27.221171435739816,26.5213964928549,26.598373745314127,20667789
2003-07-11,27.26665496826172,27.676022392527404,27.151191926153896,27.151191926153896,26045211
2003-07-14,28.169368743896484,28.31982071437386,27.3681295295008,27.5710634295798,44371240
2003-07-15,28.659202575683594,28.792158646904138,27.67951941175154,28.407283724476635,70174284
2003-07-16,29.281999588012695,29.36947038777356,28.354801188749178,28.725679982611847,53312738
2003-07-17,29.320491790771484,30.1602194927946,29.05107705470532,29.138550694359342,92186802
2003-07-18,28.98459243774414,29.50592593200391,28.750169474085904,29.103555202666076,53369207
2003-07-21,28.435274124145508,29.355475838499906,28.207847791145113,29.18753089164121,43803218
2003-07-22,27.592050552368164,28.515752128744705,27.466091117898,28.130877179224633,62389591
2003-07-23,27.801982879638672,28.263832236498484,27.333134047708747,27.815976171351203,55507221
2003-07-24,28.358301162719727,28.5997207984113,27.850963729760437,28.092386194665732,65012321
2003-07-25,29.750852584838867,29.94678980678269,28.47726488602516,28.620717357347658,77619938
2003-07-28,29.747350692749023,30.39814061713995,29.61439461533645,29.950284546446284,61651367
2003-07-29,30.041242599487305,30.216186967462175,29.271493038823287,29.460430692865984,60751694
2003-07-30,30.54859161376953,30.720033482416607,29.957283100326492,30.090239173650264,63005306
2003-07-31,29.582902908325195,30.650056831412382,29.41495512806983,30.615067946293653,62769477
2003-08-01,29.285505294799805,29.64938751737093,29.082571413629644,29.59340585460724,55016866
2003-08-04,29.943288803100586,30.06924823836711,28.837646128745074,29.208527788390832,65043438
2003-08-05,29.061567306518555,30.083235789910006,28.935607907134784,30.072739409062454,61703523
2003-08-06,28.431777954101562,29.316990895270443,28.239340481204586,28.739678476579513,73159030
2003-08-07,29.21552848815918,29.383473482078692,28.31981902470741,28.63821598012777,73250093
2003-08-08,29.540924072265625,29.69487578226281,29.257515991886365,29.411467701883545,49771237
2003-08-11,30.216205596923828,30.387650334477712,29.152551105647984,29.386974156973768,73671462
2003-08-12,30.044755935668945,30.838998350292464,29.817329568961156,30.450623658035468,78944625
2003-08-13,30.26518440246582,30.503107143226373,29.4954316960392,29.49893143360173,65824989
2003-08-14,30.15321922302246,30.786513246597153,30.00626420507438,30.426128005631718,54374803
2003-08-15,30.15321922302246,30.15321922302246,30.15321922302246,30.15321922302246,0
2003-08-18,30.10424041748047,30.44013039542267,29.83132874944707,30.240696251497166,35677516
2003-08-19,29.813823699951172,30.5520843054991,29.705360145464383,30.261679695062806,28674893
2003-08-20,30.604578018188477,30.709541866467916,29.817332180807256,29.8768135809751,44863131
2003-08-21,30.562580108642578,31.09790688460647,30.45411655620921,30.61506484561186,59495018
2003-08-22,30.39463996887207,31.09791178979802,30.09723584317997,30.702540477770995,49602857
2003-08-25,29.586400985717773,31.20287792276406,29.2295183043009,31.059425468557205,66377208
2003-08-26,30.576576232910156,30.720028666945783,29.53741465465235,29.53741465465235,52001914
2003-08-27,31.85716438293457,32.00761631035529,30.674550217042896,31.041929277546018,78473613
2003-08-28,31.10840606689453,32.18955609771107,31.00343941271901,32.18955609771107,66538180
2003-08-29,30.838993072509766,31.4722870532022,30.517096476500715,31.307841847302626,47905629
2003-09-01,30.657060623168945,31.237872856475718,30.475119509825003,31.12240979158986,33306142
2003-09-02,30.919469833374023,31.318340874970637,30.664051245570526,30.744525401370687,43531004
2003-09-03,30.317663192749023,31.468790981487547,30.160214627669372,31.052424106191918,45164386
2003-09-04,30.051748275756836,30.699038393697002,29.831321416049,30.699038393697002,38824526
2003-09-05,30.429622650146484,30.510096791129403,30.02025530092551,30.356147982683172,26782895
2003-09-08,30.98594856262207,31.311342101299513,30.45762117580482,30.70254055688009,28904173
2003-09-09,30.66754722595215,31.678719411863053,30.443620643791693,31.279848419131362,52654427
2003-09-10,31.31833839416504,31.468790310848856,30.31066590160187,30.650055526512052,38707380
2003-09-11,31.605253219604492,32.0461098969346,31.328844629975247,31.395322681015372,56397492
2003-09-12,30.919469833374023,31.895653256761033,30.727032372777227,31.699716058760043,37263395
2003-09-15,29.7403507232666,30.989445685639314,29.498928270828007,30.790008762594013,35431321
2003-09-16,30.62206268310547,30.713033212901685,28.900622091093084,29.25050809126003,49719219
2003-09-17,29.841825485229492,31.020942989168642,29.60739961631321,30.790016858359863,45562257
2003-09-18,28.30582046508789,29.97827927164608,28.17286437666301,29.684374850278385,69840364
2003-09-19,28.57872772216797,28.935613224203742,27.787985130545906,28.550738311169024,74293536
2003-09-22,27.983919143676758,29.033577106497535,27.889448880213944,29.033577106497535,47183504
2003-09-23,29.075565338134766,29.28199606120163,27.68651494599658,27.780982379843447,64054631
2003-09-24,29.649381637573242,29.8803048897235,28.981098725774707,29.149043680760453,51773143
2003-09-25,29.180530548095703,29.93628420105584,29.04057501527537,29.390463847326206,64702354
2003-09-26,30.244190216064453,30.506605473566808,29.201528661506345,29.313494805801408,46816718
2003-09-29,30.9649600982666,31.12590843583228,30.440129546800843,30.510107330891504,41081360
2003-09-30,31.55626678466797,31.69971925291577,30.887983796740453,31.129403459253336,47671623
2003-10-01,31.20987319946289,31.769692529719848,31.048924894457823,31.6297369898522,35517699
2003-10-02,31.20987319946289,31.20987319946289,31.20987319946289,31.20987319946289,0
2003-10-03,31.867666244506836,31.93764402878948,31.24836822911245,31.279857383275377,30464668
2003-10-06,32.53244400024414,32.63391091259744,32.014610227242315,32.04959911038623,44549021
2003-10-07,31.962129592895508,32.81235354588081,31.850166294051384,32.11258151349825,40101371
2003-10-08,33.07127380371094,33.30219990918193,32.04960501770897,32.04960501770897,67599873
2003-10-09,33.63808822631836,33.74305489001755,33.19373472549816,33.19373472549816,40655922
2003-10-10,33.60309982299805,34.029963129844845,33.28120601057803,33.711566225815524,33004368
2003-10-13,34.44633102416992,34.610776271519995,29.414961135428122,29.414961135428122,42539346
2003-10-14,33.26371383666992,34.70174967051207,33.03279054267697,34.6457651794922,53074036
2003-10-15,34.029964447021484,34.35185827190084,32.96980702868579,33.34068586506997,51651259
2003-10-16,34.91518020629883,35.093621577875325,34.288882707557,34.47782046397833,60459660
2003-10-17,34.74722671508789,35.230068787416265,34.39733787518205,35.12860187260763,42177690
2003-10-20,34.23989486694336,35.604453076322656,33.8830121532374,34.84869645456766,47831672
2003-10-21,34.08943557739258,35.47148934835436,33.61359017552876,34.21889472418183,77811519
2003-10-22,34.27838134765625,34.82770150552368,33.81303225636023,34.35885550592974,50486441
2003-10-23,34.05794906616211,34.79970946370945,33.84451884913414,34.6317645140422,53271859
2003-10-24,34.42182922363281,34.6037702826027,32.644406990844004,34.14891763517798,86842098
2003-10-27,33.74305725097656,34.84869713248382,33.60660142738414,34.84869713248382,40235793
2003-10-28,33.40016174316406,34.127926003179866,33.14124626509234,33.79903275715069,47536490
2003-10-29,33.98447036743164,34.13491944227479,33.309188082200926,33.58909912774096,38171726
2003-10-30,33.876014709472656,34.63876802322124,33.20773168641276,34.274885812229776,73807293
2003-10-31,33.87950897216797,34.00196865895004,32.89632891132245,33.35467850971484,60535249
2003-11-03,33.30219650268555,34.316868538663265,33.13774845549852,34.07894581129649,54345635
2003-11-04,33.95998001098633,34.57228121792298,33.58910124729834,33.58910124729834,47471585
2003-11-05,33.522621154785156,34.1804076415907,33.274202060969465,33.938988022042984,32878955
2003-11-06,33.43515396118164,33.85501778158017,33.26370926135408,33.722061706731225,24377755
2003-11-07,33.47013854980469,33.998468702259444,33.16923472207281,33.58910131775826,34247839
2003-11-10,33.40016174316406,33.67307334066999,32.92431631610967,33.30919121066209,13218701
2003-11-11,33.41067123413086,33.93900160905082,33.21123706349622,33.519137665785834,25508901
2003-11-12,33.49113464355469,35.4155120815876,33.30919356568715,35.4155120815876,27479138
2003-11-13,32.745880126953125,33.75005305000425,32.43797959715083,33.66608197864888,25702039
2003-11-14,32.084590911865234,32.80535857513291,31.91664595502668,32.67939915020056,34028257
2003-11-17,33.10276412963867,33.23222330864571,32.20005810207936,32.602428932062764,21012190
2003-11-18,32.58491897583008,33.23220893241995,32.43796682958449,33.099252902296065,24974710
2003-11-19,32.18606185913086,32.46946989337257,31.916649947013035,32.46946989337257,21405377
2003-11-20,31.524768829345703,32.5394407864987,31.34982724207989,32.32950748672353,21129686
2003-11-21,31.395313262939453,31.608743475730744,30.61506708801425,31.482784058677257,40009375
2003-11-24,31.25535774230957,31.797684032115466,31.076916413565215,31.62973625648289,22137571
2003-11-25,31.713722229003906,31.83268221709271,31.279862163519624,31.419817753473172,18839488
2003-11-26,31.713722229003906,31.71372222900391,31.71372222900391,31.71372222900391,0
2003-11-27,32.64790725708008,32.812355306163866,31.846668265310143,31.846668265310143,34899451
2003-11-28,32.91033172607422,33.092272854817175,32.368008078233345,32.68640505353351,23127099
2003-12-01,32.917320251464844,33.5331183960796,32.53944199535922,33.44914733642075,16836353
2003-12-02,33.25321578979492,33.58210909741917,32.616421943022466,33.02928915376498,37674504
2003-12-03,33.169227600097656,33.79202788577759,32.90681527795867,33.44913860378649,27051781
2003-12-04,32.945308685302734,33.36867219591536,32.6304115624866,33.13074948524329,23046507
2003-12-05,32.196556091308594,33.30219873933738,32.04960389186576,33.09926488435508,19024518
2003-12-08,31.916643142700195,32.38898882266558,31.577253521531553,32.38898882266558,14582687
2003-12-09,32.30501937866211,32.44147518135803,31.930640855564086,32.18955634111731,17056210
2003-12-10,32.43796920776367,32.836840156591315,32.12656903998696,32.53243946199506,21741162
2003-12-11,33.036285400390625,33.23222261915269,32.406491036874485,32.602428255636546,22731421
2003-12-12,33.24272537231445,33.65908956639373,33.04329120678137,33.239228463083506,28888593
2003-12-15,33.90050506591797,34.148924201244014,33.14125153827868,33.31619598600815,33403936
2003-12-16,33.645084381103516,33.966978157114966,33.19373144971759,33.736054914822454,31015160
2003-12-17,33.368675231933594,33.95998373990025,33.256711926043806,33.95998373990025,18910573
2003-12-18,33.564613342285156,33.65908079275934,31.629739452730142,31.629739452730142,12270783
2003-12-19,34.29937744140625,34.46382551141677,33.59610554458275,33.72906163236038,29016857
2003-12-22,35.57296371459961,35.68142729147851,34.43233214244599,34.4848168912443,42918267
2003-12-23,35.446998596191406,35.96133264252531,35.279053651229376,35.70241433617695,40288998
2003-12-24,35.607948303222656,35.89135629317503,35.44350025969771,35.583455800636926,28659981
2003-12-25,35.607948303222656,35.607948303222656,35.607948303222656,35.607948303222656,0
2003-12-26,36.482669830322266,36.731088969458185,35.646439035328775,35.667431803535464,30191288
2003-12-29,37.59531021118164,38.672960699353396,36.94801997070488,38.672960699353396,33140454
2003-12-30,37.196434020996094,38.62747013221113,36.671603556461534,37.93469471120535,44842793
2003-12-31,37.616302490234375,37.980184688974234,37.22792778516178,37.322398072669735,41898671
2004-01-01,39.5126838684082,39.77859601460768,37.79473998443723,37.82272939651485,62972959
2004-01-02,39.6141471862793,39.95703657470234,39.3622311656633,39.68412495892242,25437964
2004-01-05,42.0528564453125,42.28727942480729,39.729608098335035,39.9745302894558,68132760
2004-01-06,42.06685256958008,43.34044012740604,41.43355852811152,42.12633396006634,84466581
2004-01-07,41.748451232910156,42.87508357227262,40.88423125501215,42.87508357227262,71533904
2004-01-08,43.43841552734375,44.01572798734181,42.12633918260805,42.12633918260805,44911270
2004-01-09,44.78896713256836,45.55521716104744,43.73580656672128,43.94573986416513,73303987
2004-01-12,44.897438049316406,45.53423186172226,44.12418841996643,45.13536079456148,56946924
2004-01-13,45.20183563232422,45.62519917446743,44.830956834034914,44.99540205271663,39462551
2004-01-14,47.05623245239258,47.507582549582885,45.70567058113755,45.70567058113755,45070684
2004-01-15,46.352962493896484,48.277334216735746,45.63219484929292,47.44460892889975,67331421
2004-01-16,44.4495849609375,46.534910981585114,43.805794459201046,46.534910981585114,55153768
2004-01-19,45.950592041015625,46.492915524927035,43.980732207340374,44.75048203343575,40350502
2004-01-20,43.9212532043457,46.660863012916124,43.113014711361224,46.534906412754864,55762339
2004-01-21,41.646995544433594,43.910763026361536,41.28661306376709,43.58886634700063,74065687
2004-01-22,40.96120834350586,43.34393514902176,40.488859837665586,41.98637667394256,73984248
2004-01-23,43.543373107910156,43.89325913977112,40.76177788146936,41.286605514653935,76578467
2004-01-26,43.543373107910156,43.543373107910156,43.543373107910156,43.543373107910156,0
2004-01-27,45.390777587890625,45.541226690918755,43.18299209989181,44.01572308963511,47062256
2004-01-28,44.204654693603516,46.46142204774111,43.75680152562273,45.66018314796793,86587435
2004-01-29,43.854774475097656,44.9254281932935,43.04303908660895,43.38942539001714,74231672
2004-01-30,41.84992218017578,44.2186559296456,41.4265614638027,43.94574431286936,80412129
2004-02-02,41.84992218017578,41.84992218017578,41.84992218017578,41.84992218017578,0
2004-02-03,39.698123931884766,41.979384206220956,38.9913551675159,41.979384206220956,78228891
2004-02-04,41.262115478515625,41.55951961360401,38.498013115256256,39.95703871923917,94280747
2004-02-05,40.541343688964844,42.36775089282478,40.03050940346491,40.83524803632498,89941171
2004-02-06,41.67497634887695,41.88140990921929,40.39439228824249,40.94371237425728,56144271
2004-02-09,43.58186340332031,43.72881559892371,41.84642646851108,41.84642646851108,59334555
2004-02-10,42.76313400268555,43.942251455932954,42.32227735945166,43.942251455932954,67428314
2004-02-11,43.896759033203125,44.07170346436241,42.87159343717229,43.424413312893655,57621323
2004-02-12,43.21798324584961,44.1486814709983,42.7841232846794,43.945747611886354,46619245
2004-02-13,44.02621841430664,44.22565252052848,42.86109443833566,43.039538607770396,45343312
2004-02-16,44.096195220947266,44.75748152398184,43.83378280563608,44.22565438904043,46742401
2004-02-17,44.358612060546875,44.54754978649421,43.63784438524077,44.211657037993206,44648510
2004-02-18,44.04720687866211,44.855445266044896,43.826777198752815,44.50555643615499,41744917
2004-02-19,42.26278305053711,44.08569329505401,41.993371211280774,44.06120079526464,54868835
2004-02-20,42.16132736206055,42.74913619655708,41.2866107567401,42.05636069041071,72389285
2004-02-23,41.22712326049805,42.672155455860434,40.93671862403318,42.616173805105596,54771402
2004-02-24,42.388755798339844,45.48875128154552,40.523859441074,45.48875128154552,62918875
2004-02-25,41.16063690185547,42.476209672325375,40.943706988101845,42.476209672325375,48985107
2004-02-26,40.320919036865234,42.11933705650942,40.04451051079281,41.42656162879622,56074235
2004-02-27,40.9017333984375,41.07667784095846,39.54417470964492,40.523855100120564,57912329
2004-03-01,42.003868103027344,42.16131665591368,40.663802705814874,41.04518066720061,42453762
2004-03-02,42.003868103027344,42.003868103027344,42.003868103027344,42.003868103027344,0
2004-03-03,41.93389129638672,42.5286994690504,41.636487210054874,42.119332090521176,52601424
2004-03-04,42.3012809753418,42.861097539920685,41.793946329562814,41.986383804114425,85895187
2004-03-05,43.13750076293945,43.24596714691649,42.483214038934186,42.50770653948427,54176969
2004-03-08,43.917755126953125,44.14868122773898,43.245975250510526,43.245975250510526,39961289
2004-03-09,44.34111404418945,44.603529268640614,43.32994176887742,44.08569829430803,71078451
2004-03-10,43.2144775390625,44.28163143543959,42.92057317479229,44.22564978649353,52717023
2004-03-11,42.12283706665039,43.018543515634846,41.71696654543708,42.808613023957555,44169124
2004-03-12,41.92689514160156,42.15432146566474,40.88423378796222,41.77644322817205,43089742
2004-03-15,40.50285720825195,42.51120557406029,39.9640334860469,42.19630844657871,49901960
2004-03-16,40.079498291015625,41.25861553178445,39.761101412297684,39.95353886861626,62163131
2004-03-17,40.58684158325195,40.90873826825309,40.24045521936098,40.49587102698766,44911397
2004-03-18,39.27125549316406,40.83174773640578,38.9528586497113,40.572832274845084,42139959
2004-03-19,39.71211242675781,40.51685105700653,38.87588465136842,40.51685105700653,45669770
2004-03-22,38.54349899291992,39.677131066604574,38.3790509328759,39.677131066604574,38162167
2004-03-23,38.725440979003906,39.21528260361995,38.07465102825795,38.41754044841057,34654274
2004-03-24,38.29158020019531,38.830406824615956,36.64711374262157,36.64711374262157,37315148
2004-03-25,39.439205169677734,40.01301780674016,38.522503147793444,38.627469805655714,44614287
2004-03-26,41.500038146972656,41.7694528685509,39.817085924876,39.8870637011505,50361547
2004-03-29,42.563697814941406,42.7036505466979,41.15365430872671,41.70647424781788,52075786
2004-03-30,41.45805358886719,42.8261115083621,36.03481257970354,36.03481257970354,43026246
2004-03-31,42.395751953125,42.616178844910664,41.356587310146594,41.62250230458952,37889973
2004-04-01,43.26696014404297,43.48039034693911,42.4062398584272,42.51120367676076,44966224
2004-04-02,43.48389434814453,43.68682818910775,42.44822954838937,43.3159465639144,44059334
2004-04-05,42.945068359375,44.001725939407805,42.64416733114494,43.56086936546307,43719500
2004-04-06,43.928253173828125,44.36211314903378,42.805117437035236,43.38592961942808,70326003
2004-04-07,43.788299560546875,44.22565643551743,43.466402908801896,44.08570370671813,48155809
2004-04-08,43.606361389160156,44.60353773379714,43.06403780933502,43.73232083397068,77381639
2004-04-09,43.606361389160156,43.606361389160156,43.606361389160156,43.606361389160156,0
2004-04-12,43.30544662475586,44.15567054209292,40.9891978430448,40.9891978430448,30250916
2004-04-13,44.54755401611328,44.85195481484659,42.74213916279628,43.38942938828327,42399879
2004-04-14,44.54755401611328,44.54755401611328,44.54755401611328,44.54755401611328,0
2004-04-15,44.607032775878906,45.114367410447805,44.120690908366115,44.505563019751236,48490608
2004-04-16,44.736480712890625,45.27530722604916,44.43557972624851,44.78546571296322,38430629
2004-04-19,44.0122184753418,45.485239997142244,43.83377715060262,45.1283573476639,38133116
2004-04-20,44.13118362426758,44.344616686782246,43.60285623267984,44.08570118265269,28823963
2004-04-21,45.13185501098633,45.33129193245674,43.875763413371494,43.945741181283445,36794831
2004-04-22,45.91560745239258,46.09404880550917,44.71899707015739,45.24032783730449,40054059
2004-04-23,46.01707077026367,46.604882360706625,45.62519920584876,45.905107466145125,41972851
2004-04-27,44.08919906616211,45.47125025073659,37.85771965400649,45.47125025073659,44040288
2004-04-28,44.70500564575195,44.9814170486126,43.735818695941255,43.94575205160575,47459481
2004-04-29,44.691009521484375,45.17035480394402,43.945752050248345,44.64552424401323,40685693
2004-04-30,44.94292449951172,45.40827361852635,44.442586490936925,45.247325292392446,40787768
2004-05-03,43.31944274902344,44.49156325909163,42.367751919423206,44.435581612010054,51177088
2004-05-04,44.80297088623047,45.03039726363736,44.00173178771226,44.00173178771226,38557611
2004-05-05,44.9569206237793,45.06538420097225,44.421593725613384,44.925431471937536,26671249
2004-05-06,45.8386344909668,46.0170758497768,45.345293121698255,45.345293121698255,25962828
2004-05-07,45.09337615966797,45.81414105582839,44.22565623074562,45.81414105582839,31081189
2004-05-10,43.980735778808594,45.06538283471049,37.78774495226813,45.06538283471049,38540123
2004-05-11,43.17949676513672,43.58186759490075,42.41674630132908,42.686158214310936,45238756
2004-05-12,43.44540786743164,44.08570139970032,42.133331652753334,42.96606265261298,55166221
2004-05-13,42.12633514404297,43.760305169726706,40.75478036214916,41.98638242211184,78091258
2004-05-14,36.122283935546875,42.26629275546607,34.92567353425532,41.98638446874576,99804991
2004-05-17,31.33233642578125,34.61777244248223,29.149046166365085,34.61777244248223,37953258
2004-05-18,34.35185241699219,35.11460555698373,31.279849921805184,31.349827689395386,44624716
2004-05-19,36.762577056884766,37.11596285603183,34.42883484834524,34.97465529355083,76676303
2004-05-20,36.00332260131836,37.2839068543858,35.35603241423182,36.03831148947551,53996369
2004-05-21,36.10128402709961,36.3706958766059,33.414156518438716,35.26855597785955,46470006
2004-05-24,37.7492561340332,38.137630813972514,36.52815043874071,36.73808376868073,38307505
2004-05-25,37.75275802612305,38.193614649099445,36.38819979128131,37.577813574522544,39137704
2004-05-26,37.241912841796875,38.200600237249475,37.02148317951115,37.647780456963474,39454581
2004-05-27,37.154441833496094,37.563809214167364,36.11528022361576,36.83604781107633,47903213
2004-05-28,33.98447036743164,37.43085106733035,33.47013636754379,37.37136968723177,89297974
2004-05-31,32.54994201660156,33.87951129223179,31.934140973932294,33.6835740824345,66390107
2004-06-01,32.8403434753418,33.729053158363875,32.64790320929779,32.8893256468824,53077894
2004-06-02,33.07826614379883,33.72905312557563,32.329506331395876,32.39948692470026,54737688
2004-06-03,32.864837646484375,34.55479211175826,32.479962720124604,34.211902717957365,68670427
2004-06-04,34.05445861816406,34.267888875679155,32.33301477718431,32.602429524422206,55481063
2004-06-07,33.9214973449707,34.89768084204146,33.49463685956175,34.28887926530136,49431594
2004-06-08,33.757049560546875,34.218898900079125,33.24621521421702,34.14892112728648,38126523
2004-06-09,33.84451675415039,34.56878124984258,33.71156069754554,33.7290537242721,51130921
2004-06-10,33.58210372924805,33.81652954125662,33.169236584503224,33.169236584503224,35310645
2004-06-11,32.766876220703125,33.51913317682994,32.584935108680426,33.51913317682994,32226389
2004-06-14,30.769018173217773,32.60942173125181,30.632562363828782,32.60942173125181,51678476
2004-06-15,31.10491943359375,31.4757983391347,30.317673511051026,30.650066611131003,58557307
2004-06-16,30.98244857788086,31.699716515611073,30.664051687495725,31.4967826690908,56005546
2004-06-17,31.43031120300293,31.724215651071727,30.079748939632314,30.790017550929516,66626180
2004-06-18,30.608068466186523,31.79068542702952,30.39463824745055,31.430303022507008,77406853
2004-06-21,29.117557525634766,30.363152939684063,29.01609059474029,30.363152939684063,85744783
2004-06-22,29.68087387084961,29.915299713935298,28.900627574637273,29.35548030992115,87858461
2004-06-23,28.59971809387207,29.85930938452297,28.424776509433958,29.656375562215228,93113957
2004-06-24,29.568904876708984,29.789334555784126,28.28482108059132,29.5304162568027,93933166
2004-06-25,30.114946365356445,30.517291910822607,29.410838029749126,29.888624998958885,70320131
2004-06-28,31.163921356201172,31.39023981082893,29.996396297143242,30.287379242259746,70605838
2004-06-29,30.786725997924805,31.325584268341125,30.326902442778707,30.750801919574805,79789355
2004-06-30,30.937604904174805,31.239364828100157,30.65021519206342,30.89809045272839,77749443
2004-07-01,31.821332931518555,31.925508976310915,31.18188611746977,31.239364058476,66582111
2004-07-02,31.98658561706543,32.360193749336986,31.282479994207975,31.541129320151803,74876279
2004-07-05,30.962759017944336,32.040472859566215,30.772361656845742,31.82852453314623,52480239
2004-07-06,31.49801254272461,31.612968411223626,30.664581043690163,30.822644636668013,50857710
2004-07-07,31.36509895324707,31.93628797405528,31.149554501514356,31.325581598979372,57716149
2004-07-08,30.07183265686035,31.900358175024834,29.744928568604237,31.480049183910346,83324380
2004-07-09,30.8549747467041,31.038188381348014,28.0205867331614,29.241996439955226,46547387
2004-07-12,31.03460693359375,31.21063407819885,30.456234104772875,30.750807534260876,33063201
2004-07-13,30.840614318847656,31.397433189580884,30.319716622505425,31.181888714232286,28854328
2004-07-14,30.95197105407715,31.239360728473603,30.6178803760392,30.901676771745315,40269168
2004-07-15,30.9555721282959,31.447729429816572,30.76158150749665,31.14596656466596,38462425
2004-07-16,31.58783531188965,31.972220438916228,30.643037898188677,31.972220438916228,40864110
2004-07-19,31.61296844482422,32.11590254866685,31.41179712715372,31.62015500213379,31630705
2004-07-20,31.153154373168945,31.60579433179583,31.048975404234998,31.4297671970797,27459255
2004-07-21,31.692005157470703,32.36377982822256,31.0381910714662,31.28965668692945,23972973
2004-07-22,33.265472412109375,33.49538418644928,32.00813549720807,32.2596040421218,62367323
2004-07-23,33.369651794433594,33.61034343051678,32.920605133774465,33.33732099259426,36690487
2004-07-26,33.743263244628906,38.60375969808631,32.70865714991793,33.6929718495313,46583517
2004-07-27,31.799776077270508,34.04142448504746,31.577047967151632,33.7073337722859,83415825
2004-07-28,31.11722755432129,31.785411951545168,30.941200435082195,31.756671525825645,59293199
2004-07-29,32.03327941894531,32.15182857342125,31.253732527335924,31.253732527335924,49067331
2004-07-30,31.763845443725586,32.64038749182388,31.641705933939807,32.317073778165906,44531374
2004-08-02,31.778230667114258,31.96503475079467,31.35432819881354,31.83570862325944,28054886
2004-08-03,31.61296844482422,32.25241227955038,31.483642366417076,31.900361021210404,40648916
2004-08-04,31.444135665893555,31.681231114013883,31.225000805804836,31.54112806996527,29789972
2004-08-05,32.16260528564453,32.313485234447526,31.54112200102345,31.54112200102345,32239976
2004-08-06,31.692005157470703,32.823603331888705,31.487237643317258,32.43203469799592,63140099
2004-08-09,32.891868591308594,33.12178039545997,31.253739724644927,31.595017056005528,74977718
2004-08-10,33.03196716308594,33.33013674317136,32.66195232625157,33.18644042000567,56004168
2004-08-11,32.13386535644531,33.121770054763964,32.04405372581043,33.04992191218931,39877317
2004-08-12,31.781814575195312,32.464366192458854,31.559086471498762,32.18775342852663,42105980
2004-08-13,32.040470123291016,32.23086746812956,31.58423979934567,31.900369979243976,52018066
2004-08-16,31.71355628967285,32.05124023540612,31.36868578679291,32.04405367825944,30800697
2004-08-17,31.763845443725586,32.16978422495906,31.54111737958725,31.90035806679936,32227650
2004-08-18,31.084896087646484,31.9219210273194,30.980717130105663,31.612974529209556,36466020
2004-08-19,31.102855682373047,31.469280114165183,30.83701983039983,31.429762757117228,36340087
2004-08-20,30.75080680847168,31.181892912373936,30.542448863816237,31.181892912373936,31764894
2004-08-23,30.05747413635254,30.775949913495875,29.82396907305589,30.743619113539516,32920576
2004-08-24,30.193981170654297,30.528071883060427,30.032324280624444,30.319713984584904,29703148
2004-08-25,30.998672485351562,31.110035077956077,30.211941969973633,30.499331648334685,29588026
2004-08-26,31.32199478149414,31.418990095266615,31.048975238777615,31.048975238777615,29813586
2004-08-27,31.196264266967773,31.59501958123673,30.94120529419537,31.3974385640961,29386165
2004-08-30,31.99376678466797,32.11590632010866,31.46927875697122,31.46927875697122,21810572
2004-08-31,31.81774139404297,32.044059891382446,31.411802505706245,32.044059891382446,22088065
2004-09-01,32.38174057006836,32.475142582807855,31.839291983299287,32.151828817119885,38295264
2004-09-02,32.51826477050781,32.748176605155685,32.08717862812584,32.403305948349455,33848780
2004-09-03,33.215179443359375,33.301394909749405,32.475146896120265,32.511070975394034,52328753
2004-09-06,33.039154052734375,33.44509297442199,32.97808282429449,33.20440424506163,21793021
2004-09-07,33.53130340576172,33.60674192492158,32.83797199913431,33.04992315625788,35748431
2004-09-08,33.44508743286133,33.68218574820521,33.31216806414327,33.4810115080599,27990987
2004-09-09,33.25469207763672,33.5384914169212,32.94933887293406,33.48101347419484,25731577
2004-09-10,33.53490447998047,33.682194096249994,33.07148757134569,33.337323469835106,28491792
2004-09-13,32.812835693359375,33.40917201030061,32.633218175680845,33.40917201030061,27337498
2004-09-14,32.762535095214844,32.94215256243493,32.41048090889009,32.8846746243445,19028238
2004-09-15,32.75176239013672,33.297804324881675,32.626026661055846,32.93137988053724,30755748
2004-09-16,33.43071746826172,33.53130604149262,32.52184445918801,32.69068790434933,22708030
2004-09-17,34.52639389038086,34.65571997876968,33.570819890776484,33.62470745542465,43399295
2004-09-20,34.30726623535156,34.756312907185254,34.19949398837122,34.522810729312226,28147041
2004-09-21,34.49406433105469,34.62339042407966,34.31085357628327,34.343184373331134,19683592
2004-09-22,35.41371154785156,35.56459149389729,34.4940616612792,34.831745626698996,35574995
2004-09-23,34.702423095703125,35.737028960891536,34.583873932068634,35.20535726894524,37353218
2004-09-24,34.39347839355469,34.94670393263038,34.28211288703285,34.70242195988913,30026437
2004-09-27,34.03783416748047,34.45095962658897,33.8689936092944,34.13482947197415,18578508
2004-09-28,33.5277214050293,34.24979056975647,33.416358775769936,33.76841015832695,20796721
2004-09-29,33.991127014160156,34.04860494963049,33.236727295591265,33.49896983151842,29555944
2004-09-30,33.63188934326172,34.411436206778276,33.41275453173862,34.12763980687129,25108910
2004-10-01,34.404258728027344,34.57309928677285,33.24391706413614,33.58878764523764,20264131
2004-10-04,34.68087387084961,34.917969325008926,34.48688615293126,34.61980264128558,20352057
2004-10-05,35.19099044799805,35.31672327721515,34.14920082896054,34.774274600383045,36156180
2004-10-06,34.515621185302734,35.830433189299185,34.36114793513864,35.205359439566024,36987185
2004-10-07,34.97185516357422,35.478382658589304,34.4940680945153,34.56232297511888,34573014
2004-10-08,35.144287109375,35.34905464497587,34.702424144175325,34.774272300356905,34845197
2004-10-11,34.4904670715332,35.28438412369667,34.36114099343343,35.20175904866534,18682883
2004-10-12,33.77918243408203,34.903600030688935,33.563640860304105,34.70242576495141,26353206
2004-10-14,33.516937255859375,34.01987142890393,33.36246401528016,33.78277310172809,18307110
2004-10-15,33.4522705078125,34.106084598359814,33.31576076731729,33.639074533683164,25057369
2004-10-18,33.08226013183594,33.90491777271855,32.9206032271677,33.61752513790055,20975731
2004-10-19,33.380428314208984,33.768403707372684,32.87390084975407,33.12177611554408,18769357
2004-10-20,33.02478790283203,34.163572991417965,32.848760754983694,33.76841095496963,15335400
2004-10-21,33.22236633300781,33.337322235946615,32.794873524297756,33.193625904856084,19454090
2004-10-22,33.22236633300781,33.22236633300781,33.22236633300781,33.22236633300781,0
2004-10-25,31.5590877532959,33.26547122301101,31.332766361446936,33.22954424161677,23056597
2004-10-26,32.46436309814453,32.582912244197054,31.469274736693187,31.612968118570137,47578736
2004-10-27,32.238059997558594,32.6835134698391,32.02610874515429,32.61885185291976,19394494
2004-10-28,31.925512313842773,32.69069202228341,31.76744868575986,32.48592447586482,18371115
2004-10-29,32.14464569091797,32.33144971945817,31.792591497925514,32.04405711872959,17116336
2004-11-01,33.67141342163086,33.87617806391987,32.155427117331584,32.22368199809459,34839410
2004-11-02,33.743263244628906,33.96599140954021,33.488204274690375,33.73248630961983,20485599
2004-11-03,35.04729461669922,35.162253418702626,33.746852762031104,33.78637012254795,41592425
2004-11-04,34.569515228271484,35.27721420221562,34.37552458319811,34.98982441948472,19973994
2004-11-05,35.812469482421875,35.92024171069468,34.70960586561383,34.70960586561383,37708992
2004-11-08,35.636444091796875,36.23637067213202,35.503524713396104,35.95975788730285,27853799
2004-11-09,35.20536422729492,35.80888419253791,35.079631385341656,35.78014376331959,20114086
2004-11-10,35.44245147705078,35.70110073466217,35.27720132299819,35.367010052657236,18412439
2004-11-11,35.27360916137695,35.823244297770394,35.06165799641586,35.57177577999452,14801972
2004-11-12,35.3526496887207,39.37252754306571,35.10836766833918,37.36079342844335,4033074
2004-11-15,35.3526496887207,35.3526496887207,35.3526496887207,35.3526496887207,0
2004-11-16,36.268707275390625,36.40521703910394,35.083218422360964,35.22332146559322,36273242
2004-11-17,36.900962829589844,37.03028893252692,36.28307273992769,36.354920897652036,30062494
2004-11-18,37.47574234008789,37.6481761626289,36.71415889765671,36.936884102917894,30259352
2004-11-19,36.65309143066406,37.75595225686953,36.5381355371997,37.612255937622166,35694696
2004-11-22,36.9045524597168,37.17398157212445,36.2291844916239,36.2291844916239,24812986
2004-11-23,37.08058166503906,37.54040811224361,36.86863048011275,37.2601991469651,23853283
2004-11-24,37.21709442138672,37.51885437164341,36.85785652369227,37.00155284470359,21964665
2004-11-25,36.832706451416016,37.45418979510842,36.57764753526391,37.21709146523919,22905037
2004-11-26,36.832706451416016,36.832706451416016,36.832706451416016,36.832706451416016,0
2004-11-29,37.7415771484375,37.99663604863367,37.274567076294254,37.274567076294254,21653151
2004-11-30,38.057708740234375,38.57501311858401,37.748765167766464,37.993047145357444,28562124
2004-12-01,38.86959457397461,39.08513907811814,37.429049552501745,38.09364074969305,48428331
2004-12-02,41.78301239013672,42.135066620657035,39.372523252125816,39.372523252125816,86993584
2004-12-03,41.517173767089844,42.390122726612915,41.24056099216077,42.390122726612915,35467282
2004-12-06,41.3519287109375,42.51945408048528,41.229789159495375,42.01651985169286,38368829
2004-12-07,41.0250129699707,41.64290296585228,40.66936841949718,41.45609894605475,31896847
2004-12-08,42.59489059448242,47.994241286834516,41.67164733945618,41.67164733945618,60046357
2004-12-09,43.51454162597656,43.95640458623397,36.21122630446283,42.0308862224061,53101625
2004-12-10,42.75655746459961,43.99952151705245,42.50149849306308,43.68339131019238,51404206
2004-12-13,42.8427619934082,43.3888038820978,42.53381842546328,42.885872627528556,37837330
2004-12-14,43.36366271972656,46.34174762752497,36.42676875460718,46.34174762752497,34413633
2004-12-15,43.428321838378906,43.81270684273066,43.34210347377811,43.46783919399459,23108032
2004-12-16,42.221275329589844,43.45346194961744,41.67523352171609,43.45346194961744,29646615
2004-12-17,41.90515899658203,42.749367672877284,41.68961450167642,42.749367672877284,26734491
2004-12-20,42.55177307128906,42.64158179637817,41.72552524790318,42.03087839900588,21732100
2004-12-21,43.37443923950195,43.46784126191564,42.26079862424895,42.95772341791282,23236370
2004-12-22,42.74576950073242,43.755228191352565,42.47993075787382,43.431914412804026,24399874
2004-12-23,43.78397750854492,44.00670275779793,42.677523297655725,42.82121672573824,32714370
2004-12-24,43.75163650512695,44.326418836120325,43.55764881190223,44.193502364685585,23556342
2004-12-27,44.09650421142578,44.43059491280858,43.108599413376204,43.18044465837065,23321583
2004-12-28,44.88323974609375,45.04848992804863,44.04262152862795,44.04262152862795,29240244
2004-12-29,44.732364654541016,45.26044605754701,44.49167591404205,45.12034300602505,20836020
2004-12-30,45.48316955566406,45.82085357569404,44.47730114946823,44.832948661484075,42940514
2004-12-31,46.84468460083008,47.02430500431061,45.62327457166409,45.62327457166409,36535069
2005-01-03,47.114112854003906,47.6278240028318,46.70817104037262,47.024304106395455,22590407
2005-01-04,46.69379806518555,47.34042561722179,46.424368950225954,47.33683524304021,26206416
2005-01-05,44.36233901977539,47.11769545883756,42.461967991398296,46.69738931121228,52142335
2005-01-06,43.41754913330078,45.18500108862156,42.83198982442265,44.20427980444543,47719200
2005-01-07,44.2330207824707,44.54196438862917,43.48580455662938,43.78397413396699,30985674
2005-01-10,43.105010986328125,45.623272363699364,42.93257715023218,45.623272363699364,33139055
2005-01-11,42.2643928527832,43.66901359497507,42.05244165795576,43.10860435273983,36396853
2005-01-12,41.18308639526367,42.87150650994981,40.37839224434583,40.37839224434583,34234506
2005-01-13,42.609256744384766,42.88587241885209,41.67164620795707,42.17458036491261,25641903
2005-01-14,41.55669021606445,43.18044565851656,41.19026580538859,42.749359654397985,37262515
2005-01-17,42.31828689575195,42.81403755331492,41.18668832248367,42.246441626606114,31085227
2005-01-18,41.994972229003906,43.065502448635236,41.78661427127486,42.67752696416325,27446696
2005-01-19,41.757869720458984,42.354203062342606,41.60698684041554,42.17458556581558,20321935
2005-01-20,41.4094123840332,41.671657920908224,40.744821151403656,41.57825587843235,22292756
2005-01-24,41.03938674926758,41.4561025512605,40.56519300578714,41.4561025512605,18306315
2005-01-25,41.81174850463867,42.24283450240785,40.59392903590319,40.59392903590319,22039862
2005-01-27,41.739906311035156,42.24284053101339,41.61058020276453,42.10273748912304,20690862
2005-01-28,44.70362091064453,45.04848857186346,41.77941782457851,41.95185456002162,73276547
2005-01-31,46.19804763793945,46.44232960985095,44.97663777838198,44.97663777838198,35650267
2005-02-01,45.55501937866211,46.41359822031725,45.35025182960942,45.98251215974206,26149682
2005-02-02,46.611183166503906,47.09256356153409,45.695123394509885,45.695123394509885,48099255
2005-02-03,47.13925552368164,47.5451943939271,45.982507228812416,46.49262504974328,43291539
2005-02-04,46.56806564331055,48.06608828163367,46.3489279085569,48.06608828163367,43778661
2005-02-07,46.18727493286133,47.20392026828109,45.98610357628743,46.91653054115141,26428287
2005-02-08,45.63764190673828,46.546515048729624,45.37899259234264,46.34175040299268,30665946
2005-02-09,46.859046936035156,46.98118646600046,45.83880844449132,45.98250474311723,28964595
2005-02-10,46.59321975708008,47.40869093482415,40.21314666938812,46.91653650916643,28803507
2005-02-11,46.991973876953125,47.18596450432399,46.62914267539605,46.909348777301474,20552338
2005-02-14,47.81821823120117,48.475625697315,47.27576956353842,47.27576956353842,29762776
2005-02-15,47.5020866394043,47.99424390429474,47.03148614564685,47.99424390429474,25913216
2005-02-16,47.64577865600586,48.6983479690517,47.081773284445426,47.502082353863045,43552106
2005-02-17,47.39789962768555,47.65295851027225,46.812343343284574,47.57033343361037,42056929
2005-02-18,47.293724060058594,48.116381606609245,46.99914780508193,47.97268530567752,28481723
2005-02-21,47.47334671020508,47.807437430557556,46.78001812514918,47.54160158496704,39157153
2005-02-22,48.881553649902344,49.28749829981666,47.419455169241964,47.47334273257425,47075335
2005-02-23,48.6408805847168,49.50304987017261,48.439706299026724,49.07196667986175,35351587
2005-02-24,49.643150329589844,49.84432168816211,48.71272335548332,48.856416768058686,53718728
2005-02-25,49.22283935546875,49.97005557412237,48.9282659652948,49.934134398841415,35323204
2005-02-28,51.34593963623047,51.67284381364844,48.14153331720125,49.92335541750521,79761619
2005-03-01,49.977237701416016,51.50759117830324,49.765289423816796,51.083688813437625,54356594
2005-03-02,50.75320053100586,50.975925768644316,50.11375362577295,50.221522965006415,29291817
2005-03-03,51.5219841003418,51.71956514698792,50.72447335270874,50.850206217877236,33996408
2005-03-04,51.25972366333008,52.161413192266956,51.10525620934745,51.65848184894034,29723911
2005-03-07,52.20451354980469,52.80085265166475,51.38904541959517,51.475260881197215,38377350
2005-03-08,52.021305084228516,52.420057399131956,51.67284124822543,52.0895570539745,22336560
2005-03-09,51.79139709472656,52.58531140815239,51.16991371506395,52.23325717216239,27321145
2005-03-10,53.31816101074219,53.49059194678568,51.43215698009293,51.72313999433397,47119255
2005-03-11,52.944549560546875,53.95400830046358,52.8116301826265,53.24989986362467,39007871
2005-03-14,52.74337387084961,53.40437459481188,52.54579289049143,52.951731784330335,24652884
2005-03-15,52.574527740478516,52.994833897356585,52.08955418205496,52.73618752984198,26233750
2005-03-16,52.305118560791016,53.02359452242146,52.093170214542546,52.59610164478314,21586422
2005-03-17,52.175777435302734,52.62122784721501,51.586624908740774,52.44161037082025,23732586
2005-03-18,52.29073715209961,52.47035464166663,51.177093611648644,52.23325630202438,31969754
2005-03-21,51.92430877685547,52.549388317964315,51.66565657597152,52.51346133496155,17169890
2005-03-22,49.80839920043945,51.58662800974242,49.449158416388016,51.58662800974242,34645583
2005-03-23,47.254207611083984,49.84072348940377,46.783604278829976,49.55333089970158,46317397
2005-03-24,47.73558807373047,48.310370385671796,46.82312467563424,47.56315425159812,67231636
2005-03-28,47.821815490722656,48.78457335852035,47.354805318513385,48.78457335852035,28401269
2005-03-29,46.104652404785156,47.778705283571,45.76696836732201,47.778705283571,40407469
2005-03-30,47.494903564453125,47.72840862693079,45.813667114613935,46.302231106131245,44764882
2005-03-31,47.04584884643555,48.094827777229185,46.71894469979624,47.8505458083686,36799388
2005-04-01,48.1451301574707,48.33912078915268,46.8913892304679,47.06022980840632,29521064
2005-04-04,47.922401428222656,48.56903201803139,47.67811940648026,48.14512958111044,19813807
2005-04-05,46.3704833984375,48.098417751301845,46.11901487371671,47.994238805367544,29208120
2005-04-06,46.81234359741211,47.01710819840321,46.43514228472686,46.629129954341224,22893028
2005-04-07,47.063819885253906,49.2875080096643,46.92012356117014,47.01711887041007,17230695
2005-04-08,46.92730712890625,47.379947035116,46.55728940846063,47.203919920784365,26177831
2005-04-11,46.15854263305664,47.34762193923806,45.9896991521987,46.92731278180531,16933669
2005-04-12,46.45670700073242,46.58962639187581,45.702307103951675,46.15854032159625,23366320
2005-04-13,46.39204406738281,47.060225569018414,46.15135243936128,47.060225569018414,14849656
2005-04-15,44.67128372192383,46.15853229387355,44.47729604072753,46.15853229387355,20923024
2005-04-18,44.5527458190918,45.00538576326559,43.63668609187043,43.8270834346303,27207496
2005-04-19,44.29049301147461,45.472388424896856,44.121649564628505,44.886829184317335,25992197
2005-04-20,44.592254638671875,44.92993864051142,43.6294969222039,44.40186022481394,32639310
2005-04-21,45.1562614440918,45.24247690819931,43.90611107102956,44.40186160898256,21878838
2005-04-22,44.57428741455078,45.608893131352445,44.35515260963039,45.264025527362946,26528497
2005-04-25,44.84373092651367,45.17063805215381,44.186323395442244,44.89761559921047,19372831
2005-04-26,44.89041519165039,45.38616270995346,44.67846405008495,45.120326915800625,20614435
2005-04-27,44.54196548461914,45.185002764398014,44.2617622978679,44.90479667281282,15632712
2005-04-28,43.410362243652344,44.61740194662038,43.19841105882951,44.5455537919516,42287894
2005-04-29,42.02011489868164,43.460659858417785,41.81535024287153,43.27744907113147,29199492
2005-05-02,42.343421936035156,42.591297193919196,41.387847886047645,42.24642954325463,29021277
2005-05-03,43.04752731323242,43.270255411200374,41.96262724466812,42.497892173631406,36061068
2005-05-04,43.63308334350586,43.737265191338956,43.08704148626003,43.20200026579425,28089745
2005-05-05,44.27253723144531,44.53118653867035,43.82708096676994,43.82708096676994,25701255
2005-05-06,44.33720016479492,44.81858052366148,43.68697924051407,44.25816834896624,21151498
2005-05-09,44.66769790649414,44.82576152881039,44.337197544589955,44.545555458022164,13813515
2005-05-10,44.34797286987305,45.03411780952946,44.20786983955838,44.7610983072754,22834238
2005-05-11,44.200687408447266,44.45933961077137,43.72649364074221,44.21505762076165,16062962
2005-05-12,44.462928771972656,44.73954155351658,43.995918670751166,43.995918670751166,11044122
2005-05-13,44.49885177612305,44.642548082212755,44.00669454211601,44.40185938386269,11990726
2005-05-16,45.50831604003906,46.55728925918542,44.62099681741317,46.55728925918542,20309482
2005-05-17,45.07722473144531,45.98250443512478,44.771871551327216,45.6232665957996,23148253
2005-05-18,46.07231140136719,46.474659857456935,44.68924475632938,44.83294104848047,40876701
2005-05-19,45.88191223144531,46.83748614460191,45.65918705447131,46.34173860465467,20207311
2005-05-20,46.62914276123047,46.772839092164645,45.35025471138521,46.32738279013593,56265603
2005-05-23,46.73331832885742,47.196738090946226,46.557291207723004,46.851867502767725,17981076
2005-05-24,47.61345672607422,47.724819347589474,46.62914210179663,47.06022818366867,27189775
2005-05-25,48.67321014404297,48.83486706248567,46.93449559361005,47.56316267859122,46617624
2005-05-26,49.1186637878418,49.344985217716555,48.001435566975566,48.51155347307868,39829877
2005-05-27,48.01579284667969,49.215651726077894,47.7140329397672,49.215651726077894,28404459
2005-05-30,47.58112716674805,48.35348769269202,47.41946734009233,48.137946098541214,21733828
2005-05-31,48.17027282714844,48.385817307900126,47.35480172748887,47.67093188969103,20477533
2005-06-01,47.43383026123047,48.48999291516689,47.28295029707293,48.10201461954737,21960447
2005-06-02,47.0817756652832,48.137938310740836,46.9560428469669,47.77151388368064,21752598
2005-06-03,47.595481872558594,47.886467740583505,47.09614102508989,47.09614102508989,17817868
2005-06-06,49.0252571105957,49.348576728175104,47.994244461747016,47.994244461747016,31580118
2005-06-07,49.28390884399414,49.438382092556395,48.716313045932566,48.85641608198895,19365793
2005-06-08,49.56770706176758,49.91617092952616,49.21565862904722,49.574893620694176,23477478
2005-06-09,49.53178405761719,49.93413257830021,49.26235491899621,49.790436263080025,13815974
2005-06-10,48.90312194824219,49.984428921614075,48.755829442810814,49.71859014657646,19059313
2005-06-13,48.98933029174805,49.136616966089456,48.400177784715524,48.928259073671484,14116805
2005-06-14,49.3018684387207,49.63236877606243,48.60494659286259,49.21565298016791,18355884
2005-06-15,49.503047943115234,49.78325403929328,49.165366801644964,49.35935161538271,15869548
2005-06-16,48.85283279418945,49.70422806720399,48.68758258848466,49.57489904072409,19137733
2005-06-17,48.84916305541992,49.47862496348283,42.01291513080643,42.01291513080643,20822232
2005-06-20,48.09161376953125,49.28832262599783,47.86837497331039,49.17853203533277,22988532
2005-06-21,48.73571014404297,49.09069704327531,47.95986376930712,47.95986376930712,15352877
2005-06-22,48.399024963378906,49.474964463978324,48.16480740446332,49.11265936248298,19605237
2005-06-23,50.005619049072266,50.15566413140872,48.09527562374984,48.52711687622222,39389007
2005-06-24,49.66893005371094,50.43014016322921,49.409097325060756,49.99464128681661,26689330
2005-06-27,49.160240173339844,50.093455851767125,48.966277072338386,49.55182399061223,19193916
2005-06-28,48.457584381103516,49.584760199385585,48.344133204757696,49.185855233779236,26041629
2005-06-29,49.25538635253906,49.39445265855201,48.16114693813054,48.61128510484433,20237655
2005-06-30,49.910465240478516,50.21056130830947,49.40543323945066,49.478626969277414,23672630
2005-07-01,51.692718505859375,51.886678614201415,48.46489430142432,49.917781102845765,51589554
2005-07-04,52.08795928955078,52.58201542843607,51.84276298664245,51.97085051922933,22186102
2005-07-05,51.549983978271484,52.534432644230286,51.38163902468666,52.11357026026822,27847143
2005-07-06,52.75768280029297,52.99190037279195,51.75127639417807,51.864727565331684,21981771
2005-07-07,51.98549270629883,53.27003762727488,51.61952997756848,52.9918990880136,35182232
2005-07-08,52.53077697753906,52.99189089137077,51.98182705088276,52.3331533467712,20907232
2005-07-11,52.31486129760742,53.27735262108503,52.13920108250633,52.91870512395915,13795105
2005-07-12,52.54541778564453,53.21147653377477,51.7476138848705,52.61861150993679,24417997
2005-07-13,53.16756057739258,53.7970194934211,52.50150184060604,52.85282816014314,25632735
2005-07-14,52.15018081665039,53.56280738608941,51.96719944969053,53.21148103087693,18183477
2005-07-15,52.64423751831055,53.28467526799493,51.96719994380361,51.96719994380361,15558373
2005-07-18,52.44662094116211,53.061443631349114,52.285597078203004,52.99190750587014,12363256
2005-07-19,52.80891799926758,53.2700379053007,52.50150670140246,52.62593663394739,12744827
2005-07-20,53.05411911010742,53.77507179125449,52.86015896376503,53.27004270399883,16221358
2005-07-21,51.95255661010742,53.43106166447028,51.6744239882769,53.07241416441312,16720944
2005-07-22,52.77962875366211,52.91503742263903,52.011103622144496,52.333151234090394,16907988
2005-07-25,54.39720153808594,54.748527831033755,52.91503911590772,52.91503911590772,32782752
2005-07-26,55.01568603515625,55.260882318680125,53.79701392768565,54.1629825050517,44964253
2005-07-27,56.73573684692383,57.37618052776579,54.64973026331849,55.041314069544725,28781526
2005-07-28,56.73573684692383,56.73573684692382,56.73573684692382,56.73573684692382,0
2005-07-29,58.5728874206543,59.24626145132485,56.43198117379382,56.724756094024194,48952061
2005-08-01,57.81898880004883,58.91688876042081,57.464004855103425,58.48138994215246,20995667
2005-08-02,58.814422607421875,59.05961892508399,58.04223383236834,58.04223383236834,23169758
2005-08-03,59.326786041259766,60.09165383932291,58.84737206160651,59.06694736925111,29064138
2005-08-04,59.17306137084961,59.758611148469505,58.7741623910869,59.55366635891442,18538816
2005-08-05,58.975433349609375,59.63051320193004,58.72291593987433,59.213308466378486,13737619
2005-08-08,57.010215759277344,59.637851409029096,56.82357084056497,59.26456749007589,21980468
2005-08-09,56.874794006347656,57.712861222190014,56.13920510184491,57.09071755428891,27521458
2005-08-10,59.085235595703125,59.57929177710947,56.95531410360387,57.31029805971838,21487442
2005-08-11,59.82814025878906,60.30389648529167,58.86564904357495,59.43289890079851,30915586
2005-08-12,59.36336135864258,60.16482873591727,59.06692886770208,60.01112606871037,22299623
2005-08-16,59.07059860229492,59.7915511886955,58.65339376770654,59.43290370293276,14075937
2005-08-17,59.79521942138672,59.94526451649872,58.57289521192805,58.84737025653653,17450732
2005-08-18,59.326786041259766,60.60401003359476,59.180398557182095,60.01846009728408,21894545
2005-08-19,58.94983673095703,59.72568918872705,58.8473702300693,59.506107969444685,13668548
2005-08-22,57.81898880004883,59.3963085486193,57.464004855103425,59.12549117332442,14724740
2005-08-23,56.96263885498047,59.066939420379256,56.80527262669796,58.03857547306169,18071005
2005-08-24,56.68815994262695,57.82265383587223,56.00014364211691,57.82265383587223,20890921
2005-08-25,57.211490631103516,57.60307442009093,56.25266283734123,57.090724232749636,26546716
2005-08-26,57.20783233642578,57.592094972366425,56.75403358691482,57.592094972366425,12492209
2005-08-29,56.41733932495117,57.3834881821744,54.89491935692041,57.3834881821744,12861316
2005-08-30,57.665287017822266,57.89218934519055,56.596665714607795,56.706453344966235,13522764
2005-08-31,58.283775329589844,58.44114156736827,57.31030514305421,57.78606147175476,14736569
2005-09-01,58.525306701660156,58.95714791773358,58.20691665081542,58.62777910370354,12385333
2005-09-02,59.00105667114258,59.25357411591506,57.91414147643071,58.715602940330655,14674842
2005-09-05,59.80253601074219,60.21607735388313,59.04132590971009,59.25358596338471,14539911
2005-09-06,61.1273307800293,61.335933212457014,59.76227684986912,60.16483941722054,26123058
2005-09-08,61.36886978149414,61.61406612184784,60.8418772753324,61.116352292355344,13430556
2005-09-09,62.77783966064453,63.09257212272596,60.90409310440426,61.33593435634626,26345035
2005-09-12,63.61224365234375,63.82450370442071,62.572900920210294,62.94618481895404,14130668
2005-09-13,64.58936309814453,64.82724418153163,63.23895161068779,63.53172058916437,25209056
2005-09-14,65.76412200927734,66.60584697638485,64.20876554618528,64.41004683156258,54837887
2005-09-15,66.08250427246094,66.44481527809234,65.54819659703759,66.23987048329671,24198818
2005-09-16,65.96540069580078,68.05507073361457,65.44939289035143,66.44482051403558,19860917
2005-09-19,66.74490356445312,67.03767845268095,65.81534862095307,66.23255342852474,16603628
2005-09-20,66.82174682617188,67.41095414606386,65.87389800555171,66.96081310573375,25826456
2005-09-21,67.26092529296875,67.9233205670202,65.36522127702432,66.60584524907034,42278748
2005-09-22,65.26274108886719,67.81352484457899,64.86749972430123,66.97179999965947,38010458
2005-09-23,65.13831329345703,66.38625830602663,63.692750551395754,65.65432697962629,34401359
2005-09-26,66.94985961914062,67.32314947298443,65.2883729470878,65.36156668793137,12710180
2005-09-27,67.97821807861328,68.36248071402402,66.79980319380043,67.1181932491643,28747706
2005-09-28,68.57107543945312,68.7284357235235,67.78424442675048,68.04774063583345,26322015
2005-09-29,68.87116241455078,69.11635870280148,62.62045923823358,62.62045923823358,26485466
2005-09-30,68.6698989868164,70.2655129592686,66.70100110434774,66.70100110434774,23135736
2005-10-03,69.1932144165039,69.75314313097354,68.6552491451135,68.6552491451135,17041086
2005-10-04,70.15570831298828,70.2508595627425,69.1785806752497,69.32130459064581,15852315
2005-10-05,69.30667877197266,70.26551256356424,69.02122497922139,70.26551256356424,16061627
2005-10-06,67.7330093383789,69.00657535618465,67.41096169893898,68.80163056884084,21546731
2005-10-07,67.09989166259766,68.21608553753636,66.27280321676899,67.73300816825166,33668879
2005-10-10,66.12642669677734,67.82816454315251,65.88854560868442,67.22066313028714,22108626
2005-10-11,68.6479263305664,68.83822881820367,65.21516040558026,66.19960912988034,43606837
2005-10-13,67.57930755615234,69.31032399825705,67.20236018183694,68.47592621641162,28995893
2005-10-14,66.6424331665039,67.85012073892084,66.24719179033104,67.55735176039188,28971569
2005-10-17,67.64151000976562,67.98917864715546,65.58111923868,67.25724155871939,37385300
2005-10-18,66.77052307128906,68.24902806768942,65.97271914269567,67.77693533578355,24827273
2005-10-19,65.08341979980469,66.60583980707084,64.41003989859989,66.16667745798844,37548932
2005-10-20,63.561004638671875,66.9718076190216,62.324038288457096,65.80071976912137,52225777
2005-10-21,64.89677429199219,65.1712492779217,63.019370359749445,65.14197060456925,34441782
2005-10-24,63.26091003417969,65.41278898557177,62.66438146910514,65.2883590607558,27306180
2005-10-25,64.77235412597656,65.36155565033204,62.748556707041345,62.95715912914247,48166302
2005-10-26,64.75769805908203,65.1931968039473,64.16483312736352,64.9955791056875,25314692
2005-10-27,60.81991195678711,65.06878183518168,60.318540576360256,64.84920066599612,57195991
2005-10-28,59.3231086730957,60.91505871581472,58.88760989997727,60.73573499529891,40106861
2005-10-31,61.41642761230469,61.63967228930253,59.65247506665802,59.65247506665802,23875127
2005-11-02,60.75768280029297,61.467656421485046,60.05503032523761,61.26271759587781,27523748
2005-11-04,60.75768280029297,60.75768280029297,60.75768280029297,60.75768280029297,0
2005-11-07,61.109031677246094,61.665302864935086,60.384421413798904,60.904092775713934,18749304
2005-11-08,60.9772834777832,62.24352848675107,60.71378723549883,61.47499728688239,30387479
2005-11-09,61.980037689208984,62.21425527659903,60.78698630487398,61.26274262878233,44152993
2005-11-10,62.177650451660156,62.83639402152594,61.775087895977634,62.21425027588816,33889807
2005-11-11,63.74765396118164,63.87208390338737,62.236212496632895,62.236212496632895,26238551
2005-11-14,64.5674057006836,64.83822307274338,63.42193308773735,63.897689336983944,25312604
2005-11-16,65.59211730957031,65.7055684794486,64.5051960357961,64.88580106644626,20215303
2005-11-17,66.74490356445312,66.92788491036036,64.86383615268296,65.6543247998159,30232612
2005-11-18,66.6204833984375,67.47684474525305,66.23987835540836,66.92789470869401,19246580
2005-11-21,65.339599609375,66.82542582105519,64.80162835610135,66.60950224565467,21571510
2005-11-22,64.05506134033203,66.04957423428642,63.82450138360562,65.13100385940794,37284889
2005-11-23,65.6469955444336,65.8665766834854,64.08066073910918,64.26364206241757,36012813
2005-11-24,65.96905517578125,66.51800511502245,65.5079353329082,66.02028545301594,23007864
2005-11-25,66.39723205566406,66.6058344506259,65.54819201788257,66.16667213686098,19212919
2005-11-28,68.33320617675781,68.80164133230618,66.64244100901591,66.75223456754648,25680036
2005-11-29,67.04866027832031,68.57473791191269,61.48231504386552,68.57473791191269,33721692
2005-11-30,65.62873077392578,68.02214909161457,65.36523447344501,67.32681146761053,29193387
2005-12-01,66.85104370117188,67.0010887826549,65.23347226006094,66.09349122642966,25655183
2005-12-02,66.6351089477539,68.13556529628423,66.39357028216064,67.00107160116339,25973331
2005-12-05,65.32496643066406,67.17675546532132,65.14930028601043,66.3935878410015,21871843
2005-12-06,64.4100341796875,65.80070890983441,64.0440715064162,65.80070890983441,31805783
2005-12-07,64.88578796386719,65.20784149625308,64.48322548723715,64.99558149651978,22418837
2005-12-08,64.89677429199219,65.50793922529877,64.16118535426098,65.20784909922989,19777528
2005-12-09,65.76045989990234,65.94344125997517,64.95899242833845,64.95899242833845,14317934
2005-12-12,66.55827331542969,66.89496332720454,65.72753296926241,65.72753296926241,22899790
2005-12-13,67.81352996826172,67.95625389013539,66.32038857784495,66.56192728717885,29334211
2005-12-14,68.04774475097656,68.75039740537683,67.67446089823082,67.7037395717818,25187032
2005-12-15,65.69091796875,68.36247399784875,65.3066553710906,68.21608655536797,26857954
2005-12-16,67.498779296875,67.69640289993775,64.77599348736301,65.65431206318647,57370338
2005-12-19,68.97730255126953,69.30667136640857,67.49879753882568,67.63054861596375,27084043
2005-12-20,68.2307357788086,69.16761203599988,67.72570670117358,69.16029088695635,26986356
2005-12-21,66.44114685058594,68.43200179441847,65.91049682899124,68.06969673394623,32669484
2005-12-22,66.69734191894531,67.13650436280807,66.16669173813168,66.752241663282,24923752
2005-12-23,65.34326171875,67.03768440187426,65.03584450774719,66.8620182696542,21616109
2005-12-26,63.59028625488281,65.50794787642711,63.31946884793116,64.99559765821412,23849584
2005-12-27,65.21516418457031,65.42010897911403,63.09988509238162,63.67810781784461,25006728
2005-12-28,65.7348403930664,66.45945653910513,64.7320975446615,65.28470517132781,29763412
2005-12-29,65.29568481445312,66.38626370397533,64.99559466258472,66.09348878222112,28922996
2005-12-30,66.4704360961914,66.78882615979926,65.28836356581478,65.50794475679393,21495677
2006-01-02,66.23255920410156,67.17308707353178,66.0312779305105,66.78882443807721,21240601
2006-01-03,66.75589752197266,66.97181520418268,66.31307747419694,66.46678610104516,17462401
2006-01-04,67.18406677246094,67.55735061688752,67.02303703075464,67.02303703075464,19420938
2006-01-05,68.89679718017578,69.20055089585827,67.27922563760292,67.4548917918646,42574671
2006-01-06,68.8126220703125,69.53358065562169,68.15388437411676,68.87483704095462,23846595
2006-01-09,67.8464584350586,69.36522071018787,67.48415337206782,69.36522071018787,22970843
2006-01-10,66.68634796142578,68.34783425042707,66.47043032272317,67.63054522508408,27809666
2006-01-12,68.28563690185547,68.50155457753506,66.1666879955501,66.67904415107628,33539820
2006-01-13,67.61591339111328,68.6479409158271,67.41463209867294,68.43568085901624,21138282
2006-01-16,67.1474609375,68.02577961649234,66.16666987177643,67.7769257153206,24173308
2006-01-17,66.448486328125,67.85013429468015,66.27648370508518,67.04500908554645,17349516
2006-01-18,65.3615493774414,66.31306183793558,64.60033940904607,66.31306183793558,26612014
2006-01-19,66.44483184814453,66.97181850703959,65.87392420907561,65.87392420907561,20332545
2006-01-20,66.37527465820312,67.0962271687934,66.06054225791932,66.78881591596064,19838109
2006-01-23,66.060546875,66.94252918033592,65.66530549901097,66.36064291982598,14207857
2006-01-24,66.01663970947266,67.08160349331669,65.88123100757609,66.23987852353083,24233455
2006-01-25,64.79063415527344,66.60582876088857,64.43565027118413,66.31305391005527,39929027
2006-01-27,66.88031005859375,67.26457264797119,65.50793521300274,65.87390381131704,23000350
2006-01-30,64.68450927734375,66.73392155838367,64.50152794033055,66.239865438131,34126697
2006-01-31,64.87480926513672,65.50793165063224,64.31122298100404,65.14196307221958,25412634
2006-02-01,63.623207092285156,65.25175691667877,63.38532603556316,65.06877558583325,23565541
2006-02-02,63.31214904785156,64.77601178149375,62.982774310234795,64.77601178149375,30430053
2006-02-03,62.741241455078125,64.0221228253807,62.5436177963954,63.6781117097827,20219786
2006-02-06,63.3450927734375,64.04408793223992,62.653412845417094,62.653412845417094,20384435
2006-02-07,64.06604766845703,64.4393315977016,63.458546139746396,63.81718776997951,19971291
2006-02-08,64.32952880859375,64.59302502560158,63.46950404980935,64.1904625115422,15169765
2006-02-10,64.40272521972656,65.09439911920447,64.08067164395162,64.55642790029029,16680352
2006-02-13,64.71379089355469,65.09805349431117,64.54544592519198,64.98826587080083,9263250
2006-02-14,63.60491943359375,65.06878811769985,63.458537891806984,64.70281946705559,15884344
2006-02-15,63.48780059814453,64.10262309911582,63.09988040019242,63.897684238282054,13079181
2006-02-16,63.54637145996094,65.0029131563343,63.425599135361715,65.0029131563343,10930452
2006-02-17,62.781494140625,63.930630372121065,62.62779145093988,63.92697275709506,13873419
2006-02-20,63.28288650512695,63.487825446170234,62.72661521019188,62.88032385482858,14056499
2006-02-21,63.564666748046875,63.97089286841298,63.31947039708971,63.45854263766495,11150628
2006-02-22,63.47317886352539,64.29294041442925,63.330449007981,63.67811777163351,12373632
2006-02-23,62.36064147949219,63.81718318115139,62.07884530620927,63.74765298049763,31411876
2006-02-24,64.11360931396484,64.31489058373431,62.65340422479663,62.65340422479663,24364602
2006-02-27,65.23345947265625,65.42010434336044,64.1172656183166,64.41003457503666,18206741
2006-02-28,64.22706604003906,65.73484392718822,63.76594611154391,65.50794749661632,31901404
2006-03-01,64.49788665771484,64.9992581338433,63.91233676145045,64.27098429737094,16395292
2006-03-02,65.48233795166016,66.16669083556033,64.55644040030572,64.77236400372465,27371107
2006-03-03,65.51525115966797,66.4667635212805,65.29567001811056,65.65431744044679,17081678
2006-03-06,65.61773681640625,66.30575911154875,65.50794917275125,65.85561793562056,10058113
2006-03-07,66.17766571044922,66.52533447370969,64.527157927641,65.8739179231715,27926770
2006-03-08,65.04317474365234,67.33046280469046,64.7760208522694,67.04500899899493,26696633
2006-03-09,66.3057632446289,66.42287204465117,64.16485671213509,65.06147558611161,25711069
2006-03-10,67.3634033203125,68.00750471084122,66.56194159594466,66.73028661383694,31603975
2006-03-13,67.93062591552734,68.63327846587315,67.42925459852255,67.70006601297119,23744796
2006-03-14,69.81903839111328,71.49881901947052,67.33778424816404,67.86843441777333,72507555
2006-03-16,70.455810546875,71.36340215477648,70.11912056917511,71.07063315029609,20009107
2006-03-17,70.39359283447266,71.58298055525223,70.26550529029458,70.91692177444385,22169049
2006-03-20,71.03036499023438,71.35607615508859,70.6314601056892,70.6314601056892,13627722
2006-03-21,70.86568450927734,72.2783169259012,70.55827322417055,71.14382303844685,21979949
2006-03-22,69.43110656738281,71.4000043778878,68.89313529169979,71.00842056859798,24989718
2006-03-23,71.3524169921875,72.02213927245437,69.84098168009793,71.36339575489005,39507627
2006-03-24,71.87210083007812,72.58207469334208,71.5207685542916,71.72937098332653,21458211
2006-03-27,72.30029296875,73.079803103485,71.897730327571,72.46131684152716,16969800
2006-03-28,71.919677734375,72.66625146628806,71.66350262032091,72.46130664026771,12301339
2006-03-29,72.02214050292969,72.35150930810379,71.72936560123247,71.72936560123247,12977784
2006-03-30,70.6790542602539,72.30760452489037,70.41190037967569,72.09534446655816,23031785
2006-03-31,70.88764190673828,71.67813060349341,70.4594642283734,70.92424172929942,19438807
2006-04-03,71.97457122802734,72.46130630989951,70.55828103965175,70.99744344900338,11224881
2006-04-04,72.9553451538086,73.60310393067817,72.0953263718804,72.0953263718804,23300873
2006-04-05,73.70923614501953,74.20329227300223,72.98828362906801,73.33960993227946,12385841
2006-04-07,71.70374298095703,74.29112048608363,71.29751695945653,74.28014172433875,14874064
2006-04-10,70.58023834228516,72.45399084735374,69.68728306532246,72.45399084735374,25477592
2006-04-12,68.64427947998047,70.85105242493069,68.2197534715153,70.85105242493069,17850904
2006-04-13,67.21699523925781,68.58204884095713,65.65431801657567,68.58204884095713,24503730
2006-04-17,68.19047546386719,68.4759292181075,66.23987185065647,67.33777181596082,20315862
2006-04-18,69.0358657836914,71.74401641386022,68.47594284516808,68.47594284516808,23146929
2006-04-19,68.6589126586914,69.88490020139733,68.33320145771367,69.16760521995532,15688503
2006-04-20,68.61865234375,69.24079604480416,67.8867210148212,69.13832364647415,11211686
2006-04-21,67.45487213134766,69.24078815834082,66.84370726269209,68.80162585992143,13401558
2006-04-24,66.97547912597656,67.70375298342637,66.0569027304536,67.70375298342637,17684039
2006-04-25,65.93978118896484,68.2819626334572,65.14197136203873,67.18406859544328,21510356
2006-04-26,66.58387756347656,67.04499148702199,65.14196661278346,66.22888772719857,19567495
2006-04-27,65.24079132080078,74.65710234869621,62.21425097083501,65.14197652905811,32026764
2006-04-28,64.61864471435547,64.95167706257006,62.580216861016744,64.77601093270766,18191977
2006-05-02,68.62963104248047,68.92972117070474,66.90959330887381,67.33777097565577,18760645
2006-05-03,70.3899154663086,71.07061640998793,68.4466392405896,68.80162312850614,27666733
2006-05-04,70.18862915039062,70.98643879419053,66.35696486349737,68.06968698204841,16480271
2006-05-05,69.81537628173828,70.77786775612603,69.54822238373742,70.47411402859335,12202454
2006-05-08,70.03860473632812,70.83641461496808,69.61408465491057,70.77785726378659,8259849
2006-05-09,71.44024658203125,71.72935791948946,66.72294196375054,69.61407309374246,18529786
2006-05-10,73.3506088256836,73.76049258449297,71.54639823337281,71.54639823337281,30728330
2006-05-11,71.46952819824219,73.4860044186518,71.07062919416718,73.41281069198827,17793480
2006-05-12,70.16669464111328,71.4695336047275,68.96267047112876,71.07063457047683,12098291
2006-05-15,67.62321472167969,70.57290304228951,66.93519854633287,70.26549181153752,14756049
2006-05-16,67.62689208984375,68.27465694248947,65.43475540386873,67.7000858250666,12119371
2006-05-17,72.43933868408203,73.44208738570596,68.10630214219904,68.43567094406694,17689095
2006-05-18,66.33869934082031,72.46131097418046,65.50795305963437,67.74766847085961,38758635
2006-05-19,63.61224365234375,69.23348333563617,62.653409884308076,68.99926575530789,42349334
2006-05-22,62.93155288696289,65.14198367694819,58.408207051986984,63.678120737210094,21418233
2006-05-23,63.86476516723633,66.97913594452886,60.16484448378009,63.09989740855233,11786628
2006-05-24,63.52075958251953,66.23988914666324,62.287456525400195,64.41005736618912,22751664
2006-05-25,63.7147216796875,64.66623438269256,61.189552441947654,62.507027927048966,14847949
2006-05-26,64.00382995605469,65.7202103525293,63.312155952265776,64.55643763601371,11786989
2006-05-29,64.54544830322266,64.95898959164131,63.71470811162367,64.42101837967975,9909256
2006-05-30,62.96448516845703,64.69184427420558,62.763203879110456,64.69184427420558,11994478
2006-05-31,60.944339752197266,62.58021082379109,59.35970487680673,61.482310934626646,17670356
2006-06-01,59.92695617675781,61.932447595365915,59.58660862333944,61.48231241777074,15314330
2006-06-02,61.39081954956055,62.27279592401464,59.08157445068857,59.579288217269905,12934393
2006-06-05,59.57563400268555,61.83364917514042,58.92055984318454,61.48232279997767,9821563
2006-06-06,61.48963165283203,63.425593008403794,57.994656340035725,58.92055373196907,24079690
2006-06-07,59.041316986083984,61.40911942972646,57.60672711451304,60.1099382419061,16230961
2006-06-08,56.241676330566406,59.14012898172529,55.78788350885861,58.62777881100771,15084743
2006-06-09,56.475914001464844,58.11543732718868,54.52897339388659,56.36246280829039,25341782
2006-06-12,54.63142776489258,57.529880500513265,54.162992633046656,56.75769168857778,15879363
2006-06-13,54.935176849365234,55.626850725821534,52.333156863049545,53.72383168227731,23516353
2006-06-14,54.25448989868164,57.442054230428305,53.145611042224694,55.26089634377486,24960847
2006-06-15,56.516143798828125,56.95164848808966,54.931514911883255,56.285589803799546,17361206
2006-06-16,56.128238677978516,58.89860416126146,55.19868354560081,56.95166377957948,18599419
2006-06-19,56.161773681640625,57.03405977694868,55.03973161581211,57.03405977694868,18687228
2006-06-20,54.92790603637695,56.84767949432063,53.906510211441564,56.072314024709,19662522
2006-06-21,55.162750244140625,56.05740229083528,54.05189097115906,54.05189097115906,17710790
2006-06-22,57.66404724121094,58.055461651569296,55.94557237600042,56.05740161979957,19698271
2006-06-23,56.858856201171875,57.77959958139402,56.00147869735672,57.481380270757484,16791722
2006-06-26,54.32402038574219,57.18317776695733,53.977337658943505,56.22142814596554,12516988
2006-06-27,54.42838668823242,55.31185574365313,53.32498479114987,54.27555138858298,14703162
2006-06-28,53.276527404785156,53.984795392566014,52.93358236434723,53.67912475902295,16134874
2006-06-29,52.8366584777832,54.33520046932709,52.5608049750212,53.38090216243612,20854557
2006-06-30,54.25692367553711,54.86454541096835,53.679131114803155,53.679131114803155,16597121
2006-07-03,55.36404800415039,55.65481006526147,54.42838990677015,54.79743243819136,15029206
2006-07-04,56.34442901611328,56.73211170383102,55.46841733739599,55.542972164151685,19553844
2006-07-05,56.28852462768555,67.47167230151216,55.77409803818735,57.02660970954749,12695130
2006-07-06,55.78900146484375,56.571824201725995,55.170202978653386,55.9157452845492,11838498
2006-07-07,53.80958938598633,56.42271617870633,53.567284663105795,56.020124889211026,11066740
2006-07-10,54.38738250732422,54.555132396690404,53.03422458246096,53.604565766363315,15308352
2006-07-11,54.31655502319336,54.99872539354855,53.82822600678358,54.525304931853796,11723694
2006-07-12,54.87944412231445,55.132931776439285,52.88139014425235,53.30634729386502,13419311
2006-07-13,54.517860412597656,55.460969792573124,53.008129426880124,53.18706224824442,9630163
2006-07-14,54.97636032104492,55.311854049360456,53.3883550660767,53.679117101087506,10733753
2006-07-17,52.80683517456055,54.87198669289752,52.26258546305071,54.424663695924345,8650100
2006-07-18,52.277496337890625,53.205697067132355,51.52822238332867,52.28494760114886,11142795
2006-07-19,51.479766845703125,53.28770501313938,51.03243783640958,52.9335770831116,10101896
2006-07-20,54.126434326171875,54.87197653547256,52.11346614108939,52.1880209648724,16017929
2006-07-21,53.36599349975586,54.163724837087436,52.49370732475989,54.163724837087436,9738958
2006-07-24,55.21866989135742,55.76663921110125,52.59807968547374,53.29516471024159,22872510
2006-07-25,55.7927360534668,56.258699265542525,54.98382179526058,55.31931554909633,23808122
2006-07-26,56.232608795166016,56.66129158199711,55.11056661132742,56.06485890097031,12091169
2006-07-27,56.93342590332031,57.92872437123436,54.051896434214136,56.56437730000414,52569787
2006-07-28,59.37506866455078,59.63973923654113,56.51963713515774,56.93341737909782,44289874
2006-07-31,60.40765380859375,61.2091108444781,59.28933717915061,59.64347118037634,21584875
2006-08-01,60.51948165893555,61.05999974304365,59.225963889197196,59.792579483745904,21011819
2006-08-02,61.60795974731445,61.857715693320635,60.31444230033863,60.53810677094557,13649714
2006-08-03,61.92481231689453,62.69272028189885,61.2836421120256,61.65641618794111,19089859
2006-08-04,60.224979400634766,61.58186875979221,59.8671198619462,61.58186875979221,22914787
2006-08-07,60.43002700805664,60.76179519932376,59.34525902214974,60.23991122880056,20417916
2006-08-08,62.0068473815918,62.20814607954542,60.53812829006872,60.53812829006872,15257140
2006-08-09,64.49323272705078,65.23504951883237,61.593069140629304,61.95466044156193,22017277
2006-08-10,64.3292007446289,64.93309064232453,62.99840276798567,62.99840276798567,15770600
2006-08-11,64.07943725585938,65.00018054875831,63.46063284782889,64.71314418806665,9901445
2006-08-14,64.97037506103516,65.24622857498795,63.46810737664251,63.46810737664251,8575062
2006-08-16,66.24153137207031,66.7261348555365,65.23504999650112,65.5556292020778,13745165
2006-08-17,65.7308349609375,66.72613338919027,65.23504856292234,65.9805909760563,12982638
2006-08-18,65.54071044921875,65.8911187728475,64.95546072779287,65.46988727526622,10828748
2006-08-21,65.85757446289062,66.30862310188449,64.50068482833973,65.98058663197428,11386277
2006-08-22,65.49225616455078,66.6403898133199,65.05611006275241,66.26016436117226,7301863
2006-08-23,64.35157012939453,66.26388623441593,64.19873483082512,65.44752075530681,12375964
2006-08-24,65.20894622802734,65.58544605323124,63.743959021280276,64.11672718600668,11042660
2006-08-25,67.47911834716797,68.91801386518343,65.98057655544305,66.20424103905881,25572164
2006-08-28,68.50798034667969,68.72046195412821,67.09890765657663,67.09890765657663,14357001
2006-08-29,68.74282836914062,69.18642577733725,62.51381237898506,62.51381237898506,9748878
2006-08-30,69.39146423339844,69.63376903560507,67.18092800648522,67.88173886787197,13522573
2006-08-31,69.42872619628906,70.35692702367865,68.98512881578267,69.5591956594656,15478926
2006-09-01,69.42872619628906,69.76049433079578,68.97021423062886,69.4846408192889,9404657
2006-09-04,69.74183654785156,70.08105586096576,69.48462331830544,69.76047676033355,5641581
2006-09-05,70.46501922607422,70.88625068916362,69.72320260499579,70.28236080150185,10961729
2006-09-06,70.70732116699219,73.73422803669753,70.0997056198019,73.73422803669753,8333509
2006-09-07,70.01396942138672,70.60295079517995,69.58528063756664,70.09598154647585,6329388
2006-09-08,70.3979263305664,70.60295061423358,69.17150626022877,70.60295061423358,8463257
2006-09-11,68.46324157714844,70.73714901969993,67.97118689034919,70.45384425804001,8232950
2006-09-12,69.5107192993164,69.91704219800172,67.9935433553915,68.21720180555803,14901684
2006-09-13,72.29161071777344,72.46681791167872,69.86114216662436,69.93197137631341,19887785
2006-09-14,72.77249908447266,73.06326120102379,71.96358466094945,72.6904869380614,13529165
2006-09-15,73.01105499267578,73.21235365008263,72.03812253418167,72.73893316054473,8893613
2006-09-18,73.8460464477539,74.25236325418615,73.06322390935354,73.28688835297203,10877523
2006-09-19,72.88058471679688,74.1815596404163,72.54136534553169,73.96162076960168,10700929
2006-09-20,72.66064453125,73.13779059895191,71.96355961496103,72.91412611901801,9096365
2006-09-21,73.41365051269531,73.80133323390886,72.72774845869282,72.72774845869282,5180457
2006-09-22,72.74639892578125,73.77152049104393,72.31771008161748,73.4360267086426,8209039
2006-09-25,72.3698959350586,73.36146868191162,72.07167657318283,72.8768652331289,10276879
2006-09-26,74.46115112304688,74.62889500640047,72.2096092255165,72.60474328088138,16368933
2006-09-27,74.62142944335938,75.47880097167923,74.25611257379111,75.29987419705324,19106732
2006-09-28,76.73876953125,77.4954947461929,74.33066714577663,74.55432561327594,27006494
2006-09-29,76.69031524658203,77.83472934042615,76.05287648176876,77.83472934042615,11683928
2006-10-03,77.04072570800781,77.37249385447727,76.27654309004016,76.71641485438417,9273054
2006-10-04,75.69502258300781,77.15629033938978,75.38189463928758,77.0742781997242,9627810
2006-10-05,77.51412963867188,77.96890986273226,76.20197191963726,76.64184358973145,13097781
2006-10-06,77.02580261230469,77.81980219472692,76.80213812592623,77.81980219472692,5160320
2006-10-09,77.13390350341797,77.53649474194978,75.67263614458531,76.7685866637098,6757868
2006-10-10,76.49274444580078,77.6408841148391,76.36227498794901,77.49923173284375,4959307
2006-10-11,74.84882354736328,77.23828585298416,74.47977499803503,77.01462737282215,7115942
2006-10-12,76.7052230834961,77.01462534427793,74.18528535944789,75.2998762131959,9225222
2006-10-13,76.15351104736328,77.37247366882113,75.97830389664824,77.37247366882113,6020481
2006-10-16,76.5523910522461,77.03699448141089,75.6353731829851,76.56729960832402,8172103
2006-10-17,77.11154174804688,77.78998045373788,76.22061544652608,76.79095658133663,6952819
2006-10-18,77.86827087402344,78.2820450778836,76.79096045706704,77.01462495874861,9208922
2006-10-19,77.335205078125,78.58026539401143,76.68658344083198,77.98383274394837,9147927
2006-10-20,77.5849609375,78.28204592914926,77.18236965291948,77.83472294945206,5929015
2006-10-23,76.42938995361328,77.76018837268344,76.29146317205085,77.53652381030102,4365128
2006-10-26,79.50846862792969,79.99679768696707,75.77329359261547,76.49274445535612,22007749
2006-10-27,81.57735443115234,81.77865310079844,79.19906891503325,79.62403210333825,13646884
2006-10-30,81.84947204589844,82.18869745259653,79.773137655919,81.56244165557128,16533392
2006-10-31,81.68546295166016,83.10572459195315,80.59324383081427,82.00977381036046,17384671
2006-11-01,83.03861236572266,93.66260720592436,81.18966810043597,93.66260720592436,10975782
2006-11-02,83.90345001220703,84.23894377215329,82.40490800256406,82.75531031884078,8668022
2006-11-03,83.80279541015625,84.61916695356774,83.35174075805647,83.8773502468646,8909723
2006-11-06,82.70684814453125,84.24639010103174,82.40117151515199,83.98545119508455,6553209
2006-11-07,82.28934478759766,83.5008503327474,81.76000966756565,82.90441766831637,8206400
2006-11-08,84.1382827758789,84.80554459523566,81.42823546562472,82.3825336859521,21493717
2006-11-09,84.28740692138672,84.81674209283123,83.68724856681902,84.24640085298326,10515347
2006-11-10,84.53714752197266,85.5883664087804,83.79906253940848,83.87361736967648,14033065
2006-11-13,84.73846435546875,85.14105570250726,82.82987355369933,84.61917780714137,5194967
2006-11-14,84.04135131835938,85.50261858527445,83.77668682632951,84.26501578282114,9643464
2006-11-15,87.85855865478516,88.24996703963188,83.96681654112736,84.02273719198892,24213148
2006-11-16,91.10166931152344,91.6235531995561,87.70199387502599,87.97411572952247,38750707
2006-11-17,91.43344116210938,92.5219346528138,89.99827096168752,91.32906920309053,29592245
2006-11-20,90.21820068359375,91.43343796981866,88.64510980347698,90.95629180658834,18308106
2006-11-21,91.91803741455078,92.21625676782116,90.08772728663544,90.65806848407321,7987878
2006-11-22,93.0587158203125,93.78934958738675,91.76519817232035,91.76519817232035,10770233
2006-11-23,93.48738861083984,94.17701619625892,92.48463318292681,93.19289495253851,12333219
2006-11-24,93.76326751708984,94.12112716747563,92.84252389310996,93.5657004871806,7982144
2006-11-27,95.10150909423828,95.80232580662037,91.70183365827828,93.93846683528866,5444776
2006-11-28,96.40248107910156,96.8013467536775,93.95709804165445,94.31123201867506,10927993
2006-11-29,96.97281646728516,98.69874852284705,96.41365822429901,96.92062748042201,15323901
2006-11-30,98.19178009033203,98.6950237189467,97.29340246799549,97.66617061409274,12660398
2006-12-01,101.5914306640625,102.13941188387813,97.90099435650055,98.03892106916928,17089892
2006-12-04,100.7005386352539,102.81042788172519,100.29421567416951,101.54300166967084,10171624
2006-12-05,99.76860046386719,101.66973967305358,99.53002740836392,101.04720952690992,8560934
2006-12-06,99.7723388671875,101.54300271617706,99.16844889571531,100.01463757075147,7750459
2006-12-07,100.48432922363281,101.17023130393504,99.23181762354217,99.75369544740312,9327149
2006-12-08,101.04720306396484,120.58416117210218,99.98480730573579,101.02111158677839,12315838
2006-12-11,92.92451477050781,98.78448743827177,91.72791780448604,98.78448743827177,21186347
2006-12-12,88.11203002929688,92.87605175384583,86.78123805860362,92.44736298499072,20359931
2006-12-13,91.3588638305664,91.77636964946885,88.2723169499099,89.09241400543245,18870128
2006-12-14,91.23214721679688,92.52193334283177,90.58351947881283,91.7763909401778,10451268
2006-12-15,94.27022552490234,94.53489610561017,91.70183033084356,91.70183033084356,8615633
2006-12-18,94.63182067871094,95.55629589038743,90.06909693346527,93.938467284219,20659257
2006-12-19,91.6906509399414,95.35499697446181,90.59470019845672,94.68400943126056,18154214
2006-12-20,90.70277404785156,93.86388140184589,89.91250022361744,92.74556517782459,14344410
2006-12-21,90.3337631225586,92.82015236117334,88.81285518009969,91.17995787588616,14125665
2006-12-22,90.58724212646484,91.32905882314112,88.79420646638131,90.35985198756364,7039441
2006-12-26,92.97298431396484,93.18919154179898,90.21074768251744,91.31042403885468,8379359
2006-12-27,93.26746368408203,94.44542643590087,92.9468845315141,93.5545000943951,6336139
2006-12-28,92.1156005859375,100.64834631514162,91.86957626111429,93.93845937411302,11647098
2006-12-29,92.86488342285156,96.24965035583429,92.223719013123,93.19291990624181,6221908
2007-01-02,93.45758056640625,93.93845834398452,92.67103218777329,93.1929100000189,4325754
2007-01-03,94.30005645751953,94.67655631271606,92.23117308432603,93.19292274245402,7234116
2007-01-04,92.67103576660156,95.42954666021329,92.24234695939853,94.68400431598617,6936147
2007-01-05,92.75305938720703,93.77818099108649,91.93296210410347,92.52193755445964,7379031
2007-01-08,90.48657989501953,93.10343806513204,89.99079360747727,93.10343806513204,9270606
2007-01-09,87.59388732910156,91.13521503674143,87.31058255933773,90.94510532242678,15934687
2007-01-10,84.72354888916016,87.67590126945403,84.4588783021999,87.3031270684954,10293593
2007-01-11,85.54737091064453,86.4084741823124,84.3955055735892,85.36471245821404,18544730
2007-01-12,91.36260223388672,92.16778476655753,86.48301957054127,86.63212923319293,20422527
2007-01-15,91.1240463256836,92.07461915964757,90.14366240296367,92.07461915964757,8519801
2007-01-16,90.19580841064453,93.5656657654359,89.77085136386046,93.5656657654359,12180186
2007-01-17,91.14639282226562,92.00003868744487,90.44185058759378,90.8817222731949,7531524
2007-01-18,91.62728881835938,93.49114799313332,91.2545206005235,91.40362427053894,13075567
2007-01-19,90.9786605834961,95.59730513476444,90.21075232198989,95.59730513476444,7239447
2007-01-22,91.29548645019531,91.85091896497518,90.80715749460116,90.80715749460116,3958852
2007-01-23,87.53052520751953,91.8323103392831,87.00491564619618,91.33279829009994,22946244
2007-01-24,87.4186782836914,88.34687900836612,85.66664877621491,87.53050751731602,12067025
2007-01-25,87.70944213867188,88.04493587503374,86.66940613027288,87.61997272138653,8950210
2007-01-29,86.19599914550781,88.71966286950105,85.81204802296851,88.71966286950105,5905359
2007-01-31,85.0254898071289,87.9741103855564,84.45514862268756,86.63213538348064,18675612
2007-02-01,89.6888427734375,91.70181092808484,84.67133998273263,86.33389986804487,26403200
2007-02-02,88.05239868164062,90.76617188159364,87.46341726887789,90.58351343242529,20576715
2007-02-05,89.2452621459961,89.98335321942133,87.25465946394311,87.67589700336889,13384653
2007-02-06,89.20426177978516,90.21074912342726,88.73829854289279,89.83797491679483,10188667
2007-02-07,89.09616088867188,89.74851426309463,88.37298433136827,89.09243525647743,11837004
2007-02-08,89.85661315917969,90.87427737669472,88.86876605471515,89.09243057377837,10963266
2007-02-09,89.43909454345703,90.5611365826749,87.91072959000394,89.91251499531,10789353
2007-02-12,88.24996185302734,89.74850378607601,87.37767571033957,89.43910152265508,12033480
2007-02-13,87.48204803466797,89.42791282292583,86.34136576570923,88.19404153775496,13215871
2007-02-14,82.18124389648438,86.47930293996002,80.90636639662118,85.73748620960231,23367803
2007-02-15,83.6947021484375,85.66293922951715,82.79632439355117,82.79632439355117,11735713
2007-02-19,84.40296173095703,84.91738830784647,83.51203532977571,84.09729111319814,8820600
2007-02-20,82.58757019042969,85.34980689419227,82.38254588182184,84.40296582535909,7083129
2007-02-21,82.44964599609375,83.35174936491352,81.30896350805345,81.98740837218384,8781215
2007-02-22,80.37330627441406,82.90442729600267,79.77314790844133,82.38254940758618,15709679
2007-02-23,78.89339447021484,84.61916608214932,77.61105973197974,84.61916608214932,14984692
2007-02-26,81.14492797851562,82.4496284349472,77.6930581061479,79.7731299849685,9295629
2007-02-27,79.70977020263672,85.66293226769038,79.17670339901757,81.33878169808543,10759031
2007-02-28,77.6744384765625,81.86066243878633,72.42953816226871,72.43699545507788,18976369
2007-03-01,78.70329284667969,79.10215857764416,75.74721447286097,77.6856284978344,11751971
2007-03-02,74.9196548461914,80.1011833691089,73.88707597954395,77.16373938301557,17475310
2007-03-05,71.76226806640625,74.77799211210396,71.19938419390695,74.47977277607744,17545240
2007-03-06,73.66340637207031,74.47977184718643,71.94492560816583,74.47977184718643,11897998
2007-03-07,71.90020751953125,74.68108463107104,70.4053909719966,74.4052371221661,13896206
2007-03-08,74.50212097167969,75.37440689720975,71.80325711708305,73.73421299473475,25303193
2007-03-09,73.26081848144531,76.34364042687098,72.69047725081303,74.63634839565213,18256332
2007-03-12,72.63082885742188,74.62888274261317,72.32888388847282,73.80878559379008,13924811
2007-03-13,73.09307098388672,73.77151579846343,72.03066905008565,72.98869300363471,10591541
2007-03-14,70.677490234375,72.31768415067107,70.23388696341462,71.57214200949367,9362888
2007-03-15,68.74653625488281,71.92255253349543,68.42222547642778,71.19937615100068,18661696
2007-03-16,68.11283111572266,69.31687922287642,66.95723430228372,68.9627513274681,19242203
2007-03-19,69.0745849609375,69.32807259663261,67.62823206470702,68.94784114308995,9284670
2007-03-20,71.00182342529297,71.57216463976252,69.33553148050453,69.33553148050453,10719286
2007-03-21,73.28317260742188,73.68576989906644,70.53957653928937,71.19938106414071,11939513
2007-03-22,76.74622344970703,77.16372325637501,73.95788973498301,73.95788973498301,26687327
2007-03-23,76.50765228271484,77.74898699363584,75.52353688173929,77.08918241830598,14059286
2007-03-26,75.57199096679688,77.52531297323246,75.15075950831937,76.79095365156344,11431861
2007-03-28,72.58982849121094,75.27751028325687,72.11640796905915,75.00166280035735,9908609
2007-03-29,73.4844741821289,74.628882138069,71.28512165927772,72.61591971373521,18307216
2007-03-30,74.14056396484375,74.77800276213497,73.53667394335405,73.81625310356455,13686682
2007-04-02,69.37278747558594,73.01849197115304,68.76516604063896,73.01849197115304,12008733
2007-04-03,69.09321594238281,70.60294054577403,68.21719828647902,68.96274651033956,11958739
2007-04-04,69.77539825439453,70.81170262695105,69.00375842264067,69.9878798362161,9260251
2007-04-05,70.71105194091797,71.27393578782879,68.96275412427957,69.77539394092017,12000741
2007-04-09,73.72677612304688,74.18155637152921,71.01299715838967,71.01299715838967,12438368
2007-04-10,73.89825439453125,74.43877848995234,71.94493206119039,73.95790067775468,11069930
2007-04-11,73.16761779785156,74.77053158838666,72.85075825988623,73.8087821083596,7716003
2007-04-12,72.16858673095703,72.9141289983143,71.59078830877692,72.9141289983143,7232760
2007-04-13,74.40150451660156,75.58319310236963,72.24315769361844,72.89177943021117,12839504
2007-04-16,75.56453704833984,76.18706717113065,74.81526913918177,75.00165320145248,10110492
2007-04-17,75.31478118896484,76.79095719164248,74.3343914949071,75.74719559004325,11634432
2007-04-18,77.0929183959961,77.45450367411782,75.31479706407522,76.41819914571413,13519001
2007-04-19,78.52436065673828,79.27362870249515,74.6288926539479,76.19453835375025,23058112
2007-04-20,80.06761932373047,80.81688722767835,77.56259029527571,78.96048582391052,19685214
2007-04-23,79.0499496459961,81.9352041039328,78.69582173674387,80.18317462978123,10443998
2007-04-24,84.492431640625,85.29016304809541,76.7909710923861,76.7909710923861,33085056
2007-04-25,84.9844741821289,86.0655101486901,79.02758138617456,79.02758138617456,13532981
2007-04-26,85.38707733154297,86.91544248049016,84.76827880236726,85.29015664418793,13307008
2007-04-27,82.13278198242188,85.70766457530286,81.50652614591482,85.29015867478789,15783392
2007-04-30,82.15142822265625,82.6658548505494,78.35661249093006,81.33878823984362,12009464
2007-05-03,83.75807189941406,84.06747420056467,82.75531618049885,82.75531618049885,6932957
2007-05-04,84.1196517944336,86.6023090745576,83.64995694377379,84.09728594711935,14600207
2007-05-07,83.47476196289062,89.31609474569859,83.12808527538195,89.31609474569859,7990326
2007-05-08,80.64169311523438,84.38059375472524,80.29501644077794,83.50085030006957,16044309
2007-05-09,83.7170639038086,84.02274056570882,79.93343127944257,80.64169926682074,19547877
2007-05-10,83.74688720703125,85.9275997693928,83.24364352782052,84.24639922557579,16593210
2007-05-11,85.96113586425781,86.85578775007097,79.77312748976098,82.75529642345172,21022312
2007-05-14,89.89389038085938,90.58351814817686,87.97411676295351,87.97411676295351,22639266
2007-05-15,91.51171112060547,92.52192401880413,89.46519987311542,89.83796802261067,23376250
2007-05-16,95.73894500732422,96.32419472883447,91.92548965260337,92.44736746360152,27129300
2007-05-17,98.94476318359375,99.60456763542184,96.17506991554775,96.18252720635437,25443804
2007-05-18,98.9671630859375,99.90282130578382,97.44998066775469,99.08272400482693,17861449
2007-05-21,100.54769897460938,101.69210694210146,99.53002880001094,99.97735780673187,17089882
2007-05-22,98.85904693603516,101.0211252009838,98.41172393242583,100.54770468814111,16841927
2007-05-23,97.56925201416016,99.15726340058647,96.63359996865452,99.15726340058647,15516880
2007-05-24,95.88060760498047,97.29341191695295,95.05677870903034,97.02129005873853,17109341
2007-05-25,96.81997680664062,97.27103142385769,92.44736340167022,94.08755762534682,13975229
2007-05-28,97.55806732177734,99.15726160326778,97.03618950414909,98.02776218046708,11317672
2007-05-29,98.60184478759766,98.85160081258964,96.92064413796547,97.65873531583223,11127480
2007-05-30,98.93360900878906,101.0024923695201,97.75937774922467,98.56083478808168,18144453
2007-05-31,100.92047119140625,101.5206355229933,99.25418534402026,101.02112353767237,16986630
2007-06-01,102.80298614501953,103.25777858745285,101.09569989780907,101.69213269595515,20229187
2007-06-04,104.85321807861328,105.74786406089508,103.63052358100254,104.37605989006055,23130628
2007-06-05,107.09729766845703,107.71982781391971,103.85417748994958,104.37605529472582,19169391
2007-06-06,103.5932388305664,108.40199243468275,102.95953178857452,107.73100496167356,19684641
2007-06-07,101.44233703613281,104.51770713953688,100.89063612693798,103.03407388646721,22770360
2007-06-08,101.1404037475586,103.40684775627948,98.50863683814407,99.254179137619,21594456
2007-06-11,99.88416290283203,102.80296026041344,99.61204107236989,101.09567444307797,8665235
2007-06-12,99.32874298095703,100.94657154528099,97.33068292629896,100.94657154528099,21445959
2007-06-13,97.2265853881836,100.45892798197286,96.45805258800196,99.83355797115465,16295972
2007-06-14,98.99344635009766,99.94280606301061,97.57317502407123,97.94990187754125,14418568
2007-06-15,99.7657470703125,101.64186318035195,98.47733071673746,99.83355717470022,18621305
2007-06-18,99.35132598876953,101.34045858156084,98.929386372021,100.96373178548794,13010671
2007-06-19,103.3672866821289,103.82689662671312,98.95200808977316,99.82602124243195,14066684
2007-06-20,107.27775573730469,107.73736568639326,103.45017077461473,104.2036366990001,19213703
2007-06-21,108.99185943603516,110.35562835076118,105.4844993837238,107.98599136711405,22505989
2007-06-22,109.64361572265625,111.36150828427849,108.87508900841357,108.87508900841357,24089526
2007-06-25,109.22920989990234,110.0052791751712,108.05004519842578,110.0052791751712,12739443
2007-06-26,109.8018569946289,110.4573668992297,108.70556310443385,109.69637054128425,14707952
2007-06-27,108.9994125366211,110.5703770946889,108.121622000774,109.62855383630817,21375744
2007-06-28,110.84159851074219,111.12791185487532,109.12748364249344,110.00526184274534,23865227
2007-06-29,114.96305084228516,115.40758778416486,110.87552135474684,110.87552135474684,31405262
2007-07-02,115.33601379394531,116.86177153223511,114.77844782669966,115.27949928378129,18509204
2007-07-03,119.18621063232422,119.80027903249707,116.18366655940044,116.63574616481394,23694177
2007-07-04,117.8299789428711,122.06065963452188,117.25735211165967,120.47839936115793,17078297
2007-07-05,116.56413269042969,118.89609307959368,115.40380638302685,118.66628206192377,17125069
2007-07-06,116.8240737915039,135.5475664069781,115.03084117416195,116.78639745829636,17425624
2007-07-09,118.36491394042969,119.04679226495364,115.7315671128829,117.23848652881485,11761658
2007-07-10,116.84293365478516,119.04680459504465,116.44736863795698,118.89611141933341,9530589
2007-07-11,116.1308822631836,117.29875105663932,114.14928025851206,116.01786545400094,9018338
2007-07-12,117.4796142578125,118.21800721947005,116.65080782086702,116.65080782086702,6522558
2007-07-13,117.53614044189453,119.34444668250306,117.11795979951235,117.91663255235889,10611657
2007-07-16,121.43904113769531,121.9099466346518,116.40968854630664,117.5398812351673,18296511
2007-07-17,119.28038787841797,122.41478662186292,118.59473206073724,121.68392406731361,15356618
2007-07-18,118.71527862548828,119.71738149272052,117.53987922399321,119.71738149272052,10208741
2007-07-19,120.23351287841797,121.15651020437225,118.82078400143358,118.82078400143358,8688817
2007-07-20,119.36703491210938,122.04558887665397,118.74542400898194,121.3071959353493,9071659
2007-07-23,119.44236755371094,119.86807850940788,118.0673030110058,119.34818888992808,5579781
2007-07-24,118.73033905029297,121.1564905225665,118.08613702909766,120.9304446782903,11529294
2007-07-25,118.2481460571289,119.33313217735217,115.7315928749076,118.2933527967128,13528275
2007-07-26,116.92202758789062,118.67006581331486,116.15350099862881,118.29332681937476,10517965
2007-07-27,112.92494201660156,115.09113674249721,110.76627768514271,114.52604034702804,22794377
2007-07-30,118.89987182617188,121.66883901751827,113.757502444371,114.8613265610822,26637853
2007-07-31,122.35073852539062,123.23604725358341,116.03673446617151,122.21134093609153,38936066
2007-08-01,116.63947296142578,121.307171112763,116.0480081269954,121.307171112763,28784271
2007-08-02,120.01123046875,122.51272254878403,116.33433893611334,116.78641846059978,25621977
2007-08-03,123.24734497070312,124.39636362500993,121.3071841361766,122.06063779292504,18624951
2007-08-06,126.72457122802734,128.01298758393358,119.04681022328553,121.30719578071606,27696897
2007-08-07,126.73963928222656,130.03979183248657,126.02008454078637,127.33486941100479,18153197
2007-08-08,128.6044464111328,130.71036110357448,127.93762886740886,128.08832202878656,11731187
2007-08-09,124.36624145507812,130.19803227767446,123.6429214905563,130.1226795939157,15206489
2007-08-10,121.07736206054688,121.68013467909769,118.68512193891291,120.67048932451489,21324107
2007-08-13,121.5369644165039,122.80655447059877,120.18450348980943,122.0606191363934,15880518
2007-08-14,121.7065200805664,123.2661889635889,120.85511034085617,123.2661889635889,13394023
2007-08-16,114.59760284423828,117.38164267485637,114.31881990451642,116.78640046123633,20439930
2007-08-17,114.46574401855469,116.3117137398259,110.08437155008696,113.77255798145964,32144356
2007-08-20,116.7600326538086,119.80023989515395,116.03671283251056,118.67005952849549,13428415
2007-08-21,110.25390625,117.9166057030174,109.34599423131799,117.9166057030174,21256848
2007-08-22,109.91484069824219,113.32047901726594,106.99141557615089,110.91317822889042,34262094
2007-08-23,106.59586334228516,113.01158872175633,106.01194096884275,111.51219947749054,22401222
2007-08-24,110.46110534667969,110.9772297110436,107.36814872721045,109.62853388401959,25364484
2007-08-27,117.1443099975586,117.76590863229332,111.96426451095755,114.45068342010144,24146557
2007-08-28,116.83161926269531,118.67007102822244,116.10829937130394,118.67007102822244,15639484
2007-08-29,118.58341979980469,119.42352169610642,113.32802161909177,113.32802161909177,21406819
2007-08-30,118.35738372802734,120.9078477562231,117.4645324490535,119.34819105459884,21752163
2007-08-31,120.58006286621094,121.90992036903187,118.29330941792163,118.29330941792163,17541785
2007-09-03,121.05481719970703,122.28673159257917,120.73082736991398,121.9853451376504,9559322
2007-09-04,121.4540786743164,122.1359691020541,119.95470201676697,121.30716291356815,12249215
2007-09-05,120.12046813964844,122.2866746602479,119.0467900558003,121.98528834563388,13408659
2007-09-06,123.10797119140625,123.5675811789991,119.49890140177337,119.64959459927492,19187133
2007-09-07,122.08326721191406,124.54708337215568,121.53324373179228,123.94432275514633,14101087
2007-09-10,123.56756591796875,123.92923198432648,119.42353396124216,120.10164717369706,9778755
2007-09-11,122.26410675048828,124.84847016826716,121.6839373173616,124.3210500573005,11426149
2007-09-12,122.39594268798828,123.54496141192163,122.0229810338301,122.8141110768866,7173111
2007-09-13,126.17081451416016,126.73214584825746,122.81414647417958,123.16827006007699,17429874
2007-09-14,124.34740447998047,128.65720273122153,123.66929124515089,126.65676198666692,18403981
2007-09-17,123.989501953125,126.20466835710818,123.19082938625455,123.19082938625455,8372077
2007-09-18,127.70783996582031,128.3068475184878,123.34153928120715,125.82795859714145,17483906
2007-09-19,133.3399658203125,133.73929606522853,130.72545668658088,130.72545668658088,19620191
2007-09-20,132.5751953125,135.5325321612598,132.02139453525027,135.5325321612598,10514542
2007-09-21,136.17295837402344,138.62924356723897,132.08166391152727,132.5337434078761,10646092
2007-09-24,138.1997833251953,139.81218941429094,136.4027729085314,138.63678989971072,11716667
2007-09-25,136.17295837402344,139.2169432569616,134.11601555254558,138.86280761634853,8990739
2007-09-26,139.32998657226562,141.57529932367902,134.7263442201421,136.37641459008435,17348911
2007-09-27,141.703369140625,143.08219887757627,139.54093977904725,140.2943934580476,19001064
2007-09-28,146.61215209960938,147.82522779092568,142.48695876894473,142.7845677116764,28323168
2007-10-01,142.7506561279297,148.05501354047732,141.8464972344253,147.07551416506493,20342560
2007-10-03,143.72645568847656,146.84954733640512,134.56812931595366,145.64401378176763,16419202
2007-10-04,143.53427124023438,146.3220765207789,139.3902396570203,142.02735177225676,21845548
2007-10-05,139.84609985351562,145.7946726980634,138.56144870178804,144.656937346089,17201093
2007-10-08,134.25917053222656,142.25339021569374,132.23236140348243,142.02735655267512,14232658
2007-10-09,142.4003448486328,143.91102984701973,131.8330558848563,134.86949885702097,16103078
2007-10-10,144.9281768798828,147.5728194433312,140.22281407239868,143.9110010392782,25739336
2007-10-11,146.54812622070312,147.2111786576719,144.06170699855429,146.54812622070312,9439431
2007-10-12,140.35092163085938,146.92485862532982,139.39026017629342,146.17140487297843,13711705
2007-10-15,147.16592407226562,148.62764880006253,140.57691594886546,141.19852669631322,19965928
2007-10-16,145.2521514892578,150.01401612439622,143.157532506417,147.6782905341472,18506840
2007-10-17,137.7891387939453,141.1533484041423,125.14983550584901,128.8418000314187,19711011
2007-10-18,126.20093536376953,142.4041165800348,121.68394095164405,140.52046978886563,18895936
2007-10-19,125.60943603515625,133.73927559244692,120.55371509792579,133.73927559244692,18803749
2007-10-22,129.25616455078125,130.2733402316867,121.3146955285286,122.81408439864964,12092695
2007-10-23,136.77952575683594,137.87580750089748,129.9719998351815,129.9719998351815,15005529
2007-10-24,143.8846435546875,146.29948744715784,136.77950946598298,137.88332147368916,30437631
2007-10-25,146.7854766845703,148.73316820590458,143.54935655196465,143.9110226475135,27131122
2007-10-26,156.7123260498047,158.6035030291732,143.53429379621386,146.924860085705,27641604
2007-10-29,159.4850311279297,163.87771184549055,156.79516974693917,160.8638607736318,23394130
2007-10-30,154.86257934570312,162.67219572755457,153.12584855723833,160.0953628952201,35348959
2007-10-31,155.8307647705078,159.95973606950452,152.27443244344695,152.27443244344695,16723817
2007-11-01,156.3695068359375,163.2749766070109,154.64784893637176,163.2749766070109,22714792
2007-11-02,169.4533233642578,171.33698195441545,150.69215106805882,154.45945606327066,27875229
2007-11-05,168.68478393554688,175.51114645517805,166.8915511339717,169.5286632125068,30796214
2007-11-06,167.18165588378906,172.5425291451651,163.9530784216341,169.6040302797246,16277520
2007-11-07,170.4931182861328,175.4810299246808,164.34488006296615,168.77522568566764,18265648
2007-11-08,164.62741088867188,170.43282058131751,162.75506010008112,169.90540056990676,22659404
2007-11-12,169.1519317626953,169.905385373004,156.74619390277084,158.2267447472991,19232749
2007-11-13,172.86651611328125,175.10429832587687,166.5261433318472,171.41233358556056,21697602
2007-11-14,177.35337829589844,184.5979102722424,174.42618721862664,184.5979102722424,14499764
2007-11-15,173.91757202148438,178.94692451571908,173.1452801977366,178.94692451571908,11703800
2007-11-16,175.36798095703125,176.98791720496675,170.0033434225161,173.91756385310583,13397361
2007-11-19,173.46925354003906,178.54757748402616,172.63290470905892,175.9330689351664,13369508
2007-11-20,171.70616149902344,177.3345089782096,170.43280612664643,172.91923717046794,11225962
2007-11-21,162.5026397705078,171.63835971465818,160.86386528679833,171.63835971465818,9390465
2007-11-22,169.47216796875,173.29598761903986,160.18576622533737,162.7625988944452,25654801
2007-11-23,169.45709228515625,171.78905290065103,166.53743197353168,171.78905290065103,13137696
2007-11-26,169.02386474609375,173.2959865282899,167.45666542852302,171.78906691949584,13282875
2007-11-27,171.37086486816406,172.34659912229858,167.64500175867786,169.02384356807585,11716688
2007-11-28,169.7095184326172,175.0816995248576,168.69988503734533,175.0816995248576,11011129
2007-11-29,170.8773956298828,174.4111248645797,169.55130282122215,171.61578863192474,12873472
2007-11-30,173.47682189941406,176.23449381263876,172.09044945570042,173.44668813611332,16247886
2007-12-03,175.16079711914062,176.75437720745498,173.89121894661127,175.5563743359155,10122532
2007-12-04,174.4110870361328,176.67523748879,173.44666054268555,175.3303067992686,8591649
2007-12-05,179.66275024414062,180.7552667932008,174.1511833751812,174.50154171039344,12728929
2007-12-06,180.4952850341797,183.60331485970931,179.2483103441935,180.8305825105746,10837322
2007-12-07,183.52796936035156,185.17805168887736,180.07712371499304,182.69916299914652,10566994
2007-12-10,182.78578186035156,185.23453639545525,181.96075301393307,183.5430128025125,5373405
2007-12-11,184.42835998535156,186.556878175558,182.78958546135445,185.2760045015783,7223274
2007-12-12,183.75404357910156,184.96710736242554,182.3375372784614,182.3375372784614,6866408
2007-12-13,180.55934143066406,186.02946598599235,179.92643496083696,184.89927325020747,5157999
2007-12-14,181.34295654296875,182.26217647217,179.04867191732137,181.58406320988868,7776298
2007-12-17,174.23028564453125,181.58405701225487,172.91926590319335,181.58405701225487,6731743
2007-12-18,173.25830078125,176.9125888591352,172.26750567028225,174.80289664731382,6574078
2007-12-19,170.022216796875,175.83515763593056,167.79573006270937,175.83515763593056,6859774
2007-12-20,170.0711669921875,174.27547848773898,168.77520814307604,171.26162721672108,12271143
2007-12-24,175.91424560546875,176.91258326373855,172.56887436958314,175.1570145764868,5765394
2007-12-26,180.83436584472656,181.81010024210758,177.13863595073502,177.13863595073502,7428749
2007-12-27,179.03358459472656,183.7464780916898,177.5417379742878,182.7142413990177,9788029
2007-12-28,179.13906860351562,181.50116311548078,177.82050636120445,178.57020704339422,5737605
2007-12-31,178.6568603515625,181.56899052073356,177.81674617720586,181.56899052073356,3709223
2008-01-01,179.58738708496094,180.45385763468033,177.53043188902822,179.32366488232026,4502158
2008-01-02,182.58990478515625,184.89926204847623,176.46050556699137,178.72089090162046,10764075
2008-01-03,180.47268676757812,183.64099638665613,179.5986736823437,182.33750715260712,5993773
2008-01-04,179.98670959472656,193.94079748402962,179.0976235303635,193.94079748402962,5185640
2008-01-07,181.04908752441406,182.9402642525833,177.89208573985195,180.7326282140401,6612148
2008-01-08,185.69418334960938,188.5158878476001,181.98339274937786,182.31491286975975,15484183
2008-01-09,184.93695068359375,188.89262528221576,183.93108255463036,184.59790017191696,10546073
2008-01-10,181.55389404296875,188.74191028063586,179.17296160200155,187.02401799812958,9382993
2008-01-11,183.45263671875,184.97462930576958,179.24832502637747,184.19856003874256,6831815
2008-01-14,185.58493041992188,191.1040269481288,183.91977506518876,186.76032989910865,14452685
2008-01-15,182.59744262695312,188.19187912588583,181.3655287523055,188.19187912588583,10085447
2008-01-16,182.002197265625,183.31699418589466,176.76188430817987,182.71422153986492,17714860
2008-01-17,182.06248474121094,185.20064833504418,178.94692451331386,184.0704556680311,10439292
2008-01-18,177.99380493164062,182.86493417499585,175.19846903043677,180.07712866788347,9762815
2008-01-21,165.4713134765625,179.30107867272918,153.05427717093187,177.5907285921592,20268942
2008-01-22,161.04469299316406,171.78905371368324,137.88331028926066,143.9110004461786,16339193
2008-01-23,175.08544921875,177.96743334345393,163.8777250548324,170.99038930012526,12340172
2008-01-24,176.5471954345703,180.80802230693996,173.29601424409864,177.85445014065004,14721243
2008-01-25,181.38815307617188,185.26094468863175,177.81674782668145,183.8444385307585,14037072
2008-01-28,184.73553466796875,186.78383805848568,175.6838197740735,183.58958678986616,9114160
2008-01-29,178.13546752929688,188.38102085966162,177.288980450749,184.46806674220247,9513170
2008-01-30,177.59642028808594,181.99250127986872,175.76770420996306,181.64912504163593,10367140
2008-01-31,173.0765380859375,179.49299418868705,170.57304767306655,172.09031237448468,11590430
2008-02-01,174.45407104492188,179.25343008755158,169.05577759223814,179.25343008755158,8707570
2008-02-04,181.56924438476562,184.26040966899546,176.4824025630632,176.8018228520321,7714390
2008-02-05,177.9597930908203,181.59324547594773,176.482446470307,180.79468236974722,6614650
2008-02-06,174.28237915039062,176.0831426261408,170.69683905592606,175.60399994903472,9791590
2008-02-07,172.11427307128906,177.20111520589637,169.55887404703986,175.6838504623088,11433480
2008-02-08,175.0530242919922,177.12129981759236,168.99192104069604,172.11430571786283,8801220
2008-02-11,163.78529357910156,181.02626765683237,159.84837123448025,181.02626765683237,8656480
2008-02-12,163.86911010742188,168.9759235374576,160.69881425031792,168.9759235374576,6209390
2008-02-13,169.08370971679688,170.81259296839,163.78524946255234,165.30251404106218,5526180
2008-02-14,176.23486328125,178.29515720001064,170.81261390721895,173.63953363637344,5897790
2008-02-15,183.32212829589844,183.98892161816403,173.5397309455099,173.92703451168455,9199160
2008-02-18,179.9681396484375,186.83977026996686,177.70820508751459,184.86731885211444,5913730
2008-02-19,180.85853576660156,183.19033814755855,179.39716408760825,181.97653122164917,5196210
2008-02-20,176.49839782714844,180.36343982612462,174.1186713117791,178.24725274830413,8509480
2008-02-21,174.00286865234375,178.478810350192,169.69461834190514,178.478810350192,7750050
2008-02-22,168.8002166748047,171.85072038114177,167.69819605861548,171.61114909260905,6860760
2008-02-25,169.76651000976562,170.81262561950626,164.90326412771245,170.38938819243722,6969190
2008-02-26,169.65469360351562,172.0903129994614,167.738147427911,170.09390565608018,5025960
2008-02-27,166.73199462890625,172.09035872369898,165.38243314169026,170.43732715532084,5723730
2008-02-28,162.83499145507812,167.3788170756253,159.42112716805255,166.95557964171786,13776620
2008-02-29,168.62855529785156,170.49320531697984,155.32050788830247,160.51116753495526,24012050
2008-03-03,153.49978637695312,163.89708042417902,151.72697547813704,159.7924669433852,12664830
2008-03-04,149.7864532470703,154.92120699074923,148.61256477599196,153.7073879365186,12689030
2008-03-05,147.6422882080078,151.08808885706375,144.78343174139377,148.61255133191116,18636300
2008-03-07,146.91563415527344,148.53271937115957,140.1877383811449,147.73415636378775,13408120
2008-03-10,150.56106567382812,152.3658258884387,142.55947302685604,144.5399058946888,15396930
2008-03-11,151.28375244140625,154.60178027227818,147.74211579119282,148.53269743838894,9158680
2008-03-12,144.3522186279297,156.5183246015845,141.99646056712024,154.1226359597235,16347940
2008-03-13,135.43228149414062,142.04837831344835,134.1585726421642,140.54707610131487,12035200
2008-03-14,136.78184509277344,138.94994037593892,134.15856312159622,135.75568887304377,12791620
2008-03-17,130.66885375976562,135.70778380684877,127.79002567617411,135.70778380684877,13595690
2008-03-18,127.17514038085938,132.16216186436327,126.25280119280757,130.96431749701253,12817860
2008-03-19,128.17333984375,134.11065294816606,126.74390545496567,129.60675876109227,15698870
2008-03-24,131.29971313476562,131.7628810880755,128.1693479674916,129.76647379886222,7787250
2008-03-25,138.87008666992188,140.135814257343,132.96072594634768,132.96072594634768,8490040
2008-03-26,136.84971618652344,143.2621751071965,134.96112278289522,139.34922188810447,8200210
2008-03-27,131.4913787841797,137.4326891049646,129.8742814930616,135.75570202938368,21323720
2008-03-28,133.98287963867188,134.77346128009094,128.7802429393027,132.4775929896883,12850380
2008-03-31,127.7900390625,135.35642835334372,126.97151686242862,133.67944118111893,10361210
2008-04-01,129.62274169921875,131.25978597093183,126.33265411502708,128.16935130596502,9052460
2008-04-02,132.2579803466797,136.63411370434912,131.52330395895694,131.92258539913902,8951830
2008-04-03,130.88841247558594,133.359964895615,129.7664329074098,132.24198203999086,6013970
2008-04-04,127.90583801269531,131.78285807998614,127.09130031689017,130.88847139289328,9383220
2008-04-07,133.63150024414062,135.75568028359064,124.6836023255894,129.28731652544946,10473750
2008-04-08,133.70338439941406,137.51253295538808,131.63112482374328,134.95713403784595,12816600
2008-04-09,135.2406463623047,135.88748050443027,131.84276875883782,133.998886627625,6854370
2008-04-10,132.70518493652344,137.30891203245176,132.12223739593145,136.39455404456515,7675230
2008-04-11,133.12841796875,134.957121532209,130.98826319636487,134.87726037323787,10418310
2008-04-15,133.8191680908203,134.95712259707645,130.17372670537168,132.88085429846518,5713560
2008-04-16,132.96072387695312,136.55425695470862,132.4017322796562,134.95713114237284,7885420
2008-04-17,134.41812133789062,137.43270412645424,133.75930926658367,134.15859078678244,11811200
2008-04-21,139.02980041503906,139.58879198651198,132.56143629986036,133.75129936171885,10872640
2008-04-22,138.34703063964844,139.98808379386168,137.7521051571881,138.55066808563558,5551190
2008-04-23,135.43626403808594,139.3252612127265,134.15855860589375,138.63051543346435,8243080
2008-04-24,134.2943572998047,136.55429237262877,133.75932147611297,135.7078174221581,7759740
2008-04-25,139.624755859375,140.05199001067683,134.95715391055938,134.95715391055938,9429000
2008-04-28,138.69837951660156,140.62691552378553,137.36078437465042,140.54705436885357,5431690
2008-04-29,143.3859405517578,144.3002983877387,138.15136714268573,138.55064855061258,13827580
2008-04-30,141.7169952392578,145.41834294412206,138.1514139820088,143.66149440551484,8399990
2008-05-02,145.53013610839844,146.93560270414804,143.73735375692462,143.73735375692462,15728100
2008-05-05,142.13624572753906,146.80783239279057,141.03422478773874,146.80783239279057,13404480
2008-05-06,140.33544921875,142.45563270566953,138.55066068164288,141.50534092198305,8142150
2008-05-07,141.2258758544922,142.1362372156473,137.53650639288063,138.94996635905204,12539370
2008-05-08,138.41493225097656,140.53911284746147,137.62036593077426,139.34924953925642,7590660
2008-05-09,134.3262939453125,139.20949912282978,133.0685474127354,136.87369980032153,9038920
2008-05-12,132.77706909179688,134.1585796249148,129.0477814656263,132.96073516397806,6698970
2008-05-13,133.18434143066406,135.1168625048542,131.86671730261327,133.36002627241817,12101370
2008-05-14,132.62136840820312,133.99090124171568,131.84277667320882,131.84277667320882,4846080
2008-05-15,134.24642944335938,134.95715004197507,132.96074249697543,132.96074249697543,6057740
2008-05-16,136.25877380371094,136.87365838346182,134.24639214562293,134.24639214562293,6750980
2008-05-20,131.9864959716797,135.91542459766123,131.3835769877741,135.75571442947103,6482160
2008-05-21,132.72113037109375,133.9389459103876,129.4470303144451,130.93235755890746,9411950
2008-05-22,128.229248046875,131.60318151063768,127.77007677050182,131.60318151063768,8554590
2008-05-23,125.63789367675781,129.74250620646913,124.91917980627953,129.20747056333752,11728030
2008-05-26,122.81498718261719,124.89524025129654,121.89264795205614,124.81539126752152,8843250
2008-05-27,117.74017333984375,125.74976215779122,116.9895218981834,123.77730985814625,14487480
2008-05-28,121.15396118164062,122.57939880882577,116.21085513673677,119.60076275774286,11388370
2008-05-29,118.35931396484375,124.73839593748038,117.63432277501666,123.30461786180477,11949880
2008-05-30,117.0511245727539,120.6153061208283,116.26943663809172,118.67526350913498,8673280
2008-06-02,112.98876190185547,121.34435103164908,111.49017855430955,115.59304518785564,12061790
2008-06-03,112.4419937133789,114.18359244670441,109.52179405872795,110.97176464705952,9244330
2008-06-04,107.83688354492188,113.1629093118012,107.33060709635417,111.38081868489583,9136480
2008-06-05,109.72834777832031,110.89479843932095,104.657474497551,107.8368933558712,11186030
2008-06-06,108.15684509277344,111.93974093144838,107.57361368173117,110.424965873464,9630180
2008-06-09,104.86809539794922,105.95354925633963,102.06534323256946,105.30551285900023,9006700
2008-06-10,103.60846710205078,105.04224554061047,101.28769747030236,103.91223298715362,11992080
2008-06-11,106.11553192138672,107.30629498596686,103.82716509818813,104.49544746457164,7657900
2008-06-12,108.50920104980469,109.30709308669644,100.17386632632906,103.03736220166705,12235480
2008-06-13,108.15684509277344,110.16574641955017,107.11999199764584,108.3836559348161,13074070
2008-06-16,107.4561538696289,110.55456300915182,106.60156522733665,108.1325445880576,6875270
2008-06-17,112.39337158203125,112.90370219747226,106.52866075212756,107.33060709635417,10930420
2008-06-18,109.40026092529297,113.30061672117483,108.9587893387552,112.19895865816493,8600480
2008-06-19,105.34600067138672,112.16655516538216,104.49545380787443,107.73562291819611,8638620
2008-06-20,101.17021942138672,107.33059316734389,100.53433949817695,105.71050874217643,12016530
2008-06-23,97.55339050292969,101.08922326943066,96.41933009262765,100.85026228379712,9910660
2008-06-24,97.7518539428711,100.68015503461773,97.043066952716,99.18562604941242,10703480
2008-06-25,96.7271499633789,98.58214131426843,92.36101646329202,94.77494513557589,15161940
2008-06-26,99.11273956298828,101.23099868700206,96.19253402143688,97.998931274319,13360230
2008-06-27,94.06211853027344,97.3063358696974,93.16297104052161,97.3063358696974,10107830
2008-06-30,90.04431915283203,96.79602204033962,89.18566997771141,96.79602204033962,7878630
2008-07-01,83.05363464355469,91.84259221579195,81.89527392668884,90.31971494206482,9552870
2008-07-02,87.35091400146484,88.45662005258572,78.22173965247518,78.22173965247518,12143830
2008-07-03,89.14111328125,91.83450793477849,84.26466081506454,87.403575074798,20565740
2008-07-04,91.11760711669922,92.32862256020104,87.07954582296331,89.02364854713034,13738650
2008-07-07,94.91671752929688,96.55704839053233,91.53478814993422,91.53478814993422,11352800
2008-07-08,97.82476043701172,98.825163198224,88.69963418201253,93.9649092704425,15733380
2008-07-09,100.26703643798828,102.47035251649214,98.1771257888075,100.04022557934213,11215310
2008-07-10,100.1657943725586,101.82232963684207,97.20913830600317,98.58215995955025,13646470
2008-07-11,98.8940200805664,101.98433363978421,96.80006133637046,100.80167254415242,14261980
2008-07-14,101.89522552490234,103.58821102967704,97.21318184206923,98.74416135274974,13086900
2008-07-15,95.73080444335938,101.66031415313365,93.3452299879274,101.66031415313365,11899050
2008-07-16,92.00865173339844,97.82880354395861,90.40881946466496,95.990010285594,13217050
2008-07-17,99.7607650756836,102.38935473814509,94.20792820224602,95.17997655458014,15274250
2008-07-18,105.27713012695312,106.08717231595335,98.50112894640291,101.25527362503001,14381200
2008-07-21,109.56226348876953,110.57076208880072,104.58455062836703,106.07502533401662,15258050
2008-07-22,113.68132781982422,114.85994079154135,108.16899617258358,108.95068398714321,18523660
2008-07-23,125.0138168334961,125.53629752433756,116.64607924861068,117.45612146561493,17998330
2008-07-24,119.7890625,127.5006565039477,118.45653941979896,126.20459620525985,23457650
2008-07-25,116.96607971191406,122.15440046822178,115.24473955447469,115.43104585181703,20916970
2008-07-28,114.8194580078125,121.90328732264784,113.56794396151618,113.56794396151618,22257740
2008-07-29,106.81623077392578,114.92069546168422,105.79152777385221,113.24391435259311,23743080
2008-07-30,112.42981719970703,113.22365517627154,107.33060251082088,107.73562365237115,15774740
2008-07-31,114.80325317382812,115.9089530341781,108.7886864533667,112.59588289949818,18850520
2008-08-01,121.87491607666016,123.12237578369475,110.97579541590304,112.7416817020028,20020950
2008-08-04,122.35688781738281,125.31353716993688,119.80524724109328,121.39698970145199,20132270
2008-08-05,127.85709381103516,128.47273396660637,119.07623686196382,122.35691116592838,20382430
2008-08-06,123.00492095947266,132.76592021176322,122.09766523189059,128.99517451601707,29935170
2008-08-07,123.3856430053711,125.91297090188564,122.02071141432585,122.7051981130092,19255860
2008-08-08,122.94821166992188,125.04621813016922,119.48932780284935,125.04621813016922,19437840
2008-08-11,129.44068908691406,130.01177030888556,124.17946906614699,124.17946906614699,16712000
2008-08-12,126.04661560058594,131.6156558373877,123.54358811879933,129.32323488213441,18468010
2008-08-13,125.83195495605469,128.63470646391463,123.31677733446789,125.84006328878894,15952190
2008-08-14,117.87738037109375,127.81659229831232,117.61816085507557,127.81659229831232,19758430
2008-08-18,117.86520385742188,119.69994909531151,115.43911886602328,116.64608629193349,19824950
2008-08-19,116.84455108642578,118.1770741704662,114.38608202654355,115.83605234818961,12389550
2008-08-20,116.9255599975586,119.72425770424937,115.83605208527797,117.78014871463121,12479950
2008-08-21,108.79679107666016,116.80810979382761,108.05964953764466,116.25728690331005,20000570
2008-08-22,108.87776947021484,110.39254435104438,106.03451358384027,108.79676031027493,22535390
2008-08-25,109.93489074707031,113.14670558684894,109.54607389344353,110.9757980971458,12358750
2008-08-26,111.03252410888672,111.7008066554017,107.75184972749773,109.27472112240541,16861130
2008-08-27,107.81663513183594,112.51487058613993,106.77167364252826,110.53432358891703,12747800
2008-08-28,106.0628890991211,108.70767677720549,105.35004790285758,106.1479400817728,21443360
2008-08-29,113.7177734375,114.19974955074947,108.22164632836461,108.22164632836461,26616360
2008-09-01,114.66960144042969,116.21678540808402,110.24677680903754,112.5958948510317,16822410
2008-09-02,123.36943054199219,125.39453605857031,115.02599334163766,115.02599334163766,32085130
2008-09-04,124.31719970703125,125.28924804922106,118.38364200047684,121.51444775411429,25526720
2008-09-05,123.11426544189453,124.51968916678099,119.07620454176498,122.4378747598932,27862810
2008-09-08,128.93849182128906,130.41681661835716,126.36660492213488,126.36660492213488,18162660
2008-09-09,126.2410659790039,128.78865293241367,125.63758831205126,128.78865293241367,20039510
2008-09-10,126.90526580810547,128.28638935098985,124.3414874819291,124.82751778427027,21169520
2008-09-11,124.66144561767578,126.01826875065069,122.32446600157864,125.65373987890904,17952650
2008-09-12,122.60392761230469,126.69058882448586,120.53427582733585,126.35037260066615,22024870
2008-09-15,120.70441436767578,121.70481723266192,113.89196713270087,120.59911725996464,22133240
2008-09-16,128.0474395751953,129.60677354141853,115.02601151800894,115.02601151800894,31851640
2008-09-17,124.00127410888672,129.6067652214842,122.44599440946064,129.6067652214842,25739370
2008-09-18,126.90122985839844,128.6104196081517,115.43102790821351,119.07621826320973,26752670
2008-09-19,126.8323745727539,131.2268566582067,125.25684867786815,129.44476601514828,32792550
2008-09-22,126.925537109375,129.19365814910213,125.3945575706056,127.98669060446578,18509600
2008-09-23,121.76959228515625,127.02271649152752,121.24711160081075,123.93645766075475,21782090
2008-09-24,122.96847534179688,124.58451826568711,120.20624026969305,122.72141835328705,20613440
2008-09-25,121.10130310058594,123.72988595842169,118.91419173737701,123.13450447552336,23392930
2008-09-26,116.2289047241211,122.23536215533605,115.6011269677487,122.23536215533605,21995190
2008-09-29,113.84738159179688,117.86114224922012,109.51770496502337,117.45206697547638,18599280
2008-09-30,118.53755187988281,120.2912881166014,109.7607376417474,112.19086467440601,22297620
2008-10-01,121.86680603027344,123.53143683635503,114.62097253996221,120.27506369625415,27509950
2008-10-03,120.18193054199219,123.69345699813036,117.5371429213396,117.5371429213396,22453270
2008-10-06,116.11551666259766,119.72425666008995,115.12320988235949,119.28682688812826,17822350
2008-10-07,113.92029571533203,121.91136754603487,111.94784466988737,117.88951044694316,30591760
2008-10-08,106.78789520263672,112.19087673623268,105.3865252573476,111.35653402080622,36496300
2008-10-10,109.5582275390625,111.38082282159773,95.6781501791848,100.76926930153023,40092370
2008-10-13,121.15807342529297,124.09851955662955,110.48980187516406,111.62386889210961,25623250
2008-10-14,123.80281066894531,128.78051131344918,121.74935063270655,125.76311139828043,32862040
2008-10-15,121.51849365234375,124.50349751365614,117.861153207031,117.861153207031,24593970
2008-10-16,124.79105377197266,126.27748674973444,114.70198835401595,117.86114820721724,42410260
2008-10-17,114.98147583007812,126.77163717569498,111.78990675676627,126.28560678554747,25248640
2008-10-20,116.28968811035156,122.31640570693176,110.82595592991991,115.02602390982987,30953910
2008-10-21,120.50189208984375,121.90731602130799,115.02601041015433,117.45613739065055,28087600
2008-10-22,112.78218841552734,119.80525382569785,112.0328967997146,118.26617836640537,25793370
2008-10-23,107.431884765625,113.1588910777652,106.43957777561499,110.65180859337653,39793950
2008-10-24,94.34967041015625,106.35855054798135,89.1046480453324,105.30549314448373,56288010
2008-10-27,85.27720642089844,96.37073573918182,79.78916847029102,93.12246430756844,55117660
2008-10-29,89.0682144165039,95.99002530665024,87.34282013292196,93.96087130033226,35811180
2008-10-31,89.89039611816406,95.34197740290116,86.3100105916482,93.15081765152861,42932920
2008-11-03,100.4776382446289,102.44604109689965,93.55987690743319,94.28891614533563,29298820
2008-11-04,106.98631286621094,108.09202483388167,99.11675646480538,99.64328509034414,38777990
2008-11-05,103.077880859375,111.78583543099214,102.22733398730371,111.78583543099214,36100190
2008-11-06,98.557861328125,102.44606747811466,97.20509194840831,99.94303314677383,46117130
2008-11-07,101.1540298461914,102.0572252591258,96.0386108637147,97.28607671814845,33260620
2008-11-10,105.37435150146484,106.52055584639092,101.33628421175692,102.87536572236993,21899500
2008-11-11,99.01956939697266,106.09124142204146,98.33913682885645,106.09124142204146,31740150
2008-11-12,95.48373413085938,99.87011383594165,92.85109671049634,98.03131439222945,45924780
2008-11-14,94.9045639038086,100.36424756700158,93.56393863438772,97.28608419052799,38588160
2008-11-17,94.60485076904297,96.31404069369482,90.80575001043773,94.77495892806714,23674860
2008-11-18,89.78913116455078,93.47481956977927,88.86162935867986,92.42581637460798,36780860
2008-11-19,87.56962585449219,93.31687080095898,86.31810579989367,89.74863544631125,29265110
2008-11-20,88.05970764160156,92.08561931632654,82.725579234993,84.97344810751514,28114400
2008-11-21,95.87255859375,98.015117745879,87.90578717977311,87.90578717977311,36650180
2008-11-24,92.9442367553711,99.01145705183833,90.42500511497084,97.20506029542393,54269450
2008-11-25,86.82437896728516,96.39503039087897,85.8644808523796,94.59268757127762,41450190
2008-11-26,89.50965881347656,90.3197009746845,84.48739988603988,87.80857151096615,51878600
2008-11-27,89.50965881347656,89.50965881347656,89.50965881347656,89.50965881347656,0
2008-11-28,88.17715454101562,89.9065903479872,85.4594599898527,86.26950226463805,43218640
2008-12-01,85.54452514648438,91.23506771481858,84.8924408071062,88.29461620725945,52079380
2008-12-02,84.00139617919922,84.64943258491694,80.64377307965897,83.83939016783638,47199410
2008-12-03,88.87379455566406,89.59068377465871,83.84748640906314,85.05444779495436,44484720
2008-12-04,94.68582916259766,95.17995538282538,88.94263311915233,89.5096601685294,46807810
2008-12-05,91.87093353271484,97.93409967489131,90.74902339584443,94.61292801100569,47797020
2008-12-08,94.67369842529297,97.20508073612967,93.3978842126843,94.77495371772643,39952840
2008-12-10,96.32213592529297,97.04307310082903,93.15486746501873,95.17997327947566,42085520
2008-12-11,97.11193084716797,98.9871747232966,94.37803785998054,96.47604462294359,40859770
2008-12-12,98.56999969482422,99.79721333965664,92.049162597025,94.36993215961182,31712630
2008-12-15,97.58578491210938,101.98431430933917,96.58943028593987,98.82514849042231,45421700
2008-12-16,100.343994140625,100.85027059945762,96.80005892879667,96.80005892879667,39890860
2008-12-17,97.34278869628906,102.06533712756625,96.39504062047924,100.45740255221739,35341750
2008-12-18,104.97742462158203,105.71051185674835,97.37517650206019,97.46023365614546,50271830
2008-12-19,104.28890228271484,107.24960619350047,102.68097384375321,103.68542466475581,44556150
2008-12-22,103.11433410644531,107.16454564616318,102.47035195486194,103.52340942724153,29188170
2008-12-23,102.40554809570312,103.68541643809262,101.25528949032483,102.22733779737898,25515770
2008-12-24,104.15119171142578,104.98149252861984,101.47400152234688,102.06533515161058,26877010
2008-12-26,100.69636535644531,106.03454162521314,99.36384837282729,104.90048724772241,24848860
2008-12-29,103.02118682861328,103.40190772381335,97.65870422030174,100.44525189569578,25527640
2008-12-30,104.6331558227539,105.98188308912087,102.03292094501374,103.28038675012122,27519810
2008-12-31,104.39825439453125,105.95353410964955,102.87537093252887,105.95353410964955,27040780
2009-01-02,107.8854751586914,109.3557038210387,106.29374510287073,106.52055594419696,24161650
2009-01-05,110.23055267333984,111.59547190936112,109.19369956513468,109.67971750695733,26931910
2009-01-06,107.15645599365234,112.49057798435815,105.14350024526308,112.49057798435815,35970960
2009-01-07,100.44930267333984,109.32736637819087,98.83327208750248,107.33061488657609,37268580
2009-01-09,98.91426086425781,101.39298820224683,95.2893229867385,98.82515572124613,24996510
2009-01-12,93.87579345703125,99.08436523851705,89.78102974080761,97.61008862842985,40927670
2009-01-13,95.171875,96.09532279457311,92.37723133433919,92.74985007775177,22844560
2009-01-14,96.95397186279297,98.13257879746443,94.888361376644,95.58499829933794,17225460
2009-01-15,92.93209838867188,95.1799669287605,91.6967826882509,95.1799669287605,18848400
2009-01-16,94.30105590820312,95.3095605913452,93.23584852280392,93.55986661290078,16210980
2009-01-19,92.86324310302734,95.82800070632443,92.27191572103547,94.20791620532238,21402920
2009-01-20,90.14960479736328,91.93979746902089,89.28285981732758,91.6967823164332,18013440
2009-01-21,87.58177185058594,89.89849322114904,86.67452228962273,89.10464908278972,23453440
2009-01-22,88.31891632080078,89.42867656375532,86.35456733259649,89.09655623420859,23947180
2009-01-23,84.36590576171875,89.99569720664678,83.52346103828128,87.44001476984566,43595270
2009-01-27,88.10424041748047,88.61861895092426,85.86447420273475,85.86447420273475,38194150
2009-01-28,90.1131591796875,90.53842644917583,86.29786063362937,88.4849724029182,34353520
2009-01-29,89.04389190673828,94.28891395103574,88.18524296646609,91.53476921646103,35923120
2009-01-30,93.2358627319336,93.88389901088793,87.22130266970781,88.68747718018032,28335200
2009-02-02,88.76445007324219,92.26383308857422,87.90175291629347,92.26383308857422,25800050
2009-02-03,88.48092651367188,91.77779855286467,86.36671553584628,86.36671553584628,28290850
2009-02-04,88.84542846679688,90.69637167436998,87.97463557655863,89.10464172278517,19596770
2009-02-05,88.67938232421875,89.89039782536302,87.64657712345773,89.30716636233879,16521600
2009-02-06,90.611328125,91.04875168907711,89.10464901988948,89.91469128370666,13306740
2009-02-09,92.95640563964844,93.47888640497649,90.40072306947451,91.12976240473894,15696460
2009-02-10,94.29703521728516,95.89686766131506,92.58784532291548,95.0746751505321,18732300
2009-02-11,93.87579345703125,94.36991971130355,89.67572647584844,93.72188345582559,16529950
2009-02-12,93.90010833740234,95.30958648523371,92.74984967617853,92.8997055342574,19717850
2009-02-13,96.8729476928711,97.68704409244535,94.45092314626635,94.45092314626635,23079310
2009-02-16,92.08966064453125,96.54894764274228,91.34037519462589,95.6295478643994,26650050
2009-02-17,89.00743865966797,91.37276668549774,88.4039611491809,91.37276668549774,25742350
2009-02-18,86.7474365234375,89.50968403804367,86.26951448010544,88.94265683745766,21865720
2009-02-19,85.75917053222656,88.57811394685756,85.1354345730372,88.13259444185387,28702260
2009-02-20,84.57246398925781,85.57691469474645,83.83937670831064,84.87218186030903,24872000
2009-02-24,83.25614929199219,85.10304480677338,80.69236458813874,85.10304480677338,23881530
2009-02-25,83.96898651123047,85.78347950528003,83.43840362146464,85.45946135416669,21451430
2009-02-26,82.87138366699219,85.45946875311584,82.21929932171808,84.16340221658328,25935300
2009-02-27,83.05363464355469,83.92037964287863,81.50645709005443,82.89972463148196,31330010
2009-03-02,80.55870056152344,82.21928967227741,79.78916288393424,82.19498939321511,29765340
2009-03-03,78.92647552490234,81.57126334111736,78.45260148498198,80.59921497924987,29948750
2009-03-04,77.5169906616211,79.87016234211545,77.0350145477595,79.54614421530556,32641740
2009-03-05,75.68629455566406,79.22213337543316,74.76690106491586,78.56599495994006,39906360
2009-03-06,76.23307037353516,77.59394148884083,73.80699180942553,74.92890196386176,34055320
2009-03-09,72.5230941772461,76.10348005728926,72.21528029393909,75.49594826487832,30241710
2009-03-12,73.81511688232422,75.65796465779985,72.66890609529271,75.65796465779985,28733960
2009-03-13,77.2010726928711,77.41573338305845,74.74664579742199,74.74664579742199,27138500
2009-03-16,79.9552230834961,80.27518705824646,77.3104355881912,77.43193698358247,26738790
2009-03-17,76.95806884765625,80.83412433853363,76.67455526998478,80.2751931567438,31748750
2009-03-18,77.78836059570312,78.97912375810806,77.34284104155725,77.34284104155725,33178570
2009-03-19,78.46878814697266,79.06011547708857,75.81994675933797,77.60204326217962,36346870
2009-03-20,77.3347396850586,78.45259583876765,76.54899766203454,77.48864970032831,25116640
2009-03-23,82.91188049316406,83.40195261289885,77.86531435705834,78.16908021280759,41955060
2009-03-24,83.61661529541016,87.889589669759,83.02933586313638,83.83937816424016,49523400
2009-03-25,85.05037689208984,85.82396244050872,82.80655669872192,84.1633797581131,44390960
2009-03-26,88.7401351928711,89.50967289502887,84.91268043492812,86.16824845437733,61469300
2009-03-27,91.07305908203125,91.8588011281306,87.91794693727063,89.50967714354059,47121700
2009-03-30,82.81468963623047,90.64375058771284,82.13830493809081,89.99571416140257,36695200
2009-03-31,86.43960571289062,87.88958204773638,80.6073041227894,83.60040991859229,57944790
2009-04-01,87.27801513671875,87.86529460384416,82.89163507431968,87.17270567604108,41162770
2009-04-02,92.91590881347656,94.77495451496128,89.19376324349084,89.19376324349084,54598560
2009-04-06,91.1094970703125,96.71904189196638,89.78102832958282,95.22046502737723,43532540
2009-04-08,91.02849578857422,92.26381142796053,86.70287323769833,88.29460325654807,40749110
2009-04-09,92.3691177368164,94.12285996787367,90.18605409762694,93.17105784219792,51455970
2009-04-13,98.65504455566406,99.63519491853135,93.55987815520628,94.02970413480172,38229470
2009-04-15,104.88428497314453,106.11555286419902,96.04672573071893,96.41529650061658,46068910
2009-04-16,102.1341781616211,106.99847973432234,101.25528304639424,105.71051550043558,44285690
2009-04-17,105.69432067871094,109.76073667162625,103.41405570237727,105.22449463998434,41972610
2009-04-20,104.87211608886719,108.70766660627228,103.2884881997158,106.11553389911013,31771450
2009-04-21,101.5631103515625,104.09044477642946,100.4979088351345,102.9239817833935,32374050
2009-04-22,99.74456024169922,103.52340830905544,99.06817566348805,102.46224869462125,26714150
2009-04-23,102.54729461669922,103.75830376599004,97.32251865142356,99.90655528029939,23673550
2009-04-24,106.20870971679688,107.33061394875426,101.98433554657872,103.24395167823923,32576230
2009-04-27,103.53961181640625,107.73563139149066,102.46630818625083,104.41445284809802,39037480
2009-04-28,100.08882904052734,105.18400225479999,99.63925529692284,103.36140081899502,26923940
2009-04-29,103.57201385498047,104.65342581497659,100.60725593075298,100.85027110426206,26359680
2009-04-30,103.57201385498047,103.57201385498047,103.57201385498047,103.57201385498047,0
2009-05-04,110.6720199584961,111.2188009372056,107.14023533219869,107.35084186284568,26068980
2009-05-05,108.96688079833984,112.27185447557127,108.19734317620131,111.38080310661313,33063880
2009-05-06,107.1240463256836,111.54282881600594,106.12769769879962,109.6797289440797,31127410
2009-05-07,110.93528747558594,111.6805248879499,108.140644089155,111.6805248879499,22238920
2009-05-08,107.29415893554688,111.38082103124322,105.79962983907008,110.9555537495936,29102550
2009-05-11,101.91951751708984,111.2998022472324,101.02037010868813,108.95068462325303,47713180
2009-05-12,104.91263580322266,105.30550684239142,100.44930066738874,101.25529504076098,36138280
2009-05-13,102.17874145507812,106.11554776742527,101.66031484589215,105.30550541805562,32428530
2009-05-14,102.66071319580078,103.35329591364355,98.78060976874157,101.23098900549165,30001780
2009-05-15,106.39905548095703,107.3265449665285,102.63235156692002,102.63235156692002,31352870
2009-05-18,127.70721435546875,136.73513900509104,117.05110917668256,117.05110917668256,586240
2009-05-19,142.077392578125,149.3556241579058,121.50636202621264,133.49499221818556,88024960
2009-05-20,144.2806854248047,147.42769523886216,138.67923612626143,140.9473569866045,42963400
2009-05-21,138.69544982910156,144.10652670339934,137.70719718985902,142.56745120832463,33942350
2009-05-22,140.2993621826172,140.93930269603695,135.7631314806131,136.6541708376633,27543220
2009-05-25,139.5176239013672,141.16606280496956,137.30215790913084,140.68812849573337,19427370
2009-05-26,136.85263061523438,142.60797888638942,135.27709208289755,138.19324991022853,23269550
2009-05-27,145.2324676513672,145.78330280145022,138.52937306499808,138.52937306499808,24888350
2009-05-28,148.20127868652344,148.80475619671668,143.17496513176368,144.18751792618917,33875450
2009-05-29,151.38478088378906,153.27218130126954,147.99475516193405,148.3187795625146,27538230
2009-06-01,152.02471923828125,165.22435947454133,149.26652568553337,165.22435947454133,24863020
2009-06-02,154.46694946289062,157.22919633792105,147.32642547527178,152.28793396206788,29940300
2009-06-03,152.25152587890625,156.33009246608913,150.50588543721133,155.12312479993415,22318310
2009-06-04,152.5228729248047,153.52732991669865,149.1288057656449,151.072902516116,18597230
2009-06-05,147.2373504638672,153.74604385450368,146.61766854701554,153.50302867215166,29529250
2009-06-08,137.37913513183594,148.23775198662514,136.43542886000847,148.15674280646067,29202040
2009-06-09,142.85903930664062,143.7824868970903,136.0060770278468,136.88903239752156,27424340
2009-06-10,144.6833038330078,148.2329533304142,143.3120277094576,145.27628606477379,24852900
2009-06-11,139.47413635253906,145.36276456450688,138.36229148349662,145.36276456450688,24158870
2009-06-12,134.62319946289062,141.9366251650926,133.91491591370277,140.8330243644933,26690980
2009-06-15,135.2244110107422,137.86811158573522,132.59717308609493,134.16197941873256,22146030
2009-06-16,141.19126892089844,141.82131083816367,131.68710513514137,133.12425669908774,26333860
2009-06-17,136.90867614746094,141.4919294588149,136.1180288842152,140.75069529322602,19302210
2009-06-18,140.28121948242188,142.37311962817125,136.63273178972096,139.82824526771972,30383330
2009-06-19,142.03549194335938,143.7156000187218,138.12346271648872,141.26955126519923,21372910
2009-06-22,139.63059997558594,144.95096478049223,138.85644060625833,142.56257322848683,23360990
2009-06-23,140.6641845703125,142.0683983636167,137.08159771694034,137.95047377336692,20581410
2009-06-24,141.38897705078125,142.48022481415475,139.59767691329034,141.98606871867054,14681970
2009-06-25,140.3388671875,143.30377796526906,140.00943824192956,142.4801930344342,24184620
2009-06-26,144.0656280517578,144.86861599481753,139.18588375581228,140.82482265075288,24410100
2009-06-29,145.37510681152344,146.5981310479425,142.93728966465665,144.5350465867836,23879140
2009-06-30,143.7402801513672,146.85343025340234,142.7355055081803,146.84519892799912,23204390
2009-07-01,146.5610809326172,147.7511548101106,141.74722524919,142.56257898308002,17933070
2009-07-02,144.90567016601562,147.42171633162576,142.66551794042806,147.00992382790614,15760670
2009-07-03,149.04006958007812,150.05719764695885,142.56258102981064,143.63323157018118,20745030
2009-07-06,136.17979431152344,151.53141928370584,134.5037957031184,148.24531037953824,38145200
2009-07-07,134.76734924316406,139.7623951051144,133.35078180349282,138.3623028869031,35622590
2009-07-08,130.18406677246094,134.2361028353974,129.01045581626929,134.2361028353974,38775930
2009-07-09,132.1071319580078,133.81606807433835,129.3110577656,130.53820376355245,27925520
2009-07-10,127.1326904296875,133.25604228616797,126.0908560107781,132.5148083195982,18080560
2009-07-13,127.37154388427734,129.6322808070452,124.41075464784099,126.42030416448374,19032760
2009-07-14,130.34056091308594,130.94589640626103,129.05166091128982,129.3028483106044,15304860
2009-07-15,134.8208465576172,135.71031976385436,130.6205710784458,130.9500000139818,14263530
2009-07-16,132.11949157714844,136.71509694638735,131.38237955379344,136.05622649591461,17090780
2009-07-17,137.864013671875,138.6093570865383,133.17369109612122,133.42076910785104,18382380
2009-07-20,141.8995819091797,143.25438280869352,135.15030909109555,138.3622856965733,22836640
2009-07-21,140.960693359375,143.3037937510598,138.3622836217129,141.8213381988737,20470230
2009-07-22,139.507080078125,143.88031496383607,138.62172860588615,141.65663769937925,18256050
2009-07-23,142.2454833984375,143.30379316285376,140.21534934468883,140.8330381083218,16199720
2009-07-24,139.89414978027344,143.71146176331916,139.27646102507387,143.30379120629863,16009690
2009-07-27,140.94009399414062,142.31547932801223,139.59764652823995,140.83302393114474,13469350
2009-07-28,138.5064239501953,143.3696928635841,137.71577674048484,143.3696928635841,18234730
2009-07-29,136.44744873046875,138.3540500349275,133.52784138478088,136.05624082485693,22374180
2009-07-30,141.88723754882812,143.6332339089749,135.8997704574851,136.79336580484613,35454850
2009-07-31,149.20477294921875,150.07778361685402,143.30379187639272,143.3861554042351,37298300
2009-08-03,152.1202850341797,153.51625522214286,148.3276792264866,149.8924858653494,20452310
2009-08-04,152.976806640625,155.49286559444764,151.23493223950499,154.01040993728407,21143620
2009-08-05,151.83201599121094,154.3151243753154,150.73664638387206,152.7791463239933,16060330
2009-08-06,147.9694061279297,152.77503054263335,147.33936405181845,151.7867309716427,21399520
2009-08-07,143.57559204101562,148.24531805161206,141.65663724931818,145.83221973988935,18468450
2009-08-10,140.91127014160156,148.02704371377945,140.0094436024565,148.02704371377945,15173500
2009-08-11,142.41844177246094,144.53917068074801,140.47478062701208,141.32719413682875,14983390
2009-08-12,140.23593139648438,141.64838922785776,137.64987498905066,140.76302529586863,18132910
2009-08-13,148.04762268066406,149.06887251924772,142.11781369051772,143.30377800192875,17255080
2009-08-14,148.3070526123047,149.47243231673366,146.68047992824756,148.65707871823628,18003360
2009-08-17,141.1171875,146.72167797549056,140.4665482448942,145.98457837204143,17764560
2009-08-18,142.84669494628906,144.95094842108114,140.67654060182227,141.1171615576831,17143070
2009-08-19,139.27642822265625,143.91321474104174,137.53866376463046,142.97432855694151,17077320
2009-08-20,144.38681030273438,145.3627565441809,140.82480759201678,140.83303891815825,13086470
2009-08-21,146.25634765625,146.85343924070327,141.6936797218437,143.79794593022407,16561130
2009-08-24,147.43821716308594,149.48070481761604,146.50756192159744,147.42174194134034,13407320
2009-08-25,143.92971801757812,146.72579276559296,143.38616143843754,146.51577455759357,19068840
2009-08-26,143.2790985107422,145.9969318097069,142.73965128441128,145.9969318097069,14059340
2009-08-27,144.44036865234375,145.69220904104128,141.82136132198343,143.30381711587492,14964560
2009-08-28,146.7422637939453,148.16294041661092,144.9509638578877,148.16294041661092,17242710
2009-08-31,143.5426025390625,146.08748935729255,142.97433953070453,145.36273064484823,13536820
2009-09-01,142.7437744140625,146.6805101549922,142.15079214148713,145.03333996826308,14452090
2009-09-02,142.84254455566406,144.12733478648428,141.2447880907546,142.56252874985069,10257870
2009-09-03,143.88027954101562,144.69563311624086,143.0731698576131,144.0449940076619,8141010
2009-09-04,145.1527099609375,146.10807141677816,143.55907526390155,144.31677182880384,11168520
2009-09-07,149.34478759765625,150.048949235501,145.8569047112211,145.98866875692278,15435350
2009-09-08,155.9911346435547,157.30063193467777,149.7277734854865,151.12786564016022,33064000
2009-09-09,156.0487823486328,157.11532348016982,154.09276785521976,155.65757442318596,15133650
2009-09-10,154.96165466308594,158.5401329551406,154.10100973507312,157.30887724269286,15544830
2009-09-11,158.1694793701172,160.4096312583145,154.5333450724431,156.435836709297,15730190
2009-09-14,161.1302947998047,161.78916532936324,157.35415195265256,158.86954537380012,20335210
2009-09-15,165.37997436523438,166.35593311381822,161.42677655089363,163.8687029782165,21787620
2009-09-16,171.8574676513672,172.8704736072388,165.95236514888745,168.83079048824763,25738170
2009-09-17,173.10108947753906,176.4695616824703,171.58981803817812,173.77643521047372,31467900
2009-09-18,176.88958740234375,178.0590766082494,171.26450027728984,171.71747454606913,39998710
2009-09-22,178.77969360351562,179.95330462532337,175.423587575258,176.24717249345173,18926230
2009-09-23,176.383056640625,180.17155225166823,175.83537820516335,179.95330275329366,17880240
2009-09-24,178.49559020996094,179.36858838082864,174.1841218294193,174.68239984915363,26885360
2009-09-25,176.1236572265625,178.96502296237065,175.42360494999812,177.07077494952864,12405000
2009-09-29,172.29397583007812,178.47086319898804,171.71746885569513,176.35013438237755,20299040
2009-09-30,180.77276611328125,182.7534868199217,171.73392925046386,172.95283140064834,29648950
2009-10-01,182.07403564453125,184.07123161051027,178.74263611513518,180.4927540890606,29251450
2009-10-05,175.68304443359375,182.42408596052653,173.9246823342216,182.42408596052653,32553460
2009-10-06,177.78318786621094,178.50793415054108,172.8993220804098,177.84495423037114,30294870
2009-10-07,173.09286499023438,180.32394057932774,171.7998430223762,178.31439108679422,26530130
2009-10-08,174.26649475097656,175.80248552632585,172.67285955192898,174.18825315909828,19955940
2009-10-09,170.2803497314453,175.41951296491783,168.5878757330632,174.71122924146977,35045440
2009-10-12,178.94032287597656,179.9533289435141,170.21854786282813,172.84578611760614,29287260
2009-10-13,178.94032287597656,178.94032287597656,178.94032287597656,178.94032287597656,0
2009-10-14,187.15557861328125,188.2715453919679,179.12974641046287,179.97803799730673,27478890
2009-10-15,191.78823852539062,192.71066228818844,187.3655910138593,189.33395869809775,31846380
2009-10-16,201.47769165039062,203.75490344326656,190.24811583094956,192.2247146050272,51979710
2009-10-20,203.49551391601562,205.81389523349088,201.50242707230134,202.60191862354037,23720870
2009-10-21,196.51564025878906,203.42551871153688,196.01325284755376,203.42551871153688,22230480
2009-10-22,191.4629364013672,196.40032467414127,190.6681672902336,195.41613452333345,19938160
2009-10-23,193.91722106933594,195.98853698464464,187.16382611652406,189.63458128708285,17689410
2009-10-26,189.87750244140625,195.51082017792984,189.01273577740898,194.7778301148463,16560360
2009-10-27,181.41519165039062,192.6365379435525,179.94097994205072,189.01276875454334,55845720
2009-10-28,182.2552490234375,183.86535927675706,174.32412110578804,182.72880790572904,53992560
2009-10-29,180.8798370361328,183.11175768620055,178.11259121784394,178.11259121784394,36680960
2009-10-30,180.4516143798828,189.34221425117192,179.58273810952878,182.42410426299674,39272250
2009-11-03,173.19993591308594,180.11804520185916,172.1292728508707,180.11804520185916,29840820
2009-11-04,178.82504272460938,179.95335032767778,169.44440862668057,175.42363212720994,36301530
2009-11-05,176.18544006347656,179.35212568904734,171.66395346786814,179.35212568904734,31956440
2009-11-06,181.6004638671875,183.32587517549592,177.48253951645762,177.8943319515306,35324450
2009-11-09,190.92349243164062,191.48352423384188,182.0122961534583,182.42408867869239,29647600
2009-11-10,195.0990447998047,196.16970778384058,191.48350725158025,192.55417023561614,41833010
2009-11-11,195.86912536621094,196.38386605757958,191.89532974222735,194.77787761389172,22420760
2009-11-12,188.9015655517578,195.86908715333178,187.4479386256031,195.18963208666503,22259290
2009-11-13,189.4163360595703,192.1424006490752,186.34024529955647,187.44796823158106,21043670
2009-11-16,193.171875,195.40378343658142,187.16382359909778,187.16382359909778,18478550
2009-11-17,193.604248046875,194.36606671156295,189.14454064731925,194.34959149225932,19729730
2009-11-18,191.71409606933594,194.27956761115502,190.6599083804039,193.34479068707327,14662960
2009-11-19,187.8885498046875,191.8211755179318,186.95790734796546,191.81293162553277,16901590
2009-11-20,192.302978515625,193.21304900281785,184.5654063696185,187.85974642036112,26760130
2009-11-23,191.0717315673828,193.2954086886211,189.9104736310225,193.2954086886211,21826520
2009-11-24,189.8816680908203,193.54251011207936,189.25986984851363,191.07175466384007,23249160
2009-11-25,191.24468994140625,193.04833064424366,189.44926799806842,189.7539904450797,15058220
2009-11-26,185.6895751953125,191.84587763910307,184.93600050581196,191.84587763910307,19342730
2009-11-27,184.7218780517578,186.87143545018046,176.4942717694825,182.9717598895123,26620130
2009-11-30,184.4459686279297,188.78214287860234,182.71232583027302,187.77736823619628,27829100
2009-12-01,188.7327423095703,189.25983620883076,184.7383500181287,184.97719670647587,17561300
2009-12-02,190.1616668701172,193.68248780678744,189.5563313772363,190.23166455940589,17971870
2009-12-03,193.91722106933594,194.72433090631682,189.8363556046004,191.81295471428317,24354640
2009-12-04,191.7346954345703,195.60143295177568,191.1705417333939,191.89530053795255,21757810
2009-12-07,191.2158660888672,193.5219067976251,189.94753804394045,192.3071137929396,18355880
2009-12-08,190.02577209472656,191.8664851553542,187.68267165878257,190.6269982199957,24811510
2009-12-09,188.92214965820312,190.98934334198813,187.4479381390011,189.23511595809663,18696060
2009-12-10,189.17335510253906,190.4128419328695,187.03615110696998,188.6009575181296,16619380
2009-12-11,186.66140747070312,191.48349365233176,186.13019167925583,190.2481162739296,20011940
2009-12-14,185.05133056640625,188.1850657117088,184.5365898999444,186.70673202565968,19594840
2009-12-15,179.5827178955078,186.13021635570018,179.12974361665837,186.13021635570018,28383370
2009-12-16,177.28492736816406,180.3651402230012,176.7413707430023,178.67678822351317,27712020
2009-12-17,178.40496826171875,179.41798680074476,175.0323868782873,177.1695908338511,28004020
2009-12-18,176.68780517578125,179.62388761485235,175.50596275038447,177.24372754586628,18490050
2009-12-21,176.72073364257812,178.46262029165584,175.8436136824094,176.9883962311453,12814370
2009-12-22,178.3843994140625,179.17092462060884,177.48257280674503,177.48257280674503,9524630
2009-12-23,182.01226806640625,182.42406052809494,178.79616994597018,178.79616994597018,14132130
2009-12-24,182.75762939453125,184.07124848189127,181.29164909206406,184.07124848189127,11181160
2009-12-29,182.8441162109375,184.27715875168656,181.83523204395183,183.2559087444608,8265300
2009-12-30,183.1900177001953,184.3059844975832,182.1976087680798,183.00059665633336,11239390
2009-12-31,186.87142944335938,188.08210038556135,183.5770894791439,184.07124550054007,24604130
2010-01-04,188.69979858398438,189.42455743383817,187.3655948530356,187.3655948530356,11031470
2010-01-05,188.76979064941406,190.248124131934,187.78560059851998,190.0834096547254,11613740
2010-01-06,189.90223693847656,190.65993365490746,188.18917857514623,189.17747809366867,14527930
2010-01-07,188.83978271484375,190.24811847193294,187.867958531389,189.91868952731645,8576510
2010-01-08,188.27565002441406,189.74575230153204,187.7856159320414,188.930398607445,10453820
2010-01-11,186.72317504882812,190.4704889678989,186.39785548498446,189.17745460458895,14145340
2010-01-12,181.45223999023438,186.9537813566304,180.87572047877936,186.70670336127952,22917720
2010-01-13,179.203857421875,180.77690779046083,177.73787712487234,180.77690779046083,21719690
2010-01-14,177.67611694335938,181.10634306374595,176.70428007320086,180.20040707092454,20723990
2010-01-15,176.52308654785156,179.40974326453423,175.98362684172218,178.55322044228575,20611920
2010-01-18,177.59786987304688,179.79271838066506,176.47779376421678,179.12973848413935,19222170
2010-01-19,178.9732666015625,180.11804932732036,177.64729415803774,178.70148202491214,12277070
2010-01-20,177.88201904296875,180.08511158387725,177.2808054700797,179.87097142622943,16830720
2010-01-21,174.9376983642578,178.00143566590225,173.96586149892042,177.8120020617734,19265470
2010-01-22,171.91099548339844,173.48815504552502,169.08609272715844,172.9651831554373,27193180
2010-01-25,172.2610321044922,176.00010226859536,169.29199929525527,169.29199929525527,15378040
2010-01-27,163.69985961914062,170.3503054768688,162.33682755276737,169.65849714534397,38068910
2010-01-28,164.9846649169922,172.95285241671573,163.97578081804065,172.95285241671573,27952460
2010-01-29,169.37847900390625,170.26795223257554,161.01497508046094,163.89340037723323,46487190
2010-02-01,166.46713256835938,176.90607586246614,165.99357366565346,176.90607586246614,22047160
2010-02-02,162.9339141845703,168.4395768912283,162.58799748899875,167.20419961732483,24086260
2010-02-03,164.61814880371094,166.0264719022128,163.3580649505639,163.58866771016545,30450710
2010-02-04,160.42611694335938,164.4452157728575,159.7754903214905,164.3875713575346,35357120
2010-02-05,157.1064910888672,159.7721202191258,154.23390325366154,159.7721202191258,26878830
2010-02-08,160.3143768310547,161.2456911532865,155.93513548715654,157.2886410880335,18885130
2010-02-09,161.45262145996094,162.09005779848482,159.35820040799638,159.85490634508764,13836980
2010-02-10,158.2696075439453,163.08346933237559,156.87470780956943,163.08346933237559,19731930
2010-02-11,158.749755859375,160.59996732845508,158.19925122006276,159.26715266133522,12427940
2010-02-15,156.8747100830078,159.3582147281214,156.15449777808738,159.3582147281214,13325010
2010-02-16,158.99400329589844,159.35825275184152,156.8747475141505,158.44762911198382,8070150
2010-02-17,161.99485778808594,162.46258649129487,159.5444737484216,160.1860406933277,13468360
2010-02-18,160.7986602783203,162.2556451979711,159.5486214580309,162.08179430585668,13103230
2010-02-19,157.72740173339844,160.1032841441567,156.46495840955,159.35823769594447,15863020
2010-02-22,158.64212036132812,160.18603684006143,158.12886681774953,158.94428461649505,11528650
2010-02-23,158.2737579345703,160.14466027747935,157.83500644427855,158.52211093309126,10625770
2010-02-24,159.0477752685547,159.77213078376607,157.2886261601842,157.78533213760366,8173590
2010-02-25,158.41864013671875,159.7721457358039,157.57010173186444,159.35822825980438,21615960
2010-02-26,163.43943786621094,168.21604876506925,158.53038298379477,159.35821788188244,43215190
2010-03-02,164.46180725097656,166.47759575000663,163.43115689026408,164.78466234178757,19347350
2010-03-03,167.4213409423828,167.71107558909029,164.66464910717315,164.66464910717315,15843680
2010-03-04,168.2740020751953,169.2674014194885,166.56037778508923,167.47100121921682,14301070
2010-03-05,169.474365234375,170.45120437328086,167.31371559553585,169.29224054207756,12685070
2010-03-08,171.02655029296875,174.88012069949872,168.30710964478894,170.5339875223514,38664790
2010-03-09,169.2591552734375,172.0241212335477,168.26161254953115,168.26161254953115,14305280
2010-03-10,168.65066528320312,169.72270993255844,167.75245888414446,169.72270993255844,12767630
2010-03-11,169.3543243408203,169.93794946871174,167.08192155296763,168.87832179348933,11979800
2010-03-12,169.53231811523438,170.7533797498902,168.76658087263783,169.04389851407572,12033430
2010-03-15,166.81698608398438,169.27152586734678,166.48585721652145,168.8369050180755,8997490
2010-03-16,166.87911987304688,167.63658332119076,165.36831093030028,166.97845602840758,12857170
2010-03-17,167.82696533203125,169.04388364261294,166.86254323384983,167.22679261004546,10777370
2010-03-18,168.021484375,169.74752546246216,166.43618631715884,168.05046162414294,14269070
2010-03-19,170.40570068359375,171.01830314575957,168.3236961137944,168.87834406132188,12889130
2010-03-22,168.95697021484375,170.02074112626454,166.39482010860098,167.6489895160895,11151560
2010-03-23,169.5861053466797,170.2566495568142,167.10674400305064,169.04387452827424,13650500
2010-03-25,169.6688995361328,170.66644208346037,167.65312362215766,169.26325589704595,13646480
2010-03-26,171.5977783203125,172.02411283336798,169.29639806688067,170.10767281728772,13422710
2010-03-29,173.43557739257812,174.25926918337203,171.61019968413353,171.775764159381,11231550
2010-03-30,172.40074157714844,175.66241273408625,171.77572225641475,173.4355350847172,11929880
2010-03-31,172.04066467285156,173.75427644387065,171.6391642184634,172.60358637331888,9997220
2010-04-01,174.06053161621094,174.50756945917703,171.80054626445641,172.18962961113746,7681450
2010-04-05,177.0117950439453,177.33879336648133,174.2592465265872,175.08708142695104,11075350
2010-04-06,175.7948760986328,177.79823503450874,174.84701423598563,177.479523146446,12359300
2010-04-07,174.74769592285156,176.7427814049941,173.51422979503087,176.35369792484977,13004150
2010-04-08,173.50592041015625,174.65661046065702,172.81468531554617,174.25925323008892,11497010
2010-04-09,174.35031127929688,175.914918757327,173.31137442282625,173.84533147782903,12367190
2010-04-12,173.18307495117188,175.08709792780246,172.18967550346528,175.08709792780246,8614120
2010-04-13,173.34449768066406,174.83873365724665,170.78234757690257,173.59698126957906,17619090
2010-04-15,170.04141235351562,174.59450392140496,169.54057581793978,173.567984184121,13016220
2010-04-16,169.51577758789062,170.10767658511267,167.6572794112232,169.70617610223456,9466180
2010-04-19,168.25328063964844,169.28394355987277,166.56035998185445,168.87415674243746,9250600
2010-04-20,173.70870971679688,174.3916708568075,167.30540744266776,169.07697329620268,24993280
2010-04-21,174.32546997070312,175.41820544018157,172.73602852216135,174.67315910334435,15633000
2010-04-22,184.0359649658203,186.1717804118467,172.36350106579013,172.36350106579013,65306760
2010-04-23,187.14035034179688,189.90531580036352,183.03429642416359,184.60717763833418,31784560
2010-04-26,186.3911895751953,188.66359262218342,185.5261035106192,187.4218401144505,12145600
2010-04-27,183.59722900390625,186.67677594128318,182.87701665995405,186.4284229369608,11094760
2010-04-28,184.78932189941406,186.41601457403073,180.6749811127883,182.45482123484982,18684250
2010-04-29,188.2496337890625,189.16025714750822,185.0210830304949,185.43500044219624,21393940
2010-04-30,190.4600067138672,191.96665986276042,188.7463821808229,188.7463821808229,19146310
2010-05-03,190.16612243652344,190.81597597199845,188.5021785600798,189.57422341686615,13160890
2010-05-04,188.75462341308594,191.71827375174962,188.17514153273441,190.8159367786481,13397620
2010-05-05,188.43177795410156,189.16027671622166,185.47641389733397,187.0906894436153,16717010
2010-05-06,191.3623046875,192.05768292162898,187.28107235690163,188.74634356091124,17751300
2010-05-07,184.2884521484375,189.72317710589775,183.6427420023678,188.3489809111958,16085350
2010-05-10,191.05189514160156,192.47990287502185,185.61301336649305,186.26286684466217,14791690
2010-05-11,189.3961944580078,193.62643094111246,188.84154663817307,191.5609744523598,18377970
2010-05-12,192.4053955078125,193.63058768383186,188.91193104559082,189.57420152486787,20204040
2010-05-13,191.8714141845703,194.45839804873376,190.91526595891608,193.05108135298028,17762910
2010-05-14,184.13116455078125,193.20837042822046,183.08395399631948,191.64376310511636,33008880
2010-05-17,186.324951171875,188.08410046259468,177.26843468468846,182.9515262348467,25703050
2010-05-18,188.74635314941406,190.2364584637873,184.7189318999115,186.08899761946859,18901340
2010-05-19,183.29505920410156,188.16687568498895,181.29584347444597,187.09068778641458,20415020
2010-05-20,187.71157836914062,188.911936542393,183.87042463567752,183.94492675092732,17039960
2010-05-21,188.01788330078125,188.74638215124745,182.98051434215296,183.94493657017077,15706440
2010-05-24,184.7064971923828,191.31262801480077,184.0235360062991,188.91189950718737,15195470
2010-05-25,178.4066925048828,183.77934548565764,176.99110191749398,183.77934548565764,17355820
2010-05-26,179.9381866455078,180.96470642487787,178.11695247003507,179.78916980139007,16500270
2010-05-27,183.72967529296875,186.09728355509947,178.58881513006415,179.64016896458318,21781920
2010-05-28,185.38536071777344,186.9913625418002,182.38445902412556,185.7661577209755,13567960
2010-05-31,187.81919860839844,188.29105796417306,184.60719494124882,184.60719494124882,11989040
2010-06-01,182.92251586914062,188.4152079210913,182.2975091768124,186.35389469552933,14423360
2010-06-02,186.94580078125,187.67015626843767,182.9515001925381,183.13362486842874,12342500
2010-06-03,189.35067749023438,190.89459416163712,187.508752374473,187.508752374473,12587190
2010-06-04,193.77545166015625,194.3756370152635,188.6635686271222,189.5741920696798,19478740
2010-06-07,189.30516052246094,192.05770921656205,184.84313062826033,186.36220069418388,14925200
2010-06-08,189.0609588623047,193.00559208029367,187.8026461419169,189.408648041933,14018340
2010-06-09,189.7875213623047,192.83580868728296,188.5765584281362,190.83145712337347,18141760
2010-06-10,194.32655334472656,195.25774863759216,189.2446811612839,189.2446811612839,24496840
2010-06-11,195.4164276123047,219.65244381421812,194.2639184539824,219.65244381421812,15063270
2010-06-14,195.8423309326172,197.09087391122222,194.2555538177121,195.8423309326172,10187660
2010-06-15,197.44583129882812,198.29350662159726,193.75447600077476,196.25157491270338,15305340
2010-06-16,197.23703002929688,201.8554004563225,195.87573382524135,201.8554004563225,14141550
2010-06-17,196.33091735839844,197.26209990644983,194.050952468946,197.01155277379658,10331080
2010-06-18,198.1473388671875,198.76117355646852,195.4247592026559,196.2473810278372,15597620
2010-06-21,199.41676330566406,200.6653062696954,198.34777421567537,198.34777421567537,8879250
2010-06-22,196.63990783691406,199.9345623149704,196.26826060690993,198.34778513126264,8514510
2010-06-23,196.22235107421875,196.92805269748607,194.46436674768842,196.2599312339756,10849420
2010-06-24,196.8904571533203,197.5961587214463,195.25774015355492,196.25991589883523,12123400
2010-06-25,192.1510009765625,196.67750508454972,190.83146459371386,196.27245748366468,13022720
2010-06-28,192.3890380859375,193.29516730433625,189.99633243274698,191.0820283096057,10718170
2010-06-29,191.34506225585938,194.49774289580046,190.5099137161817,192.50173839570502,14208420
2010-06-30,192.25119018554688,193.08633872044788,189.99629168998513,190.39715941859814,10610400
2010-07-01,188.9315185546875,192.0006798130049,188.24251068687803,191.34091795127338,14219900
2010-07-02,189.1653289794922,190.40552510291664,188.52226101906876,189.1611491588113,8907340
2010-07-05,189.7875213623047,191.5830857740004,188.2049111803846,189.16950680414365,6192550
2010-07-06,193.1531524658203,193.67094048047895,189.44092384832277,189.82926485931674,10143910
2010-07-07,192.4265899658203,193.67095321101868,191.332547350234,192.83580461977954,8912210
2010-07-08,196.82785034179688,197.66717890940728,193.33693470030542,193.33693470030542,17562290
2010-07-09,197.8383331298828,198.6442483962791,197.10339835167204,197.51262571560397,9803290
2010-07-12,200.494140625,201.43784992508668,197.93440799803605,198.35198231908447,14948170
2010-07-13,202.86595153808594,203.5340729735208,199.60886431909955,200.51918598726584,17615470
2010-07-14,205.82235717773438,207.03332002408573,203.52569866993312,203.52569866993312,18159640
2010-07-15,203.76373291015625,206.53225257479733,203.27516536913166,206.32346542353758,8162390
2010-07-16,204.5278778076172,205.84324698790942,202.78242037083527,204.19382348004325,9528070
2010-07-19,205.0498809814453,205.69712887473045,202.6070812106273,203.6885972558955,7630370
2010-07-20,204.5278778076172,205.85577370660954,203.79712281561294,205.04984565904877,5076900
2010-07-21,203.5048370361328,205.70544900284676,203.27516352581597,205.07490773388614,5055340
2010-07-22,206.8036651611328,207.73486040660936,201.91804091712666,202.7030826138181,11585880
2010-07-23,208.5198974609375,209.1003318578933,206.78279957767958,207.20037387994196,14843460
2010-07-26,201.28335571289062,208.98342745149537,200.61106715194677,208.62013981984424,15780730
2010-07-27,203.3712158203125,204.3525179981147,200.48577580715465,202.10178634895652,23112370
2010-07-28,206.3902587890625,206.9498067708723,202.36901660755143,203.32943231269337,16576370
2010-07-29,206.53640747070312,207.35068240993223,203.45054018363587,205.61357188470427,15800230
2010-07-30,209.02931213378906,210.62444882472067,204.64896233595505,205.44653068142088,26944870
2010-08-02,215.9986572265625,217.13862686183944,209.78931694245986,210.4532585223155,20585770
2010-08-03,217.18455505371094,218.53749165798604,215.3848109064936,217.0509282242291,16001370
2010-08-04,216.73361206054688,217.97379556028443,214.8837353902232,217.96961573920024,9779810
2010-08-05,220.95523071289062,222.37496778059423,216.30344774685304,217.13859619375208,22437960
2010-08-06,218.7546844482422,221.72363211943826,217.80678246706677,220.06169427289905,12794400
2010-08-09,221.38536071777344,221.7444939876591,218.4748800643164,219.22650871112629,8402850
2010-08-10,219.61483764648438,223.40223941801383,219.14715649262095,221.32272766291715,13309390
2010-08-11,217.10523986816406,221.06386187216074,216.35361116683026,219.2265246140429,9961780
2010-08-12,232.53878784179688,233.42404335547806,215.15934679584132,216.2951367052007,64002190
2010-08-13,238.0382080078125,240.49772658000308,232.5053489188847,232.5053489188847,40721170
2010-08-16,235.62884521484375,238.40151927904398,234.6391706467628,237.76682365521458,15501900
2010-08-17,235.3824462890625,238.52261302209084,234.80619174525228,235.92946757494482,12544710
2010-08-18,235.06927490234375,236.73957208415976,231.01043949744042,236.134084258409,15230490
2010-08-19,234.317626953125,235.91276368867804,232.39261572657122,235.09848878232074,10875610
2010-08-20,232.74755859375,236.65604781109727,232.179663679102,233.84160118894707,9755310
2010-08-23,235.78335571289062,237.39100668927557,231.3779261404551,233.00647622271902,13250210
2010-08-24,237.6665802001953,238.42656849363865,233.54930367004337,233.54930367004337,19905960
2010-08-25,235.80838012695312,238.39316593187118,235.0943189350781,236.8481360031616,9216230
2010-08-26,239.3660888671875,240.92365821373878,235.92946080623523,236.3470350731489,22642910
2010-08-27,233.37388610839844,239.3117793848482,232.5888445224202,238.98608474075962,12367930
2010-08-30,233.84156799316406,236.388760592692,232.70577832510295,234.39694885342615,9183040
2010-08-31,231.03555297851562,233.00649171423086,228.96437498806017,233.00649171423086,13063890
2010-09-01,231.87901306152344,232.69746789780893,228.6010648687659,231.75374586380465,11380730
2010-09-02,230.42588806152344,234.24252385636174,229.74941963236418,233.00231474509212,10757500
2010-09-03,231.6201629638672,232.9229930407253,229.77867109127382,230.63887332774704,6371210
2010-09-06,238.77734375,239.85469260042802,231.75374083423964,231.75374083423964,15331120
2010-09-07,236.93580627441406,239.05709071077933,236.19671714452068,238.94018316780128,8915520
2010-09-08,241.85069274902344,242.69420103518218,234.60996827835868,235.93367174277208,24261960
2010-09-09,249.21253967285156,250.10197505183777,241.94673599607518,242.19311606967995,32230550
2010-09-13,262.9507141113281,264.40804429879387,249.79712403734564,249.79712403734564,49114260
2010-09-14,259.693603515625,264.40803334402625,257.43453792495376,263.41002472009376,24448530
2010-09-15,255.58059692382812,260.9589574594975,254.16501353186624,259.3972332161167,18165620
2010-09-16,258.4617614746094,262.4036633304909,255.55543558102173,255.80596993102537,32196770
2010-09-17,258.29058837890625,262.23667076725303,257.22577896915266,262.23667076725303,13313900
2010-09-20,259.6393737792969,260.8753774590753,256.8082076467394,258.89607925362344,13964290
2010-09-21,258.7915954589844,261.31791412530106,257.7017329769264,260.14871153037075,9449940
2010-09-22,262.9632568359375,263.81512478821395,258.74576626009986,260.2156105838113,19799750
2010-09-23,262.190673828125,264.3244718999548,261.0882718095525,263.7398578179736,13751230
2010-09-24,262.3536071777344,263.90697142146587,260.8461445058832,261.8274594543047,10802760
2010-09-27,265.6315612792969,267.23503243814696,262.6542542596423,262.6542542596423,12317840
2010-09-28,266.4708557128906,268.07850648749957,264.1867111605709,265.49372068882946,14599770
2010-09-29,266.8884582519531,269.33543766180566,266.0950568455506,266.4124174081116,14836720
2010-09-30,270.6257019042969,273.48607526934643,265.1596438584795,267.1639951241624,30806190
2010-10-01,273.2730712890625,274.59677432145304,269.0012955251002,270.53796547007045,16451380
2010-10-04,272.2291564941406,275.594803666953,271.0223608890317,273.5111123999775,12102230
2010-10-05,271.2562561035156,273.51952716844426,270.35430682628356,271.8408703203951,9620340
2010-10-06,270.028564453125,273.75334526752863,269.2978094854175,271.8408479871923,7865720
2010-10-07,268.9095458984375,271.1644577855571,267.9157168172799,270.25414867924053,8527160
2010-10-08,271.2062072753906,272.91827757029716,268.500333377815,268.75086781769494,9432630
2010-10-11,272.6759948730469,273.38587622044133,271.0182372756633,272.09138070773133,6559420
2010-10-12,270.05780029296875,272.7427997987328,267.38116042837726,271.84085058697485,7547160
2010-10-13,276.06671142578125,276.8517531266762,269.1683760277217,270.5839589817866,15432970
2010-10-14,272.3795166015625,277.67435538781143,271.2729600569699,276.85174629383283,6700620
2010-10-15,264.3788757324219,274.01231997369524,263.0927394741975,274.01231997369524,14198900
2010-10-18,264.55419921875,268.03260036016434,261.639538688323,265.99483568676663,17299680
2010-10-19,260.28240966796875,267.5816001060975,259.37210077359094,265.9781291040289,11811670
2010-10-20,258.4242248535156,261.72725209280435,256.8917341910734,259.3136602197767,12889050
2010-10-21,266.8383483886719,268.0367846403493,259.4013508172538,259.56418543109345,12952060
2010-10-22,267.7652587890625,269.08480744914687,264.8255457844634,267.2474708920819,12025260
2010-10-25,270.5213928222656,271.62376979628107,267.91570732779314,267.999227299676,9432490
2010-10-26,265.6440124511719,270.0870084004125,265.07611761195693,270.0870084004125,14037350
2010-10-27,266.23699951171875,268.40003108505357,263.6271604290209,265.527118183883,8411000
2010-10-28,266.2746276855469,270.2541234605821,264.3329222569504,267.0805431197879,19709480
2010-10-29,263.1219482421875,266.2746294976383,260.403535136937,265.5939812659786,9741720
2010-11-01,267.11810302734375,268.7508073142154,264.59178362821507,266.82997574298844,8783170
2010-11-02,267.402099609375,270.5881941191911,265.30171376305503,267.16407915799374,12948750
2010-11-03,273.3107604980469,274.4298566517009,268.17457581452027,268.5002960277726,13392290
2010-11-04,286.74407958984375,288.04272946679134,274.4423322872584,275.43198127893476,19974730
2010-11-08,286.0509338378906,293.5547317457642,285.05710496886127,292.71958314904793,17527910
2010-11-09,273.3065185546875,279.6076995327075,272.35025723830177,278.10444247079215,39874860
2010-11-10,268.4668273925781,274.9225344179399,267.9991462754888,273.1770771261761,23510530
2010-11-11,265.239013671875,271.75734220690697,264.416379069385,269.0848820491075,23159970
2010-11-12,252.78277587890625,265.1596844312154,250.71577796591876,264.7629837429914,27246230
2010-11-15,264.19921875,265.1345809414201,251.37968487260997,253.21702166769106,38057580
2010-11-16,257.2759094238281,266.24539840860393,255.6724381740606,264.9008212198584,31881610
2010-11-18,255.97723388671875,259.81474284560636,247.62156779929342,259.56418296558576,43440440
2010-11-19,249.7887725830078,256.22358135881416,248.46088936184992,256.22358135881416,22096350
2010-11-22,253.8726348876953,254.7203229501515,248.92020980747554,250.64897352594826,22722140
2010-11-23,246.6527557373047,251.71375362490005,239.71685353895833,251.71375362490005,44970820
2010-11-24,238.10086059570312,248.5485517960774,235.03585415293207,246.83232761457484,34672020
2010-11-25,235.67059326171875,240.8568591028424,231.75374415933206,239.77117608164625,46879080
2010-11-26,239.08221435546875,243.00324403469827,233.15265285915567,236.438961303309,40665000
2010-11-29,240.50192260742188,242.2807931990435,237.265721790158,239.86302169632708,18550930
2010-11-30,249.89315795898438,250.53621318736216,238.45579209253555,239.88806884213517,31774970
2010-12-01,258.9085998535156,260.85866465598906,248.46088293811138,250.46105461656225,28775250
2010-12-02,258.82928466796875,265.04276726851475,257.81455661483295,260.8628696219976,20127970
2010-12-03,256.4532775878906,259.3136514714327,254.55329405166776,258.3114629135726,16717370
2010-12-06,246.56507873535156,258.0609111704668,245.11610818295148,257.20070915270037,31659450
2010-12-07,239.22837829589844,246.78646456242942,238.01740236985577,246.61942461169312,38866190
2010-12-08,234.25918579101562,238.85250315946692,233.17350278952145,238.01735454702123,34752920
2010-12-09,224.39605712890625,235.26134749359503,222.69234701751282,235.09430759546836,43130530
2010-12-10,228.20016479492188,229.2106874188801,221.77369049213823,224.1538689916927,52261980
2010-12-13,229.23577880859375,232.1713387242888,225.0725747704886,229.29006551306009,42073330
2010-12-14,233.2319793701172,234.2592214952073,228.87668175081373,229.5991027416506,24181790
2010-12-15,225.32725524902344,232.421838318544,222.98466961204483,232.421838318544,30594750
2010-12-16,230.74737548828125,232.08777257427818,223.6026604077633,226.24173283443886,45922940
2010-12-20,225.5277099609375,229.6658599691372,224.65496847890148,229.6658599691372,24810450
2010-12-21,229.14390563964844,230.91859648059332,226.26263266789954,226.26263266789954,19613340
2010-12-22,229.24412536621094,232.83943419960548,227.99558220818327,229.49883958849657,18938400
2010-12-23,229.35264587402344,231.16074942656854,228.42146349668124,230.08340077667165,11988360
2010-12-24,230.1126708984375,231.2526405734611,227.9955661543134,229.33180900201083,11545630
2010-12-27,229.7660675048828,231.44890408511395,229.2983863507173,230.8768293610595,10204450
2010-12-28,227.8703155517578,230.9186030443311,227.57800842524492,230.9186030443311,9764330
2010-12-29,230.10012817382812,230.7682623315611,228.099956494838,228.41313721313756,9241550
2010-12-30,229.63661193847656,232.20888367722247,228.98101728560457,229.74936514550163,21062540
2010-12-31,234.83543395996094,236.13408390004102,229.92057635417842,229.99991648966275,19624140
2011-01-03,235.68722534179688,238.184336415394,235.10681656750265,236.57248061630338,11060070
2011-01-04,228.46324157714844,236.7145135557641,227.75754001353758,236.7145135557641,31035310
2011-01-05,224.92222595214844,228.53007400304773,223.9868636026662,228.41314096600618,25213120
2011-01-06,219.00936889648438,226.65933341690362,218.23268678625715,226.65933341690362,37167080
2011-01-07,217.21798706054688,220.6462814111753,214.3951805727115,218.6335701255488,44430600
2011-01-10,212.72071838378906,219.97814945248217,211.79370287196554,217.12610967463937,29547190
2011-01-11,218.21177673339844,219.52712031592787,211.7101426664784,212.649684719732,34477870
2011-01-12,222.95960998535156,224.57144057417878,214.60812446391157,219.47702930875818,41769810
2011-01-13,213.8564910888672,223.31871275921253,213.37627048742334,223.31871275921253,28050330
2011-01-14,208.85397338867188,216.1364578044771,208.06893162825406,214.357612610387,26839080
2011-01-17,210.1400909423828,211.710174420297,207.95200564360533,209.12120861012232,16030680
2011-01-18,213.34288024902344,213.96507460140245,210.45744040005022,210.45744040005022,11847170
2011-01-19,208.9332733154297,214.28656538171413,207.7223105693597,213.95669090767234,22819750
2011-01-20,211.71437072753906,212.54533958833022,205.70546984319094,208.03554180246311,28013320
2011-01-21,216.87974548339844,217.72325373879968,210.62447778054107,211.20073236280547,29086400
2011-01-24,225.0767059326172,226.10810212106864,220.14515494209596,220.47920925271256,36693320
2011-01-25,223.64865112304688,228.6135906368357,222.81765678077082,226.241771453074,41470240
2011-01-27,221.60670471191406,226.48814970819504,220.68803607744644,224.5756521173554,29786890
2011-01-28,218.82147216796875,223.37301673565224,216.34107981210724,221.28932506123653,28302770
2011-01-31,220.67967224121094,222.5671163555469,214.71672410301304,215.46835279448817,26079810
2011-02-01,216.6417236328125,222.14952972188954,215.9026089590047,221.53152790773464,26786520
2011-02-02,214.9463653564453,219.94471736433235,213.79803606119475,219.2014483826786,21956200
2011-02-03,221.46054077148438,222.06602866113613,213.89827559952943,215.05078485448809,21769030
2011-02-04,220.96359252929688,225.07253461659883,219.64406903215396,221.14732623008499,29249880
2011-02-07,222.43765258789062,224.4712373689394,220.0240609252096,222.1244718661269,17458040
2011-02-08,220.3289031982422,224.23739241287362,219.14298100745478,222.48357530783278,25097770
2011-02-09,215.55184936523438,220.06164651138923,214.21560656611513,220.06164651138923,19473280
2011-02-10,208.29440307617188,215.8859003431805,206.80783967548226,215.3096458042947,28514130
2011-02-11,216.5206298828125,217.30567159012656,207.5386027906881,208.62011867696228,26488500
2011-02-14,225.33982849121094,226.06640378278914,217.97381083580976,217.97381083580976,26170250
2011-02-15,228.5634765625,230.58454751095684,222.99304933596974,226.32528429586887,28975160
2011-02-16,229.75355529785156,231.58668702930908,227.46941071801209,228.1918060714557,17009500
2011-02-17,232.21725463867188,232.8394363127633,228.8307329377369,229.83292152485078,16081310
2011-02-18,230.5886993408203,235.0734429719315,228.7972893913787,232.38426362417042,26082690
2011-02-21,233.16094970703125,233.7580778716442,229.2023536710212,230.617936603239,18315610
2011-02-22,227.77008056640625,231.92077001330924,226.65931868650594,231.6702101481975,19700870
2011-02-23,218.61270141601562,227.23559604627678,217.92369357620737,226.32528706446016,31528330
2011-02-24,211.17987060546875,220.47924635167018,209.81022731210933,219.17641648034746,37517520
2011-02-25,215.68968200683594,218.7922562361288,211.60997262621302,212.96290938442797,31609310
2011-02-28,219.6816864013672,222.3290933318086,215.77317137529866,216.30349892029187,26445970
2011-03-01,225.9369354248047,226.9933851781399,221.10141776899346,221.89899897525802,18161160
2011-03-03,224.02862548828125,227.08945242852974,221.7820735795828,224.65498697613293,28700950
2011-03-04,225.87844848632812,227.828513205398,224.90967311434474,226.158216113022,17552410
2011-03-07,219.15553283691406,224.18729818846464,218.0573103597538,224.18729818846464,15342560
2011-03-08,220.66714477539062,221.72359450533617,218.82562783279613,219.4770427238163,13918430
2011-03-09,219.42274475097656,222.56709131404412,218.57508221538453,222.12446359656533,15533520
2011-03-10,216.28262329101562,218.41224211995734,215.05077395451593,218.41224211995734,14394580
2011-03-11,214.2281494140625,216.7210556822189,213.29694141995512,215.29295875215297,13732700
2011-03-14,217.309814453125,217.89024880474568,214.28240099818032,214.84196173366078,12226670
2011-03-15,214.00682067871094,215.84415772410065,210.49501941895613,213.79803353658536,14295940
2011-03-16,220.80909729003906,222.03258688834654,215.15515063867093,215.15515063867093,18196070
2011-03-17,218.6001434326172,222.98467353011955,217.8652085955428,219.2265048751175,20404270
2011-03-18,216.32435607910156,220.64626527746253,215.46833388098656,220.1451710315597,11578130
2011-03-21,215.68548583984375,218.34961191584523,214.5162574091287,217.84015801616863,10688970
2011-03-22,218.8548583984375,219.819454003781,216.7210598603613,216.75447294035723,11912100
2011-03-23,220.70054626464844,221.1473283155833,216.7210511458252,218.63354848296737,12688430
2011-03-24,221.37704467773438,222.62558786592493,219.8194750717107,221.1473584033004,8893740
2011-03-25,226.39625549316406,227.07690365432475,221.14734338178226,222.81764061423294,15233710
2011-03-28,229.6032257080078,230.51356013825776,225.59452249964536,225.90770323425846,15428240
2011-03-29,231.16079711914062,233.25284852136565,228.92257941420425,228.9810459352888,15582890
2011-03-30,238.52676391601562,239.74609914323221,231.7787748805656,232.16293607532828,22426060
2011-03-31,230.9436492919922,241.23268651514704,230.3339816177793,240.4977516439626,48157790
2011-04-01,227.12278747558594,231.6701769420884,225.91601732476695,230.94360186215962,31112850
2011-04-04,230.77662658691406,231.67024180316173,227.68659172201518,227.7450582472012,15845550
2011-04-05,233.52838134765625,234.1505628544196,228.99771127837494,232.5470921303286,17637000
2011-04-06,233.62026977539062,235.84594782004385,231.76626444278722,233.74138262786684,21141460
2011-04-07,234.91896057128906,236.76463187040125,231.7537401906044,233.3405174585308,15238690
2011-04-08,232.025146484375,235.9210959582627,230.64297671086425,234.25915856837332,12049980
2011-04-11,232.52206420898438,233.6745477679404,230.709780690404,232.14623717697646,11324650
2011-04-13,235.42837524414062,236.33868412107478,230.4174838569505,231.16077831300524,15569850
2011-04-15,234.5222625732422,237.933837561431,233.42404009521672,235.3448717331575,13672440
2011-04-18,229.79530334472656,237.5162477825874,229.40278249806553,234.84378765543096,10581700
2011-04-19,228.2753143310547,231.22338759691266,226.75118356905233,230.0834180190989,11032690
2011-04-20,233.4365692138672,234.0086439562531,227.45690228061224,229.83705536098003,19305390
2011-04-21,238.94854736328125,240.10523639697692,234.61412383947345,235.51191883112173,17996100
2011-04-25,243.76318359375,247.20817165563497,239.85469416398624,239.85469416398624,12606890
2011-04-26,245.01173400878906,246.3354374763572,240.9737974418479,244.23923170596083,14745840
2011-04-27,243.06585693359375,246.7697392622482,242.29332911844818,245.53371005004422,15225750
2011-04-28,238.49757385253906,244.87391614173612,237.6081385463496,244.61502211227105,18966690
2011-04-29,234.22576904296875,239.59994824097626,232.58888492448352,238.5142652564806,11658890
2011-05-02,224.88043212890625,235.4283619826593,223.98684258509329,234.67673341426172,20646010
2011-05-03,215.77732849121094,227.8034626089278,215.0507533248416,223.82817281046917,51171950
2011-05-04,218.45814514160156,220.80493600033853,214.00681461182836,216.46215337255558,22676620
2011-05-05,217.33905029296875,220.7214172093318,216.0529398776037,218.39134562073207,17188540
2011-05-06,221.30599975585938,222.44181500434402,217.389151129861,217.389151129861,14598950
2011-05-09,219.08035278320312,222.55872813097446,217.3056621208545,221.89897912928623,10878290
2011-05-10,219.39352416992188,220.39568709171502,217.89442137759838,218.85901688893088,9979430
2011-05-11,223.40225219726562,224.54640171008413,218.14082617197778,220.26208528166063,22769520
2011-05-12,220.60031127929688,223.80312441646802,219.72341546978987,222.0660011070342,14504050
2011-05-13,221.28515625,223.819835429784,218.39972891411716,220.8467083115195,18406430
2011-05-16,218.4999237060547,221.9156782873667,217.98213567228436,220.47922173236915,13822430
2011-05-17,201.66336059570312,219.38103747024874,200.51921093762937,219.0678567031096,80113800
2011-05-18,196.74014282226562,200.26447118319808,194.4601905510226,198.76538086929014,58824570
2011-05-19,193.94656372070312,198.6568015070937,193.14064834723632,197.46254507719246,34026530
2011-05-20,196.32826232910156,199.59836001857155,195.47794939914485,195.61332504264547,26997180
2011-05-23,190.3464813232422,195.78252437583654,189.37348347789447,195.78252437583654,24033650
2011-05-24,188.0071258544922,191.8821543675537,187.4910174072729,190.36767939857532,24855500
2011-05-25,184.27163696289062,188.65855124376642,183.17596702344423,187.66018496447398,34547150
2011-05-26,185.1473388671875,187.21177224047142,183.3748035763632,184.84275012506149,40873720
2011-05-27,189.06890869140625,189.71193654514786,186.22186310575876,186.45029498104194,26039190
2011-05-30,189.29310607910156,190.70605537773312,187.40635496896851,189.68230780148124,13539840
2011-05-31,194.42459106445312,194.9533900826369,190.20688957901396,190.53685964995535,20564070
2011-06-01,197.06858825683594,197.72852840575607,194.6826537746168,195.34259392353692,25424640
2011-06-02,197.4916229248047,198.81150319222903,194.09038406711977,195.2749015992655,19906680
2011-06-03,195.6556396484375,199.33608603398542,194.68265460450908,197.5339348218731,15729010
2011-06-06,196.04908752441406,196.4509799985074,192.26289377064668,194.85189206022844,13405530
2011-06-07,196.29864501953125,197.703138262558,195.02952741899347,195.73177404050685,12526900
2011-06-08,194.16653442382812,196.5440126347815,193.42198130917478,195.78253433748648,14453350
2011-06-09,191.51406860351562,195.38910914352044,190.8456723619815,194.1665325944111,19949120
2011-06-10,189.76693725585938,192.47862034286524,188.2778437735509,192.04289044056173,14751640
2011-06-13,187.82518005371094,189.69078457203796,186.9833361331322,189.43273684346894,17059570
2011-06-14,188.69662475585938,190.07150211767916,187.8928528802064,188.76009096220238,15920730
2011-06-15,184.65660095214844,189.16196560984815,184.08549548057948,188.97160572607928,20552870
2011-06-16,186.5983428955078,188.26511823086926,182.86713437867553,183.73437240907617,23779200
2011-06-17,187.24560546875,187.93939594186904,185.18964118841592,187.8294016204888,12198680
2011-06-20,184.4620361328125,187.98171284195695,179.37287452833158,187.8294249105151,15482450
2011-06-21,181.7799530029297,186.97487396537338,181.1623064634066,185.12196016706832,16470300
2011-06-22,181.10308837890625,183.14214046949155,179.6435979403866,182.90522663457537,14625190
2011-06-23,182.86715698242188,183.59056333600805,180.72235797217212,180.76465156560377,9463560
2011-06-24,193.4219970703125,194.437288639306,183.90361440449973,184.18705636878457,27608460
2011-06-27,196.7978515625,197.11935259285926,191.38294176590432,192.4828463269419,22791310
2011-06-28,198.07542419433594,198.7607456654245,196.27750750852326,197.22934575395348,17301420
2011-06-29,201.32861328125,201.90817499464754,198.41386661910104,198.9976628562889,18677540
2011-06-30,203.4522705078125,205.8509088195221,202.04355543658443,202.04355543658443,27865900
2011-07-01,204.77635192871094,205.55474249916873,201.70508323832192,204.62406401520323,18739400
2011-07-04,206.11318969726562,207.2046253124979,204.92021588028746,206.9000365275276,9574540
2011-07-05,209.2605743408203,209.69206968154347,203.86258996290184,206.35851868615677,15940790
2011-07-06,206.76889038085938,209.59480239357646,206.15125668828912,208.98139031463197,10108580
2011-07-07,210.06858825683594,210.4535554956709,205.60129513318773,206.95079127576193,13821540
2011-07-08,209.69631958007812,212.78873535733132,207.95762160971432,209.9332205190371,14722650
2011-07-11,206.02854919433594,208.96444231302257,204.8355884466457,208.96444231302257,12102030
2011-07-12,203.071533203125,205.17403881834932,201.734727607175,203.3972687820545,13952420
2011-07-13,205.6901397705078,206.57429023281148,204.0741267754228,204.30257157983928,8140370
2011-07-14,208.7360382080078,210.6100990390821,204.1629719112798,205.0048288210325,15270140
2011-07-15,209.39596557617188,211.43500488095128,208.55834324167105,208.55834324167105,13043910
2011-07-18,209.552490234375,210.15319872583973,207.58536034929062,209.26904826295637,6776210
2011-07-19,212.58987426757812,212.95791628104112,208.64292447923873,208.96442547058393,11027960
2011-07-20,209.0998077392578,213.94783318206024,208.18180702781598,213.55017531555157,9809450
2011-07-21,207.71224975585938,209.78091766617723,206.78155834035468,209.23519347662528,7842670
2011-07-22,211.38421630859375,212.1118442212928,208.13951299781766,208.9813568425202,12400210
2011-07-25,212.59413146972656,213.63480432745493,209.17174575753825,210.88504942026987,13838330
2011-07-26,206.95498657226562,214.03243645985103,205.51665599136348,213.0425263616396,25320140
2011-07-27,203.47763061523438,206.84925372032012,201.4089755394634,206.77310975903268,18543260
2011-07-28,199.3868408203125,202.6357788101097,198.4096212914292,200.98592849576988,19799270
2011-07-29,198.3884735107422,201.02824708250097,197.53393891454473,199.50530327381952,11077080
2011-08-01,198.41384887695312,201.62049337095814,196.85283313367012,200.10600574467392,11195130
2011-08-02,192.66050720214844,197.85542776669345,191.93710091593996,197.67774563232703,13644640
2011-08-03,192.7958984375,193.5573768129381,190.23651620843236,190.36765733956676,12104420
2011-08-04,191.02334594726562,195.44411075944873,190.55801315451527,193.6588848157602,11950660
2011-08-05,189.08583068847656,189.85998673971173,184.4873966756798,186.56028616212149,20169060
2011-08-08,187.57559204101562,191.6579180293823,184.4451043203572,185.19811363351664,15078220
2011-08-09,188.01556396484375,193.6673621077601,182.5414350759884,183.17599394647272,29536660
2011-08-10,192.24171447753906,193.48968537195574,190.7103145282735,192.482849937431,14737300
2011-08-11,190.058837890625,193.1851041234536,189.60619570794438,191.6367789299033,13660260
2011-08-12,185.88343811035156,192.73667891213012,181.90687186554987,192.7282098649071,22806370
2011-08-16,185.87921142578125,190.15613179726088,183.20560042310316,184.44510225496273,27203690
2011-08-17,183.6201629638672,188.96315022348816,183.01945451852296,186.5602906218471,18874550
2011-08-18,175.84893798828125,184.86813716054075,175.14246972811986,184.78352415339378,22263180
2011-08-19,172.38845825195312,178.43791309527003,171.4450762744856,173.44605615533933,28269740
2011-08-22,174.45716857910156,175.55283872553767,169.80795828082168,173.09074710637367,20180230
2011-08-23,174.60520935058594,176.15353449660253,172.35465043688274,175.87432705288154,17086370
2011-08-24,168.3484649658203,176.06893083183928,167.36277634064882,174.86748807040237,31650290
2011-08-25,165.81019592285156,170.0194276156052,165.11640553707622,169.21565583242716,36511880
2011-08-26,159.72691345214844,166.88050785588487,157.92899685654154,166.16979218992128,31415580
2011-08-29,164.02076721191406,164.98529611897354,161.74057961484212,162.87010001488414,21877780
2011-08-30,166.9989776611328,167.84505615707917,162.67128150671925,167.075121627336,29507680
2011-09-02,168.6614990234375,170.9924491375946,165.83982188997723,168.4542139474876,29550280
2011-09-05,169.76988220214844,170.56943259007198,166.00060089508065,166.91860175786692,26481160
2011-09-06,167.49813842773438,168.95762880169883,163.47926611058588,168.66995233992927,32404740
2011-09-07,171.56356811523438,172.82422976786904,167.79852125283833,167.81121191433553,25046770
2011-09-08,171.2335968017578,172.60001826063598,170.1548518516823,172.32081079952772,24303920
2011-09-09,165.21372985839844,173.27262131169573,164.1392066945816,171.75391215979414,36514780
2011-09-12,157.65826416015625,163.37776306699092,156.98563330371283,163.37776306699092,34519740
2011-09-13,155.07351684570312,160.70840333097465,153.8170896281782,159.0627742831487,40065080
2011-09-14,154.557373046875,156.8290914668054,153.01328256144083,155.50921123914517,42356430
2011-09-15,160.5899200439453,161.16102560119674,154.83236217206124,156.33838083688048,37918130
2011-09-16,164.61300659179688,165.74252690299923,159.0711906529342,161.89710223743313,57707590
2011-09-19,162.1890106201172,163.5046563801548,161.1821752241344,163.16623017265758,16373720
2011-09-20,168.42884826660156,169.20723891462356,160.92412341216698,162.10864102360887,23820310
2011-09-21,170.0279083251953,171.24625028626073,168.42882078428292,168.79262827241828,32603240
2011-09-22,163.93191528320312,167.00740544620535,163.2931219959666,166.02172984622106,27418300
2011-09-23,165.00645446777344,167.6843001526961,159.9088366640957,161.68560667997232,37517600
2011-09-26,165.09951782226562,166.75783730619878,162.59935439077026,165.15874951211066,24401740
2011-09-27,168.98721313476562,169.7909849277064,167.32043787176087,167.95077497628125,17630570
2011-09-28,166.62245178222656,170.2902074179005,165.91598353033075,170.06176262938223,22320190
2011-09-29,165.18411254882812,165.9836499023031,161.74056735551477,165.49293580426522,25805020
2011-09-30,161.6898193359375,164.0250041314495,161.20756133042917,163.69079952728418,23917760
2011-10-03,157.50595092773438,159.48577119587233,156.60910992986666,159.244635764333,20078410
2011-10-04,151.2111358642578,158.45356505511154,148.0637231171848,156.52450729530966,50595240
2011-10-05,145.39010620117188,153.32632556303713,144.6794034580551,152.3025650393965,62754520
2011-10-07,148.25831604003906,150.42005308897058,147.43339733708837,149.16362613481212,29985040
2011-10-10,148.57557678222656,149.32012982010198,145.71160637424262,148.90554680398856,32689920
2011-10-11,149.2947540283203,152.80175233883512,148.35984108375422,150.3311922417607,39354610
2011-10-12,158.39013671875,159.06276761770454,148.67715856629368,150.6231289058498,53725530
2011-10-13,159.6846160888672,163.62734474730468,158.63970869121576,159.14736092308067,41069620
2011-10-14,159.50270080566406,161.30483898739658,158.15742636138702,158.30549266083534,23597460
2011-10-17,160.05264282226562,163.54695060236432,159.32924943473617,161.0933155967978,24612620
2011-10-18,157.92477416992188,159.53655260597736,155.50922377761324,158.20821613493155,18018620
2011-10-19,162.30746459960938,162.74319448351352,159.57462191984885,159.7353788904386,15555360
2011-10-20,163.72042846679688,164.13923320378024,159.62963313406857,160.07805371774242,21594800
2011-10-21,164.8372344970703,166.4574819885513,163.81348678325332,164.25767281369025,21746120
2011-10-24,161.49522399902344,168.28499839013563,159.54924098374084,167.1004937252502,25165530
2011-10-25,155.6614990234375,165.83136491521785,154.5785197139446,162.43012616283414,66183590
2011-10-28,161.58407592773438,163.22123583674315,159.9299908330909,162.87011892315996,28314390
2011-10-31,161.2879638671875,162.5951537243189,158.8935599361179,162.35401823054093,29915310
2011-11-01,160.8733367919922,162.53165603679435,159.57038181475062,160.1203275776492,20925820
2011-11-02,161.5502166748047,162.8531717699731,159.48578325039853,159.6549963535184,16533380
2011-11-03,163.6950225830078,164.13920857618447,161.0467930762839,161.17793419465536,28629820
2011-11-04,166.35171508789062,167.59967302550456,165.24334150057393,166.21210491732882,25322200
2011-11-08,168.98721313476562,169.55408403947396,165.83134472999552,167.26967524001537,24294080
2011-11-09,157.5440216064453,170.69630808273712,156.7106339105531,170.31557540509925,94152450
2011-11-11,152.154541015625,157.78519270700883,150.71197554533427,157.52289751320993,54231820
2011-11-14,148.3260040283203,154.57852296336804,147.25148083251645,154.4939228684262,28123030
2011-11-15,146.3419647216797,149.22286098270004,145.38167027138402,147.64069831821172,34040170
2011-11-16,149.41323852539062,150.6019778231503,145.36474967480248,146.20237206427603,31890660
2011-11-17,148.69403076171875,152.19257289021502,147.76757396511536,149.22282971365536,28578790
2011-11-18,146.088134765625,149.4174644220288,144.1125487485986,148.07218982991895,35137650
2011-11-21,141.4812469482422,145.90201224809343,139.98791892116745,145.7793272514971,28185380
2011-11-22,142.94493103027344,144.59478118896337,140.89742302434402,142.25960964975073,28518380
2011-11-23,140.0428924560547,141.63351097913198,137.67810501112345,141.63351097913198,29181030
2011-11-24,139.93289184570312,141.1597028190616,137.82615219605086,140.1105739721128,31828920
2011-11-25,143.03802490234375,143.74450610935054,138.33383064747593,139.5183353482941,41738460
2011-11-28,150.568115234375,151.2745834569238,144.77670765011155,145.61009537662363,25489820
2011-11-29,149.01132202148438,152.04028420905337,147.82258291549988,151.27881882156473,30152190
2011-11-30,149.11708068847656,151.871069960223,146.20234736824656,148.03833591270032,80068770
2011-12-01,154.33738708496094,156.75295023462797,153.14019181833095,153.64784402708537,24461390
2011-12-02,159.6422882080078,160.67027028424562,152.4463878540815,154.36698928496676,32783180
2011-12-05,161.6898193359375,162.19323704887535,158.2166708971239,159.46040725730762,29149520
2011-12-07,164.59608459472656,165.8186740672536,161.93939896193845,161.99863064620408,33426470
2011-12-08,158.0390167236328,163.6146845343876,157.37062030708896,163.29317053369982,32063030
2011-12-09,157.8401336669922,159.47730604904604,153.98625314369264,154.85347825146616,37919700
2011-12-12,149.98855590820312,160.47146765627534,149.16363714436636,159.29119748353665,41127410
2011-12-13,151.26614379882812,152.9625223684529,147.78029169032035,148.74059902540637,31436850
2011-12-14,151.03768920898438,155.67419535352408,149.84471553377873,150.94038554266373,43558460
2011-12-15,146.94688415527344,149.9208620003339,146.07965899567938,148.61365956621447,44368240
2011-12-16,142.06503295898438,150.79655568506342,140.88474992865406,148.23293906271664,50521620
2011-12-19,137.75001525878906,140.87204646222145,135.10602039275636,140.87204646222145,41792820
2011-12-20,133.5535125732422,139.51835639296306,132.92740975972222,138.08002535069087,33988040
2011-12-21,137.36085510253906,138.3338402521859,134.97914196468582,136.63322704719255,29947570
2011-12-22,141.38816833496094,142.06079914416617,134.36994923876412,136.21862856075316,34376160
2011-12-23,139.38719177246094,143.13954767723592,138.58765434096685,141.71814206118742,26774370
2011-12-26,140.92706298828125,141.7181442952934,138.9430079353365,139.0233864231206,16405640
2011-12-27,139.06570434570312,141.2105036401648,138.19846609318577,140.8720773870723,15426610
2011-12-28,136.2355499267578,138.33382078002145,135.58406593271218,137.8346376138647,17801920
2011-12-29,137.8134765625,138.50303252925548,134.52646660167267,135.3725450079725,36163040
2011-12-30,136.98434448242188,139.59872406298092,135.84213329356632,138.57919787681197,20779220
2012-01-02,137.7119598388672,138.41844103246817,136.33708234323043,137.82617578316462,14464990
2012-01-03,144.31137084960938,144.67941290453481,139.01068995170525,139.09529004942962,21341020
2012-01-04,143.4990997314453,145.0093525245972,141.73503378829287,144.84859558951035,22241630
2012-01-05,143.19454956054688,145.40281493048153,142.1454204979837,143.49491671906227,21344840
2012-01-06,141.5277862548828,144.4763705590329,140.2840497362802,141.71815909533325,21137420
2012-01-09,138.52420043945312,140.5928555521017,137.49620530321656,140.5928555521017,26127920
2012-01-10,144.0533447265625,144.57368773827295,139.5183626957334,139.58182892189814,28087310
2012-01-11,146.113525390625,146.68461802123676,143.2664667339613,144.3409899896455,24529370
2012-01-12,149.2820587158203,150.29735010330364,145.55085027944196,146.43077894935647,25162480
2012-01-13,150.27198791503906,152.28565867546183,149.75587956510432,150.3354412141843,20468290
2012-01-16,153.68167114257812,155.24692125581092,147.92833577437548,148.58827585527345,21265790
2012-01-17,156.016845703125,158.41971807698744,155.25961485999156,155.5092064290286,22716470
2012-01-18,157.8232421875,158.3012785634936,153.98627342970715,156.524508706021,21712160
2012-01-19,159.4265594482422,161.8082724000863,158.64816880728938,159.06275190404884,17022890
2012-01-20,163.53428649902344,164.47765576708446,160.34456692888574,160.58570240059643,26377250
2012-01-23,164.18153381347656,166.43210569869368,162.53168333752163,163.4539057945768,16830570
2012-01-24,172.6676788330078,174.12293469200475,163.01392133528148,163.46234184774931,51131380
2012-01-25,174.12294006347656,176.4877276797644,172.5915402008109,173.89026075370737,33818960
2012-01-27,172.65077209472656,175.1382448847986,170.73017033550045,174.66444300290544,21060520
2012-01-30,167.96775817871094,174.1864413962563,166.6901840697922,170.4848473167973,20774550
2012-01-31,174.4275360107422,175.3920649254585,170.23098122645644,170.89515590684482,29751020
2012-02-01,175.7854766845703,176.6950083743946,172.81151165162208,173.53068344923108,27568480
2012-02-02,175.3582000732422,178.81020140659976,167.71811334850358,177.25342028865364,55330560
2012-02-03,177.94297790527344,179.16555446038004,172.30385823011898,175.13822598867432,24481860
2012-02-06,182.97714233398438,185.07541312447879,180.37968839226616,180.37968839226616,31648070
2012-02-07,182.16915893554688,185.14735885675228,181.51767487869154,184.60586913563614,21732080
2012-02-08,184.2547149658203,185.12195305575472,181.5007386039786,182.87983759141534,24978160
2012-02-09,184.7835235595703,185.46038888417414,182.54987702547027,183.11674802316296,18499690
2012-02-10,183.75978088378906,186.89872470810164,181.91955767038212,185.12196770664147,22965380
2012-02-13,180.15127563476562,184.48742815041803,177.3380670724911,183.93746935357197,56126600
2012-02-14,186.14993286132812,187.65171681049728,180.0877869946121,180.0877869946121,36543090
2012-02-15,190.4226531982422,191.00644940902822,188.04094023604293,188.4216729660803,26676630
2012-02-16,198.8580322265625,201.15089737307648,188.6035536323991,189.71192713846133,42827580
2012-02-17,204.5013885498047,209.11251341302435,201.1128403051292,201.1128403051292,50345570
2012-02-21,207.4965057373047,209.4044167769594,204.32794606721495,204.750985293027,27876680
2012-02-22,190.7906951904297,208.90523835106603,189.25929522370205,207.7968776197939,63344440
2012-02-23,191.25604248046875,196.55248910362047,190.1138313714348,190.73569956899632,44543300
2012-02-24,186.611083984375,194.8518937559214,185.71424278189255,192.90591049782006,36297520
2012-02-27,179.60977172851562,187.82942099478805,178.61562694077338,187.39792562123168,29408220
2012-02-28,188.78128051757812,190.7907171169249,180.2697321876508,180.97620056237744,44586320
2012-02-29,190.16036987304688,193.49814271018343,188.08324568853413,191.6367726658748,35696060
2012-03-01,187.72364807128906,189.33119189353684,184.99081840941497,189.00122182854358,22623660
2012-03-02,190.0884552001953,193.07511127481075,184.95276541429288,188.3709168766108,31101180
2012-03-05,184.11090087890625,189.07315572694378,183.15060646816664,189.07315572694378,19686120
2012-03-06,181.72494506835938,191.46753694333955,178.93711839963203,181.991461819459,44398420
2012-03-07,181.1919403076172,183.0744701359672,178.1841374341106,180.63775992239894,35286120
2012-03-09,188.37091064453125,189.77540400763777,185.13042854489134,185.29118552032477,22974790
2012-03-12,195.5117950439453,196.67515282503953,192.9947066807979,195.05068387265467,36567100
2012-03-13,196.9247589111328,198.8284354204778,195.99406745362222,198.09235130144017,18007900
2012-03-14,199.23455810546875,200.89287761713084,197.3224253763208,200.5502168633918,22802380
2012-03-15,194.53880310058594,200.3513705707012,193.41353017339003,199.50529215858685,27417960
2012-03-16,188.49783325195312,199.24726270922744,187.40639760998823,194.59806523836252,40578470
2012-03-19,182.545654296875,189.26774065475618,181.90686095622826,188.67548834064607,22683990
2012-03-20,185.06698608398438,186.37841037552147,180.90004677980377,182.75296080918494,26379790
2012-03-21,188.9166259765625,189.43695595027842,184.13627508490038,184.77506843294182,23060820
2012-03-22,182.80372619628906,190.84147227834106,181.9153411525618,188.42168715197056,30745480
2012-03-23,183.32403564453125,186.54335768490282,179.97779410102814,184.10666072838202,30728320
2012-03-26,179.15284729003906,182.66830162880964,178.5225230814907,182.64292031236678,20093020
2012-03-27,180.1427764892578,183.7597693879825,177.48186922196314,182.32989482926874,38470940
2012-03-28,175.92086791992188,179.487085561657,174.58406239218544,179.3686350926238,24367160
2012-03-29,174.4063720703125,175.98007846245653,173.2049422520289,173.44607770238835,25090990
2012-03-30,177.3676300048828,178.51407546281308,174.9436237980295,174.9436237980295,25032100
2012-04-02,180.24853515625,180.97194147752768,177.6764625221023,177.6764625221023,20297730
2012-04-03,183.8147430419922,184.71581848654537,181.22151101728434,181.22996715253825,21628480
2012-04-04,182.9687042236328,184.3604940157662,180.77312955442184,181.90687160927564,15237090
2012-04-09,177.71453857421875,181.81378951489688,176.83462270582604,181.73764555621648,13896030
2012-04-10,182.0083770751953,182.49910408508296,177.25765523134746,178.52253827890615,19318620
2012-04-11,182.63027954101562,184.4028151141961,179.1232932898526,179.80438031733084,25933200
2012-04-12,188.4682159423828,189.01392726668337,184.0263039224125,184.0263039224125,33620420
2012-04-13,187.17794799804688,193.21049199729973,185.73961709120726,190.3676676440762,27182620
2012-04-16,191.64523315429688,192.305173340353,186.2218798724902,187.15255846070963,20681450
2012-04-17,194.96185302734375,198.8030564592396,187.92248696473547,194.34421936737436,55740650
2012-04-18,193.90005493164062,197.965456181225,192.5040175733561,196.54827202317284,18500350
2012-04-19,191.9794158935547,194.49650426580433,190.71875444583551,194.3442034424601,19747410
2012-04-20,191.2517852783203,193.53197270237362,189.36926863460394,191.6367524892695,19024070
2012-04-23,185.56192016601562,192.86356795084015,184.61430358279694,191.63675685761905,21607120
2012-04-24,185.35040283203125,187.4571298031323,184.03050967250303,185.7184448734823,17626560
2012-04-25,183.7471160888672,186.72953788515235,180.2739671725867,185.22351906281324,24860580
2012-04-26,182.95176696777344,185.12196017242277,180.8069550828168,185.12196017242277,19133070
2012-04-27,179.833984375,183.48903671299234,177.76109467101023,182.0760871937808,25322120
2012-04-30,180.90003967285156,183.58634145753314,179.9608920336283,180.2993311753183,17221600
2012-05-02,181.11154174804688,183.50594518922142,179.82127734134454,181.48381831277112,13934080
2012-05-03,176.33120727539062,180.02856585348718,175.60357931504223,179.45323872258166,22939970
2012-05-04,168.89840698242188,175.05362241096566,168.03118175370346,174.9097906267463,24320340
2012-05-07,171.6016082763672,172.5999744809138,158.72429542199052,164.64684356594344,38693170
2012-05-08,165.4379425048828,173.3530022963279,162.68818771381746,172.26156684433226,30371610
2012-05-09,159.32504272460938,165.40834929897568,158.72855582370138,163.80080528825644,34001410
2012-05-10,155.9449462890625,163.5215801010943,155.02694552148483,159.90882162727078,41622790
2012-05-11,156.82911682128906,159.46887770337835,154.07090546141717,155.59383648715556,36830270
2012-05-14,155.6573028564453,160.3826442209381,153.43634671325995,157.45521973426204,29719730
2012-05-15,157.4044189453125,158.36049166302595,154.40930710709048,154.4939201106539,26559600
2012-05-16,154.6377410888672,156.0845278137849,152.4886948857079,155.17076166166962,28987000
2012-05-17,156.38491821289062,157.53980705109961,154.20625584501374,155.27232296967776,28710190
2012-05-18,164.18572998046875,165.57753249773887,153.99049606886413,153.99049606886413,88722070
2012-05-21,170.01947021484375,171.75393370373072,165.83138426567103,165.83138426567103,38849830
2012-05-22,164.03346252441406,172.6000069889386,163.38621301461086,172.17696775612256,41395000
2012-05-23,165.40834045410156,167.00742824183052,162.4893723222322,163.56389559117025,34534760
2012-05-24,169.3841552734375,170.06042409260692,165.87352545815142,168.68202931038027,32104050
2012-05-25,172.89476013183594,173.85102744429938,168.35895468316494,169.06108059825596,29159720
2012-05-28,181.02737426757812,181.51842344932462,173.7606088152229,173.93720511311025,35316050
2012-05-29,182.6512908935547,185.21426382843026,181.32027228261475,182.20761802324137,48415290
2012-05-30,180.7602996826172,182.46606943091018,179.3646579381291,181.04458368610503,32384070
2012-05-31,177.12908935546875,179.96343788611426,175.53100705783484,179.19239002713937,40737620
2012-06-01,174.73406982421875,179.2354212111814,173.76488046634879,177.46502848182683,26260160
2012-06-04,176.25035095214844,176.9524638746202,170.06476121302777,171.628389078115,29318990
2012-06-05,179.42926025390625,181.77685763078674,177.55550458380588,177.81394457590756,32970970
2012-06-06,185.93362426757812,186.77359378488637,180.5707834235675,180.91537888706742,33459450
2012-06-07,186.76927185058594,188.58272936852504,185.7871603733238,188.06583620155598,35579490
2012-06-08,187.75997924804688,188.80670057463104,183.62906736004848,185.35638233647774,29803650
2012-06-11,186.49789428710938,191.0724664549406,185.69670397318342,189.53038411366052,28149690
2012-06-12,190.06019592285156,190.55124503978658,183.72384166647907,185.65361014232383,38566440
2012-06-13,191.77456665039062,193.32096049866286,188.3242615614317,190.39186021508104,31091980
2012-06-14,185.24441528320312,191.14139602839217,184.7146001007573,190.56419141232396,33236270
2012-06-15,188.074462890625,188.65597925647447,184.96444075045952,186.8123658613235,28244050
2012-06-18,179.87725830078125,192.27857980975324,179.3302094158588,190.90879516703575,53583960
2012-06-19,180.97134399414062,182.31959616315388,177.12474232891384,179.87723323130822,37168690
2012-06-20,182.38421630859375,183.23279599650223,180.6224469353163,182.09560745930665,25115340
2012-06-21,187.66522216796875,188.23811499481474,179.62309829024656,180.93258451007316,34033180
2012-06-22,185.8948516845703,188.1950598429818,183.3706577973587,184.9644281914813,35627920
2012-06-25,182.2075958251953,189.53035972360743,181.05318678906474,186.17911888885888,43573040
2012-06-26,182.04393005371094,183.65493409633635,180.57937972900842,182.03531976870605,26383570
2012-06-27,182.06976318359375,184.22351739882166,181.19965121301178,183.33617171378557,19443200
2012-06-28,180.76890563964844,183.02173734682032,178.6797613608812,182.46606506236054,27841960
2012-06-29,185.9982147216797,186.9458718648983,183.24141186705228,183.4998650102458,25872690
2012-07-02,187.9753875732422,189.29778281762933,186.084384852529,186.9286529178865,23629020
2012-07-03,188.4405975341797,189.87499225314912,187.5618620137846,189.0996458881074,23044680
2012-07-04,191.66690063476562,192.10627492885055,188.67748858899446,188.67748858899446,33471910
2012-07-05,192.412109375,192.94623625336413,190.57280787141093,191.24477818466693,18782280
2012-07-06,191.481689453125,192.60595609316033,190.02145079571434,192.60595609316033,21904250
2012-07-09,190.34451293945312,191.16723555338788,188.8928714296234,189.3580897421398,21137340
2012-07-10,192.0287322998047,192.52840488571206,190.56418197309588,190.71925912170943,17667680
2012-07-11,191.1414031982422,194.05759525070775,190.4005111126444,190.8226517337264,24675290
2012-07-12,191.35675048828125,192.86869015534674,189.01346484826806,189.09100999064842,19749170
2012-07-13,187.67384338378906,192.4164145624467,187.04495080845655,191.41706941159435,17027690
2012-07-16,189.48301696777344,190.9001779435164,187.65662423929075,188.23814057496728,18541930
2012-07-17,189.45286560058594,191.542010112409,187.9883151572528,190.82265031929595,13473830
2012-07-18,188.28118896484375,189.75434943057746,186.27820024994082,189.09961290641493,20777200
2012-07-19,185.92066955566406,191.02075776191032,185.56745072316323,190.74938263804924,20951570
2012-07-20,183.6721649169922,187.2474049586675,183.24572577018844,185.30902607978055,19267410
2012-07-23,180.32522583007812,182.96573057636854,179.77386528198855,181.94915176070415,15895700
2012-07-24,180.48460388183594,182.19037354566706,179.2268056316348,180.48460388183594,16448600
2012-07-25,178.36099243164062,180.46305850398033,177.55549051398367,179.7350885778101,17127660
2012-07-26,173.7993927001953,179.51976461467743,173.075721135861,178.76163875941072,24636420
2012-07-27,167.2174835205078,178.09824094146842,166.3990463974878,176.69400212373043,42134890
2012-07-30,175.03562927246094,175.7463656219844,167.21750313675423,168.10053721563582,34443090
2012-07-31,172.73971557617188,176.17280066350665,169.56078507960112,175.57406376759633,48379270
2012-08-01,175.1777801513672,176.15989171844265,172.7526503801106,173.16186901033987,19820020
2012-08-02,173.27816772460938,174.88918510311044,172.08930412523395,174.88487338736175,21311770
2012-08-03,172.76123046875,173.54088838297372,170.1465698979369,171.5292763168818,20063360
2012-08-06,173.8726043701172,175.5008423044915,173.23078971273048,175.29838884843684,16064040
2012-08-07,177.5770263671875,178.49452772131104,173.2695181472436,174.12670807646143,25271900
2012-08-08,177.5382843017578,179.9634138597546,176.88354769644164,178.58931750073484,22909420
2012-08-09,169.6081085205078,179.2353904522896,169.14290349257251,178.09390358911855,42898490
2012-08-10,162.6300048828125,171.7834619494164,161.6177507353562,169.1128141278569,108902910
2012-08-13,164.24960327148438,164.63297783246531,160.11009397053465,162.9961167380069,53428630
2012-08-14,164.57701110839844,166.26554739384954,163.5173543550297,164.63301083261814,36635290
2012-08-16,163.20718383789062,165.73137732302962,162.82380929981858,165.23601651113248,27216820
2012-08-17,163.43118286132812,165.16710827466213,162.16477430073013,163.2545734339824,28632600
2012-08-21,164.98619079589844,165.23172194269523,162.75059276553438,163.92654735376647,19716500
2012-08-22,164.73204040527344,166.52827719010753,163.4268658873265,163.685319020137,25303710
2012-08-23,164.70620727539062,166.26122474434212,163.69394010660963,164.8957387089272,21831520
2012-08-24,163.1554718017578,164.02559680962364,162.2681262270515,163.68530000519678,18012150
2012-08-27,158.90399169921875,163.6336409361293,158.3612545474556,162.84535949057428,20736720
2012-08-28,158.87814331054688,160.19623987130817,157.67204617830544,158.7101573132399,24599940
2012-08-29,157.646240234375,159.96366934464464,157.18102183858372,159.2916989022581,18804350
2012-08-30,158.49046325683594,159.1193557951057,156.37547507985892,156.96560162044136,21627450
2012-08-31,158.2880096435547,160.65713923276616,157.53850739824617,158.43015163489957,27903670
2012-09-03,159.43814086914062,160.67008210575403,158.73170309911623,159.37782943466217,15997080
2012-09-04,161.53155517578125,162.1130714035084,159.46395652771992,160.239302734375,17181080
2012-09-05,157.6763458251953,160.84236725080095,157.4049838276916,160.25224068044122,19033670
2012-09-06,159.7180938720703,160.6657377510729,157.39634073484498,157.39634073484498,19561570
2012-09-07,163.0004425048828,163.8576325517748,162.19062874508748,162.6515353428075,24267990
2012-09-10,160.33840942382812,164.11609001812133,159.92487910234829,163.5991836890085,19432850
2012-09-11,160.04116821289062,161.26018728657252,158.9470574160695,158.9556677003616,18557340
2012-09-12,160.18763732910156,161.7038756751298,158.95138442243294,161.10082707986138,19625090
2012-09-13,160.89405822753906,162.39307596885266,159.72241534990243,159.72241534990243,16407420
2012-09-14,169.8450469970703,170.14657783623477,164.63297247086967,165.32216328243624,37985040
2012-09-17,179.15357971191406,179.95476994780668,172.81723866816773,172.81723866816773,53902050
2012-09-18,185.17547607421875,185.8172905886172,177.52102559986102,179.19234088252156,44354080
2012-09-20,182.927001953125,186.07579017785744,180.91538934002568,181.69073575043578,31870400
2012-09-21,190.6675567626953,193.19175035720124,183.93921764785756,184.00813935922093,42035570
2012-09-24,189.37962341308594,194.07911713229234,188.16490276598768,190.82264150275458,29149940
2012-09-25,189.22885131835938,193.40714000198125,187.11817469130767,190.6675707875042,30847570
2012-09-26,192.0287322998047,192.9763894705727,187.0707987324625,188.49658305838622,28369700
2012-09-27,193.60096740722656,195.12151732391763,192.13210548728858,192.97637344035795,27464560
2012-09-28,193.028076171875,196.25009738531767,191.75305728790508,195.5092053691987,22346820
2012-10-01,195.5738067626953,196.31038703118077,192.99361339274677,193.18314481728274,15900770
2012-10-03,197.87832641601562,198.34784326230587,194.1006330705636,196.5042301609348,25948710
2012-10-04,202.08245849609375,202.36674248685122,198.5115302968293,199.00689114135506,24480430
2012-10-05,201.5440216064453,203.5340884310595,173.18768577680132,202.4528995905248,39747760
2012-10-08,195.51351928710938,201.6344854876414,194.81139326360412,201.6344854876414,18144560
2012-10-09,196.6420440673828,198.66226629040182,194.46674472690728,197.61984361199328,19485380
2012-10-10,191.55921936035156,195.031070386947,191.12416991229895,194.52709922092671,21841000
2012-10-11,195.31536865234375,196.7411530156145,188.78949543978717,191.85643960664717,29460140
2012-10-12,193.98866271972656,197.6672789399818,193.41575668407336,195.53505681169432,17758970
2012-10-15,195.082763671875,195.53073510239935,192.1838056461077,193.6655896590064,14254380
2012-10-16,192.01580810546875,196.8531450454101,191.5893689562325,195.59965845245628,15137550
2012-10-17,190.7967529296875,194.3461351760992,189.71126568857818,193.51047760519614,21075700
2012-10-18,196.267333984375,196.74114942805684,190.1334326170325,191.97274725691608,24274450
2012-10-19,194.5055389404297,196.40946346069694,192.4594724252189,195.5608837696222,19700000
2012-10-22,193.0582733154297,194.69082313034662,191.70570899469442,191.85647445940026,13785660
2012-10-23,192.51979064941406,195.38428124273236,192.16226007372322,192.97638550992025,14004630
2012-10-25,189.47438049316406,193.86804456528398,189.09962934466333,192.95915340636407,28767350
2012-10-29,186.74774169921875,189.91376332179937,185.81300649808588,187.19141458337128,21364870
2012-10-30,178.7012939453125,189.51314306817366,177.94747994674313,186.85971621575268,45981440
2012-10-31,181.79840087890625,182.17316518100034,177.25829613754598,178.50315932615334,25377620
2012-11-01,182.2506866455078,183.03465634476035,180.78182467453664,181.9491557933422,14382330
2012-11-02,185.4339599609375,185.99824261637613,183.07775189488257,184.36139437312247,17604300
2012-11-05,184.77061462402344,185.55027274700288,183.34483011323945,184.6112257394993,12145950
2012-11-06,187.21726989746094,187.59202108544642,183.58173116967794,183.58173116967794,15070250
2012-11-07,190.99493408203125,192.08904497802374,186.4720499244606,186.80373650911875,28982660
2012-11-08,193.1745147705078,195.2938146516036,188.00120620820383,188.58270931602706,27559100
2012-11-09,185.65792846679688,195.50488660927783,185.05056818952588,192.68347379386165,62456180
2012-11-12,188.69473266601562,189.09102926639684,182.98728340847347,186.5237445129801,31728480
2012-11-15,185.54161071777344,187.97966202469956,184.22351421248956,185.3951570111277,17207000
2012-11-16,181.64332580566406,186.94155596798421,181.01012153446723,185.5416157145976,18348140
2012-11-19,180.38986206054688,182.98297775601395,179.57143797653677,182.98297775601395,18300990
2012-11-20,178.029296875,182.53495961898696,176.8662776251918,181.7768340193697,18897210
2012-11-21,177.55551147460938,178.70992063570748,175.83250801787557,178.41701320297628,23015420
2012-11-22,180.78184509277344,182.1688635075401,178.12410627311039,178.12410627311039,18180930
2012-11-23,180.01077270507812,181.90177519513222,178.78744190170434,181.776853771287,13757250
2012-11-26,180.21754455566406,181.74670483049746,179.19235541898172,180.613827980222,13539140
2012-11-27,182.2205352783203,182.9011158512385,180.4846098431183,181.0618144164725,15647840
2012-11-29,183.65924072265625,184.53366443619902,181.40211043942668,183.34048929515455,20991170
2012-11-30,186.97171020507812,188.41041644588947,184.84379998510374,185.13670740396944,21590680
2012-12-03,189.87928771972656,190.39188230063536,187.2474062448096,187.807377111034,18628530
2012-12-04,192.93765258789062,193.7689987362967,189.7371763004892,190.21961524369948,22339070
2012-12-05,195.71597290039062,196.6808638567242,193.4243880995998,193.6656075523146,23558250
2012-12-06,198.7656707763672,199.69178246312774,192.97637837352366,196.5085405572995,23499050
2012-12-07,199.541015625,201.55693955393153,198.14969881995216,199.5582493393936,25831160
2012-12-10,199.8899383544922,200.4542209492989,198.2401682866816,200.0751712213659,13614690
2012-12-11,198.90354919433594,201.4665092832233,196.65502886421118,200.70408488654806,20557710
2012-12-12,197.70602416992188,199.69177922139002,196.97374248782813,199.0068869670769,18423190
2012-12-13,194.92333984375,200.2991143549358,194.2772136684115,198.3607358289203,18254110
2012-12-14,199.8899383544922,200.4714546650374,194.16956725833847,195.2292238759448,20181840
2012-12-17,201.96185302734375,202.36675990967086,199.17490742938242,199.76072232140322,18967760
2012-12-18,204.40850830078125,205.20969855729933,196.33622858051442,202.4528957968201,41036170
2012-12-19,204.37405395507812,207.46254347480436,203.55131821650258,205.46816484483767,21278390
2012-12-20,205.1450653076172,206.65700479863978,201.8110583740504,204.04234432841497,18314370
2012-12-21,201.11329650878906,204.74882205610842,200.51454644052455,202.89228670568696,15685940
2012-12-24,200.84190368652344,203.22825402772582,200.29915338692356,201.59140598941985,10549750
2012-12-26,204.24916076660156,205.03742913240865,200.12687148396262,201.30712474762683,15353080
2012-12-27,205.7567596435547,206.5450278971941,203.5470057298253,204.24913170269926,19723060
2012-12-28,204.9943389892578,206.53212276946567,204.09838295236645,206.2435138989175,11036230
2012-12-31,205.51124572753906,206.4761234839733,204.05961737757283,204.17591538181225,10006870
2013-01-01,209.03907775878906,209.69381429988158,206.549338442099,207.18254269949026,17202300
2013-01-02,211.1152801513672,212.27400092017174,210.04702652038984,211.0679038705289,14660120
2013-01-03,212.92877197265625,213.8591954238918,209.8790484693608,211.92942680516546,20103090
2013-01-04,214.22964477539062,214.76808338467413,211.12393455777604,211.92943661398834,13705950
2013-01-07,212.5841522216797,215.28926700156558,212.0801810946611,214.51392073901118,10264490
2013-01-08,214.8025360107422,215.3754288675217,212.18787514937696,212.61862600711203,16123870
2013-01-09,217.3396453857422,218.8214293447539,214.85851631102997,214.85851631102997,22474110
2013-01-10,218.74391174316406,219.82939921205076,217.31381568818153,218.81713203019646,21504650
2013-01-11,214.60440063476562,219.68295738926193,213.93243028733053,219.59680195170392,14156720
2013-01-14,215.3538818359375,217.09410571728043,213.2388936918307,214.60006788652043,17721580
2013-01-15,214.50100708007812,216.87444853408212,212.80815934887758,215.80618166492732,12219330
2013-01-16,209.55169677734375,214.81547315579706,208.8280252947684,213.65244049972594,14390080
2013-01-17,212.7779998779297,213.8634872976483,208.7418664791925,208.95724190619427,14091240
2013-01-18,214.6905517578125,216.8959942020446,213.48875309904327,214.08319142801457,16073730
2013-01-21,215.3280487060547,216.35753640185976,214.52253357439605,214.94467413974607,11849060
2013-01-22,212.3127899169922,216.1507683709688,211.44697651356054,214.5139204211251,12954000
2013-01-23,213.68687438964844,214.69053122459445,211.25313473326247,212.87707383950857,15042750
2013-01-24,211.85618591308594,214.02717388951672,210.25379221663246,213.652422751273,17650270
2013-01-25,216.5557098388672,217.51197739173958,210.89564967654923,211.90360523571613,12460930
2013-01-28,214.6474609375,218.28731097867217,213.91088064439808,217.52918525519178,18349860
2013-01-29,212.14048767089844,218.39068688068198,211.50298480868878,214.56130541036325,46331240
2013-01-30,209.87045288085938,214.2554938640645,209.05202880441138,213.39399206875626,23715290
2013-01-31,210.0341339111328,211.64082629721335,208.15175464914506,209.8618361864277,25528120
2013-02-01,207.82435607910156,211.24883047868497,206.84655641512373,209.43106142749693,14516810
2013-02-04,202.6768798828125,209.28029760122413,202.02214334039067,208.2680305012343,18596650
2013-02-05,204.3051300048828,205.0890997340717,200.566215651714,202.45290654363035,22375350
2013-02-06,202.34091186523438,205.71799714860015,201.76370727005062,205.46816742504762,13866580
2013-02-07,200.43698120117188,203.6589890258974,199.88130894466454,201.07448402229224,13760530
2013-02-08,196.95223999023438,201.8412522199056,196.08642646918375,199.8684188693846,17646650
2013-02-11,197.65866088867188,199.17060073516896,196.19411047622415,197.2752994281499,14811360
2013-02-12,197.8352508544922,198.8001285567806,196.31901258725716,198.23154742248795,13296820
2013-02-13,194.24278259277344,200.14837286008077,193.1917495037019,198.317681811272,27599120
2013-02-14,190.88723754882812,195.4747314962762,187.37662073202384,193.83788351588674,60922460
2013-02-15,192.412109375,193.63975199765082,189.97405784542823,190.1334335658773,21127420
2013-02-18,194.93197631835938,195.45749283529042,192.5456131370032,192.5456131370032,18380120
2013-02-19,195.8624267578125,196.42239763322664,192.71793750490883,195.46181845629022,13692360
2013-02-20,194.01449584960938,197.03836214539237,193.54497899107082,196.85314243106004,16094270
2013-02-21,190.43927001953125,193.2305405242532,189.54331395068627,192.9247110725215,19310510
2013-02-22,189.18580627441406,191.7229223166943,188.67321163623396,190.47805901359592,18284310
2013-02-25,191.33091735839844,192.89023339699804,189.62083588693167,190.39188362124344,16887440
2013-02-26,189.3925323486328,190.90878376795013,188.55257607054187,190.21957977239433,16446360
2013-02-27,190.68478393554688,192.34317734420742,189.2719216673459,190.60294022206034,14100300
2013-02-28,179.2698974609375,192.6920964125832,176.69401562058587,192.45948725745836,58729590
2013-03-01,179.8513946533203,181.68639740719289,177.9862493317173,179.79539494179318,21676800
2013-03-04,180.87229919433594,181.65626898254015,178.89084243714447,179.82988938406368,18279980
2013-03-05,183.37493896484375,184.27520665550207,179.3129616420898,181.9491547162611,19059400
2013-03-06,186.8252716064453,187.3723204899385,184.05984518161424,184.44753148876265,21540750
2013-03-07,186.61419677734375,187.11816791388839,184.80503793655672,186.27821163782303,11774640
2013-03-08,190.34881591796875,191.16294141099144,187.4714031238117,187.5704805610156,19462340
2013-03-11,189.93528747558594,191.33953950211756,188.98333174461408,190.34019434034693,14154810
2013-03-12,190.12051391601562,191.9425948718757,188.07444723479207,190.1334359166044,21840370
2013-03-13,187.75135803222656,191.08536517641957,187.04923209152048,189.27190790280645,21052580
2013-03-14,194.27296447753906,194.8286236648223,186.53237040375078,187.72123392962507,33666130
2013-03-15,194.87167358398438,195.8882523821915,192.7609971382687,195.04397128752748,22161680
2013-03-18,193.82064819335938,194.63046189216192,192.4034873659276,192.7782385010075,11219240
2013-03-19,189.836181640625,195.53501946460034,186.95876944769788,195.21626807872573,40393960
2013-03-20,182.67282104492188,190.36172661425513,181.8027090299935,189.48730288412537,23048180
2013-03-21,182.59100341796875,185.99823143362983,179.21390482896064,183.15528603948107,32310360
2013-03-22,179.53265380859375,183.49986553052835,178.8477615217464,182.91834924306238,20894740
2013-03-25,177.31858825683594,183.07342656153577,176.85768168336796,183.06050456160082,22640640
2013-03-26,176.6337127685547,178.14995120217694,174.6350354308469,176.60786876622683,16268370
2013-03-28,178.56776428222656,179.19235828926057,174.97100510698164,176.5087756911641,18801120
2013-04-01,180.10556030273438,180.73876463783495,178.02503928481755,179.62312140846228,11155370
2013-04-02,184.40013122558594,185.05056922066908,178.81760384713118,179.3818864133587,15282510
2013-04-03,181.3116455078125,185.82160723269115,180.10553529413312,184.0382924831217,23043560
2013-04-04,178.12408447265625,180.65690154141248,177.24966078420206,180.09261898679526,15062340
2013-04-05,177.18507385253906,179.53697008877953,175.91866515330014,178.12410766081237,16152430
2013-04-08,175.20361328125,178.45147868165134,174.77286239004727,177.24538144447328,10811270
2013-04-09,171.2880859375,177.98627005315225,170.57734960988688,176.1986433729323,18252900
2013-04-10,174.2947235107422,174.76855208835326,170.24135631915829,172.21418948442775,18994350
2013-04-11,175.9487762451172,176.60782442997606,172.98952041221222,175.29833834371462,18848870
2013-04-12,179.34742736816406,180.65691370424557,174.02335288190145,175.74635637578166,20632180
2013-04-15,184.90411376953125,185.94652346333004,177.69333561362177,177.72780304302907,18089020
2013-04-16,188.074462890625,189.00919816260227,184.3613920969942,185.0505961918723,14838250
2013-04-17,193.42007446289062,195.5479849425049,189.09964349830415,189.09964349830415,24644810
2013-04-18,198.11521911621094,199.22656357997215,192.54561423519337,194.1307740789055,21382190
2013-04-22,200.48007202148438,203.3144069100786,198.69675714257315,198.69675714257315,14450260
2013-04-23,197.0685272216797,201.875708610708,195.21630369942494,201.59141145299694,18770200
2013-04-25,201.12188720703125,201.84985721781322,197.62849086922023,198.9207434594169,20535590
2013-04-26,197.10728454589844,201.12188571796634,196.17686111038873,200.29914999750906,11550470
2013-04-29,195.86671447753906,198.95951555775187,194.8803045000361,198.31768785510013,13964420
2013-04-30,195.06983947753906,197.49928077884454,191.71429954802238,196.5947012912207,14814500
2013-05-02,198.09800720214844,200.45851335750808,195.14304964758895,195.99162931571985,20143690
2013-05-03,190.71925354003906,197.57679981799313,190.04728325515092,196.85314153357098,36583570
2013-05-06,191.77890014648438,192.3345724416337,188.06582980303682,190.0085072602545,19604120
2013-05-07,194.4237060546875,195.04398835810866,191.12846453368348,191.25338596651127,12903980
2013-05-08,194.24278259277344,195.8193322263807,192.24840412338384,194.6993774262503,14795230
2013-05-09,197.36572265625,200.45419872721558,193.32096607717418,194.69937398303048,22585460
2013-05-10,197.59402465820312,200.126841685394,196.74544498270512,197.27527324507787,18603240
2013-05-13,196.2242431640625,199.76070391270662,195.39719575954268,198.57613909166093,12807580
2013-05-14,197.54664611816406,199.74778985424186,195.2507498122893,195.84087638877716,19822490
2013-05-15,205.27430725097656,206.1401206446926,198.59766924050112,199.01549808052397,27233960
2013-05-16,208.42739868164062,210.12886969116843,204.34818786083932,204.63248498155764,22683930
2013-05-17,208.90126037597656,209.75415187351476,205.72662840890646,208.5221974881818,16893270
2013-05-20,207.7769775390625,212.9632215497158,206.97578725307116,209.34491697188884,18149490
2013-05-21,203.37472534179688,209.25877075259302,202.7888973135309,208.48342443231513,19350270
2013-05-22,203.57286071777344,206.94994591013307,202.0695312652472,205.03741102456857,15125760
2013-05-23,187.60061645507812,202.88366224120196,185.48132951032943,202.88366224120196,63821860
2013-05-24,185.32623291015625,189.35806751498262,183.2758678980836,188.84116126074494,34747060
2013-05-27,186.26531982421875,188.09169953036852,184.94720990659235,185.56749228707244,22382280
2013-05-28,187.07337951660156,189.8841328998268,186.43217954231798,187.5652596833248,21430960
2013-05-29,185.0092315673828,187.9078129261905,184.28457282495205,187.54329891017568,16838910
2013-05-30,183.45013427734375,186.2038053612519,182.6156937742042,184.4558616567602,24345150
2013-05-31,179.77859497070312,183.48966328145795,179.36576410307072,182.86603428753105,20767490
2013-06-03,181.80758666992188,182.87040957908872,179.19007414528022,179.89714845133713,21804450
2013-06-04,178.1492462158203,183.05049050063312,177.51682500434836,181.82079003539872,18890680
2013-06-05,178.4610595703125,179.57218607722314,176.7262906440315,177.95600450403126,19682800
2013-06-06,179.9586639404297,181.55727450598607,176.24318606357022,177.7144438930636,24860940
2013-06-07,177.79351806640625,182.25999171231715,176.9898232772622,178.74654608894716,18938650
2013-06-10,176.68675231933594,179.80054127437037,175.76886644142556,179.1856910933214,14601870
2013-06-11,175.45265197753906,177.955986791126,174.09118941932036,176.11142288609054,27831190
2013-06-12,176.2036590576172,178.21949656670859,173.09426605474707,178.21949656670859,31892330
2013-06-13,177.32357788085938,178.81678936271877,174.37228347081978,174.78949703338364,21107870
2013-06-14,179.6995391845703,180.85457295046314,178.39077611925663,178.8343528318663,18141370
2013-06-17,181.45188903808594,182.17213837466085,174.98714897499917,180.28806293150635,25618850
2013-06-18,179.5019073486328,182.2599611646049,178.9441527743887,181.2059303348012,15409980
2013-06-19,179.69512939453125,180.25288391134336,178.19312589974373,179.53701741484045,15403450
2013-06-20,175.45704650878906,177.41139214510412,174.5611143283797,176.46276043691685,26521840
2013-06-21,174.71484375,176.4495992197663,172.71218112297734,175.1452321953357,26461690
2013-06-24,171.144287109375,174.5391579331439,169.52370964187563,174.18340932074307,21810540
2013-06-25,167.5737762451172,171.23654144365236,166.99845063664134,171.10479260305883,30781170
2013-06-26,166.8930206298828,169.14601920554315,166.19472509870803,168.11832482847902,20557680
2013-06-27,167.98658752441406,169.52371969784008,166.97647745725425,168.77710728108445,19891950
2013-06-28,171.61422729492188,171.9260417895072,169.5237232069166,170.226414895574,15660360
2013-07-01,177.04249572753906,177.51681831964652,171.71962856703345,172.42232026473343,15135150
2013-07-02,174.78512573242188,178.219508343714,174.11756254444458,176.65164355707793,16265170
2013-07-03,166.7788543701172,173.56420087674786,166.25622831646248,173.56420087674786,25313640
2013-07-04,166.88427734375,168.94843208686157,164.48195827154646,167.0599603537669,28494530
2013-07-05,166.4011688232422,169.32171756894925,165.85657568403914,168.74199587369938,17580390
2013-07-08,164.53463745117188,165.29880745754485,162.50561168481158,165.0440751869344,15419820
2013-07-09,166.41873168945312,167.98660993214182,165.18463505210474,165.7467857858338,22886230
2013-07-10,164.80694580078125,168.97916224901212,163.84513904207589,167.50790429461617,19184670
2013-07-11,167.8855743408203,169.34805334194633,166.88863913727226,167.8548418828429,15679190
2013-07-12,166.3089141845703,168.64096220763167,165.24610458829494,168.2940191673383,14990890
2013-07-15,167.96900939941406,168.39501511974538,164.07787569642628,166.15958746241208,23207480
2013-07-16,160.53369140625,163.37519055223265,157.88543280518184,163.37519055223265,30413700
2013-07-17,158.69351196289062,161.530614806878,157.23542919496444,161.26711717642087,24112260
2013-07-18,160.2350616455078,160.81916600847777,157.3145130251986,159.24690519033126,20494950
2013-07-19,159.0975799560547,160.65226974257675,157.98645349377054,160.65226974257675,14077470
2013-07-22,160.2745819091797,161.16172196634395,158.63205062417728,158.7198787094849,9686870
2013-07-23,163.45863342285156,164.23159559059604,160.97726563997517,161.44279601753163,14172240
2013-07-24,158.21481323242188,160.4765906716457,156.90605020221375,159.86174050409872,26278990
2013-07-25,157.94253540039062,159.5104134987957,157.14761951575534,157.57800796437124,29959130
2013-07-26,155.05270385742188,160.1428187529204,153.86252819655547,159.07121702783945,26165140
2013-07-29,152.8392791748047,155.46996726996196,152.20685789674226,155.22842324687798,16545080
2013-07-30,151.36801147460938,155.82129650322847,150.93322689976924,153.20817955587938,27908980
2013-07-31,150.0592498779297,151.06058128122476,148.4430682099325,150.88491169169993,30356230
2013-08-01,147.84579467773438,151.34166923540695,146.24717052457524,150.89809244734437,23616550
2013-08-02,147.61737060546875,150.10753032717182,146.2471293755754,148.26736267211982,25310950
2013-08-05,147.7623291015625,148.794392865306,145.42148882582543,148.26738414817237,17653750
2013-08-06,144.1742401123047,147.24850502195164,143.4408024438014,146.24717355891875,25454280
2013-08-07,150.73556518554688,151.8686452297122,143.69989683972315,144.4904165540033,30640510
2013-08-08,146.1724853515625,150.9068520770033,144.92961004744745,150.04606178221297,22000410
2013-08-12,141.00772094726562,146.65997322458432,138.34189144156227,146.1724757805619,54399680
2013-08-13,142.29013061523438,142.9093769231353,138.34190096852976,140.0722737544497,40050290
2013-08-14,142.68101501464844,144.3455134693893,141.24050298545876,142.6458730563074,22630340
2013-08-16,137.95541381835938,141.76749837248337,136.40950286533004,141.49520853329292,33161930
2013-08-19,134.43319702148438,137.72705183219014,133.59875648331814,137.72705183219014,27358320
2013-08-20,136.50173950195312,137.16928927840766,130.75286628606045,131.75419765210728,24469990
2013-08-21,135.97032165527344,145.0086528527107,133.77441857105626,144.0512423246469,32616310
2013-08-22,137.4415740966797,138.06959913786767,132.83456048997795,134.62642484305712,39523490
2013-08-23,136.9453125,139.37398094066234,135.4521009814459,137.59968737484974,22294020
2013-08-26,136.78282165527344,139.20709406883253,135.71999856291433,137.99934725615313,17001610
2013-08-27,133.51092529296875,135.46528465917189,131.885951433245,135.44331758376825,23246040
2013-08-28,131.56536865234375,132.80824416577374,127.59956737290318,131.75421314119055,25272130
2013-08-29,130.6825714111328,133.91494742705424,129.3386799178212,132.896045271828,20084810
2013-08-30,133.41868591308594,134.03793220308845,129.14545360392054,130.5596157535003,21562390
2013-09-02,133.19033813476562,135.26766785901276,132.66332928864276,133.5109448998048,13421710
2013-09-03,129.6154022216797,134.79334643088973,128.33738477550156,133.94571749324993,21050700
2013-09-04,131.2447509765625,132.76431235545274,127.86306782925806,129.6461402930276,23858020
2013-09-05,143.8887481689453,144.44650272940115,134.68352615888637,134.91629135055854,41009330
2013-09-06,143.57252502441406,144.75392185690046,140.26549579293228,143.87556069684976,24826830
2013-09-10,143.4803009033203,148.89099546496772,142.38234945289003,145.812348711816,21510870
2013-09-11,148.4474334716797,149.1237619210072,140.73980618162358,142.54922804308387,28928540
2013-09-12,145.66741943359375,149.9977471559414,144.57826011405152,149.32140527340965,19021980
2013-09-13,145.90460205078125,148.09172660227995,143.26512194737748,143.87558950917335,17630960
2013-09-16,144.6090087890625,149.76060267376147,143.63842329869195,149.05791094841192,22536660
2013-09-17,143.49349975585938,145.80797697502842,142.92695296002938,145.10528524881965,16469200
2013-09-18,147.00694274902344,147.4065987459952,143.7789623140435,144.49043281752282,13959810
2013-09-19,158.78575134277344,159.6860796754991,153.11154511129737,153.1861983128349,33437450
2013-09-20,153.49803161621094,162.01373735852243,148.65386963502297,159.31717516600128,50467260
2013-09-23,145.33802795410156,150.55109935995333,144.34548894464973,150.12509365587627,24899540
2013-09-24,144.48605346679688,145.29414434234533,140.20843775950007,142.2945460738544,27959960
2013-09-25,148.67581176757812,149.51464834326455,144.06881144514452,144.0731941374009,31710460
2013-09-26,147.2221221923828,149.1105934231475,146.18564900045703,148.02581679822805,16402440
2013-09-27,144.1127471923828,148.32009198839765,142.94012894122682,147.6130041613499,16454000
2013-09-30,141.8465576171875,142.99720866587614,140.24353767557454,141.7499373473045,16838130
2013-10-01,144.34547424316406,144.7846547839678,141.7674732103559,142.5009106106978,12547570
2013-10-03,145.82554626464844,146.24715593439768,142.75128172548693,144.3147637617564,17636560
2013-10-04,144.98670959472656,147.3890282774843,143.1728913724729,144.92961396600018,20201430
2013-10-07,143.4407501220703,144.49039804880346,142.29889143717887,144.16101264291711,11363520
2013-10-08,141.2009735107422,147.52077602501748,140.31821612511914,147.14746979609487,26710340
2013-10-09,141.3283233642578,142.10128557282238,138.24088402796423,139.73849160569338,34175100
2013-10-10,143.43202209472656,144.0117438308959,141.24051470755953,141.43813797939143,17336910
2013-10-11,145.17556762695312,146.85324107724492,143.2607462543335,144.92962751308878,15976780
2013-10-14,145.56204223632812,146.59850218350059,144.37186637421593,144.600235497475,10581410
2013-10-15,142.5404510498047,148.75047101837848,141.512770078746,146.15929481825697,23221460
2013-10-17,142.40870666503906,143.5944862518966,140.53779300676345,142.79079164533965,19848640
2013-10-18,146.21202087402344,146.85322083946832,142.9093739668712,143.0850435378895,16838070
2013-10-21,146.82244873046875,148.88220658404134,145.98361227088634,146.43158501003475,14555250
2013-10-22,147.1474609375,148.6099399033305,145.80796541152782,146.68632664894665,13665340
2013-10-23,150.77513122558594,152.38693035786105,148.00390196720198,148.6187522918606,32879400
2013-10-24,150.92884826660156,153.2652929202066,149.99339118594224,150.90249849554627,21267920
2013-10-25,151.16159057617188,152.80851803089115,149.3214225612138,150.63896452498923,14223140
2013-10-28,147.16062927246094,152.73822824300282,146.80929015421677,151.5173067134212,13060010
2013-10-29,152.87440490722656,153.27406094380316,144.5431466745444,146.77419208722142,30146060
2013-10-30,151.17034912109375,154.4598208973503,150.61699068426452,153.54192165776678,14466420
2013-10-31,157.8195343017578,158.40363853968034,149.82206018942523,150.89804450196186,33459510
2013-11-01,165.0440673828125,166.0102700830114,157.16516619078146,157.49016895506392,34197760
2013-11-05,164.7761993408203,167.58255689853695,161.63606017957827,164.45559262150087,21888850
2013-11-06,158.94386291503906,165.60184285336504,158.45636544784298,163.55086342047207,23159300
2013-11-07,153.94158935546875,160.56444075076428,153.44970919509512,159.05365831377148,31283760
2013-11-08,153.21255493164062,155.2942803238603,151.95650470754174,153.62538581433614,17637190
2013-11-11,149.70350646972656,153.97234293662953,148.90419446767586,151.930155588555,18516020
2013-11-12,146.94544982910156,150.8146302242425,146.59849336814048,149.74742447770996,24334250
2013-11-13,149.06228637695312,152.59768478236094,145.1623605745649,145.64106581163927,60408150
2013-11-14,151.35043334960938,152.90953269762488,149.82209326645665,151.346037254239,18331450
2013-11-18,155.25912475585938,155.4699362740947,152.1409531403415,153.30477907879677,18948610
2013-11-19,160.16038513183594,160.74010676633668,154.85508914450838,154.94291722678707,28702840
2013-11-20,157.72732543945312,161.15292872192126,156.52396149439892,159.77389521928146,23355560
2013-11-21,154.8507080078125,157.10370694833202,154.15241236355308,156.56350990908373,23675930
2013-11-22,152.65478515625,156.42734495161005,152.39567020716467,155.2591229318963,17754460
2013-11-25,158.6891326904297,159.1239306322317,152.839256827775,152.9666095617537,22735900
2013-11-26,156.80943298339844,159.81782287206562,156.43614018340577,158.1050211567466,16048660
2013-11-27,154.91656494140625,157.9908292284504,154.31928574180455,156.87532012283043,13691010
2013-11-28,154.90780639648438,157.2837754285607,154.65747019802933,156.08480737495782,18432410
2013-11-29,159.81344604492188,160.47659968303375,154.67942340283423,154.67942340283423,23401810
2013-12-02,160.05059814453125,162.80426934756872,159.19420393428436,160.4766039033728,17459790
2013-12-03,159.2908172607422,160.72253697730517,158.5661585108931,159.4181699913974,14806910
2013-12-04,159.62896728515625,161.1573205413339,157.84149909293654,158.71986026029037,15426920
2013-12-05,163.0194549560547,165.36467785199642,162.163047388348,163.37519018504574,23662450
2013-12-06,163.335693359375,163.9988604955617,162.0620720285259,162.6725262231883,14500680
2013-12-09,166.08494567871094,168.99670201370026,165.57549453671723,167.8548430914594,18775040
2013-12-10,161.9083251953125,166.7656616668257,161.29347502222132,166.4274974223077,18864240
2013-12-11,157.802001953125,161.87759794390118,156.48006387697498,161.61848296269622,20710400
2013-12-12,156.0847930908203,157.9293570963682,155.60608781284847,157.22666540841047,15817310
2013-12-13,153.15106201171875,155.46993508363673,152.8436302253207,154.41590430598828,16462210
2013-12-16,152.1409454345703,154.75845799045703,151.72371851421437,151.96526247690807,13021320
2013-12-17,150.92884826660156,154.15243315210986,150.43257190717333,153.73082341249298,17632770
2013-12-18,154.89022827148438,156.2516909656779,150.63896280036252,150.63896280036252,23581260
2013-12-19,152.0487060546875,156.2077467163752,150.41934984273146,155.67194586841754,18373200
2013-12-20,153.81861877441406,154.4159113975737,151.08253204127593,151.5173165738755,15023660
2013-12-23,154.4554443359375,155.71589066079719,153.27404731166075,153.27404731166075,13320010
2013-12-24,154.52569580078125,155.64560096251674,153.88887857376886,154.51690361109146,13339310
2013-12-26,154.0162811279297,155.61928800626262,153.44973427079393,153.9767564731618,16332130
2013-12-27,155.47874450683594,156.47129716441765,154.15242363558139,154.15242363558139,10695570
2013-12-30,154.99563598632812,157.11247646621095,154.1611820555723,156.41857695838857,10861570
2013-12-31,155.1625213623047,155.73346426026998,153.68688078233856,154.54328842792145,10753080
2014-01-01,155.03514099121094,155.9003272707936,154.70135946120106,155.64559502860894,5904780
2014-01-02,153.063232421875,158.63205314476272,152.14974258433062,155.10981582054558,19451900
2014-01-03,151.04739379882812,152.4835230646238,150.2876198718886,151.69298987360145,13759590
2014-01-06,148.28054809570312,151.42946549160757,147.74035113281835,151.24501714516867,13907830
2014-01-07,145.9309539794922,149.49709891181791,145.36880325226937,148.69778686761234,17352910
2014-01-08,145.5576629638672,147.38465636928936,145.01747925545553,146.18130548411585,14248790
2014-01-09,144.03369140625,146.0495291099722,143.17290103012184,145.1931348294979,14791100
2014-01-10,141.253662109375,145.4566237747581,140.53779556876006,144.01171581130276,20473070
2014-01-13,144.16107177734375,144.49923610778615,141.42936715454726,141.42936715454726,15564850
2014-01-14,142.95326232910156,144.84173324455531,142.5887483868751,143.61203312324488,10197000
2014-01-15,144.1127471923828,145.6323085125336,143.3485637354997,143.3485637354997,13624980
2014-01-16,143.7174835205078,145.0833424245544,143.3880980057265,144.41577920351648,7241970
2014-01-17,142.4306640625,144.44650147538175,142.03100809484783,143.57253634111632,11207380
2014-01-20,144.21372985839844,144.56946506818613,142.0002559064864,142.4306577146362,9468650
2014-01-21,145.76405334472656,146.92349668043727,144.59583122110155,145.27217316693282,12351890
2014-01-22,144.6529083251953,145.62788976801292,143.63400614297134,145.28093335024923,9821920
2014-01-23,145.65866088867188,146.0714917857818,143.7130937603596,143.96341655320822,9241310
2014-01-24,142.39993286132812,146.23838094228537,142.11886420844291,144.84177625788323,16616560
2014-01-27,140.0546875,140.88912794063046,139.04896019592402,140.35332708460828,15688040
2014-01-28,140.21279907226562,142.99720239699192,138.627350177244,140.80568214497643,18296910
2014-01-29,138.22332763671875,142.45262594115283,137.902720944572,141.67967712869535,17594550
2014-01-30,133.21229553222656,136.84871125740216,132.6369698771162,136.58520015212508,20955320
2014-01-31,133.8490753173828,135.17979208557318,132.89606085910586,134.43319305879177,13174950
2014-02-03,130.7309112548828,134.30143871583564,130.4366543193182,133.95009955350858,14150230
2014-02-04,133.10687255859375,133.68659426397036,128.8380358782641,129.47045711999667,18002040
2014-02-05,133.66021728515625,134.38047987600424,131.85079542406876,133.41427723041005,13227190
2014-02-06,132.18020629882812,135.08318408351792,131.17887491102798,133.69538496583573,16116300
2014-02-07,134.178466796875,134.80210921444476,132.0616262588813,133.51531313202932,18203400
2014-02-10,132.99269104003906,134.6396185195242,132.39539837139276,134.42002818892618,10494640
2014-02-11,133.48455810546875,134.1696787973219,133.0278065099904,133.06733115728244,7118720
2014-02-12,134.60887145996094,135.26764244589876,133.339632927077,134.1345622472869,15539930
2014-02-13,131.80247497558594,134.89870604855327,131.40721514149342,134.65276600055228,13251910
2014-02-14,129.5670623779297,133.05415759153206,127.81033988856744,131.95620603568065,45823350
2014-02-17,129.435302734375,130.42785514678238,128.52619570545644,129.1190921766089,16601150
2014-02-18,131.837646484375,132.61499144579238,129.21573734667822,129.73396732095648,13981720
2014-02-19,132.46127319335938,133.07174074759115,131.57852917552395,131.74541997172344,9753850
2014-02-20,130.05015563964844,131.84640266477004,129.67684945337382,131.4906674550583,10363320
2014-02-21,131.9386749267578,132.1933938416095,130.43667099986052,130.43667099986052,9430050
2014-02-24,132.6764678955078,133.28253929514685,130.80555416666192,131.82006032597806,10295950
2014-02-25,132.2812042236328,133.59874604497287,131.67513284137982,133.2473935176451,9445490
2014-02-26,133.54605102539062,134.81089348795777,132.21973023900077,132.63256113727562,31769610
2014-02-28,134.67474365234375,135.21494067686817,133.33524803083233,134.3190083980347,13109410
2014-03-03,133.36598205566406,136.90138061354924,133.08050393629674,134.38926698221695,16179310
2014-03-04,136.1767578125,136.5720177472867,133.07174716206313,133.3352582528312,17249460
2014-03-05,138.48245239257812,138.95676162004372,135.26764666429096,137.0243693482428,25001030
2014-03-06,138.55270385742188,139.08850473846437,137.20002007124242,139.08850473846437,22604310
2014-03-07,144.8988494873047,146.19883368945787,138.98308637755167,139.13240617048925,51525570
2014-03-10,148.63186645507812,150.28758566327076,144.0512166543399,144.40255572411357,44180640
2014-03-11,148.4236297607422,152.6154462003671,147.6481898314749,149.77068348134,25625230
2014-03-12,145.79156494140625,148.35273172619418,145.11804483807975,147.04999155484745,17206710
2014-03-13,146.41192626953125,150.30241861769568,145.59659467535175,146.2258147371948,29306490
2014-03-14,146.59361267089844,147.89193115035178,144.80788554792076,144.98513980658564,17043720
2014-03-18,150.77210998535156,151.45448737279017,146.66892074542318,146.66892074542318,29193580
2014-03-19,151.4412078857422,152.38503128342134,150.35116461301138,151.54312772281463,17798490
2014-03-20,148.7028045654297,151.1886506946386,148.2198178430031,151.1886506946386,14052620
2014-03-21,150.84744262695312,151.70263889547823,149.68206495987283,150.47966847504338,16902930
2014-03-24,152.9256134033203,154.19291082833055,151.62730865844762,151.62730865844762,16494770
2014-03-25,154.5030975341797,154.88417794745803,153.14718635148853,153.5637095014761,16789650
2014-03-26,156.63888549804688,157.21492125208277,154.33915084980353,155.45577962086122,20279380
2014-03-27,162.79806518554688,164.28691682293407,157.74663083523058,157.74663083523058,48585150
2014-03-28,168.55404663085938,169.79474500581034,164.5261785179477,164.5261785179477,33298740
2014-03-31,169.94985961914062,171.81977826927567,167.0696540006568,169.71057721220012,25924470
2014-04-01,167.81851196289062,171.35450966286402,165.5010492960442,170.86266564576408,22272160
2014-04-02,171.47413635253906,171.92610216535374,167.30004823146777,170.15366812241194,19202730
2014-04-03,168.0444793701172,171.748873818043,166.92785071088957,171.3943788703996,20425470
2014-04-04,168.62940979003906,169.47131343578286,165.735911137667,168.29264292270094,20800500
2014-04-07,170.36639404296875,170.65884733249158,168.23946471623927,169.24089444800526,22630300
2014-04-09,175.9141082763672,176.53445759095763,171.04434925358115,171.04434925358115,26631730
2014-04-10,179.729248046875,180.78828394613268,176.37492668318728,176.80030709437975,28796540
2014-04-11,176.72499084472656,179.87549991296098,175.86093721832364,178.57275959243884,20895560
2014-04-15,174.0574493408203,177.66435903280848,172.60405399723498,176.80029204610025,16863520
2014-04-16,173.64540100097656,176.76931123397793,172.82121197004682,174.23030760065555,19376260
2014-04-17,178.7765655517578,179.19308865601607,173.94224981741522,174.3321874914101,21513800
2014-04-21,183.63307189941406,184.2268358004997,179.1931150744611,179.1931150744611,18872420
2014-04-22,181.54598999023438,184.0672785792758,180.80600632614465,183.80141075975772,18364100
2014-04-23,183.0215606689453,184.1559174837563,180.86362417766503,181.2313983270155,23265390
2014-04-24,183.0215606689453,183.0215606689453,183.0215606689453,183.0215606689453,0
2014-04-25,184.7984161376953,187.12917144762915,181.04528616266867,182.56072335992067,22655730
2014-04-28,186.65504455566406,187.78940138179502,183.5754481925929,184.33316004008347,16889200
2014-04-29,183.07472229003906,188.31226837186477,182.56071477136894,187.85586712584032,16514320
2014-04-30,184.20909118652344,186.79684355536924,182.02013381733605,183.44250850924442,22114870
2014-05-02,181.51498413085938,186.53096239700238,180.79713695560616,185.66247346734923,15446470
2014-05-05,181.19154357910156,183.43367206687924,180.34520451016232,182.07332538694328,13172760
2014-05-06,181.8694610595703,182.8930406534973,180.85031687805127,182.54298113823867,9841880
2014-05-07,183.96095275878906,184.7762708925333,181.14277526450337,181.82516623830026,19519520
2014-05-08,185.3744659423828,186.4600737842018,183.55771816967774,184.9091938479462,19363440
2014-05-09,192.59713745117188,193.65617342544837,184.33316531638758,184.33316531638758,27635400
2014-05-12,198.75192260742188,200.71045492237707,193.9043137494896,193.9043137494896,26436870
2014-05-13,201.71188354492188,205.95685769070832,200.3205161458697,202.0575076882214,32756640
2014-05-14,202.2834930419922,205.23459767414607,200.92758193027285,202.23474406864275,28870930
2014-05-15,201.9910430908203,204.09580878531395,201.37955110438295,202.94372380591315,21093980
2014-05-16,214.21641540527344,222.17464180521327,203.91857621753522,208.26103494131374,79653680
2014-05-19,227.58941650390625,229.95562811502944,217.03456735555713,217.03456735555713,36044700
2014-05-20,223.91603088378906,231.74576467663158,222.4759281396226,231.36469782594602,23419880
2014-05-21,217.94737243652344,224.21293404068234,217.30043771751676,224.03569331908326,23542300
2014-05-22,222.58670043945312,224.92189103143198,218.9842394735786,219.3387208861732,20116860
2014-05-23,244.01991271972656,246.1025285597826,221.31059684961096,223.32673558123432,89947940
2014-05-26,239.44700622558594,251.23368312364707,232.98647583709004,251.15392682813481,43472930
2014-05-27,233.01747131347656,239.27859675895158,231.89642084031223,239.0304570737502,21141040
2014-05-28,231.3203887939453,234.48419048344832,229.54354614124097,233.6954712901453,22103120
2014-05-29,231.87747192382812,235.54535194909678,229.96555875694224,232.0067335421792,38177620
2014-05-30,226.60073852539062,233.5308961285982,225.5979818149148,232.01117459383323,23614930
2014-06-02,235.73248291015625,236.35643124028533,225.21467746946666,227.20236010759368,22338560
2014-06-03,235.77706909179688,239.596461373896,233.65124329297535,237.6444260707645,31312470
2014-06-04,239.1151580810547,240.10007063034067,233.73592196792913,233.73592196792913,19581210
2014-06-05,240.4744110107422,242.71165391153983,238.07670638037627,239.28001974381303,21508380
2014-06-06,244.2091522216797,245.53723907971496,242.02982109575657,243.78129956335516,23003760
2014-06-09,241.36131286621094,246.14333945177088,240.40311224901563,245.56397435367165,16762200
2014-06-10,237.61322021484375,242.30167366869247,236.30295034701805,241.90948219794757,15604840
2014-06-11,240.4254150390625,243.66990344481457,237.45280581785292,239.14634520258846,20880260
2014-06-12,240.7775115966797,241.5529725067276,237.9965370772586,240.4031370875949,17608610
2014-06-13,232.45240783691406,241.5529754198873,230.50037239079415,241.37469666074082,18537170
2014-06-16,230.02349853515625,233.0807860703473,227.0285976839693,232.71979471067044,17379420
2014-06-17,236.4990692138672,238.19706966974312,227.60351947927617,228.54833705988582,22808210
2014-06-18,235.45176696777344,239.26223760567598,232.3410010493498,235.31361044364198,25021300
2014-06-19,232.2340087890625,237.84051337446044,231.33820844455556,235.93752247498998,21446630
2014-06-20,230.2418670654297,233.8651637267314,228.86030194307781,232.37218118478603,15397210
2014-06-23,231.7660369873047,233.93644602535505,228.80681115899958,230.32207166112514,17948990
2014-06-24,237.38150024414062,238.32631777115347,231.76604606497887,231.76604606497887,17354830
2014-06-25,239.9396209716797,241.0448729652387,235.9553333350246,237.452776784656,23118070
2014-06-26,236.43223571777344,242.22594178882187,235.26458328572988,240.66163679739566,17973090
2014-06-27,235.21995544433594,237.97865143911375,234.24393790301028,236.69512077650703,10927310
2014-06-30,239.43601989746094,241.28109878017673,235.80826241150672,236.20491492909127,15140470
2014-07-01,238.8967742919922,241.46383609578174,238.56698306886304,240.57249670288368,9828620
2014-07-02,240.86215209960938,243.24647369125296,239.97970775303637,240.66605637831702,16497960
2014-07-03,240.3229217529297,242.4888699402225,238.6338434030195,240.6616350730534,14368590
2014-07-04,240.49227905273438,241.97190570685743,237.10073919632535,240.75077509270372,15306300
2014-07-07,239.2978515625,241.88719101762203,238.43325139461592,240.403103537377,13937420
2014-07-08,229.53768920898438,240.39422267275023,228.18286325097782,239.14632587813284,17690110
2014-07-09,230.1660919189453,233.0763005347446,226.89041733197595,230.85687442334512,18223190
2014-07-10,226.9082489013672,236.37872882914016,223.28049147361168,230.24631018013727,37386490
2014-07-11,216.1720733642578,226.72998919694297,214.9910514295657,225.6425540870636,22975720
2014-07-14,214.90634155273438,217.56698970217488,210.926515149192,215.70409397295384,16142970
2014-07-15,224.40359497070312,225.0498214544751,216.34143199842183,216.34143199842183,20244400
2014-07-16,229.390625,230.535999213033,226.0391806786433,226.22190685899452,21653240
2014-07-17,231.9487762451172,233.78939408734263,225.78515733033416,227.91545772673422,16169410
2014-07-18,228.40570068359375,230.41121415301066,226.19072193000738,230.10816204848086,13962750
2014-07-21,224.9027557373047,230.14383557047893,223.95792458311115,228.272017458414,12814270
2014-07-22,224.99188232421875,227.20240015538354,223.1423558501335,225.3305956373341,10256470
2014-07-23,226.43136596679688,229.33714057917038,224.3500828674574,226.57843095632916,15629540
2014-07-24,227.9243927001953,229.15889281194464,225.52222660748362,227.20239639721945,12997790
2014-07-25,222.88385009765625,228.80681736677795,221.32846731581895,226.62302512313576,13895680
2014-07-28,221.9123077392578,225.68713059606134,220.60649879843123,223.29834756167938,12536680
2014-07-30,220.11624145507812,223.43202479999994,216.62219296703591,222.0326291457084,24264520
2014-07-31,217.41993713378906,221.23040712494344,216.95197585017274,219.00205891941266,18349440
2014-08-01,217.2372283935547,221.49782941660615,214.81278426318744,215.25845394008203,20333530
2014-08-04,219.39425659179688,220.0716695691861,217.567008291372,218.64553483772062,13946260
2014-08-05,220.50843811035156,221.40868594475026,217.62495481015915,220.74464249070542,17961890
2014-08-06,216.26119995117188,219.6884006840023,215.80216075084425,218.82380046579163,12928410
2014-08-07,217.13916015625,218.28898183046815,214.39383357195825,215.2584337521081,15579810
2014-08-08,215.52139282226562,217.96811494400782,213.03010101363242,214.9910448300078,32789900
2014-08-11,215.20944213867188,217.4823466665684,214.36711990009692,216.59546833980687,12536370
2014-08-12,216.51968383789062,217.3887451107967,214.09970086051766,215.70411434855117,12331020
2014-08-13,211.15383911132812,217.1570101771782,209.68758207247066,216.14979235950747,20923880
2014-08-14,210.57888793945312,212.45070571699551,209.47362242500105,212.22787091494317,15800260
2014-08-18,215.81109619140625,216.5286314974776,209.82129419613693,209.91043357851257,16556210
2014-08-19,217.68736267089844,219.44774976289617,216.5375272693264,216.9698274069972,15948060
2014-08-20,215.23617553710938,218.22661525586557,214.67908844192144,217.93247163751525,16065950
2014-08-21,219.9424285888672,220.77582864030458,214.82167517209,215.16929694757616,27963970
2014-08-22,225.03643798828125,227.20238599577303,221.0298721188482,221.0298721188482,26474960
2014-08-25,223.3830108642578,229.73378998349537,222.09501900531188,225.50885026794134,26784130
2014-08-26,222.4783172607422,223.63704758753252,219.7374377549427,222.8214780297366,14312180
2014-08-27,223.28050231933594,225.97679835414613,220.51734495412245,223.73063303353987,14200130
2014-08-28,219.33187866210938,224.9517666914045,218.6455435597814,223.9044402432194,14700480
2014-09-01,223.22256469726562,224.34566096643064,220.41929867404002,220.78475106641147,15193550
2014-09-02,224.7957763671875,225.86538084332759,223.19136285259796,224.36347624798918,16508080
2014-09-03,223.28050231933594,225.44645036436884,222.2465454316391,224.87154628866782,15715840
2014-09-04,221.600341796875,223.63704191549115,220.69563288269043,223.3696509857888,12428860
2014-09-05,224.2386932373047,225.5088545254357,221.5958753407441,222.03263651653302,16913550
2014-09-08,228.70875549316406,229.25248662942593,225.32166331793644,226.15061596749433,17875080
2014-09-09,228.83798217773438,230.8479566519071,227.46978668851798,228.80680923956243,12975200
2014-09-10,227.2870635986328,228.44135997678438,225.11665454919924,227.20238527589956,16289770
2014-09-11,232.02455139160156,232.54154346387173,228.47257702576775,228.47257702576775,15981320
2014-09-12,234.45790100097656,235.402718498622,230.63404772374074,232.19389152477086,16374410
2014-09-15,233.8206024169922,235.66122032368688,231.258001823579,232.9782802153147,17437540
2014-09-16,228.45919799804688,235.67013043441864,227.2915455675274,234.33312134284495,15687360
2014-09-17,228.39230346679688,230.68305190577183,226.12832131922184,230.2685824118081,13044950
2014-09-18,233.56655883789062,234.24395821190296,226.75671349856447,227.64805280256945,20121200
2014-09-19,228.8959197998047,234.5915909447251,227.73718959830643,234.06570402549025,15558510
2014-09-22,231.8863525390625,233.9765440876393,226.60516496664724,227.38063933270965,14346980
2014-09-23,227.8441619873047,233.9498420204646,227.21576610879555,232.63064998011833,19379150
2014-09-24,221.61814880371094,229.3594422879311,218.88620518947425,227.32272866034697,23106290
2014-09-25,211.9337615966797,222.8259295694402,210.56109137776374,222.3891683905562,28369080
2014-09-26,217.95472717285156,219.27836651835628,209.46918720779675,210.34715692317542,28118450
2014-09-29,218.35140991210938,220.87390200006067,216.23893992499256,218.46728838423294,13845560
2014-09-30,217.99484252929688,220.69559931457655,215.730833263274,217.1346898337202,18632180
2014-10-01,216.00271606445312,218.73465960461917,215.00886784493196,217.93245967189716,10544750
2014-10-07,210.92654418945312,216.01163683618472,210.29814831278333,214.33591449839855,13002440
2014-10-08,214.9241943359375,215.6862856491651,209.11265813966776,209.11265813966776,13589310
2014-10-09,221.0120391845703,222.70113097714253,216.23892101059428,216.23892101059428,17279230
2014-10-10,218.48509216308594,222.2287282287631,216.87623120119983,218.8059748658366,12525220
2014-10-13,221.53794860839844,222.33570117625325,216.7024296636004,217.2194081455155,13926640
2014-10-14,224.93394470214844,226.75673209624537,222.1529701978112,223.240405325945,17315970
2014-10-15,224.93394470214844,224.93394470214844,224.93394470214844,224.93394470214844,0
2014-10-16,219.8399200439453,227.71935603534928,218.59205048902,222.85709861827854,19073950
2014-10-17,224.786865234375,225.95005651833893,220.61539014535563,221.76522548431169,14633000
2014-10-20,229.02517700195312,231.19112491617744,227.5366284410547,229.69814250816856,18824230
2014-10-21,230.33546447753906,232.37217814524905,229.03855049758477,229.96555103290214,15022310
2014-10-22,229.54214477539062,232.96042332954048,228.63744954256947,232.5504148733538,14511170
2014-10-27,231.55210876464844,233.52196088636603,230.05466535632505,231.03514396945886,13429580
2014-10-28,236.80654907226562,237.4795145716406,232.28301860947008,232.46127014210566,22963480
2014-10-29,235.64781188964844,238.78977727454077,234.51135979743398,238.6115257472117,17372970
2014-10-30,235.13528442382812,236.47675435390673,233.7091633780385,236.195980312657,15544270
2014-10-31,240.9111785888672,241.53512696308707,235.848378026196,236.3831870324536,20770240
2014-11-03,242.75180053710938,244.53894016958606,240.14907783613117,241.19641782500867,17780640
2014-11-05,247.9617156982422,249.55722087822014,242.80531388369678,243.60305287292556,26605100
2014-11-07,244.44979858398438,247.88146026694338,243.33562447922603,247.34665125635613,18163030
2014-11-10,244.1824188232422,246.81185350956213,243.60302650111305,245.92051418507725,12068890
2014-11-11,244.25816345214844,246.232476697961,241.10727582551476,244.93112896242528,17405950
2014-11-12,244.7662353515625,247.0346786101745,243.83031277680814,245.38569548452614,16233230
2014-11-13,242.38189697265625,246.21021135568387,240.21594893364107,245.662019171846,16859020
2014-11-14,248.4920654296875,250.19006595012527,242.44432415308344,243.33566358011683,50846690
2014-11-17,262.10723876953125,263.06097837213827,248.87976649935476,249.0402010489006,49164120
2014-11-18,262.5662536621094,265.5299401579661,260.63649669281466,263.5645492060406,32898390
2014-11-19,259.42431640625,264.54951785582716,258.8048562085427,262.8559784693142,20735930
2014-11-20,264.8169250488281,266.2876295289354,259.60258443615874,262.72227214612116,18099509
2014-11-21,272.30413818359375,273.641147045379,264.95058944377496,267.3126329926259,21009207
2014-11-24,275.2901306152344,276.18146985815144,272.79436441415766,274.3542080892625,18631463
2014-11-25,271.3682556152344,276.270621672191,268.2931242079914,276.2260383871271,26776620
2014-11-26,272.9726257324219,275.2009736975845,270.6105823296521,271.7693123909314,11131807
2014-11-27,272.6161193847656,274.97816299449624,270.83344085643824,273.64115409825075,15378080
2014-11-28,286.4764709472656,287.45694970439064,274.53252870992964,274.88905902119717,27760604
2014-12-01,284.8720703125,291.4234201733628,283.0893915586064,287.7243399978183,18449916
2014-12-02,284.0698547363281,287.72432422019864,277.6967567794178,284.2481062810315,23776383
2014-12-03,283.40130615234375,287.813418818997,281.97515800899095,284.91656645342647,13699078
2014-12-04,285.4959716796875,286.1199200807196,279.9251009616049,285.09488530889587,13809486
2014-12-05,283.0447998046875,286.3873223682833,281.66323469234186,285.22859209351077,11391988
2014-12-08,278.900146484375,283.98079292257745,278.36533730116554,283.98079292257745,9814223
2014-12-09,273.24005126953125,280.2370702080521,272.3041558860451,278.72180972043094,14926558
2014-12-10,281.61865234375,282.73282642771557,270.3431888528056,270.52146758684637,15381613
2014-12-11,279.92510986328125,283.9361369078522,276.71630998883893,279.524023479735,13151866
2014-12-12,277.51849365234375,282.4654158360597,275.4238408784985,279.5685631407357,11727933
2014-12-15,276.80548095703125,281.6632922901126,274.1314623593403,274.799967008763,15117938
2014-12-16,263.47991943359375,277.206540094429,261.16243166452637,274.6216613988039,20951938
2014-12-17,268.96160888671875,273.10633080788483,255.8143554282959,262.4102601976425,28290440
2014-12-18,273.7303466796875,278.63271358563543,271.41285870202614,277.02828627732174,18921827
2014-12-19,271.1008605957031,278.09788000405763,270.5214954526651,277.6967664119059,14130478
2014-12-22,274.2651062011719,275.1118621927567,270.3877749089205,273.0172094531252,11565161
2014-12-23,273.8194885253906,278.543576705711,272.9727051715968,274.1760188632697,12836868
2014-12-24,272.5269775390625,276.27061329510303,271.85847309702064,272.7498123530765,14866629
2014-12-26,274.22052001953125,276.13689400304946,272.79437175219823,273.5074594866226,7373519
2014-12-29,274.1313781738281,276.49344897095096,273.6411524620756,275.86950060916087,7699059
2014-12-30,276.0923156738281,276.98365486890106,272.7497936923048,274.71075080207055,8113742
2014-12-31,277.96417236328125,278.9446510555176,276.31518918109066,276.3597452664807,6305857
2015-01-01,279.88055419921875,280.77189354380226,276.9391452427004,278.4989890957215,6138488
2015-01-02,280.9947509765625,283.71332531555316,280.1925509422308,280.1925509422308,9935094
2015-01-05,278.766357421875,282.3762705942138,278.1869923351623,281.88604487503744,9136716
2015-01-06,267.31268310546875,277.2956953589099,266.24309213643437,276.31521656948837,15329257
2015-01-07,267.5354919433594,269.6747008749393,263.07879533526904,267.40179648542016,15046745
2015-01-08,271.7248229980469,273.19552757568704,269.49647448601024,271.8585184684651,8939749
2015-01-09,270.2541198730469,274.3988426874092,269.18450170091205,273.3738078066667,11953948
2015-01-12,273.7303466796875,274.3542679649865,268.38231005501706,271.1008844586162,8536142
2015-01-13,271.9476013183594,276.9836624683909,271.10081817920184,274.6661750573147,9484804
2015-01-14,271.59112548828125,273.64119522335324,269.4073330822753,270.9671770289882,8855660
2015-01-15,285.4959716796875,288.52654711153815,279.8805448764672,285.13944139403367,30729523
2015-01-16,281.1730041503906,285.4959781646034,279.07835127250905,285.22858724466863,21598514
2015-01-19,279.1228942871094,283.4013392163271,278.54352918670435,282.15344244435744,9975658
2015-01-20,283.57958984375,285.0502942328312,279.88053722832854,279.88053722832854,13104643
2015-01-21,290.7548828125,292.002752359029,284.3372291424711,285.13942905084565,22617660
2015-01-22,289.37335205078125,292.002814354765,286.83302913365696,291.37886584827066,12232626
2015-01-23,291.8690490722656,296.4148574981887,289.3732828446939,292.5821095935631,17127278
2015-01-27,294.1865234375,296.0583413973247,287.5460620105842,293.6071583360467,13734088
2015-01-28,298.2420959472656,299.48996536264065,292.537530618756,294.49846049962736,19428852
2015-01-29,291.4679870605469,297.3508326066601,289.77444762190584,296.6377447577712,14911660
2015-01-30,275.3792724609375,294.5876224382571,273.6411500409831,292.9832226671571,30252827
2015-02-02,274.0868225097656,278.0087098143177,271.94761372560225,275.8695010301543,17639807
2015-02-03,267.6692199707031,278.0979021831807,266.5550456831103,278.0979021831807,23743882
2015-02-04,261.20703125,270.03131411714924,260.18199625880754,269.8084792407368,21477507
2015-02-05,259.2015075683594,265.4408838721516,257.77538617442445,261.296160767794,15722348
2015-02-06,258.7557678222656,262.81137764333994,254.65562912177145,259.3797161644354,15985714
2015-02-09,249.12933349609375,260.984135264854,247.79232455067643,258.04272646554256,17088719
2015-02-10,256.081787109375,259.2014748676936,245.74227230016243,247.3466722666903,22589681
2015-02-11,254.87852478027344,261.60812669890424,252.87301103215577,259.2014993205546,17366588
2015-02-12,253.40774536132812,257.59705084037665,248.05970970374244,257.507911472447,20957180
2015-02-13,273.59661865234375,274.4879579837389,254.34368365390532,256.7057274417989,70540056
2015-02-16,273.373779296875,279.12290156835115,271.59110066357687,276.8499971915029,21372131
2015-02-18,272.48248291015625,274.4434133948207,269.18451603834933,273.4629345517277,13472484
2015-02-19,269.4964599609375,273.908573456058,264.5495102099305,272.8389825488402,17762135
2015-02-20,269.4518737792969,273.1955099181628,264.7723422064735,269.0953434807187,15792502
2015-02-23,264.32666015625,271.5019578861863,262.41028608979485,270.2540882988329,12440505
2015-02-24,264.05926513671875,266.5104481886208,260.360212516879,264.63863023595593,15046698
2015-02-25,263.4353332519531,267.9811693641433,262.9451074914746,266.51046488118953,12845169
2015-02-26,257.9535827636719,264.7277667469959,256.75026929270047,264.7277667469959,18707345
2015-02-27,267.31268310546875,268.2931618948903,258.57756778484776,259.60260266407573,18316053
2015-03-02,269.1844482421875,272.66066580898564,264.46036119006624,272.66066580898564,15085595
2015-03-03,269.7192687988281,272.21500787659545,267.13439035367287,270.5214687022879,14387971
2015-03-04,261.9200744628906,280.7718963488681,260.2710912186333,279.8805569953796,38674148
2015-03-05,261.8754577636719,264.0592497817131,258.2655447232114,262.72224092205886,16803823
2015-03-09,259.06781005859375,262.0538027066095,257.3297144227793,260.2711237766325,13199803
2015-03-10,256.3491516113281,261.3852124987943,254.12080367868708,259.1568645661533,14064427
2015-03-11,254.16537475585938,259.2905753033885,252.91750528024212,257.1959226827911,16329314
2015-03-12,255.68067932128906,257.9981669023996,255.01217485759466,256.83940951108616,9969794
2015-03-13,250.24349975585938,259.4242833453701,249.57499530415186,258.48838799358583,13414248
2015-03-16,251.04568481445312,253.0066419707927,249.5749805479555,250.91198937231954,15132928
2015-03-17,252.33815002441406,253.14034991835928,249.12932324711767,253.05121055202858,11350496
2015-03-18,256.081787109375,257.10684913403736,251.3576993845285,253.2295174798234,12394230
2015-03-19,251.00112915039062,258.7557640236503,250.10978993267014,258.48837313893983,11046649
2015-03-20,248.01515197753906,251.71420450922795,246.72269915491142,251.17939550670906,11482652
2015-03-23,244.89547729492188,249.5750087082006,243.82585923413697,249.04019967780818,13058026
2015-03-24,241.15184020996094,246.36618063041524,239.770275155656,244.04869297671144,17585259
2015-03-25,236.56149291992188,242.53347832582662,236.20496256767134,242.35519954894022,15824629
2015-03-26,228.7622528076172,237.00714230223346,227.46981339077527,235.75927257578473,22253318
2015-03-27,234.9570770263672,236.16039068609913,228.1828919803951,231.6145541946231,19423101
2015-03-30,238.78977966308594,240.08223245634568,234.5559182250826,236.2940406433953,12303870
2015-03-31,238.0321807861328,241.86495660589162,237.0962852774877,239.68116415035925,19482636
2015-04-01,243.73675537109375,244.80634626681692,234.55594377407385,237.67563148925652,12383589
2015-04-06,244.80633544921875,245.78681412811116,241.73123115819064,245.5194232163755,12925445
2015-04-07,242.48886108398438,246.32163663830013,240.92901720992433,245.38571399295304,12933524
2015-04-08,244.13783264160156,247.21296415522255,242.31059792867828,242.35515401376728,9913899
2015-04-09,250.33265686035156,251.17941290493513,242.88996799702005,245.11831632726793,13471276
2015-04-10,254.7001953125,256.1263435786999,249.6195506146365,250.46633379811897,16880558
2015-04-13,255.19039916992188,257.1513562681701,252.56096488080874,256.5274079546784,11985436
2015-04-15,258.4883728027344,262.4548431970372,254.87845985626737,256.17088539937254,17289500
2015-04-16,260.6275634765625,262.2765463535825,255.3686679024686,258.7111897336527,15043998
2015-04-17,260.0482482910156,262.8559617268619,257.77534389092995,259.37974379669424,16819018
2015-04-20,256.39373779296875,261.47438255652196,253.89799869598724,259.37972981360036,13788536
2015-04-21,257.77532958984375,260.27106868290906,251.13484110071792,256.1709025715738,15487948
2015-04-22,253.00669860839844,261.38528367639134,245.47486966448085,258.9786563731873,17741741
2015-04-23,247.4803466796875,256.1709046957866,246.2324771228073,254.0316958552039,13874710
2015-04-24,245.60855102539062,249.21849177279174,244.53896010882335,248.104317567085,10049508
2015-04-27,238.0321807861328,246.4999052603288,237.18542465962543,246.4999052603288,12394191
2015-04-28,242.88992309570312,243.78126226302683,236.33857477557154,237.9875576754229,12693457
2015-04-29,242.35511779785156,243.69212656893367,240.2604652828536,242.66709195140666,8217676
2015-04-30,240.4387969970703,243.73676357328188,237.72022277724767,240.7507712193907,21635216
2015-05-04,247.03469848632812,247.79234238356,242.13233200032244,244.22698493919222,8012690
2015-05-05,242.48886108398438,246.90100177979016,241.86493985527144,246.90100177979016,7102772
2015-05-06,236.56149291992188,243.87048754790777,234.64511847524332,241.95411310322922,16335660
2015-05-07,232.59498596191406,238.21041230304496,231.4362286269959,235.31355976802197,15962706
2015-05-08,233.48634338378906,238.87893533442582,232.015611759509,235.3135780906284,14044596
2015-05-11,246.05419921875,247.0792611596923,234.06570213326114,234.7787626820315,17198308
2015-05-12,238.3441619873047,245.47487754235658,237.40826645131258,245.38573815761418,12792368
2015-05-13,244.49435424804688,245.11830262624744,238.92348373381398,240.57246684633017,9245732
2015-05-14,250.4217987060547,251.26855475899754,243.2910839788663,244.2269794062026,13101418
2015-05-15,256.21551513671875,257.0177151367715,251.3577046450629,251.3577046450629,18247889
2015-05-18,258.26556396484375,258.488398791388,254.38823254266953,258.39925942046693,13266119
2015-05-19,257.10687255859375,259.6917514964007,255.1013588169558,257.7753771391397,14541041
2015-05-20,260.805908203125,262.76683851952794,257.8199158378196,258.04275068296903,11807544
2015-05-21,258.7112731933594,262.7223006847293,257.10687307741983,262.0537961028343,12118415
2015-05-22,251.7588348388672,271.8585282608212,250.2435469154936,261.16245501777246,69490117
2015-05-25,247.4803466796875,253.40774747600568,246.1433377541338,249.75327817403854,20356833
2015-05-26,247.03469848632812,250.28808171401,246.00966366137612,248.68368174465195,9675703
2015-05-27,250.24349975585938,251.00114357476443,244.40523842488645,246.90097749732163,12176680
2015-05-28,250.55943298339844,252.5451179710194,249.20554558710296,252.5451179710194,13024987
2015-05-29,251.0558319091797,254.21490230631636,250.10812180800184,251.5071276801992,14809918
2015-06-01,251.1010284423828,254.53086597298966,250.51432178630156,251.50717819092358,11567692
2015-06-02,240.3149871826172,252.22920601583073,239.50266034055866,251.64249950415442,21653784
2015-06-03,232.3270721435547,241.26272346736263,230.2059901487391,240.99195700554498,25967877
2015-06-04,232.50759887695312,235.93743589780266,229.03261574969997,234.58354851406057,20210546
2015-06-05,232.6881103515625,236.47900620176878,230.70242529971532,231.96604806814724,13539638
2015-06-08,230.11573791503906,233.545588932108,227.94952346870897,233.545588932108,17384700
2015-06-09,232.50759887695312,233.1393964624205,229.25826364699032,230.1608552361517,15275972
2015-06-10,235.2153778076172,236.97541491068793,233.31992992784805,233.77122573041643,10910978
2015-06-11,229.2582550048828,237.33646044132527,228.03975089646576,236.7046353347658,20857622
2015-06-12,229.21311950683594,230.61213915246697,227.27255319907465,229.30338417008466,11440479
2015-06-15,225.87351989746094,230.7023898677865,224.60989732309977,230.16082946594423,13545280
2015-06-16,229.79981994628906,230.83779474603824,224.7453016295739,225.8735410955858,9896598
2015-06-17,230.25111389160156,231.87576769170443,228.806961877672,231.063440791653,11241061
2015-06-18,232.95889282226562,235.30563644443822,230.34136897100316,231.46962222095328,11598549
2015-06-19,234.80921936035156,237.4718758265752,233.0040360055998,234.5835714410076,12216399
2015-06-22,240.08937072753906,241.35299348554403,235.39588328933735,235.48614796024702,11051382
2015-06-23,241.66891479492188,244.78286701192457,240.31502731707917,243.1581855115666,16180083
2015-06-24,236.79490661621094,241.8042788692407,235.12510668356464,241.6237770801143,8361760
2015-06-25,239.00624084472656,240.0893617653913,233.81633922761756,235.80205173386642,16506503
2015-06-26,239.36729431152344,240.90168344671645,235.62151727684738,238.37443807998167,14588452
2015-06-29,234.35792541503906,235.3959003434247,230.16087959031577,233.54559840782042,15040805
2015-06-30,237.1559295654297,237.69749000396132,232.50758859577397,233.9968591430548,14181965
2015-07-01,241.66891479492188,243.24845018573833,236.97542718710267,237.47186912259176,12072024
2015-07-02,241.75917053222656,244.82797652624632,240.17963519979915,241.80428909518895,8741783
2015-07-03,243.15814208984375,243.69970249325448,240.81139870500152,241.30784055183898,7238541
2015-07-06,244.4217987060547,245.05362385550623,236.47900349960454,237.56212445726146,9458200
2015-07-07,246.3172149658203,247.89675009162062,243.69970512347544,244.06073621467704,12523410
2015-07-08,241.307861328125,244.60231504390433,239.72832608337654,243.60945880965212,12669850
2015-07-09,241.66891479492188,244.87310414118508,240.99197105600052,240.99197105600052,6469504
2015-07-10,244.1961212158203,244.60229841195786,240.3149887534457,243.92535478166647,8788162
2015-07-13,247.039306640625,247.62598561156594,241.80425936975894,245.5048900597886,8423083
2015-07-14,242.07508850097656,246.94907784064563,241.12735075345896,246.94907784064563,10337307
2015-07-15,241.93966674804688,245.23414811561395,241.1273398190903,242.57149188440732,7483918
2015-07-16,245.6854248046875,246.18183912685197,241.98479403293754,243.4740645443385,8354120
2015-07-17,244.69259643554688,247.3101066539238,244.15103594849046,245.8659545367436,5571891
2015-07-20,241.3981170654297,245.50489753191596,240.22473154292814,245.50489753191596,6418930
2015-07-21,238.55494689941406,243.51920065857252,237.83288464331844,240.99195521732835,5638653
2015-07-22,242.39096069335938,243.15816905452755,236.38873212347215,238.0134135138711,11322177
2015-07-23,243.74484252929688,245.5049071092569,241.21759715054742,242.34583661336572,6376216
2015-07-24,237.6072235107422,244.01562897006096,236.5692487460776,242.52635843424588,7796401
2015-07-27,233.27481079101562,237.7426226984927,232.91375211392233,237.56212090485582,6788558
2015-07-28,233.95176696777344,238.19393120071905,233.1845585554064,234.8994771834019,10788886
2015-07-29,228.89724731445312,235.30565352067055,227.72387541821473,234.67382834945755,9997136
2015-07-30,231.78549194335938,234.22250007189695,228.8972155985116,228.8972155985116,10536937
2015-07-31,243.74484252929688,247.08444235720248,232.4624479011141,232.86862512569218,20534806
2015-08-03,253.67333984375,255.4334043546159,243.60944973946664,243.69971440193035,21901780
2015-08-04,260.4879150390625,261.70641908534674,249.4762876099182,254.98210132449034,28858887
2015-08-05,257.599609375,263.37618948359915,256.56163465582233,260.9392089531264,10169558
2015-08-06,260.89404296875,262.47357797818347,254.53078437727984,257.7801190485239,15372143
2015-08-07,253.8989715576172,260.3976412124234,252.90614296846857,260.3976412124234,13845614
2015-08-10,255.20777893066406,258.14120167699355,252.81591666186975,254.57595378272137,14694901
2015-08-11,242.61659240722656,261.25512955003563,241.44323443541,257.96064842742084,39233644
2015-08-12,231.37936401367188,241.39813636252924,230.20599216982612,241.39813636252924,29724325
2015-08-13,234.04197692871094,237.2461934448987,233.00400215948707,234.44815414249368,16360033
2015-08-14,242.3458251953125,243.15815206128738,233.99685356381664,236.38871560331773,14852873
2015-08-17,252.49998474121094,254.4405510541904,244.4217793946192,245.5049002667002,27500063
2015-08-18,257.05810546875,259.94640993038604,248.70913223313863,253.4477386641613,27728824
2015-08-19,250.92050170898438,258.09611700244056,248.70914094574186,256.2457874233218,15452575
2015-08-20,244.1961212158203,254.21489245311432,241.89452389079227,250.60452642489355,14577599
2015-08-21,241.44326782226562,242.70689063085783,231.24399313409336,236.0277178898036,19030056
2015-08-24,221.4959716796875,232.59786481388923,218.7881968974299,229.8900762591769,29561705
2015-08-25,228.6715850830078,229.98034013543355,216.62198183448282,225.64789774425296,23492839
2015-08-26,221.76675415039062,228.62645584365055,221.13494278264545,227.904379806604,16325529
2015-08-27,225.15145874023438,227.45306994055218,223.93296841473955,226.68586161629491,21076926
2015-08-28,224.70016479492188,230.97317334578722,223.3462774628306,229.70955067815035,16644381
2015-08-31,223.25604248046875,226.86640895666017,221.13494666672423,224.74531314291565,21645114
2015-09-01,215.8096466064453,220.99954805483685,214.546010164234,220.99954805483685,19689080
2015-09-02,208.0924835205078,219.32974550484553,207.68632007961926,219.01383295501333,23655457
2015-09-03,209.6269073486328,212.47006549152664,208.49866780423758,209.98793849385714,14680299
2015-09-04,203.21849060058594,209.31098382172556,202.18051578300327,209.31098382172556,20466346
2015-09-07,199.56300354003906,205.33958413417244,198.7055305223943,204.97855301170955,15424783
2015-09-08,206.10679626464844,207.82171478647788,199.60812576150488,201.2779257215399,16189253
2015-09-09,209.0853271484375,211.65771857614845,206.78372971280086,211.16129046892038,18237115
2015-09-10,205.29444885253906,207.41554454079764,202.27077537108508,205.20419795944667,14195882
2015-09-11,207.6863250732422,210.5746153331174,205.79087727358274,208.40838730887023,13650937
2015-09-14,212.3346710205078,213.0116147113277,207.59606518476852,208.99508490028725,10671222
2015-09-15,210.2135772705078,215.22296338449283,209.9879293714315,212.2895406965008,13193410
2015-09-16,213.73370361328125,214.5911629188233,212.10903590293785,213.3726586929519,11272509
2015-09-18,218.42715454101562,222.44368417374596,216.17067567179024,216.62197144563532,16049395
2015-09-21,221.36058044433594,222.03752411541953,214.13984795277756,216.21581129859143,9602436
2015-09-22,214.7716827392578,224.24889516911435,213.23727967177217,223.79759933912118,13667322
2015-09-23,216.48660278320312,218.33690456245472,210.84540523071664,212.10902797349164,13614082
2015-09-24,215.76451110839844,217.9307253026144,214.86191956539943,216.12554221661645,9299508
2015-09-28,216.12554931640625,219.91643116704282,215.40347330379586,217.5245690085037,8588230
2015-09-29,218.33689880371094,221.49596934978132,209.58176318766394,213.0116139636027,24488685
2015-09-30,214.0496063232422,221.4959875065264,212.74085117279247,220.99957311227206,17011911
2015-10-01,212.24441528320312,218.3369087569316,211.56747156389994,217.70509737340635,11590498
2015-10-05,216.62196350097656,217.84046755465098,214.13983683586122,214.90704513224193,18307463
2015-10-06,216.71224975585938,219.14924433359067,214.5460216415222,219.05897966415606,10087077
2015-10-07,219.826171875,220.45798319722593,215.76450995324967,216.75735238176077,10608795
2015-10-08,219.6005401611328,221.3154587009491,217.6148413854363,218.83333178821476,9230511
2015-10-09,219.7359161376953,223.66219499718443,217.20865697368248,221.58623162058623,12171416
2015-10-12,220.728759765625,221.72160217772938,217.7953373150579,220.3225963346526,7566962
2015-10-13,220.0518341064453,223.39142026090528,218.47229881167124,220.23234967135713,10200698
2015-10-14,220.4580078125,222.75961924630278,219.51028383711588,219.96157965658875,7895820
2015-10-15,224.70016479492188,225.55762401742217,221.58622668560278,222.03752246296654,11582401
2015-10-16,231.78549194335938,232.10140448519311,224.15861010572755,225.51249738938012,11738832
2015-10-19,229.7095489501953,232.05629248381547,228.8069574022574,231.65011526928018,8969153
2015-10-20,230.02545166015625,232.05628255613482,228.53616740629988,229.7095391229115,8811740
2015-10-21,225.46737670898438,230.97317701685847,224.33913724764284,229.25825854460106,8606466
2015-10-23,228.71669006347656,230.02545881064276,227.45306742012409,228.35565895750554,7544810
2015-10-26,226.776123046875,231.0634328358209,225.9637961747931,229.93519341767723,13085058
2015-10-27,224.56480407714844,227.63361016180383,223.93299268000825,225.7381759703833,6565348
2015-10-28,218.4722900390625,225.1514620797847,217.7050817034256,223.8427070711579,12310403
2015-10-29,213.8690643310547,218.24663884347538,213.41776855750425,217.97585862485434,16114932
2015-10-30,213.95933532714844,216.98300883595337,212.1992845127016,215.4486059149601,8669606
2015-11-02,213.82395935058594,214.8168156883801,210.03307712234098,214.8168156883801,7611610
2015-11-03,212.96649169921875,216.35121030147099,212.1090324078059,216.03531149540058,8323201
2015-11-04,215.7193603515625,217.07324755042168,213.91417741975027,215.89987589025318,8418352
2015-11-05,211.11618041992188,215.71940332196698,210.3941181213274,214.81681167626837,8906564
2015-11-06,219.3297576904297,220.9544253167016,210.30384173609102,212.65058539320097,30821077
2015-11-09,222.1278076171875,224.11350646626428,212.65059541834086,213.01162656455284,22806485
2015-11-10,217.70509338378906,223.165775373921,216.71225087714552,221.0446795833264,11767845
2015-11-13,216.84762573242188,218.24664542712196,214.54601446339333,217.97586520033252,9082062
2015-11-16,224.11349487304688,225.0612187983976,215.80965498762356,216.17068611515967,14051479
2015-11-17,223.7073211669922,227.13715803888346,222.66933262106377,225.64788749042825,11273394
2015-11-18,217.52456665039062,224.4745189299579,216.1255469734595,223.4816764742793,10397889
2015-11-19,220.14207458496094,221.13493080367337,217.88559569920915,219.3748800272778,7325199
2015-11-20,219.2846221923828,225.55763093565182,218.4271629435828,220.18721377479432,13718619
2015-11-23,219.05897521972656,221.36058651906401,217.1184088183476,220.14208236869283,10552151
2015-11-24,217.8856201171875,220.23236393034557,217.16355781079025,218.87847644716723,6651669
2015-11-26,218.87844848632812,221.04466267370609,217.52456117610342,218.38202038475495,13629888
2015-11-27,225.3771209716797,226.09919701003506,219.14924440733137,219.32975997380646,15149912
2015-11-30,224.4293975830078,228.35567658263992,221.13494372627187,225.33198919005383,12865469
2015-12-01,225.8284149169922,227.36281787809486,225.0160879883069,226.41510771878026,9501537
2015-12-02,220.77392578125,226.2345943121293,220.00671736044666,226.14434340950618,10881754
2015-12-03,217.61483764648438,220.68364354051997,216.9830125161347,220.36773097534513,7155630
2015-12-04,217.61483764648438,218.56254779709957,214.86193054516895,216.62198138946744,11115170
2015-12-07,215.40347290039062,219.28461941000532,214.816793888249,219.28461941000532,7531729
2015-12-08,212.96649169921875,216.57685820828777,212.37981265047713,214.90707196131652,8254434
2015-12-09,211.56744384765625,214.99729433062484,210.84538165962365,212.47003535515043,7408777
2015-12-10,209.35609436035156,213.68853628772965,208.13760410644892,213.011592666966,11713559
2015-12-11,205.15907287597656,211.11616915628636,203.1733741158733,210.21357755874354,12872949
2015-12-14,203.94056701660156,205.5201022991836,202.18051617050108,202.9928430925614,12464883
2015-12-15,204.3467254638672,205.02366913979313,202.18051120988585,204.8882859135897,10404430
2015-12-16,205.15907287597656,207.23503630481602,203.30875734652278,205.56523634037987,13030720
2015-12-17,208.40838623046875,209.7622735739472,206.24217198988492,207.59605933336337,14539096
2015-12-18,204.43699645996094,209.7171628046637,203.80518509735708,207.5509347111515,18871084
2015-12-21,208.00222778320312,208.4986559089057,204.43699378081016,204.79802490543682,9557098
2015-12-22,206.10679626464844,209.6268979768056,205.33958789977726,209.08533751072537,9155574
2015-12-23,207.2801513671875,208.49865551228004,206.60320768045932,207.82171182555186,7914311
2015-12-24,206.0616455078125,208.49863984238868,205.42983420217476,208.3632566241997,7257958
2015-12-28,206.60321044921875,207.5509343778299,205.7908835232405,206.7386074518516,8756879
2015-12-29,205.9713897705078,207.5509249892578,205.33957843749866,206.55808254380173,7263286
2015-12-30,203.80517578125,207.32527733517517,202.9477165588789,206.69346600145195,11702877
2015-12-31,202.58665466308594,204.4821022775557,202.18049125211468,203.94054188129206,11558305
2016-01-01,205.61036682128906,206.60320930616342,202.6318118217567,203.08310761645998,6449426
2016-01-04,199.20193481445312,204.8431315059162,198.6152558675221,204.8431315059162,14092071
2016-01-05,196.539306640625,201.09739664441614,195.8623629897388,201.09739664441614,15074848
2016-01-06,195.72698974609375,198.4798830487351,195.3208125168933,196.67469988768266,11921123
2016-01-07,189.1380615234375,193.24485581884315,188.6416334178471,193.15459115511618,14342279
2016-01-08,188.59649658203125,191.80069925346217,188.28059781143895,191.34940349051286,11745840
2016-01-11,184.39947509765625,187.28776559572574,182.9101906258314,186.6559542012192,19287860
2016-01-12,179.9767608642578,185.03127937068282,179.25469859687274,184.89589613866187,20318816
2016-01-13,181.3306427001953,182.6845300686063,175.10276631448662,181.73681992868222,23788247
2016-01-14,176.9530792236328,181.87220050258662,175.3735439835359,177.81053845662314,20256636
2016-01-15,166.3476104736328,178.5325953038467,163.36905587175661,178.5325953038467,29090426
2016-01-18,163.36907958984375,169.82260402046063,161.69927962096563,166.889181320643,35653244
2016-01-19,165.129150390625,169.50672568782196,163.82039516719655,164.40707426900556,24501774
2016-01-20,156.73501586914062,163.05315666756766,154.79444956146247,163.05315666756766,28655794
2016-01-21,158.49508666992188,161.24797996597232,155.29088381223428,159.75870937065145,28697205
2016-01-22,166.61839294433594,167.3404551113588,160.9320638580862,162.37620196458496,21432409
2016-01-25,165.129150390625,170.40931739673212,164.72298687610672,169.59697659523906,17534650
2016-01-27,166.4378662109375,168.06253365683733,163.41419296539792,166.4378662109375,16569813
2016-01-28,167.20509338378906,167.79177241299587,164.7229664914521,166.257369452224,20241030
2016-01-29,162.376220703125,167.65638698665285,160.75156686738222,166.25736727480358,24259147
2016-02-01,155.9226837158203,164.22652287267866,155.33600474193466,164.22652287267866,22915269
2016-02-02,152.89901733398438,160.11975040803236,152.17695504454386,156.23861739869585,35957332
2016-02-03,149.87533569335938,151.45487096974009,147.34807649665927,151.45487096974009,24132003
2016-02-04,146.987060546875,153.26006996624534,144.59518433221675,152.8087741263992,23811109
2016-02-05,151.81590270996094,152.8087589681158,146.40035316901736,147.75424055425324,22732245
2016-02-08,155.38113403320312,159.66844401185764,152.13181262864288,152.94413953666933,22289005
2016-02-09,150.77793884277344,155.60679593741025,149.92047952432912,151.63539816121778,19008384
2016-02-10,143.51205444335938,150.01071075800186,142.60946290597977,148.9276036676371,32294785
2016-02-11,139.22474670410156,151.18408475161758,137.3744312705611,143.96335234557017,72749830
2016-02-12,139.72117614746094,142.29355382823883,133.80919867899107,140.93966648915966,41187889
2016-02-15,151.5,153.44056635968488,142.60946755782476,143.51205912464644,35956266
2016-02-16,141.16531372070312,154.1175080464749,140.48837005432037,154.1175080464749,33816243
2016-02-17,143.46694946289062,144.27929026487126,136.51699605460217,139.90171496504686,32447698
2016-02-18,144.23414611816406,147.75424798789481,141.1653262937616,146.17471262565184,21024178
2016-02-19,148.65682983398438,149.19839028864365,141.7971421188753,142.51920436181507,24592575
2016-02-22,148.88247680664062,150.55227672112764,147.7542373434614,149.78506837718402,15815058
2016-02-23,143.06076049804688,148.92760556579012,142.6094647236051,148.92760556579012,20200068
2016-02-24,141.0750732421875,145.04647086913548,140.1724816203852,140.8042930011558,19440950
2016-02-25,137.0133819580078,142.6997107268735,136.2913060588348,142.2484150114469,22713124
2016-02-26,140.71401977539062,143.24127891728523,137.69034628964803,140.35298865760038,30051402
2016-02-29,143.28640747070312,147.93474840880262,138.09650609774855,142.78997936749494,66981910
2016-03-01,146.26498413085938,147.03217879345743,143.1059132587996,144.86596427588455,23588231
2016-03-02,163.5044708251953,165.35478645015323,155.69705861245168,155.69705861245168,53333757
2016-03-03,164.94862365722656,166.61842371485923,161.11260915357013,166.0768632171255,33507048
2016-03-04,170.04823303222656,171.35700172473673,161.1125826942973,165.53527553378686,38860711
2016-03-08,165.49017333984375,168.73949479652967,163.7301087234607,168.73949479652967,27928279
2016-03-09,165.5352783203125,166.0768387382229,161.29310095485948,162.46647267869633,29453018
2016-03-10,162.91778564453125,166.75379998796203,161.92492936430835,166.75379998796203,20472928
2016-03-11,162.55674743652344,164.8583449244746,160.2551361761179,162.466482770447,21869157
2016-03-14,164.04603576660156,165.53530651079606,163.09831176008876,164.67784718012481,14369755
2016-03-15,167.25022888183594,168.06255582571205,163.95576122621608,163.95576122621608,22369600
2016-03-16,167.1599578857422,167.7917692373429,163.91063646074386,166.97944232420693,19237834
2016-03-17,168.1979522705078,170.86059476928486,166.97944808630146,169.68722292013337,21560986
2016-03-18,172.6206512451172,173.2975949754902,167.88204513250614,168.64925353591104,21144216
2016-03-21,177.63002014160156,178.08131591748347,174.2001694904084,174.2001694904084,20678069
2016-03-22,178.26182556152344,178.9387692028963,175.55405099603195,177.6300142507328,16728809
2016-03-23,177.44947814941406,178.35206956671027,176.2761065524386,177.7202445566413,13362780
2016-03-28,169.95799255371094,178.93877577108543,169.37129977951358,176.72742921592098,19760603
2016-03-29,171.04110717773438,172.62064246829394,168.46871562412693,170.1385155831289,16804848
2016-03-30,178.3069610595703,178.9839047129685,171.94368796313668,173.5232231543991,20709407
2016-03-31,175.3284149169922,179.39007703862134,173.61349641906392,178.57775012327733,30132473
2016-04-01,176.592041015625,178.03619308448106,173.2975871848941,174.83199015026938,21752206
2016-04-04,175.7345733642578,178.2167001455961,173.7940070260114,178.08131692105022,15732565
2016-04-05,166.39276123046875,175.5991924784686,165.44503732866266,175.01249969522942,36635637
2016-04-06,165.9414520263672,167.43072248558653,164.45216779469462,166.97942673764695,16350631
2016-04-07,164.22654724121094,167.56613357704188,163.3690879319707,165.8963472953542,19430601
2016-04-08,165.2645263671875,166.03172095859983,162.64700248116526,163.955757537949,15805231
2016-04-11,169.91287231445312,170.49955135795125,164.27167469445135,165.94147469895393,18990364
2016-04-12,169.50668334960938,171.71802972961314,168.15279612440875,170.13849463354572,14563344
2016-04-13,173.2073211669922,174.9222534569598,172.21447867828383,172.8914223729528,17573045
2016-04-18,168.55897521972656,172.84628516507436,167.5210004261504,172.80115283221141,13985439
2016-04-20,169.05540466308594,170.27389502522246,166.16711437909575,170.0031285708284,20163005
2016-04-21,175.41868591308594,178.17157932132469,171.4924068782081,171.9437026857823,31008152
2016-04-22,180.65370178222656,181.87220594143645,172.89142234795074,174.7417378676027,34049763
2016-04-25,177.8556671142578,182.81992062341143,176.72742768035928,181.37576863903968,23835613
2016-04-26,181.3757781982422,181.78194166136126,175.59919750121517,176.86282022479773,21809451
2016-04-27,177.0433349609375,181.33064501565133,176.45665593611645,181.33064501565133,22801603
2016-04-28,173.34271240234375,178.89364500496995,172.57550406492845,177.58488999330933,24555479
2016-04-29,170.58981323242188,175.1027712544436,168.2882018866998,173.2073233762125,21021661
2016-05-02,167.8820343017578,170.0933809238223,167.43073851062405,169.32618634236766,14469844
2016-05-03,166.1219940185547,170.90573246280147,165.7609490992508,168.78463660081442,16247931
2016-05-04,162.42135620117188,166.43788607992735,161.69928016429952,165.62555914623024,17826594
2016-05-05,162.7823944091797,164.90347632544353,161.11259450338417,162.69212974361344,17742028
2016-05-06,166.39276123046875,166.9343079083191,162.5567470627643,163.32394163283254,18336962
2016-05-09,170.31903076171875,170.95084212202033,167.02457695785398,168.3333320125761,13863696
2016-05-10,171.04110717773438,171.7631832079097,168.51384795834815,169.3261886569659,13845979
2016-05-11,166.9794464111328,170.138517018911,166.16711947811464,167.34047754303978,18128414
2016-05-12,170.1385040283203,171.04109556162703,167.34046476608788,168.87488139067239,17398341
2016-05-13,166.84405517578125,169.64208074496807,166.34762706388312,169.64208074496807,15546644
2016-05-16,159.5782012939453,166.9794498291801,158.08891685632008,166.9794498291801,30937008
2016-05-17,159.6233367919922,161.20287215950853,158.17918466128077,161.11260748666828,22183140
2016-05-18,162.42135620117188,162.87265200266023,156.64477545110273,159.66844905760186,25345278
2016-05-19,155.87754821777344,163.36906037046785,155.1554722682752,163.36906037046785,25480517
2016-05-20,154.65907287597656,157.6827464081235,153.93699685686005,156.59963926567602,16720624
2016-05-23,151.99642944335938,155.87757632074283,151.8159138665532,155.5165451671305,16193112
2016-05-24,152.98927307128906,153.80159998569462,150.1912336595285,152.3574617187009,14816798
2016-05-25,158.04379272460938,158.6756040823454,154.74932516166746,154.79445749560318,18900887
2016-05-26,166.2122344970703,167.43073864307723,156.59963964729866,158.04379168905095,30700988
2016-05-27,176.81768798828125,182.68453335700104,163.8203745265608,166.07685351452997,85585820
2016-05-30,179.48033142089844,184.03840763378872,175.64431741473476,180.69882172408992,46075949
2016-05-31,184.9861602783203,185.66310403179486,177.08848315445059,179.43522700881138,39457647
2016-06-01,178.93878173828125,188.00982992263206,177.44951113191297,185.8887341887576,41868032
2016-06-02,181.01475524902344,182.59429061110487,176.5017970716479,178.57776058773172,23499884
2016-06-03,179.78024291992188,184.85541139726752,178.6828956188574,183.80380317932304,24568749
2016-06-06,181.88345336914062,185.2669175138055,180.2374603784227,180.55750836957336,23623536
2016-06-07,192.17100524902344,193.08545212425716,183.02653649668633,183.30087334992686,66063192
2016-06-08,192.67393493652344,193.77126828858056,189.79343314320465,192.17098641376998,35163093
2016-06-09,191.98809814453125,194.59427704173393,190.47926654300372,192.03382327407613,27858182
2016-06-10,188.330322265625,193.40550497405414,187.73593740614692,191.43944986653312,25598224
2016-06-13,184.53536987304688,185.26693011498517,183.07224938917028,184.26103303815114,21192525
2016-06-14,189.9305877685547,190.7535982180963,186.3642510139247,186.86719951864177,23918910
2016-06-15,197.5662384033203,198.9379086343732,190.70788724805593,191.805220642228,48362742
2016-06-16,197.5205078125,199.8066248010706,194.82289255665683,197.5205078125,48122379
2016-06-17,195.18865966796875,198.892171865795,193.4969415206607,198.2063367903957,26486677
2016-06-20,197.42906188964844,198.16062213273548,190.11348736548027,190.2049376283728,32633757
2016-06-21,195.69161987304688,198.8921837494752,194.91433449314522,196.60606669488354,18960306
2016-06-22,194.6857147216797,196.83467024530316,193.35976967562186,195.69161176536528,16395548
2016-06-23,198.9379119873047,199.3494102728858,194.54856438328648,194.77717609231502,20666649
2016-06-24,193.17689514160156,194.18279224793983,185.1754852836654,188.2845989614086,47224652
2016-06-27,198.57211303710938,200.12668372846292,192.5367726507418,192.76538434613488,29021651
2016-06-28,197.42906188964844,199.94379063233126,196.97183848188794,198.20634726418174,21784062
2016-06-29,198.61785888671875,200.08097947120788,197.61197569406545,199.25796890992575,18019568
2016-06-30,200.08096313476562,202.91573984989722,199.2579526406816,201.17829650686014,30600995
2016-07-01,200.81253051757812,202.09275050504783,200.17240657049192,201.9098639287452,15346865
2016-07-04,203.92164611816406,205.15615493833658,203.00719927458485,203.32726125117816,16534518
2016-07-05,204.37884521484375,205.88767674582817,202.59567687276675,204.15023353115825,15357018
2016-07-07,201.22402954101562,205.38476544558762,200.5839195449318,204.74464149615238,12917872
2016-07-08,199.6237335205078,201.95557558447652,197.97772653692107,201.31545168010635,16017389
2016-07-11,205.4761962890625,206.1620313994755,203.00719268224594,204.47031316580075,15831791
2016-07-12,207.30506896972656,207.7622923304685,204.97322703927273,205.7505123338739,19374179
2016-07-13,208.2195281982422,208.95108841004154,204.79035278669886,207.5794182454242,18377333
2016-07-14,212.1516571044922,212.92894246401707,206.66497631730704,207.57942311517124,21208021
2016-07-15,211.69444274902344,214.34633299477647,211.0543327538435,212.97466273938323,15068302
2016-07-18,209.17971801757812,213.8434025579992,208.6767694568109,212.5174434559715,11816985
2016-07-19,209.95700073242188,212.2888290193716,207.57943335930077,210.3227738882783,19767339
2016-07-20,211.37435913085938,212.83747950146832,209.59119077210784,210.9171357592128,18051608
2016-07-21,206.3448944091797,212.24308684790114,205.20183602234988,211.83157466596285,13306837
2016-07-22,204.37884521484375,206.5735117968847,203.09862536754483,206.11628842951367,12341622
2016-07-25,210.23130798339844,211.2372050172015,203.64729399431158,203.92163081747157,18427070
2016-07-26,207.30506896972656,212.33452593788792,206.57350880186954,210.3227459412933,14162638
2016-07-27,209.63694763183594,211.23722967482706,207.3965555623188,208.26527730927214,17626617
2016-07-28,211.23719787597656,215.03214628245172,209.6826412017584,210.4599125621925,26838284
2016-07-29,209.7740936279297,212.7917709059172,208.8596468135911,210.32276729787324,15577230
2016-08-01,207.853759765625,212.74604175796125,206.0248661714767,211.05432355538454,16071228
2016-08-02,208.53961181640625,211.14577702792215,207.85377666284649,209.6826704056725,16145066
2016-08-03,207.2593536376953,210.77997926312668,206.4820822597113,208.95108573372863,14838944
2016-08-04,206.3448944091797,209.13395966371436,204.10450276166313,208.9053479863484,17810908
2016-08-05,212.83749389648438,213.88910214105576,207.48797450507126,207.8994867300653,21264296
2016-08-08,213.2947235107422,215.71800203359658,211.87732813082582,213.93483350231207,16972827
2016-08-09,215.03216552734375,217.63834456247864,212.74604846261184,214.20916896538077,19854185
2016-08-10,211.69444274902344,216.63245008709853,211.28294446307572,216.49528864289977,16279843
2016-08-11,207.71656799316406,211.78586708191267,206.75641009463655,211.69441682807687,16673286
2016-08-12,222.48492431640625,226.73709664338725,205.20187025250695,207.5794376750598,86616475
2016-08-16,225.63975524902344,226.69136352193368,221.89051766557148,224.2680850043485,27709873
2016-08-17,225.18252563476562,228.42881458179485,223.39935715644984,225.3654122050171,18294050
2016-08-18,227.14859008789062,228.97748377282807,225.45687180133436,225.77691982418753,14314950
2016-08-19,236.38449096679688,237.7561611271458,231.81225709896717,233.18392725931608,39822529
2016-08-22,233.0010528564453,238.1219466836824,232.26949260873968,237.5732730095654,19769886
2016-08-23,232.95530700683594,233.91547887447229,229.52613173195613,233.09246843649117,17583721
2016-08-24,232.63526916503906,234.2812902115115,231.8122725951542,233.13821771479152,11560293
2016-08-25,228.74888610839844,233.68690773295666,227.33150457821964,233.0925088768424,21230706
2016-08-26,225.50257873535156,229.25180211488816,224.8167436588491,228.88602898876033,16531983
2016-08-29,227.74298095703125,228.47454119613786,223.35363347574255,224.81675395395578,11786129
2016-08-30,230.66921997070312,231.26360484716602,228.428827958883,228.74887598722773,15323228
2016-08-31,230.8978271484375,233.91550451174083,229.70904346551782,231.58366227858136,15601566
2016-09-01,230.44058227539062,233.04676110865472,229.66329695224866,230.39485714696752,12175873
2016-09-02,232.8181610107422,233.36682071908376,230.12053178633042,230.44059374787614,11380257
2016-09-06,237.8476104736328,239.127830370375,234.09837313505162,235.19572042180246,16620963
2016-09-07,243.97439575195312,247.17495956080327,238.12194179711037,240.40805880343189,30862337
2016-09-08,245.39183044433594,248.36378286022838,244.06587128071746,245.07176844897583,14339143
2016-09-09,241.50543212890625,245.43754264041794,240.8195969531748,245.43754264041794,11455826
2016-09-12,231.1264190673828,236.61309963871534,230.25769743425855,235.4700411863544,18989750
2016-09-14,235.51576232910156,235.92727455204744,231.35504054910078,233.18393415027944,12754966
2016-09-15,234.098388671875,236.24734430547687,232.45238158585562,236.24734430547687,7783662
2016-09-16,232.54380798339844,239.58504506682996,231.72079754818185,235.88154694507983,18013477
2016-09-19,233.77833557128906,236.20161418339433,233.36683727250633,234.09839755553776,11433295
2016-09-20,232.68096923828125,234.4641375832232,231.9494090586423,234.4641375832232,9914599
2016-09-21,229.66331481933594,234.3269992143075,229.20609140623483,232.7267172684537,12817180
2016-09-22,235.83583068847656,236.33879318646623,233.2753907400467,235.83583068847656,20797370
2016-09-23,232.77243041992188,236.65881527790242,232.08659533556934,236.65881527790242,12730223
2016-09-26,230.1205291748047,232.6809829780606,229.2060823845955,232.223759582956,8800173
2016-09-27,227.69725036621094,232.17803404910535,227.05714040484756,231.49219895764085,11345387
2016-09-28,232.0408935546875,233.91551243121842,226.82854917979446,228.61171778786945,17277539
2016-09-29,226.09695434570312,234.78419829427412,222.66777910284614,233.18391651427422,27870695
2016-09-30,229.75474548339844,230.89780391863923,224.77101349641862,225.73118537269087,14826293
2016-10-03,233.45826721191406,234.69276200076808,231.03497485746618,231.35503681384535,9314647
2016-10-04,237.52755737304688,239.5850626823418,232.08660167913717,233.91549528739932,21532806
2016-10-05,238.53346252441406,242.23696104400034,237.34466489472635,239.58507080347042,20868556
2016-10-06,234.82992553710938,239.5850600286019,233.77831730534703,238.9906751938407,11081154
2016-10-07,236.5674285888672,237.6647481452361,233.41257556255798,235.24146939654472,11934100
2016-10-10,234.6470489501953,238.0304852867077,234.14408647798737,237.16177759113197,9399844
2016-10-13,228.29164123535156,233.50399923101912,224.81675450937453,233.13821213388664,18050638
2016-10-14,230.5320587158203,231.85800387058828,227.78871813905144,229.52616158966438,12133951
2016-10-17,231.5379180908203,234.50988403020867,230.4405847635686,232.0408666022045,16865537
2016-10-18,234.92137145996094,235.65294562567493,232.0865948229092,233.09247790572738,20218355
2016-10-19,233.54969787597656,235.92726504302155,233.04676331860384,235.92726504302155,9546481
2016-10-20,237.93907165527344,238.57916767967964,233.4582739042709,233.82404704774615,14179531
2016-10-21,236.38449096679688,237.5275494337543,234.1898242915788,237.5275494337543,8833390
2016-10-24,240.45379638671875,242.23695089649843,237.11604325296145,237.11604325296145,14483254
2016-10-25,239.08212280273438,241.91688550733772,238.44199889135228,241.4139509388955,9079178
2016-10-26,236.6131134033203,242.19124455668106,234.82993095122313,238.12194506687064,15020687
2016-10-27,233.54969787597656,236.01871530073493,232.54381480788084,235.92726504302155,10938008
2016-10-28,235.92727661132812,236.6588228955042,232.26948937704395,234.00693273198854,11430184
2016-11-01,236.7960205078125,238.5791751027481,234.5556145859285,235.01283800617398,10000632
2016-11-02,229.57186889648438,234.09837770598864,229.11464550252737,232.36093439029227,13716294
2016-11-03,224.63385009765625,231.17215306809874,223.9023038227501,229.66330748106552,12902390
2016-11-04,222.0734100341797,226.23413179412793,219.741567913245,225.18252355985874,12657669
2016-11-07,231.08070373535156,232.1780371054698,224.49668956129142,226.78280656293387,11224419
2016-11-08,231.0349884033203,232.3609474831903,227.37720104555802,231.9951603754032,9367228
2016-11-09,237.7561798095703,238.7163378345816,214.8950086740347,214.8950086740347,31761606
2016-11-10,257.2338562011719,259.88577406636523,242.55699722098007,244.1572790122589,50227559
2016-11-11,249.64398193359375,264.0922305311721,247.3578648829198,254.9020511501438,57937113
2016-11-15,254.3991241455078,259.19997009503993,247.54077278903333,251.61004451651965,48658808
2016-11-16,253.4846649169922,260.43443829340845,252.52447902996238,259.70289201379677,27532708
2016-11-17,253.7132568359375,258.0568788108806,252.02152480119867,254.2161913756195,19500760
2016-11-18,252.20443725585938,256.04512529801116,251.33572946762067,254.35339299595134,13389671
2016-11-21,235.3328857421875,253.8504331416713,233.96121556444797,253.43892092566895,26002028
2016-11-22,235.3328857421875,240.1794425408534,229.6633045115169,238.48771040696772,25631435
2016-11-23,236.52166748046875,238.07623825731983,232.95533041753689,237.57327575577264,16190033
2016-11-24,239.35646057128906,240.49951912225032,232.77244610842246,235.74438438757028,28927720
2016-11-25,238.6249237060547,241.87119895659006,236.2473562446113,240.95675207962753,19303589
2016-11-28,231.85797119140625,235.6986446668893,226.78278904903414,231.76652093706272,22315183
2016-11-29,231.08070373535156,234.55560436851832,230.44059376556186,232.49809906704007,12656706
2016-11-30,236.24732971191406,237.8933227429052,231.0806970653238,232.26948066253442,16501691
2016-12-01,233.77833557128906,238.67063188279437,232.86388870583775,237.43612303309433,12986151
2016-12-02,232.36093139648438,239.0363816995677,231.35503436139896,232.2237560080543,21139754
2016-12-05,234.92137145996094,235.74436797802585,231.53792117529895,232.635254517169,8406973
2016-12-06,236.9331817626953,237.8933397817603,234.4184529533602,236.3845080774998,10048459
2016-12-07,233.73260498046875,240.2708939441354,230.12052899921795,238.0762272306482,22193202
2016-12-08,237.66470336914062,238.21337699730742,235.97297131008463,236.33877233332913,9047721
2016-12-09,243.83724975585938,244.34021227312527,236.65883632003894,238.4877300409255,16004173
2016-12-12,241.0939178466797,246.30627630137633,239.85940895933524,245.89476403669335,14296268
2016-12-13,243.38003540039062,243.92870911845534,239.17357410416727,242.23697678221606,9084137
2016-12-14,240.4080352783203,243.4714373483625,239.8593616691532,243.24282567010113,8672531
2016-12-15,242.6941680908203,244.61451189639385,236.84171432211593,237.66471083687577,12274497
2016-12-16,242.09979248046875,243.56291295498664,240.54522174378687,243.56291295498664,11017555
2016-12-19,238.9906768798828,241.87117871997125,238.53345347965603,240.81957048078996,8371299
2016-12-20,232.77243041992188,240.40805265370315,231.58364681637403,239.44789469829,12765309
2016-12-21,233.5039825439453,235.92726084336076,232.3609241096267,234.18981760453647,8778450
2016-12-22,228.42881774902344,232.49810329528145,227.10287265462713,232.49810329528145,12981595
2016-12-23,227.83441162109375,230.25770398100883,226.5999168294546,228.38308527516716,10557157
2016-12-26,223.3079071044922,227.0571445882493,222.75924739322224,226.78280775593885,8592983
2016-12-27,227.4686279296875,228.56596123355268,222.3020093992577,223.67367951742668,8756536
2016-12-28,226.55419921875,230.89782160538599,226.0055255464661,227.92586944610875,11747088
2016-12-29,226.46273803710938,227.5600853287707,224.4966830540253,226.46273803710938,10658616
2016-12-30,228.7946014404297,230.71494542658778,226.09698599576132,226.55420942547974,10538497
2017-01-02,222.7592315673828,231.9494101467379,221.84478482688183,230.89780197650174,25988990
2017-01-03,223.94801330566406,225.3196834907621,220.47312666609628,223.1250167759455,15963085
2017-01-04,222.11912536621094,225.31968921271744,221.47901538757986,224.77102949675552,11225978
2017-01-05,224.35951232910156,224.86244687137895,222.8506668422198,224.03945039006152,11970913
2017-01-06,224.86244201660156,227.69723241922492,224.49666891132418,224.9538922695957,12354302
2017-01-09,225.91407775878906,227.10286135277246,224.95390585775056,225.31967898512218,8329253
2017-01-10,227.05714416503906,227.69725413700303,225.3196868658787,226.50847050144088,9352013
2017-01-11,230.57774353027344,231.5379154130204,227.69724183538273,228.291626644376,13415303
2017-01-12,229.75474548339844,232.68097228694486,229.11463555033362,231.26357703657627,11282323
2017-01-13,229.4346923828125,230.98926307733456,227.7886993353077,230.4405894259326,9333736
2017-01-16,233.86976623535156,234.46415106673066,229.25180716124635,229.57186911866626,13234727
2017-01-17,234.098388671875,236.5216671920207,232.63526816133526,235.42434773914283,9480201
2017-01-18,236.24732971191406,237.1160374034424,234.64704785695565,235.10427124408662,8048897
2017-01-19,236.2930450439453,239.5850590705295,234.55560172362908,235.19572563955148,13029151
2017-01-20,229.57186889648438,238.2133882516017,228.88603380554886,236.38449467577368,15341756
2017-01-23,232.4066619873047,233.36683397312385,228.70316339726904,229.5261599831988,9339939
2017-01-24,233.09246826171875,235.01281199555154,232.26947177770464,233.27536877225512,13540202
2017-01-25,237.02462768554688,238.67062080427473,232.4523796171713,233.68688840956835,16343545
2017-01-27,243.6543731689453,245.25465514872,237.29895642944467,238.03050274323186,18039379
2017-01-30,241.36825561523438,244.9803039046946,240.86529310705686,243.10569903734083,11884795
2017-01-31,238.0762176513672,241.27678128587877,237.43609376178478,238.80776389086117,8899165
2017-02-01,247.54075622558594,248.63807562517613,239.21928488852924,239.58505802172598,27253142
2017-02-02,249.91831970214844,251.47289055187798,245.71188640373472,248.59238847780637,20139955
2017-02-03,253.80471801757812,254.7191648890617,248.72954904352596,249.6439959150095,15366890
2017-02-06,253.34750366210938,258.3312504529996,252.38734557531998,256.0451331923536,14725291
2017-02-07,254.12477111816406,256.0451150624732,252.66165059360935,254.07905993886976,10981984
2017-02-08,253.4846649169922,255.3592697001857,249.2782040424706,254.30766145823077,13622088
2017-02-09,252.25013732910156,256.31940855418645,247.67790365595016,254.94773845224105,16080181
2017-02-10,252.70736694335938,258.6055317835079,251.47285823975145,254.9020335793844,37580487
2017-02-13,248.4094696044922,254.44482411359436,247.0835384780202,254.0333118876571,19853043
2017-02-14,247.08351135253906,249.64395096902905,245.16316768682213,248.7295042621828,13306738
2017-02-15,245.9404754638672,249.18675040741164,244.20300423658284,247.769369044839,12201568
2017-02-16,247.3578643798828,253.30176869954727,246.58057900289393,253.30176869954727,21794688
2017-02-17,246.3062744140625,250.23838486259558,244.79744263296047,247.952267646773,17830528
2017-02-20,246.58056640625,248.31800969113058,245.0717348142932,246.80917809917378,9229363
2017-02-21,247.54075622558594,248.2723024919794,245.66612356956313,246.90063231246572,7754157
2017-02-22,249.0038299560547,251.19852440291587,246.44339031031546,248.63805685047754,12617613
2017-02-23,247.31216430664062,249.64399263561054,246.5348788947495,248.4552228809795,13146194
2017-02-27,245.3003387451172,248.22657948462614,244.7059539436638,247.63216677647281,9645350
2017-02-28,246.16908264160156,248.0436873649977,245.0717353504862,245.8947318654723,7941592
2017-03-01,248.5009002685547,249.91828154530907,246.71771797239302,246.90061848209666,7656892
2017-03-02,244.43162536621094,251.19855420228672,243.70007906827422,249.6439834357931,14220808
2017-03-03,242.37411499023438,245.89474077790834,241.6425687074432,243.471462321123,10120034
2017-03-06,246.7635040283203,247.2207274829191,243.56293984612861,243.79155157342802,9515073
2017-03-07,244.8888397216797,247.7236303580667,243.60861979428918,247.63218009753137,11599142
2017-03-08,246.80917358398438,247.1749467046307,243.24283682095702,244.8888298172157,9122987
2017-03-09,249.87257385253906,250.46695865730754,245.4375015440817,245.98617517413726,15594429
2017-03-10,248.77523803710938,251.9758018018558,246.44340988547467,251.01564383511243,9557026
2017-03-14,251.1527862548828,254.58196145745276,250.37550096096047,254.58196145745276,15734886
2017-03-15,253.62179565429688,256.5022971532882,249.32388503842517,249.32388503842517,20055974
2017-03-16,255.40496826171875,256.2279926690051,252.43301629920782,254.21619863939452,18005184
2017-03-17,250.69558715820312,255.58788316871204,250.10120231356976,255.5421719909333,14265642
2017-03-20,250.46697998046875,251.24426536366224,248.54663606513847,251.24426536366224,9678185
2017-03-21,249.0496063232422,253.34748979396937,247.03781208131656,250.92421121167484,11898233
2017-03-22,244.61453247070312,247.81509644695532,243.97440851277142,247.17497248902362,9887203
2017-03-23,245.52896118164062,246.35195770481985,243.88296813528214,245.9861845730403,7998170
2017-03-24,252.8445281982422,255.08493391457765,245.6661155776392,246.44340090208416,20133467
2017-03-27,255.5421600341797,256.7766408434641,251.65576127696417,252.38730752740685,15966114
2017-03-28,257.9654235839844,258.69696979245725,254.6734098324584,256.6394646860909,18673371
2017-03-29,263.772216796875,265.0981480444266,258.92563153192594,258.92563153192594,31008407
2017-03-30,266.1496887207031,268.6187058606545,264.1379228165737,264.27508423397154,19683170
2017-03-31,268.29864501953125,269.7617652599075,263.8178619575706,267.01842527421354,20185269
2017-04-03,268.0700378417969,270.4018936126927,267.2013302424693,269.5788692778483,10509610
2017-04-05,271.9107666015625,273.1909865639527,264.869514948363,268.2072402488918,21936647
2017-04-06,267.7957458496094,272.09362898354965,266.51552593538673,270.1733130655663,18413111
2017-04-07,264.6866455078125,269.57891371189066,263.0406244735121,266.74415087066114,10765502
2017-04-10,264.5951843261719,265.5096311163735,262.0347165695866,265.00666863774177,10307875
2017-04-11,269.3045654296875,269.8989502304504,264.0922078393362,264.54943121018454,11682024
2017-04-12,265.3266906738281,270.1732746766863,264.3665328512651,268.8473158677211,13251421
2017-04-13,266.6069641113281,268.0243734524162,265.1895826769428,265.4181943861471,9944020
2017-04-17,265.0981140136719,267.70429289906787,263.81789411231796,266.1954613043757,8146800
2017-04-18,265.4638977050781,271.4992522307079,263.72645434791093,266.1497328123837,13457050
2017-04-19,259.74859619140625,266.7898475463995,258.6969879777906,266.6069470280746,18149995
2017-04-20,260.4344177246094,262.35476144030076,258.0568785502957,259.61142124837005,14514929
2017-04-21,258.056884765625,262.4462180157519,255.35925568257395,262.4462180157519,12042308
2017-04-24,261.5775146484375,263.2235357499497,256.8681188736263,259.01707458835676,10077853
2017-04-25,261.5775146484375,264.0922435279361,260.61735660258313,262.9034737657637,11531902
2017-04-26,261.94329833984375,264.7323499311876,259.10850766424886,262.53768318149224,13836891
2017-04-27,257.919677734375,263.3149355303687,257.00523104443687,261.9432654954615,22622372
2017-04-28,264.9609680175781,265.8754148442134,258.33122852447224,258.7884519377899,14152004
2017-05-02,263.635009765625,267.475697611965,262.5376903143154,265.4181922457191,9754789
2017-05-03,265.0066833496094,268.1158249342601,261.3488959857406,264.64091019456305,13950914
2017-05-04,273.4653015136719,274.3340371272554,268.0243598546688,268.8473563847103,24534923
2017-05-05,270.67626953125,278.8148409729773,267.15564355229003,275.24850381387245,34756331
2017-05-08,273.7853698730469,275.0198786503239,268.7559124081199,270.7677065567715,11560550
2017-05-09,271.13348388671875,275.1570443394476,269.9904253543127,275.1570443394476,7843574
2017-05-10,269.25885009765625,272.64228624567056,267.9328911799902,271.5906780902972,8699405
2017-05-11,272.5965881347656,273.7853577749013,269.25886300050695,270.58479407501204,11934889
2017-05-12,272.4136657714844,276.7115764150576,270.6762226265053,274.3340094187554,13376269
2017-05-15,275.6142578125,276.1629314696077,272.047920901352,272.87091743366284,10383539
2017-05-16,281.1924133300781,282.01540993409367,273.73967689958107,276.16295553067835,17533439
2017-05-17,281.3295593261719,282.38116759057704,279.36350423937927,281.64962129534797,14120513
2017-05-18,277.0316467285156,281.5581412769564,276.16291117637377,278.7690899260999,15471393
2017-05-19,281.6496276855469,288.3250784777504,276.1629466267375,278.4033525550992,55250969
2017-05-22,269.12164306640625,282.9297933261664,268.11577405757475,282.5183090698347,35771221
2017-05-23,264.137939453125,270.58477763715155,262.6748191264334,269.76178117423103,19846852
2017-05-24,258.92559814453125,265.60107633018646,257.55392798529124,265.2352752956951,16435958
2017-05-25,265.2810363769531,266.4240949377753,259.29139277422297,259.84006646475825,15018467
2017-05-26,266.1576232910156,268.51053943480326,263.2510433781197,268.0491811196232,12304394
2017-05-29,262.051513671875,268.37212799612803,261.40560079003933,266.5728193674971,10619968
2017-05-30,266.52667236328125,267.3571115992468,259.32946661374183,261.4978560669827,9643418
2017-05-31,266.0191955566406,268.97190006281346,265.00422978177846,266.6651084670775,10697171
2017-06-01,265.23486328125,268.87957647963026,262.6051156830058,265.6962215209745,12186700
2017-06-02,264.8658142089844,268.04919804840586,264.21992942238717,267.4955624034092,12004368
2017-06-05,265.05035400390625,267.35714559662955,264.5889956853616,265.7885160499469,7917410
2017-06-06,265.096435546875,270.3098062275592,264.45055090118603,269.4332143009647,12346121
2017-06-07,268.0953063964844,268.9718984612754,265.00422820386507,265.9269448366653,10864355
2017-06-08,266.2959899902344,269.4332204873824,265.51167532617904,269.4332204873824,8370299
2017-06-09,266.2498474121094,267.034162106043,263.7123769170192,266.0191682761921,10804887
2017-06-12,262.9281005859375,264.8196583102376,262.32831228201644,264.58897916536813,10326846
2017-06-13,261.9131164550781,264.81966815668994,261.12880170154443,263.3433159428165,9171049
2017-06-14,262.2360534667969,264.1737356848811,260.7597013623393,263.8046546985352,11566255
2017-06-15,262.051513671875,263.7123922836298,259.6063203204843,261.91311181407474,11925641
2017-06-16,263.8508605957031,264.4967454122064,261.3595141574022,262.6974646815045,19246907
2017-06-19,266.52667236328125,267.44938888303705,263.251011822704,264.45056019383065,14848661
2017-06-20,267.6800842285156,268.51052351478756,263.52785963808077,265.3732927893851,14927701
2017-06-21,268.41827392578125,269.84850166108464,265.97308037977757,265.97308037977757,10537576
2017-06-22,271.74005126953125,273.0318489374691,268.5566675886512,268.7412221808182,26110402
2017-06-23,266.61895751953125,272.70886420247757,265.5578109632208,271.9707022285066,20648597
2017-06-27,258.0376892089844,267.08032870210485,255.40794129111066,266.89577412015467,25523129
2017-06-28,255.03887939453125,256.93046544447867,252.59368587540678,256.14615065104084,17241351
2017-06-29,251.39414978027344,257.7147359842991,250.65595960234182,255.73090091943317,30457363
2017-06-30,252.50140380859375,253.51639774804468,248.8566899629854,250.97892697895597,12235472
2017-07-03,253.60865783691406,254.2084179825533,251.48639280586133,252.91662040138988,8951033
2017-07-04,251.901611328125,255.08499460304392,251.02501936573466,253.74704437814788,7856082
2017-07-05,253.65481567382812,254.3007286286709,251.3018993480476,252.73209897209787,10048734
2017-07-06,259.28338623046875,260.85201584496053,253.37800512963315,253.79321073882574,16115817
2017-07-07,258.45294189453125,260.57517894723094,257.622502533,258.91430022416836,5914038
2017-07-10,263.48175048828125,264.81970100787635,261.3133887041566,262.143828127766,2095795
2017-07-11,261.63629150390625,267.3110213562265,261.1288086165156,265.28103348850965,12400820
2017-07-12,265.4194030761719,266.1114404706825,261.3133314308528,262.69740621987415,7524835
2017-07-13,266.4344177246094,267.587813472335,264.404429944982,266.5728195825213,8434324
2017-07-14,269.064208984375,270.9096424778768,265.05038550419255,266.48058519802424,13750192
2017-07-17,270.35595703125,271.37095089765336,267.2648508668251,270.1714024522402,10549310
2017-07-18,268.510498046875,273.4931614509819,267.5877815587414,269.29481269360303,11913832
2017-07-19,270.6327209472656,271.2786337197506,268.87956534075494,268.9718426166915,9006728
2017-07-20,268.4643859863281,271.509339275319,267.6339185810817,270.35594361144763,6256500
2017-07-21,268.1875915527344,269.617819270944,265.973077200917,268.55667258485767,7266604
2017-07-24,271.7861633300781,273.40091738045663,268.2337269465062,268.32597607926704,11195781
2017-07-25,273.2164001464844,274.32364320854447,271.87844976753354,273.12412285154346,10846999
2017-07-26,272.9395446777344,276.49200903292405,272.4320618380249,273.3547783895508,12527914
2017-07-27,275.2925109863281,276.6765859252648,273.30867587233416,274.04683790946973,22286060
2017-07-28,275.98455810546875,277.5070349597165,272.75504980169814,274.04684749139085,15766196
2017-07-31,288.3489074707031,289.59458038279115,274.9695181640625,276.2613156377167,41547584
2017-08-01,285.1194152832031,290.47116003459786,284.15057416480266,289.732998054776,14888804
2017-08-02,283.919921875,287.70303757817896,281.70537940796805,286.04215888698224,17005571
2017-08-03,277.32244873046875,283.6430627501046,275.98452662411194,283.27398176073285,14459919
2017-08-04,281.6592102050781,282.6280512615648,274.6004346474779,277.0917522894748,9615344
2017-08-07,287.1494140625,287.7030214892219,281.5669617977321,282.1667219493979,11420767
2017-08-08,280.1828918457031,287.7030265545491,277.9222530559193,286.96486453320665,13578680
2017-08-09,278.9372253417969,283.6892385025944,276.90726565592655,279.3524590879696,15852734
2017-08-10,273.77001953125,279.0294871222404,269.433240357752,277.9222441258044,14519518
2017-08-11,258.4990234375,279.5831012243524,256.00770576757833,271.74001092597945,67652562
2017-08-14,256.6997375488281,260.575129892773,255.13110825973246,259.69856612692627,23773509
2017-08-16,261.2210693359375,261.9592313360421,253.00889740870386,257.4840502928353,21074533
2017-08-17,259.1449890136719,262.69745391563237,258.36067419234365,261.86698636417964,12134114
2017-08-18,257.1611328125,258.0376967045368,254.66978667918175,256.5152199159874,12653217
2017-08-21,253.42410278320312,258.960402257043,252.22458249416795,257.43792553355206,9247153
2017-08-22,252.73207092285156,255.59249801256914,250.24075300012404,254.66978141324577,11814388
2017-08-23,257.4379577636719,258.08387071344885,253.00892889373486,253.51641181207472,11317821
2017-08-24,258.637451171875,259.69859778690176,256.0538559609445,258.08384374030123,14138226
2017-08-28,257.7608947753906,260.2983654936467,257.43793832488814,260.2983654936467,10505317
2017-08-29,255.59251403808594,259.1449788000337,254.7159219501365,256.930464454624,10335964
2017-08-30,255.22341918945312,257.6686125667765,254.66978359330463,256.51521680774886,7648702
2017-08-31,256.2845458984375,257.8993000130091,253.0089131010802,255.45410655704467,14222467
2017-09-01,256.3768005371094,258.729716489634,255.22340484291607,256.1922459624086,8255209
2017-09-04,256.2845458984375,257.9915773085143,255.0388728068097,257.391817126346,7168751
2017-09-05,255.17727661132812,257.8993019745111,254.62366915224038,256.6075043048442,9565430
2017-09-06,253.05503845214844,255.26955275573923,252.50140283648147,254.62366800335872,7306781
2017-09-07,253.00892639160156,255.50024454664867,251.9939324058808,254.1161695185963,16102724
2017-09-08,250.7943572998047,254.1161426476918,250.14847258379157,253.6547843537929,7077895
2017-09-11,250.0100555419922,252.36297143433174,248.7182298702795,251.5325321875692,14489224
2017-09-12,252.31687927246094,254.3468390075481,249.59485389061436,250.97892886597822,8375133
2017-09-13,252.27069091796875,255.22339504538493,251.44025168184342,253.70091841930957,10150073
2017-09-14,253.00892639160156,254.30072411930138,251.2557421621391,252.27073614785985,8015217
2017-09-15,250.517578125,253.28572815953038,249.04122580810147,249.82554061636742,18404860
2017-09-18,249.5025634765625,252.8243488746135,248.62599960036255,251.90163227288133,17538678
2017-09-19,247.103515625,249.87166566482782,245.85787063434014,249.5487373541106,14331316
2017-09-20,249.1796112060547,251.02504444041637,246.78057052864565,247.4264552652264,12355806
2017-09-21,247.74940490722656,250.42527739172783,246.68828645843348,248.90280064701813,8509419
2017-09-22,241.61334228515625,246.7344080443485,240.9213048496397,246.59600618906026,12860892
2017-09-25,238.75294494628906,241.56721960376356,234.7391216892893,241.29041585876172,13937050
2017-09-26,238.29156494140625,239.58336256580773,236.21545256534367,238.5222440943021,11728345
2017-09-27,231.0482177734375,239.81402497132046,230.21777851282133,239.81402497132046,17080769
2017-09-28,233.03208923339844,233.95480586938137,230.21780067774276,230.90983815472998,17776419
2017-09-29,234.2316131591797,235.75408990837755,233.49343706762946,235.0159138168273,10073641
2017-10-03,231.87867736816406,236.58452343781724,231.23277858364747,236.58452343781724,10547836
2017-10-04,233.6318359375,234.9697721665863,231.92481870712703,232.20162241832318,14063896
2017-10-05,232.15548706054688,234.46227841019646,229.94095891716108,234.09318334653028,13476692
2017-10-06,236.90748596191406,237.9686044152253,232.61685942343556,232.66298398959333,11932139
2017-10-09,236.999755859375,238.61450985158146,234.6006871534247,236.9536031355813,8009211
2017-10-10,237.092041015625,238.24543676261857,235.9386311890935,236.99976372405035,9742878
2017-10-11,232.2938995361328,238.47611189963223,231.0943651635342,237.27656344749596,14192548
2017-10-12,231.7864227294922,233.4011768883475,229.2950905574518,232.5245988751624,13404759
2017-10-13,232.61685180664062,235.61568064467386,230.86368188437564,231.6941352410919,15697555
2017-10-16,232.5707244873047,235.01591787326052,230.77142991277697,234.9236546599354,12171830
2017-10-17,231.74026489257812,235.01591158808588,231.27890659967667,232.57071826752335,13505216
2017-10-18,224.91217041015625,228.6491754421095,223.80491331019846,226.98828275240385,20677891
2017-10-19,223.9894561767578,226.29624769248136,222.5131039748795,224.95831142926932,3458869
2017-10-23,226.94215393066406,227.9110092148942,223.57424383926343,225.14285930540154,8901335
2017-10-24,234.78521728515625,235.56953196427264,226.94212681213978,226.988265454359,17197805
2017-10-25,299.7906188964844,302.6971705661901,258.2222471653475,258.2222471653475,262677081
2017-10-26,295.73065185546875,324.1503100993225,292.9625022281165,304.49645900875095,112804243
2017-10-27,287.0109558105469,298.59106477087056,286.13439203175665,295.4999588667573,27580765
2017-10-30,287.8875732421875,297.43769548636357,286.5957756607363,287.8875732421875,28530254
2017-10-31,282.1667175292969,289.5946028576493,280.78264266602224,288.81028813664534,16455750
2017-11-01,295.13092041015625,296.6072726533374,285.4885203410427,285.4885203410427,34907283
2017-11-02,290.0559387207031,298.1758326938553,289.31774862191554,295.2692813375038,23110527
2017-11-03,299.88287353515625,302.18966487004207,288.4411941459374,291.070941899522,26898400
2017-11-06,303.57373046875,304.49644697473406,296.6072321121997,298.5910669682508,17143407
2017-11-07,292.6856994628906,306.0650893711166,291.1170700720896,303.52761887128065,21883541
2017-11-08,285.626953125,294.623441261938,282.9510802340344,293.42392077397824,20242447
2017-11-09,289.4562072753906,293.42387737245707,284.3812660000808,288.94869625241415,21846178
2017-11-10,307.7720642089844,312.33952195316897,285.5807445923362,290.65568512628727,82984969
2017-11-13,305.46533203125,318.15268581558655,304.26581166436176,310.72482813638766,38777555
2017-11-14,303.6660461425781,308.8332648611764,302.1896939145391,304.81944192087786,25647162
2017-11-15,299.8367614746094,305.5575873282275,297.3454154654196,302.6510357568894,17389606
2017-11-16,307.63372802734375,308.37191824890715,298.63724061529575,302.0974280814681,22506014
2017-11-17,311.4169006347656,319.9059059305158,310.03282552083334,318.3372762044271,26518142
2017-11-20,307.2646179199219,311.09388605497674,305.6498639218442,311.04776149009024,13507662
2017-11-21,305.09625244140625,309.47915649659393,304.4964922551434,309.1100754711304,14189920
2017-11-22,309.3868713378906,313.40069426560996,301.72833465761244,305.2807992754577,22861716
2017-11-23,309.0639343261719,310.6325356400303,306.01895267148956,309.57141718908105,13338423
2017-11-24,306.71099853515625,310.9555006145289,305.8805592098408,310.0327839954947,11716981
2017-11-27,309.7098388671875,310.95551198022946,302.69718667439355,304.40421811381566,13114683
2017-11-28,306.3419189453125,310.67869833859066,305.60375691027974,310.0327854386295,16054996
2017-11-29,303.4814758300781,308.9716507139522,301.91287454831064,306.6648592768749,11264624
2017-11-30,295.59222412109375,301.2669247284212,293.8851930352286,300.6210119416382,27276288
2017-12-01,288.5796203613281,297.3915527410251,287.195545443528,296.65339071516223,16425620
2017-12-04,289.3638916015625,291.53228094520375,287.103224978795,290.3788853538065,13887727
2017-12-05,294.4388732910156,295.91522548583526,284.93487539622885,288.34893808680704,15130931
2017-12-06,288.2566833496094,292.8702667199907,287.4262439747564,292.2243819435842,18658202
2017-12-07,291.9475402832031,293.19321338336647,288.3028264379278,288.348951006458,12278558
2017-12-08,288.902587890625,294.2082086124013,287.9798712433595,292.13209615605405,16418832
2017-12-11,293.7929382324219,294.62337747962033,290.7479849396696,291.53229962388576,14014369
2017-12-12,293.839111328125,295.73066908673434,290.3327713670646,293.19319844714454,17658856
2017-12-13,289.08709716796875,294.30046844287864,287.1032621258996,291.71684508842117,17540585
2017-12-14,289.7330322265625,291.0248299231456,285.5808072424239,290.00983596187393,13894451
2017-12-15,288.1182861328125,294.6695802563591,287.4262486160804,293.7929881382003,16050711
2017-12-18,294.2543029785156,298.4988047520913,277.18404675621673,284.1966981874625,32119915
2017-12-19,295.08477783203125,297.3454449220676,293.79298013447243,294.76184952694996,14741481
2017-12-20,292.9625244140625,294.34659933255415,292.03980780173475,294.34659933255415,9895770
2017-12-21,292.2704772949219,293.60842760220675,291.02480427763516,292.1320754394623,9916409
2017-12-22,295.13092041015625,298.8217869385707,292.03981406079373,292.5934496718713,13821639
2017-12-26,292.6395568847656,295.2231801968793,291.8552421621762,293.97750718559905,9329690
2017-12-27,290.517333984375,295.5461226773726,288.85642716981005,292.0398107784187,14276027
2017-12-28,284.5657958984375,292.0398060451524,283.87375844335423,290.93253485338863,20353152
2017-12-29,285.9498596191406,287.8875700493648,285.16554490225525,286.0421369080227,11939569
2018-01-01,283.36627197265625,288.57961510289175,282.6280818011682,286.5957800553425,12182400
2018-01-02,279.8138122558594,285.1194327685426,278.0606563269619,285.1194327685426,14797364
2018-01-03,279.4447326660156,282.76651811398784,278.7988197714657,281.7053714787877,13857373
2018-01-04,284.6580810546875,286.2267105931739,279.7215414402381,280.96721452561536,24517099
2018-01-05,282.6742248535156,287.3339322354532,281.9821874309066,287.3339322354532,14580575
2018-01-08,282.1667175292969,285.5807801223378,281.4285555325138,283.45854326228005,13557197
2018-01-09,280.7826232910156,285.5807604162425,279.85990677916993,283.73532739255114,15574755
2018-01-10,277.8299865722656,282.2128906223059,276.814992634125,281.10561938813856,13064599
2018-01-11,278.844970703125,279.58313272722313,276.81498289824077,277.6454222151202,12298455
2018-01-12,278.89105224609375,281.10556613583645,277.32242298802873,281.10556613583645,17594228
2018-01-15,279.21405029296875,281.65924366429977,278.2451809623142,280.4597233414811,18189668
2018-01-16,273.26251220703125,279.9060829116194,272.47819747454747,279.02949088841837,18040940
2018-01-17,283.36627197265625,284.5657922825951,269.9868813443847,273.12411213575047,26277307
2018-01-18,279.8138122558594,293.2393276808447,277.27634157588045,290.6557324339512,40000111
2018-01-19,285.35009765625,286.04213507983025,279.1217608440279,280.45971112657963,18461642
2018-01-22,282.8126220703125,284.88873430410763,280.551955263217,284.5196533165811,12622645
2018-01-23,293.51617431640625,295.7768132313251,282.67425359322505,282.7203781624586,35252217
2018-01-24,304.4041748046875,305.9728041548342,291.76297535584524,293.1470501380664,38070520
2018-01-25,288.94873046875,307.03398351417303,287.74921001617304,307.03398351417303,42466150
2018-01-29,287.9798583984375,292.40888684413034,286.9648644999024,288.94869957122154,23600898
2018-01-30,289.3177795410156,294.20819443124554,286.96486346753284,287.9337046368314,25810404
2018-01-31,289.0409851074219,292.1320914578641,284.0583209241372,288.81030594931536,16409938
2018-02-01,282.3974304199219,292.8702704353623,281.4285891634823,292.40891209247127,19515991
2018-02-02,274.36981201171875,282.1206265365911,272.66278051206103,279.49087835161333,23274673
2018-02-05,275.0156555175781,277.18404503443185,267.5877985792661,270.03299179653766,18940578
2018-02-06,269.20257568359375,274.32364169517797,261.0365279102195,262.974238456981,30577218
2018-02-07,270.1714172363281,274.8772776678354,267.5878219432652,273.67775731585834,21463818
2018-02-08,278.1067810058594,279.85993693546277,269.9407333642783,270.26368981003907,18932796
2018-02-09,273.4931945800781,277.3686155633102,272.20139697202603,274.0468301718364,15750824
2018-02-12,266.4344177246094,269.8023276761529,263.11263233934454,265.9730594255191,50839665
2018-02-14,254.8543243408203,266.38828130484956,253.74705320864365,266.38828130484956,45641149
2018-02-15,257.1611328125,260.482890111489,253.05503259697682,253.56251547346776,26058237
2018-02-16,250.65594482421875,259.46790475980737,249.17959271447398,258.8219919120833,30338112
2018-02-19,247.74940490722656,250.97891297864294,236.81520766218748,250.5175546827263,43847791
2018-02-20,248.81053161621094,253.00890914387836,244.33535036543427,248.21077144342317,33458021
2018-02-21,252.17843627929688,252.9166264569757,246.734413954642,251.163470543487,23714454
2018-02-22,251.53257751464844,252.4552942126779,248.6260255476714,249.50258951535204,25584062
2018-02-23,254.7158966064453,255.77704318387939,251.44026406301577,252.31685606374614,15482147
2018-02-26,253.23959350585938,258.3606596022007,252.68595788918208,258.3606596022007,15306032
2018-02-27,246.9189910888672,254.57752832782742,245.39651418703517,251.90165556717136,20824909
2018-02-28,247.28807067871094,248.85670030112516,240.6444993072933,243.82788312257225,26810799
2018-03-01,241.89015197753906,249.13348294688404,241.05971266619798,245.7194202502778,22859175
2018-03-05,243.13583374023438,244.51990869511235,238.75292971645405,240.32155926227992,18484565
2018-03-06,236.7229461669922,245.44262980528464,235.29274661784808,245.30422793908966,20778164
2018-03-07,227.58804321289062,235.615688877287,227.03442170193986,235.33887108204266,31262500
2018-03-08,236.95359802246094,238.01474457884424,225.4196552636954,227.91098712486135,33133336
2018-03-09,233.677978515625,237.50724676669174,232.20162632655416,237.13816575919301,21536191
2018-03-12,233.30889892578125,235.52341314330565,228.14168031217363,234.4622946806456,25332474
2018-03-13,235.0159149169922,242.1208299124051,230.31006871046372,231.8786841126399,37647221
2018-03-14,237.18429565429688,237.92248584495516,230.67915475386837,232.98594630140707,25471485
2018-03-15,234.09320068359375,238.79904693767404,233.0320822159828,237.13816830655048,18339890
2018-03-16,232.8013916015625,235.93862228314916,230.7714179793866,231.27890082527753,25728297
2018-03-19,228.78756713867188,234.00092412538748,227.0805499585823,233.35501127285585,18167594
2018-03-20,229.84869384765625,232.75524529283828,226.3885068512315,227.7725816498014,20556571
2018-03-21,228.83372497558594,234.6468425791799,228.00328563773186,232.2939123492087,19533972
2018-03-22,222.88218688964844,228.23394572968215,222.0517335416306,227.9109893033079,26828240
2018-03-23,216.6538543701172,221.12902130586107,214.3932015799437,219.422004091849,27150262
2018-03-26,227.44964599609375,228.695319060342,216.14636744253534,216.60772575084385,30373940
2018-03-27,234.69296264648438,235.754081058573,228.83370685920198,230.67913997903426,31205051
2018-03-28,230.5868682861328,236.39999965009773,229.4796112032747,232.52457874078777,36673566
2018-04-02,227.12669372558594,232.52459166388434,225.97329793360237,232.34005115307468,14993188
2018-04-03,231.14051818847656,233.26276927517668,229.0644057496579,230.26394019688306,19883309
2018-04-04,228.1878204345703,233.44730229487126,226.52692772091262,232.24776788614415,18824449
2018-04-05,239.26040649414062,241.6594753198248,230.67915325662472,233.07822208230888,22880821
2018-04-06,239.62950134277344,241.244255319048,235.15432040528333,239.5833486194351,24868860
2018-04-09,240.50607299804688,242.44378346440146,237.6917986686555,240.5060729980469,20208874
2018-04-10,242.95127868652344,244.51990822936148,238.5222501029809,240.92131898534853,21201141
2018-04-11,237.18429565429688,242.67447080106953,236.49225819003527,242.67447080106953,14885838
2018-04-12,234.1854705810547,237.59951910766506,232.75525706760587,237.59951910766506,18660913
2018-04-13,231.55572509765625,236.1693080407438,230.40232936188437,234.37001350884722,25654020
2018-04-16,229.75643920898438,231.8786902585493,228.00328325647413,230.07939565896496,16408377
2018-04-17,228.97213745117188,232.98596062242333,227.541937867418,231.97096664730208,15922452
2018-04-18,227.40350341796875,230.58687287435524,226.34238495901926,230.21779186590445,16142387
2018-04-19,227.12669372558594,229.24894479874337,226.2501157395861,228.0032857911242,13166927
2018-04-20,222.55923461914062,226.84987513184234,220.9906192607547,226.84987513184234,15546939
2018-04-23,223.71263122558594,225.9271594575922,220.80607964052862,223.20513429244676,12111837
2018-04-24,222.00563049316406,224.58922583639838,221.08291384785505,223.29742816478122,9486349
2018-04-25,218.86837768554688,222.14402447607577,218.4531580257983,221.1751692169703,13124853
2018-04-26,215.177490234375,220.34470839226853,214.53159148452252,219.97561333554086,24495144
2018-04-27,223.85105895996094,226.8037493454138,215.22365288042027,215.22365288042027,31401889
2018-04-30,227.3573760986328,230.4023438484305,225.604220101845,225.88103791174274,17263193
2018-05-02,222.3746795654297,227.26507989875103,221.22128392453016,226.8959848459412,12887066
2018-05-03,223.20513916015625,224.5892140555178,220.29858751171219,222.32856120900152,12939642
2018-05-04,223.2512969970703,225.050591699804,221.77495876283155,224.68151066112907,12777310
2018-05-07,227.44964599609375,229.01826142843504,223.34355986805568,223.7126408828872,15122614
2018-05-08,230.7252960205078,233.07822624162137,225.69649320568135,228.8337241141405,23293920
2018-05-09,228.83372497558594,230.49461773083254,227.26510951545131,230.49461773083254,11429823
2018-05-10,228.78756713867188,230.86367938871342,227.26509045378964,229.06438492125153,13160967
2018-05-11,231.00210571289062,232.1555014592511,227.034421529503,228.46463507089757,11958589
2018-05-14,234.0009307861328,236.0309044502706,228.97211415148124,230.6330068146986,18673849
2018-05-15,228.83372497558594,237.55340842074608,226.89601441454178,233.44730814041628,18026861
2018-05-16,224.31240844726562,229.47961289862366,222.00561697446173,226.52692262934224,17222004
2018-05-17,223.9433135986328,226.98828116183324,222.51310006808768,225.32738848376593,11721064
2018-05-18,220.390869140625,225.142854076406,219.46815252555777,224.22013746133877,11873041
2018-05-21,225.5580596923828,226.75759403318608,221.72879161010732,224.7276204223468,18780730
2018-05-22,234.27774047851562,239.62951368526464,222.3747019007079,224.81989527319507,68713602
2018-05-23,242.85902404785156,248.9028066054089,234.6468377362245,234.96978010337426,71202072
2018-05-24,247.74940490722656,248.85667608105675,240.50607402952045,243.4587783870171,34679642
2018-05-25,246.31919860839844,247.65712073393087,242.25922318989677,247.1034851624011,22317308
2018-05-28,251.0250701904297,253.00893364813325,245.48876991943402,246.73444311222391,18959368
2018-05-29,243.8739776611328,250.01006536565222,242.48990280911943,249.59483164641824,16107543
2018-05-30,246.5037384033203,247.28805315896068,239.8601956616598,240.36767853697484,19320209
2018-05-31,248.71826171875,253.56252413076075,242.8128807911619,246.22694365944807,31935892
2018-06-01,246.08853149414062,248.94893046187244,244.15082097862057,248.44144758929454,16574717
2018-06-04,242.67446899414062,247.61100850093177,241.10583948986357,247.28805205486574,12933824
2018-06-05,243.1819610595703,244.75059062314222,240.7367675767719,240.7367675767719,14102731
2018-06-06,249.2718963623047,250.425292170162,241.93631591977865,242.6744779731764,18315171
2018-06-07,248.81053161621094,251.80936063922627,247.6571358381281,250.10232925584836,18773700
2018-06-08,251.901611328125,252.73205056882057,246.3653121780563,248.16462066545807,14096549
2018-06-11,252.82435607910156,256.8843036106002,252.04004131346417,252.17844317585272,18219428
2018-06-12,260.9903869628906,262.4205863800567,252.82433970201424,252.82433970201424,31358021
2018-06-13,265.465576171875,267.2648566402497,261.7285570592644,262.0515134999704,26748300
2018-06-14,260.75970458984375,264.4044180938477,259.5601561705298,264.4044180938477,18513730
2018-06-15,256.0077209472656,261.5440203096798,255.2234062391087,260.89810745376826,16949917
2018-06-18,255.4541015625,258.1299741253713,254.16230392791488,256.5152200423708,13542420
2018-06-19,251.53257751464844,255.31572160838502,248.90282929344866,254.66980865613283,20726975
2018-06-20,252.17843627929688,253.516386616975,250.1484766486011,252.08618714627852,14002946
2018-06-21,247.8878173828125,253.51639446591852,247.38033449919573,253.51639446591852,12954943
2018-06-22,251.94773864746094,252.54752692253996,245.2119192048061,248.21074794390535,20784133
2018-06-25,247.70326232910156,252.0400130999182,246.54986667318113,250.84049288139042,10934401
2018-06-26,246.7344207763672,250.24076085936412,244.88898751976149,246.59601891393712,16867009
2018-06-27,241.47494506835938,246.68828821757867,240.8290321858398,246.68828821757867,16277655
2018-06-28,237.13816833496094,241.75175137649714,235.9386339282539,240.27539917139032,21349738
2018-06-29,239.30654907226562,243.0896926570625,238.24543064409792,238.29155520916277,16244724
2018-07-02,238.84519958496094,241.5210721160359,234.37001840486386,238.9374768775655,21896701
2018-07-03,237.5995330810547,240.73676400254254,236.58453915258235,239.53724364285148,16099030
2018-07-04,237.5533905029297,238.38382977814666,234.83136537736178,235.9847610815728,14206935
2018-07-05,236.6306915283203,238.70680395021756,235.43114301133352,237.96861374920795,11215032
2018-07-06,237.32272338867188,240.64448065787337,235.80023253423704,236.30772948571533,16174019
2018-07-09,241.33651733398438,242.12083208186908,238.01476007553927,238.2454392273244,13220744
2018-07-10,243.36651611328125,245.2119494108227,242.12084300562526,243.4587934099738,11487165
2018-07-11,239.0758819580078,242.35151469653076,237.96861074998728,242.35151469653076,12857179
2018-07-12,242.44378662109375,244.05854067090124,240.9674344294546,241.1981135794271,10642215
2018-07-13,237.8302001953125,242.12082669117228,236.95360817441536,241.84402297882346,11976239
2018-07-16,232.15548706054688,237.59950901390505,231.60185150481618,237.13815074397513,8965623
2018-07-17,239.02972412109375,239.76791429701711,231.09436980367997,231.32504895382928,16067598
2018-07-18,239.4910888671875,242.21311417584192,236.3538579725348,239.998599906621,17641125
2018-07-19,240.0908660888672,243.13581954823195,236.39999975796422,239.35267592724136,9958284
2018-07-20,241.2904052734375,242.67448025588553,238.56837987765869,239.81405299367742,6120163
2018-07-23,245.76556396484375,246.8266823881554,240.45994368921052,241.751741254941,17013119
2018-07-24,246.22691345214844,248.39530294522532,245.0273650589846,246.54986987181078,9320281
2018-07-25,250.84054565429688,251.7632623731583,245.11969073372416,247.28808065486444,13099277
2018-07-26,265.465576171875,267.034177491042,253.0089021146581,253.83934141999072,53496546
2018-07-27,264.5889587402344,274.04680294978067,263.0664821334391,267.1264291379175,32175436
2018-07-30,274.4159240722656,276.39975922344877,266.84966449301976,266.84966449301976,40949610
2018-07-31,270.8172912597656,279.0294624327617,269.24866195476824,274.04679899199454,36510328
2018-08-01,272.293701171875,274.9695739442144,266.06536350703124,271.7400655254065,33885474
2018-08-02,271.1864318847656,273.4932236295477,268.0953253149419,270.35599248845983,15665209
2018-08-03,276.1229553222656,276.76886823577314,271.74005126953125,271.8323285656148,18254462
2018-08-06,284.6580810546875,287.28782908846676,277.36862529158543,277.36862529158543,31576923
2018-08-07,280.552001953125,287.61080725002546,279.6292852512116,285.9037757196699,23928622
2018-08-08,284.8426513671875,286.8726111747784,279.62927957984994,280.55199626304903,20498279
2018-08-09,292.87030029296875,295.13096766723686,286.1806036390472,288.76422751807957,46464355
2018-08-10,280.92108154296875,301.1746941191325,277.27633969105324,293.10092382862763,111510771
2018-08-13,271.4170837402344,279.3985767420014,268.6028093584976,273.12411509137064,58127432
2018-08-14,272.109130859375,275.84615013796576,270.678931334395,273.7700377028855,25294933
2018-08-16,270.0791931152344,275.3386614830397,267.8185259051167,270.81735522188376,31083900
2018-08-17,278.752685546875,279.30632112886894,271.3248001531966,272.20139217127667,21931134
2018-08-20,283.8737487792969,284.8426180788755,280.13675791269776,280.5981162003804,20240462
2018-08-21,283.27398681640625,284.98101810167515,279.90607696978515,284.4735070930412,14139592
2018-08-23,279.0756530761719,283.2278778675636,275.2463565746271,283.2278778675636,22721004
2018-08-24,277.2301940917969,282.07445589857963,275.89224385296063,277.36859594017585,18869585
2018-08-27,284.1967468261719,286.365136727603,279.8599670233096,280.5058799842735,28111768
2018-08-28,281.75152587890625,286.27283169038793,279.9522172041676,284.2428438603791,16890236
2018-08-29,285.7653503417969,287.8875873180105,282.1206084053901,283.0894495990796,24320824
2018-08-30,284.7503662109375,286.5035222288314,282.3512972689932,285.39625097591016,19935935
2018-08-31,285.6730651855469,286.6419063525735,281.0133294569413,284.1044357008527,18100140
2018-09-03,282.6742248535156,288.3489260870947,281.24399728467876,288.3489260870947,14708076
2018-09-04,273.4931945800781,283.68922990447584,272.6166307056138,283.0894415872767,42859084
2018-09-05,273.631591796875,275.7538568361043,267.95689043552835,273.58546723129245,22922686
2018-09-06,273.53936767578125,276.6765987172708,271.7400589083427,274.96956724850975,18001336
2018-09-07,269.11029052734375,273.0318360739799,267.08033090453057,273.0318360739799,23716678
2018-09-10,262.8358459472656,270.58666025102946,261.86697655987155,268.18759130582026,23354395
2018-09-11,260.75970458984375,268.9257517495375,259.8831125972326,265.14260823475047,28361400
2018-09-12,263.2510070800781,264.54283271172204,258.36062087710496,262.05148688963504,22717796
2018-09-14,268.1875915527344,269.2487100797429,266.38831096147925,267.68010865344957,15149585
2018-09-17,263.2510070800781,266.2037111537314,262.1437641717629,266.2037111537314,16089996
2018-09-18,252.6397705078125,264.7273624844259,251.34797301880897,262.9742067379873,33901000
2018-09-19,250.517578125,260.9904180541223,249.59486144682322,254.11616753807385,40759431
2018-09-21,249.6871337890625,257.8531818606106,233.81639597589464,253.00891939636247,39308482
2018-09-24,243.92013549804688,251.90162834681774,242.30538147018265,251.62482463424266,24633374
2018-09-25,249.96389770507812,251.8554834519087,240.6444552932612,243.59715939807936,28948831
2018-09-26,243.4587860107422,252.82435407931007,242.4437920961267,252.82435407931007,23951904
2018-09-27,244.84286499023438,247.84169405718316,243.3665127408442,244.05855021783236,24829383
2018-09-28,244.9812774658203,252.3630108734533,242.21312743795792,245.81171684236335,33803139
2018-10-01,252.6859588623047,253.93163196485654,243.68947157365298,244.9812692448234,17711738
2018-10-03,250.7021484375,257.1611655895687,249.68715439607317,252.22462542010018,19714943
2018-10-04,250.37918090820312,251.6248540787074,245.1658372114337,247.24194977591455,17754204
2018-10-05,238.3838348388672,250.0561939814636,236.21544523710213,250.0561939814636,36628643
2018-10-08,245.21192932128906,247.74939989752065,238.38383231160816,239.67562988223833,21100804
2018-10-09,242.62835693359375,247.42646666862365,239.90633152382694,247.28806480148313,16010883
2018-10-10,257.1150207519531,258.7759278232165,241.0136301096419,241.38271118356232,31772330
2018-10-11,241.89015197753906,250.5175578521445,240.45995250573367,247.28804973987008,46291120
2018-10-12,243.36651611328125,247.1957845738643,241.2904036535471,245.44262857301538,42967696
2018-10-15,242.85902404785156,245.16581558265608,240.92131352680047,243.9662670891119,21965859
2018-10-16,249.41029357910156,249.91780462054655,242.99742990237974,244.15082568874087,33597068
2018-10-17,240.9674530029297,253.74708452825948,239.9063344630817,252.59368868949466,21631573
2018-10-19,240.92132568359375,243.78175296290263,238.15317570214856,239.62952799073489,28474307
2018-10-22,240.22926330566406,245.4426062655804,239.39882402906164,245.4426062655804,19933462
2018-10-23,235.89248657226562,238.98359272777975,235.2927264308256,238.06087615354122,20206307
2018-10-24,235.93861389160156,241.56717627655757,233.26274158656932,240.13697691876888,25636533
2018-10-25,230.26394653320312,235.29274954081473,229.20281392088393,234.83139120838175,33066232
2018-10-26,228.9259796142578,232.98592676568663,228.28006677147576,232.5245684948635,20543437
2018-10-29,247.19577026367188,248.44144329921568,229.20279665425792,230.67914883864037,37768359
2018-10-30,252.0400390625,257.5302142138523,245.44262086285144,246.8266957925292,33401683
2018-10-31,259.6524658203125,260.89813895909464,247.84170368455767,253.7470847524351,28137370
2018-11-01,263.8046875,266.6651147782256,257.2995463096986,261.128814817432,29144808
2018-11-02,263.29718017578125,270.1714017606324,261.31334517234296,265.65009617721904,27760214
2018-11-05,272.1552734375,276.81498102105735,261.5901570648992,264.31218230857,44619891
2018-11-06,264.3121643066406,275.24633278500073,261.9592202327717,273.2163732912163,40688243
2018-11-07,264.4043884277344,266.5727777247893,263.8507810830152,266.5727777247893,3312160
2018-11-09,261.3594970703125,265.281042922206,260.6213349971167,264.8196845866891,19201007
2018-11-12,256.4690856933594,261.77470604943403,255.45409181951263,261.77470604943403,24044907
2018-11-13,256.5613098144531,258.08381455634475,252.22455918942566,254.94655595044796,25633628
2018-11-14,261.68243408203125,265.4655777838249,256.51521547658695,258.7297296906128,52674807
2018-11-15,263.34332275390625,264.8657995742157,259.42177704388763,261.91312322917736,18445463
2018-11-16,268.41827392578125,269.2487132977533,260.7597368211483,263.8046905714052,24805910
2018-11-19,265.88079833984375,270.81733807281626,263.94308773374235,270.81733807281626,13799970
2018-11-20,261.5440368652344,266.24986909390253,260.66744481373456,263.8046756858722,12900924
2018-11-21,264.8658142089844,267.1726059305713,261.1749474544452,261.54405665716206,16167419
2018-11-22,260.85198974609375,264.86578436209027,259.83699587115626,263.8508186462282,12066797
2018-11-26,264.2659912109375,265.0503058417614,257.99153048248974,262.1437545948933,16846820
2018-11-27,267.0341796875,268.0491735841778,262.09764022203467,262.60515124991167,21242956
2018-11-28,262.5589904785156,269.8484739573237,261.1287910491205,267.03417150463537,19837609
2018-11-29,264.2659912109375,267.2648197365623,262.2821564334924,266.94186334044986,27919104
2018-11-30,262.65130615234375,268.41828559605005,261.31338381685146,266.48057487114886,17583510
2018-12-03,264.6351318359375,265.6501258129747,261.3594988945358,264.54288269545276,15772176
2018-12-04,260.71356201171875,265.6962541397115,260.11380185826056,265.6962541397115,11897307
2018-12-05,258.4990234375,261.31332567530114,255.63859663804348,260.62128829603296,14893748
2018-12-06,254.34683227539062,257.66861776015696,253.8393493948205,256.51522197788233,11083451
2018-12-07,254.11611938476562,255.91542782988478,251.07116618741182,255.59247142190532,10165275
2018-12-10,253.00892639160156,255.03888620396455,249.27190692041307,250.0562217347918,11947887
2018-12-11,259.5140380859375,261.35947124565973,247.61099983754423,247.61099983754423,30927239
2018-12-12,263.20489501953125,263.7585305795204,260.3906208149416,261.8208201990955,21765939
2018-12-13,266.6650695800781,271.2786520987646,263.6662409429319,267.5877860838154,24097152
2018-12-14,266.84967041015625,268.32599454483875,264.86580705590563,266.20375748192424,12156361
2018-12-17,267.12646484375,268.9257735389708,265.09647699063305,266.94191025380235,12728014
2018-12-18,270.12530517578125,271.27870101342336,264.81968432262755,265.6039991240398,13606582
2018-12-19,277.46087646484375,278.6603967102316,271.92457719245505,271.92457719245505,26124125
2018-12-20,271.3247985839844,278.33745021084064,270.494359295334,275.2924967660976,19222232
2018-12-21,269.3409729003906,273.5854749393595,268.3259789972995,270.9557269683295,15777301
2018-12-24,270.4021301269531,272.2014390384666,267.7262572055097,270.81736392471174,12048877
2018-12-26,271.4170837402344,272.2013984863322,264.95806750496547,270.21756341731486,12684324
2018-12-27,269.5716552734375,274.6004721230124,268.9718951014246,273.770032795681,15304564
2018-12-28,272.016845703125,274.1391108042137,270.8634499391886,270.90960266519187,12876558
2018-12-31,273.0318298339844,275.20021942438217,272.6627488345513,274.2313782809859,9526067
2019-01-01,276.4459228515625,277.4609168309807,271.1403019436401,274.5082121925056,11837127
2019-01-02,271.1864318847656,279.12180111863177,270.44826979006695,275.9845699775439,25559853
2019-01-03,268.602783203125,272.70885480026885,267.6800666879367,272.20137198054465,17548347
2019-01-04,274.6466064453125,275.89227956009165,268.9719046547382,269.52554027898196,19514041
2019-01-07,273.40093994140625,278.199077922102,272.3859741246745,277.7838441541094,14579399
2019-01-08,281.70538330078125,282.35129622243744,271.9707338613184,272.93957508472516,22949961
2019-01-09,281.70538330078125,283.36629017400685,277.5070337872486,282.35129622243744,21109911
2019-01-10,281.9360656738281,283.7353744338692,280.04450777456685,281.52086007010337,16295468
2019-01-11,279.3524475097656,282.5358310076112,277.69156891206615,281.7976408404637,12702551
2019-01-14,277.1840515136719,280.13675579616194,276.3997367987222,277.7376870865231,10372933
2019-01-15,278.33746337890625,280.13677205533617,277.8299805004653,278.66041982840346,9444374
2019-01-16,279.7215576171875,282.9510660168956,278.7527163609065,279.5831557461586,12111480
2019-01-17,274.4159240722656,280.82881600651984,272.75504537803727,280.4135822534241,15974634
2019-01-18,272.1552734375,276.67657916236203,271.5093605514871,275.66158526680294,9082501
2019-01-21,269.8484802246094,273.816150330554,268.9257636270338,273.03183559079963,10188647
2019-01-22,267.8185119628906,270.3559827911351,265.9269540636487,270.3559827911351,11297989
2019-01-23,264.4967041015625,270.3098354966425,263.43558565804744,268.0030440285335,10304608
2019-01-24,265.7885437011719,267.495575289193,263.43562729544004,264.49674590667047,11532528
2019-01-25,263.34332275390625,268.51054155656976,261.3133630465193,267.21874389567313,11121223
2019-01-28,259.83697509765625,264.45055765209236,255.86927720539728,263.5739657031202,18905470
2019-01-29,258.9142761230469,263.8969399874993,255.1772571054012,259.283357120585,17435611
2019-01-30,265.23486328125,267.03414352073224,258.5912933655881,259.46788528469364,18908654
2019-01-31,270.9557189941406,272.0168374328852,265.7423759314669,267.5878090976576,25546487
2019-02-01,262.42059326171875,279.3063237990477,260.20607907164754,273.9545506673769,60015958
2019-02-04,262.00543212890625,263.1588280650978,256.37685432847536,260.57520427258044,20642919
2019-02-05,262.65130615234375,264.8196960549932,261.1288292110211,262.2361005278445,13291133
2019-02-06,266.71124267578125,267.35715560956504,261.59017641177456,263.7585662219594,12149759
2019-02-07,265.1887512207031,271.27868655059297,264.4505891875975,267.0341844625439,19733315
2019-02-08,263.8969421386719,265.7423753004808,260.3906303948651,263.52786113812516,19781908
2019-02-11,258.8219909667969,263.85080740250874,258.36063269412875,263.85080740250874,15420017
2019-02-12,254.11611938476562,260.390608502841,253.4240820072695,258.96038102723855,15326106
2019-02-14,246.45762634277344,247.61102217163415,243.2742425914867,247.28806570773756,26372671
2019-02-15,242.62835693359375,248.07237959404966,241.10585191781496,248.07237959404966,23366091
2019-02-18,239.86019897460938,244.9812650019805,238.79905232398715,243.96627107825483,14781744
2019-02-19,242.58218383789062,246.82668574798888,240.18311509226334,240.7367506734197,19064306
2019-02-20,247.01124572753906,247.56485316172146,243.8739867521001,244.0585413362116,15514595
2019-02-21,247.28807067871094,250.05622072362186,246.64215773793367,249.41030778284463,13760702
2019-02-22,250.0100555419922,250.88661935171282,246.91894952880625,247.1957532247025,12536918
2019-02-25,249.2718963623047,250.425292170162,247.19578390816156,250.33301487371796,20793897
2019-02-26,245.76556396484375,247.47259525055816,242.9051369670352,246.18076952575265,15274303
2019-02-27,246.96511840820312,251.62485462516025,245.9501244093258,247.28807488408395,20571652
2019-02-28,248.2568817138672,249.87163571018988,246.96508414862402,247.0112368725354,31636468
2019-03-01,251.8555145263672,253.3779913286369,249.22576650840494,249.6409720949821,20024726
2019-03-05,255.08502197265625,256.3768196144623,250.24075969657602,250.70211800858365,21533972
2019-03-06,256.6075134277344,260.7135857436928,255.08503654296152,255.8693231909112,22161376
2019-03-07,259.97540283203125,260.66744028411296,256.192259128836,257.8531659092777,14899105
2019-03-08,259.4679260253906,262.28220046596823,257.99157379464634,260.0676861993902,19943319
2019-03-11,265.14263916015625,266.66511602467534,261.5901743702265,263.25105310259676,22931245
2019-03-12,264.7273864746094,267.49553627007566,263.66626801816244,266.849651546579,20828136
2019-03-13,270.49432373046875,271.64771930168774,262.6973865644712,265.83461688637254,23725641
2019-03-14,269.3409729003906,271.92459630453857,268.27985443041746,271.7400417188579,16164017
2019-03-15,275.338623046875,278.01449550878715,269.89460083283126,269.98687812305076,37928480
2019-03-18,275.8461608886719,277.6454415070862,271.8784622959924,275.8000081595362,23782967
2019-03-19,279.6292419433594,282.9049026232781,276.03065299504806,276.9533695540548,27218691
2019-03-20,280.3212890625,281.10560379661007,276.8611018464928,279.3985724715647,18820555
2019-03-22,275.0156555175781,282.7203443153822,274.00068984333,280.78263393523474,17865957
2019-03-25,271.2786865234375,272.6166368872688,269.6178078695777,271.2786865234375,16895511
2019-03-26,280.04449462890625,281.4285695611743,271.9707241906758,271.9707241906758,18303791
2019-03-27,284.9348449707031,286.82643069801344,280.8287734262415,281.6592126474415,35956450
2019-03-28,294.34661865234375,313.4007123157347,285.16557649344344,286.13444589542627,63244736
2019-04-01,297.8067626953125,302.32806810054507,296.2381333167889,296.93017072041863,22372357
2019-04-02,303.57373046875,305.41916348071805,297.2069922092747,298.63719152992076,27897583
2019-04-03,295.73065185546875,306.757125801385,294.807935313018,305.4191755512017,30552104
2019-04-04,296.9302062988281,300.57494832495667,293.70069802826066,296.653402567839,27832294
2019-04-05,292.5472717285156,298.68335933036207,290.65571405937806,298.68335933036207,23117232
2019-04-08,288.6257629394531,294.5772967210188,287.0571614968397,293.6545800515716,17394139
2019-04-09,290.425048828125,291.301640858671,284.2889890915302,289.68688681435265,25556039
2019-04-10,286.8725891113281,292.5472906447439,286.04214979213396,290.51733099327777,19237974
2019-04-11,290.5634460449219,291.02480433592973,284.8426201318699,286.96485700687583,14897935
2019-04-12,290.8864440917969,291.947562681093,287.1494526636863,290.28668385950596,14751964
2019-04-15,291.2093505859375,294.06977754017885,289.50231932622296,291.11707329856046,13864791
2019-04-16,291.3477478027344,294.7156575453613,290.37890669837395,292.1320624943507,14940726
2019-04-18,286.78033447265625,291.3939178982722,284.2428635885675,291.3939178982722,15691168
2019-04-22,286.0882568359375,288.1643690862972,282.6742224752352,284.93486114129325,15665440
2019-04-23,281.6592102050781,289.50230041553897,281.0594501149163,286.08823811912106,17324274
2019-04-24,286.73419189453125,287.84146311077154,280.1367736420477,282.2128860531907,15228591
2019-04-25,282.5358581542969,287.88760362471476,281.7976679162224,286.9648869464304,30842477
2019-04-26,288.3489074707031,289.2716239746094,282.90488572947083,283.18168941701356,14987906
2019-04-30,285.9960021972656,287.88755983640726,281.42854407084684,287.88755983640726,18178758
2019-05-02,284.33514404296875,287.33397330288454,282.02835230457197,284.2428667416171,16640100
2019-05-03,286.0421447753906,287.70302338464967,284.9348735965007,285.11942817934096,12452689
2019-05-06,284.8887634277344,286.3189629602589,282.2590153642783,283.08945471087566,10639216
2019-05-07,281.8437805175781,289.17936017007554,280.2751511241998,286.6880423888606,15219845
2019-05-08,275.2001953125,281.70533535466507,273.81612056658633,280.459690610601,22103678
2019-05-09,276.1690979003906,277.737727558873,273.2164213467072,274.6004964009873,12654440
2019-05-10,284.24285888671875,286.7342051589718,269.8485013641664,278.47587970009425,60739833
2019-05-13,283.1817321777344,289.91758056881355,281.7053799167391,286.0421594035857,40101505
2019-05-14,290.332763671875,292.27047410438206,281.52083167521505,284.0583022475499,30521436
2019-05-15,287.9798583984375,293.3316034502393,286.9648644999024,291.7630021152997,27932459
2019-05-16,291.3477478027344,292.59342076482216,285.6268939852585,288.3489190446698,18147559
2019-05-17,294.5772705078125,297.06861655725663,289.2255255648795,291.2554851615788,25838962
2019-05-20,318.0603942871094,319.07535992731755,305.4191667559382,306.34188327181715,53207071
2019-05-21,311.4629821777344,320.6901483291598,310.26346184167966,319.1676715459899,33457162
2019-05-22,314.7386474609375,316.1227224030181,307.7721200236859,312.7086596155886,32002499
2019-05-23,315.753662109375,335.86887465765824,312.9855120435152,325.7189910828389,74413322
2019-05-24,327.8873596191406,329.4098364245817,316.95316193793786,318.291112313097,35703403
2019-05-27,333.7466125488281,334.4847745808242,326.64168331479107,327.6105245016704,31374994
2019-05-28,332.2240905761719,333.7465954476499,329.0868598623257,333.05455801845994,23501608
2019-05-29,321.70513916015625,331.255261667339,320.3210642506827,330.3325450610233,28370210
2019-05-30,326.2264709472656,327.56442139688426,320.6440462969501,322.7201588269303,25712604
2019-05-31,325.2575988769531,330.24026284495517,318.0142679935519,326.9646302050019,32588069
2019-06-03,327.9796447753906,328.90236142614816,322.62787130555057,325.1192175262268,18380919
2019-06-04,325.165283203125,329.5943392200432,324.2425667194844,326.6416352087644,18130636
2019-06-06,310.86322021484375,322.5817324231242,309.9405036050288,322.02809682542,41941144
2019-06-07,315.615234375,316.2611473253646,310.0328096318673,310.95552632720023,29739710
2019-06-10,317.6913146972656,320.4594645023272,313.862046432079,319.2599441837642,20500542
2019-06-11,320.2749328613281,321.38217586987423,316.3533873680252,318.38334696323085,16281297
2019-06-12,317.41448974609375,320.1365148026041,315.8458603645328,320.1365148026041,11564970
2019-06-13,319.7212829589844,320.5978749406834,313.53907084160227,316.49177505030775,15509948
2019-06-14,317.2299499511719,319.58289413311434,316.0765542224968,318.7985794058002,10347594
2019-06-17,311.7398376464844,317.18386045594895,310.9093982618336,317.18386045594895,13779496
2019-06-18,313.7698059082031,317.4145481755953,308.0028264718733,309.5714561421867,21957480
2019-06-19,312.6625061035156,318.5217617810596,309.5714000538752,316.5840514097123,16416903
2019-06-20,318.47564697265625,319.49064092220294,309.6637142050756,314.64637849666775,20626861
2019-06-21,322.3971862792969,323.5967347989115,316.6302073169487,318.1526841311932,24749090
2019-06-24,325.9035339355469,327.3337334877184,322.6278729135847,322.950829374775,17919504
2019-06-25,328.9945983886719,329.40983212977693,324.10421158426936,325.44216194198447,15922634
2019-06-26,330.4709777832031,331.2552926036347,326.9185128853038,328.2564633530447,15835579
2019-06-27,334.1618347167969,334.94614951414144,329.6405286885042,330.4248434858488,29658120
2019-06-28,333.3313903808594,336.7915778242593,330.97847418297846,334.20798246348505,22708464
2019-07-01,333.6081848144531,334.9461351855744,330.7939103692243,334.7615805967726,12348793
2019-07-02,336.3302001953125,336.7915584946202,332.50093194287376,334.1618105567511,14482172
2019-07-03,337.8526916503906,338.3602026971552,334.94613987011,337.0222523073215,12626285
2019-07-04,339.0060729980469,342.235581096045,337.89882997417874,338.86767113994784,19252646
2019-07-05,342.0049133300781,344.72693865262585,337.71428663173623,340.8976702693546,30019347
2019-07-08,327.8412170410156,339.9749636105128,326.1803383216792,339.5597298511399,27247892
2019-07-09,331.7165832519531,332.17794150404205,325.25756772270785,326.18028422688576,16579914
2019-07-10,326.82623291015625,333.56205286623117,324.150332227122,332.6854608274336,18681819
2019-07-11,335.13067626953125,335.86883827683914,329.4098221561307,330.7938970391396,20048321
2019-07-12,335.499755859375,338.22175288904333,333.56204539951295,334.9461202766894,14661748
2019-07-15,332.2240905761719,336.7915488724558,329.9634518695963,335.9611095892428,15665939
2019-07-16,336.1918029785156,337.7142797554339,330.00959041881566,330.79390517028156,16251836
2019-07-17,343.6196594238281,344.6807778919431,334.9922535012764,335.91497010991134,17545177
2019-07-18,335.5458984375,344.9114666440004,334.5309045079361,343.2044633977759,21691056
2019-07-19,328.4870910644531,337.76038110755866,327.70277636689445,336.88381728246605,22213173
2019-07-22,323.73516845703125,331.7627870655862,321.7513331309615,328.4871539568951,19682038
2019-07-23,315.753662109375,325.7189910828389,314.64639081939964,324.05811230695446,27956145
2019-07-24,313.35455322265625,318.06041336776127,310.26344707720955,315.4306655079312,20823143
2019-07-25,314.9231872558594,316.6763714508248,311.32459788554775,315.2922964500066,19857643
2019-07-26,316.1227111816406,319.3983438313258,314.1850006996952,314.4618044146549,16139052
2019-07-29,317.2299499511719,319.7674205542571,310.77093387059125,317.3683799658732,17060483
2019-07-30,302.2358093261719,319.90585464169294,300.66720801064906,317.78358957846683,24437235
2019-07-31,306.5264892578125,307.4492059284753,298.86792399586443,299.975195264291,22741445
2019-08-01,292.6395568847656,305.8805454020069,287.2878119995823,305.23463253420965,40853304
2019-08-02,284.6119689941406,297.3454478153887,283.3201431249338,291.16323484388124,64472348
2019-08-05,277.0456237792969,279.4446922648205,269.15640912015147,275.3847453749733,48815899
2019-08-06,278.1067810058594,280.7365289798026,274.2775127008918,275.70771218473436,30442970
2019-08-07,267.49554443359375,279.07565499347885,266.480550512465,279.0295022667004,30820114
2019-08-08,271.6016540527344,272.6627725781604,263.5278832911137,267.58783095657026,32929233
2019-08-09,268.8334655761719,274.96952484440857,267.6339171965071,273.4008954860291,23377581
2019-08-13,261.4517822265625,269.018042260979,260.6674674007974,268.41828203859825,24231272
2019-08-14,267.3571472167969,268.7412221808182,262.51288484272203,263.02036773256566,18523649
2019-08-16,268.41827392578125,270.1714299686285,262.3283382661893,265.69627664214624,20047399
2019-08-19,264.6812744140625,269.8023405140066,263.8969596364743,269.4332594889878,19831459
2019-08-20,261.77471923828125,265.1887538744044,258.9604166208659,265.0964765795737,23204417
2019-08-21,255.96156311035156,263.527850018126,254.94656928237094,263.4355727321143,28226325
2019-08-22,247.79551696777344,256.79200328412486,246.64212128618993,256.79200328412486,27728925
2019-08-23,250.14846801757812,253.97773615522425,242.3976544533754,246.45760173376016,35212444
2019-08-26,258.545166015625,265.7423432140432,249.13344676316552,265.7423432140432,64066440
2019-08-27,263.6201477050781,265.7423846522118,260.7597205717981,262.05151819870883,45164811
2019-08-28,262.8819580078125,264.49671208422296,260.3906400425107,264.49671208422296,18979998
2019-08-29,253.2856903076172,262.32830113875855,252.17841919564822,261.3133354717068,27083514
2019-08-30,252.6859588623047,256.46910273857884,246.22694234737526,254.62366944859897,45702652
2019-09-03,247.6571044921875,250.97888954444326,246.3191824543981,250.97888954444326,21241863
2019-09-04,253.83934020996094,254.53137765428522,246.59600932755166,248.85667624264124,27309675
2019-09-05,252.17843627929688,254.99273881325666,250.10232392301592,253.7470657676729,25085139
2019-09-06,252.7781982421875,255.59247232363802,251.07116707319335,253.7931638721709,16675146
2019-09-09,256.51519775390625,257.16111059461406,250.05618198312442,252.77820703586926,18616889
2019-09-11,263.20489501953125,263.7585305795204,256.9765583275704,256.9765583275704,20999669
2019-09-12,264.8658142089844,266.4805684140952,262.1899414437592,264.5890104660254,21964832
2019-09-13,269.15643310546875,269.89459509337627,260.20607116694737,262.97422086021277,27303181
2019-09-16,262.6974182128906,268.00303847969167,261.8669507743053,265.9269262013782,18267680
2019-09-17,252.7781982421875,264.3121545744816,251.9016062973039,262.97420437630626,21533362
2019-09-18,258.729736328125,261.0826806201397,253.1934365714929,255.77706002003393,25478758
2019-09-19,252.87049865722656,258.31454967758594,251.94778196348142,258.31454967758594,23387797
2019-09-20,278.3835754394531,283.8737216426048,247.65709952162004,253.28567572510352,84481749
2019-09-23,289.5023193359375,291.5784315861554,277.1840476861632,283.78146542726284,54178171
2019-09-24,279.21405029296875,290.794132421597,277.55314350859356,288.9486992116753,40096711
2019-09-25,258.5913391113281,274.508201197574,257.16113957880356,274.04684287623354,73063465
2019-09-26,260.0676574707031,267.49551421240653,255.5924767052407,259.74470105604786,79005946
2019-09-27,259.4679260253906,263.9430791261326,258.36065481256327,260.8520009618865,37851718
2019-09-30,249.8716583251953,260.0676942345138,249.2718981326654,259.6524604771052,41094131
2019-10-01,236.1693115234375,254.20842391283287,226.57306449211853,251.67095325671568,79350077
2019-10-03,234.5084228515625,240.55223359538977,230.77143181199546,234.37002099066677,56207921
2019-10-04,230.6330108642578,240.36767378949023,229.3412132588166,238.5222405934097,60029186
2019-10-07,229.84869384765625,233.8163636732604,227.7725816498014,232.0632078935533,39160623
2019-10-09,240.7829132080078,241.75175439519765,225.46581168703113,230.77143225104788,60328507
2019-10-10,234.5084228515625,238.06088746296075,233.07822335717918,238.06088746296075,37577511
2019-10-11,234.8775177001953,241.19811807964726,232.0632292021149,236.40000856614284,43272106
2019-10-14,235.70794677734375,239.3526744405646,234.3700105566092,237.09203572237314,28265136
2019-10-15,238.4761199951172,239.8140421890916,235.10819590850892,236.6306867683307,23444973
2019-10-16,236.26156616210938,241.7056164449322,235.29272502856293,239.26039501051264,30892295
2019-10-17,244.93515014648438,245.44263304893184,235.84638535853355,236.58454742738036,37061013
2019-10-18,248.81053161621094,250.37916113803422,242.85902629674953,243.96626934826307,33203721
2019-10-22,249.59486389160156,253.7470889840681,247.74943051717196,249.50258659106436,27574295
2019-10-23,254.16229248046875,256.3306539098598,247.88780285939464,249.8255133035363,31789622
2019-10-24,242.21310424804688,256.19225491854763,229.433473877811,254.66977818080358,63943183
2019-10-25,259.7908630371094,262.18993197271436,243.18196324164384,245.25807571607703,105518180
2019-10-27,260.0215148925781,262.92809457878764,258.591315490693,262.92809457878764,12183625
2019-10-29,258.9604187011719,262.9742417064008,257.0227081304672,261.2672102950877,51033578
2019-10-30,267.49554443359375,268.5105383547225,257.6686179916022,261.12880534153425,51469048
2019-10-31,288.2566833496094,293.23934775780555,270.1253063358264,270.67894197208784,128449327
2019-11-01,289.3177795410156,290.6557298786908,284.7503492526532,288.2566610796229,44894016
2019-11-04,290.00982666015625,294.3466061014574,288.210546120186,291.57845620081673,31535656
2019-11-05,294.5311584472656,297.1147537378774,288.6257495103073,289.6407434312893,50080853
2019-11-06,293.0086669921875,294.3004928561155,289.7330340807025,294.3004928561155,32157080
2019-11-07,293.562255859375,298.3142403161337,292.31658292278865,293.65453314339504,33926772
2019-11-08,291.57843017578125,296.19201293172716,290.1943553489975,291.76298474964887,25423362
2019-11-11,293.654541015625,294.9463385493148,288.90255643147606,290.3789085381535,20491942
2019-11-13,283.0894470214844,293.97752000481927,282.02832854303927,291.62457573444823,32675829
2019-11-14,282.351318359375,285.5808269027012,276.5382142450198,283.2279105133383,43617772
2019-11-15,297.0224609375,298.68336767396653,286.0882638522945,287.88757244369776,95199897
2019-11-18,299.97515869140625,304.35806234269216,298.7294857060679,298.9601648456093,39009263
2019-11-19,304.8655700683594,306.15736772340915,297.2070332741468,300.6210679225585,41372145
2019-11-20,303.38922119140625,306.80328403680005,299.9751865050897,306.3419257149402,29972583
2019-11-21,305.74212646484375,307.1262012535854,301.3130702454263,303.8044161287907,34116162
2019-11-22,303.8505554199219,308.00277998741655,302.8817142844698,305.8344185738738,28974967
2019-11-25,310.1250305175781,311.4168280242343,302.97397742961425,303.573737540661,27561300
2019-11-26,309.5714416503906,313.72366665017233,306.8955689490136,311.878233316936,36464072
2019-11-27,316.9992980957031,318.8447314204555,308.2334898031295,309.9866739889065,33971305
2019-11-28,322.3049011230469,323.8735306261774,317.8758726516185,320.0442623203897,42538227
2019-11-29,315.4306640625,321.88968003153553,314.27726835374364,321.88968003153553,23081823
2019-12-02,312.3395690917969,317.7374668334703,310.21733217548297,317.32223309985085,20648850
2019-12-03,310.2634582519531,316.44567076551095,307.5875857308147,314.6463621231703,26482178
2019-12-04,315.4306640625,316.4456579180206,306.2034983924492,308.27961066821064,26789483
2019-12-05,310.21734619140625,317.96816034957686,309.24847682221167,316.4918080910974,30429507
2019-12-06,295.2693176269531,311.55526029549947,293.42388439178467,310.6786964042403,47027528
2019-12-09,292.224365234375,302.32809534233814,290.42505655917836,294.3004776323358,52435239
2019-12-10,289.1793518066406,297.7144796187201,288.1182334401968,292.68569147893896,52155809
2019-12-11,288.6257629394531,291.3477883779536,284.19673418973775,287.1494387956,52557951
2019-12-12,296.9763488769531,297.99134278768605,289.31778405876486,289.73301780013446,37804216
2019-12-13,306.8493957519531,307.6798632237758,299.8828966473152,300.06745123195935,40955226
2019-12-16,306.2035217285156,311.1861859382617,305.2346523638769,309.98666557336844,35027613
2019-12-17,307.1723937988281,309.80214211126093,305.09628115623593,307.49535028615844,26734601
2019-12-18,301.68218994140625,309.6175298139902,300.621043372307,309.1100469706533,26449075
2019-12-19,302.7894592285156,304.1274096176911,299.4215491305117,302.0512971815011,27516289
2019-12-20,311.7398376464844,313.26231454485725,304.81946250926364,304.81946250926364,51839714
2019-12-23,306.71099853515625,312.6625319915575,304.8194407297667,309.75598027341505,30150335
2019-12-24,305.8344421386719,308.3719129032106,303.7583296949584,307.44919626156013,21747782
2019-12-26,304.3580627441406,307.67984798973265,302.7433087652212,307.2646142743806,24616942
2019-12-27,311.1861572265625,312.201151065788,307.2646118797489,307.63369286881056,33477173
2019-12-30,308.5564270019531,311.7398105520264,306.80327108471283,311.64753325973464,22775554
2019-12-31,307.9566650390625,310.35573382923445,306.8493938561906,308.5564251968365,23801635
2020-01-01,308.6025390625,309.98661378726695,306.48027425574725,308.8332181832945,17379320
2020-01-02,313.0777282714844,313.58523929231825,307.587581446818,308.64869989536055,20324236
2020-01-03,307.9104919433594,311.83203687260374,306.34186270803303,311.83203687260374,21853208
2020-01-06,294.34661865234375,306.06513166169526,293.14709824121627,306.06513166169526,35645325
2020-01-07,293.7929382324219,301.7283060414742,291.0247886357111,299.3753901478996,50966826
2020-01-08,295.08477783203125,296.65340742418846,286.9648824538806,287.9798764159189,44527485
2020-01-09,304.6810607910156,305.78830391807867,299.88292276317344,301.6360788336655,40348407
2020-01-10,306.57257080078125,311.8320663490293,302.7433027867774,305.41917512432985,42377838
2020-01-13,305.18853759765625,309.5253171960085,303.6199080001898,308.1873667652825,23615129
2020-01-14,302.65106201171875,306.06512488950636,301.2669870330066,304.3119407225423,26296117
2020-01-15,299.19085693359375,303.75831535781407,297.4377010290209,303.5737607745639,32625740
2020-01-16,298.31427001953125,301.63605546149,297.4377061317448,298.96018291291193,26653623
2020-01-17,293.4238586425781,298.4987995939435,286.13440363515906,288.8102759595187,58396326
2020-01-20,289.7330322265625,296.60728263060093,289.1793965968618,296.19204886855596,30682902
2020-01-21,289.4562072753906,292.455036210801,287.8875777993918,289.5484564076811,30591772
2020-01-22,291.71685791015625,292.5011726800728,289.456219054605,292.5011726800728,24994911
2020-01-23,298.2220153808594,299.69833940863447,289.8714132834927,291.578444619568,33293610
2020-01-24,299.00628662109375,302.0051154071618,296.33041425918634,298.4988037824658,22706879
2020-01-27,291.76300048828125,297.114745510239,291.3938913206351,296.099751617364,23309355
2020-01-28,290.748046875,295.26935321427766,287.0110272279339,293.3777951838806,26488426
2020-01-29,291.9936828613281,294.99251184755826,291.1632153840342,293.2854804851197,23914114
2020-01-30,286.6880798339844,292.2705044083018,282.0283437680185,292.2705044083018,35802330
2020-01-31,293.839111328125,296.837940265822,284.75034722359743,289.45620749610634,92656638
2020-02-03,275.0617980957031,283.13556758265054,272.52432768551967,279.583103376579,56060158
2020-02-04,282.58197021484375,283.78149057988,274.1391186141177,279.490863847617,51141567
2020-02-05,286.96490478515625,289.41009850279573,281.0595233088533,283.1817605372015,35014841
2020-02-06,297.0686340332031,298.4988335640833,286.1344361981902,287.1494301357877,57757656
2020-02-07,295.7767639160156,299.88286361997996,293.79292906542116,296.6533558579186,37126803
2020-02-10,293.88525390625,297.85292424951655,292.03982060071627,295.0847742912159,24816396
2020-02-11,299.28314208984375,300.62106429679994,296.23816034065493,296.23816034065493,30188757
2020-02-12,295.4538269042969,304.4041598268251,294.5772349883925,304.4041598268251,38930849
2020-02-13,302.1435546875,305.3730627100486,297.11473807447277,297.11473807447277,62516057
2020-02-14,294.7156982421875,306.24965659668044,293.9313834422664,302.7433445205458,48205947
2020-02-17,289.9175720214844,296.3304356074742,287.56462775515206,296.14590917971327,36950692
2020-02-18,293.0086669921875,294.5311720233772,285.4885317712715,291.02483178555246,38588583
2020-02-19,295.59222412109375,298.96013357429854,292.7317974581673,297.39150432586644,39846727
2020-02-20,302.3280944824219,303.7583221368394,294.1159222078837,294.66955781091383,40150409
2020-02-24,297.9913330078125,305.6959939812919,296.97633913039095,300.5749281875442,45273936
2020-02-25,301.5437927246094,302.78946584536044,297.29931862290607,300.7133533638012,39050709
2020-02-26,302.8356018066406,305.2346424585748,299.1447353771097,299.7444955400933,43915281
2020-02-27,297.0686340332031,304.4964917346136,293.4238920351731,302.6510584513735,47010040
2020-02-28,279.5831298828125,290.3327726441814,277.8299739741084,287.8875792852723,59705346
2020-03-02,265.1887512207031,287.8875857271599,262.0976449088045,286.9648691062395,66711413
2020-03-03,267.44940185546875,271.64775096036607,263.2510245914966,270.35595340186495,61949382
2020-03-04,263.2510070800781,270.3559354178277,253.83931564357022,269.24866435043947,73675736
2020-03-05,266.2037658691406,275.3386554959193,249.13350705257528,268.41828030001443,149245973
2020-03-06,249.59486389160156,253.19345333992354,234.32389990228887,247.28807217356456,106043172
2020-03-09,233.86251831054688,242.44378546449363,231.7402673250167,239.95243939304547,101286241
2020-03-11,226.1578369140625,238.52223331889425,224.31240377426448,233.44729218444968,90845604
2020-03-12,196.16957092285156,213.97799150360876,192.47870421935136,213.97799150360876,99767083
2020-03-13,223.2974090576172,229.57188452473045,170.37960834541235,184.543313270758,155701316
2020-03-16,206.08876037597656,213.51661781926572,203.55128969969968,210.2871096858224,75583409
2020-03-17,198.5224609375,212.13253010736935,195.66204806816506,209.6411982277753,65403057
2020-03-18,198.568603515625,205.90419744848927,184.63559172354203,203.9203624501333,101356399
2020-03-19,187.91123962402344,202.76698327999313,182.83629806297697,187.26534078670707,93533467
2020-03-20,193.632080078125,199.0299636271187,184.5433161270526,189.66439596548582,77391650
2020-03-23,167.56533813476562,184.08195944019067,166.31966510824245,175.31615184780065,61750037
2020-03-24,169.04168701171875,177.11545767761248,160.13747699486285,176.19274103008178,67491360
2020-03-25,175.223876953125,180.16041640184082,162.8133414816843,164.24355502959114,71567553
2020-03-26,177.85362243652344,185.4660342917832,170.7948461661886,176.7463653462114,107260359
2020-03-27,180.8063201904297,195.52364757075105,179.92974221095068,186.38875859801044,114740377
2020-03-30,172.4557342529297,179.92974466305668,171.85597406920158,175.31616146656805,60081554
2020-03-31,181.6367645263672,183.15924125257095,173.51685580102577,177.1615834785573,59543412
2020-04-01,172.13279724121094,179.46839193632516,170.93326275683413,179.00703360229863,52954239
2020-04-03,161.93678283691406,173.65528225478852,161.47542448125333,173.05552202424542,64448494
2020-04-07,171.994384765625,172.82483823136198,163.87448918645882,170.14895139226192,72130500
2020-04-08,168.85714721679688,179.3761114116015,166.50421693967147,168.76486991983558,80435759
2020-04-09,173.24005126953125,175.31616373481194,169.41078279871797,173.47073043234022,62416005
2020-04-13,169.31851196289062,174.11663591650338,168.94943092012784,172.36347984407118,51847146
2020-04-15,168.2574005126953,177.11547262903196,166.22741245313287,172.5480276540962,72190004
2020-04-16,173.9320831298828,175.22388076799766,166.31967100350863,167.93442509092134,61165773
2020-04-17,178.3149871826172,182.69789113665306,171.90210947630396,180.8524578928485,89851063
2020-04-20,177.62295532226562,182.0981367115512,175.36230234316272,179.00703029880276,81958510
2020-04-21,170.47190856933594,173.655278335643,168.85715436096604,173.47073781345145,53042420
2020-04-22,174.1166229248047,174.8547990347906,167.3346642331835,171.16393256439926,61503413
2020-04-23,172.2711944580078,175.22388490014256,170.84098084523578,173.24004974921073,50955312
2020-04-24,165.85829162597656,169.77983676873262,165.16625424784314,169.77983676873262,65137305
2020-04-27,166.91941833496094,169.3184869978074,166.5503373466171,169.3184869978074,42996571
2020-04-28,170.05667114257812,171.02552638248466,167.1962440684804,167.93442015981574,49590230
2020-04-29,175.408447265625,176.97706281256552,169.31851151922152,170.70258654526418,57470466
2020-04-30,175.7775115966797,180.76017558492788,175.03933550372568,178.54566138560378,63063889
2020-05-04,165.0278778076172,169.31850458070795,164.2435630265178,168.349649286273,58118177
2020-05-05,157.23089599609375,167.2423762914228,155.75455794965737,167.0116971517105,91050439
2020-05-06,157.8768310546875,159.90680495374352,153.6784673055589,157.92295562548705,73156432
2020-05-07,157.55386352539062,159.21475626425993,155.75456892475648,157.64614081959272,42942399
2020-05-08,153.77072143554688,160.36815381685318,153.2632385504405,159.12248072904654,55932236
2020-05-11,152.66346740722656,155.8468370438411,152.24824772932706,154.9702590394891,54591827
2020-05-12,154.00140380859375,155.47775608573374,148.41897931959159,151.51007166051645,70752542
2020-05-13,160.6449737548828,164.75106001506725,157.32318819634108,164.75106001506725,81720683
2020-05-14,154.97024536132812,158.47657114879559,154.55502572007723,157.73839507571756,48136531
2020-05-15,153.5400390625,155.24707043160183,151.9714236333335,154.97025263126935,35495540
2020-05-18,143.2978973388672,153.5400436187992,143.02107953032012,153.5400436187992,77349435
2020-05-19,140.99110412597656,145.65082593151678,140.62200902560934,145.32786947863775,71522334
2020-05-20,141.5447235107422,143.25175488515023,139.46861112110233,141.17564249551037,66168767
2020-05-21,140.206787109375,144.08219408409707,139.79156744771518,141.7754025420556,61147471
2020-05-22,139.19178771972656,143.57469103373109,137.89997618998243,140.25290604814475,87064198
2020-05-26,139.69927978515625,141.36017238805542,138.5920227430692,140.621996333485,48275988
2020-05-27,146.3428497314453,148.37282331540666,139.1456578614577,140.20677625684698,88195120
2020-05-28,145.97377014160156,149.84917722722062,144.58969517677056,147.12716594562738,76968678
2020-05-29,148.8341827392578,149.38780422305445,143.20560613700002,144.03605948200084,58363280
2020-06-01,156.907958984375,158.15361793346167,150.72576064574724,151.32552079758108,92740893
2020-06-02,157.09249877929688,158.06135401058333,154.27821037586006,156.76954234235546,70419104
2020-06-03,161.38311767578125,165.99670038897725,158.7072453339424,159.168603605262,113168889
2020-06-04,160.5988311767578,163.9206025744761,158.24590097032922,161.38313185920845,83494674
2020-06-05,173.2861785888672,175.13161177068784,162.39812000021774,162.905616941126,201321234
2020-06-08,172.36346435546875,182.23652919734116,171.44074775193792,181.77517089557574,151741826
2020-06-09,170.195068359375,176.23886470305752,169.18008858105895,173.19389720903436,96654191
2020-06-10,173.19390869140625,174.39344312670394,169.59531946505155,170.28735693777654,67333317
2020-06-11,163.45924377441406,175.68523900237082,162.7210817412624,173.47072474383924,91726802
2020-06-12,165.30467224121094,166.08898697820092,156.67728053201046,156.86182103496756,92758901
2020-06-15,160.27584838867188,164.10513019562782,158.70723320200116,164.10513019562782,63613412
2020-06-16,159.53768920898438,165.12012726946583,156.30818121625563,164.24354934448982,63925976
2020-06-17,159.58384704589844,162.5826762569471,156.16979814461237,157.78455233517707,73866905
2020-06-18,165.76602172851562,166.68873827379997,157.87680652996428,159.07632677520422,58261857
2020-06-19,170.2412109375,170.65643058729367,165.62762798526424,166.36580407352952,76895151
2020-06-22,173.19390869140625,176.93091386002902,170.01053913277886,170.70257660550388,80023958
2020-06-23,177.57681274414062,178.17658700175733,173.3323246910779,174.94707879463772,65487085
2020-06-24,170.33349609375,179.8374661505847,169.6875831869808,179.74520293500228,74668987
2020-06-25,170.93325805664062,172.36347166870377,166.4580767078227,168.11896948055607,73620385
2020-06-26,170.33349609375,174.0243626259696,169.59531997139837,173.47072701432126,49176958
2020-06-29,165.39695739746094,168.94942208634873,164.70491991881048,168.85714479071325,50966428
2020-06-30,164.6587677001953,168.76485358586618,163.55151064151985,167.1039750376217,43613239
2020-07-01,170.5180206298828,171.07164211012798,164.79718085679323,165.5814814736915,54012853
2020-07-02,171.11778259277344,173.47071262783504,169.7798464017109,171.3023230881722,52127276
2020-07-03,170.42576599121094,172.4096152777828,169.22623150530177,172.2250606803052,38048810
2020-07-06,173.51686096191406,175.17775367233276,171.76369095887392,172.17892469613219,43773740
2020-07-07,174.02435302734375,174.57797452891762,169.82598976260454,172.54800086407138,55124494
2020-07-08,177.06930541992188,182.19038523602293,173.8397974017818,174.30115569008754,143063102
2020-07-09,183.712890625,185.4660466279763,177.66909375230995,177.89977291478255,89539723
2020-07-10,180.48338317871094,186.85012246035953,179.745207039503,182.69789751679596,111406477
2020-07-13,177.80747985839844,184.35877312377633,176.79250008120272,183.43605655566887,61949761
2020-07-14,171.67141723632812,177.43839568366823,170.33348105245267,177.43839568366823,62239932
2020-07-15,169.59530639648438,175.27000760373662,168.85713033321858,173.4245744853408,58527305
2020-07-16,171.85595703125,172.50185579881574,167.6114552794687,170.70256134647653,46546803
2020-07-17,173.65525817871094,174.85479255302977,170.70256792775993,172.3634605937754,47035238
2020-07-20,176.00819396972656,178.3149855027505,174.16276074330742,175.31615650981936,45672856
2020-07-21,179.3760986328125,181.03699130302215,176.70022616602975,177.57680410655942,59281860
2020-07-22,177.1615753173828,181.5444788734118,175.40841952678602,180.57562369248745,62276152
2020-07-23,182.92855834960938,183.71287305883752,176.37726512998998,177.53066083206824,70801412
2020-07-24,177.11546325683594,181.1292864318474,175.91592876135235,180.5756507940737,65265493
2020-07-27,172.6864013671875,178.2688394614491,172.08664122529507,178.0842989623697,50697767
2020-07-28,174.80865478515625,175.77751001848856,171.39460622537663,173.47071854842963,51488617
2020-07-29,176.4234161376953,180.1604212902248,172.54800912303222,173.1016447306434,73763368
2020-07-30,172.13279724121094,178.54567526827208,171.6714389071844,177.622958600219,48472816
2020-07-31,176.65408325195312,179.79132801532313,172.2711795756808,173.47071392404175,145892485
2020-08-03,177.39227294921875,179.5606626717008,175.36229916960875,177.1615937906372,72454278
2020-08-04,176.79251098632812,178.82248474547225,175.77751706698686,178.40726508011934,43866676
2020-08-05,176.65408325195312,181.63676114217463,176.23886361431903,177.8536176003141,68888892
2020-08-06,176.19273376464844,179.46838054421656,175.54683495391876,177.43840681926415,59740172
2020-08-07,175.91590881347656,177.25385910645707,174.90092903203663,176.65408488695675,44822338
2020-08-10,178.82247924804688,180.3910946464563,176.88476876325188,177.0231847004732,48784530
2020-08-11,179.97586059570312,181.59061451067183,178.77632630010476,179.92972195365383,43890305
2020-08-12,187.58828735351562,188.46486530647536,179.5606557597961,180.85245336631175,157818228
2020-08-13,186.2964630126953,191.27914075551587,185.2353446279614,189.61824817457568,70443118
2020-08-14,181.31382751464844,188.2342026106274,179.56067145548278,187.31148593116353,56169088
2020-08-17,178.17657470703125,183.29764038989248,176.7002225681197,183.11309989241292,54787889
2020-08-18,180.02200317382812,180.6217632949723,176.8847584798586,178.82246885200263,46294169
2020-08-19,181.82130432128906,184.8201331966633,180.76017180997255,181.22153009849166,59296062
2020-08-20,179.69906616210938,181.17541842221428,178.314991198088,179.00702868009867,37504602
2020-08-21,183.06695556640625,185.92738246694324,182.37491816268312,183.62059112119954,68041871
2020-08-24,185.88125610351562,187.12692914432174,183.25152224336867,184.54331985050706,53850253
2020-08-25,191.87890625,192.34026453099523,187.0346442995503,188.23417864604534,105394375
2020-08-26,193.632080078125,194.09343836844263,190.2180174661444,192.38640706245232,66749637
2020-08-27,198.9838104248047,199.76812509278037,194.23182601399662,194.23182601399662,80997993
2020-08-28,207.4728546142578,208.44169588089787,200.04498239960117,200.22952292279265,95974037
2020-08-31,195.61590576171875,213.65501686838843,194.09342910812396,213.65501686838843,119986476
2020-09-01,201.2445068359375,201.98266889171643,194.87775350830395,196.63092358962567,75048313
2020-09-02,199.53746032714844,202.07493092090408,195.8927326538433,201.38289348624343,47608088
2020-09-03,196.67703247070312,201.38289263839826,195.89273182911234,200.69085520665118,38594129
2020-09-04,190.63323974609375,195.89272112404595,189.9873269147973,193.77047030008998,54435758
2020-09-07,191.83277893066406,193.4475330094728,189.52598738950869,191.46369791589447,35687359
2020-09-08,188.28033447265625,192.38642073233063,187.21920188180508,191.83278511279622,34146789
2020-09-09,179.79132080078125,185.83510278506932,177.6229313319274,185.5582990907789,72715826
2020-09-10,182.8363037109375,185.88127155753463,180.11429233274427,182.4210840226604,67789617
2020-09-11,187.03463745117188,188.0957699063293,181.77515605631282,183.2053694909374,48487971
2020-09-14,183.15924072265625,190.2641555569475,182.09812228983122,189.9873377676556,63605531
2020-09-15,184.68173217773438,185.4660469633751,181.86745765411018,184.4510530148446,51761038
2020-09-16,182.88241577148438,184.58944700565377,181.0831213308559,184.40490651319854,52404964
2020-09-17,180.34495544433594,182.69788557446006,179.92973579302884,181.77516898064965,41223296
2020-09-18,177.71522521972656,181.95971318999116,175.03933859544634,180.85245607077164,55286316
2020-09-21,171.4407501220703,178.54566525157415,170.0105365509175,178.13044559015256,57611375
2020-09-22,171.80982971191406,173.74754022186264,167.1501080224001,171.7636910655747,51210889
2020-09-23,169.59530639648438,174.3472910445387,167.01169721482276,173.6091149812729,44320497
2020-09-24,162.72108459472656,167.749887451333,161.93676982132638,167.10398862122972,46114798
2020-09-25,168.1189727783203,168.62646975765742,162.5365341646898,165.16628227973013,46550127
2020-09-28,172.7786865234375,173.60912584687503,169.18009734915717,169.7798575183578,41921548
2020-09-29,170.7487030029297,174.34729197111142,169.08781037163914,173.93207233317312,35688726
2020-09-30,171.0716552734375,172.36346698581715,168.30350542060168,170.74871290499627,37641083
2020-10-01,175.5929718017578,176.4234111099703,172.4557269139305,172.54800420574875,43588724
2020-10-05,174.16278076171875,178.822503009927,172.59416515487214,177.16161009933774,41694686
2020-10-06,176.79251098632812,177.2538692988399,173.74754330784273,176.33115267381635,31098726
2020-10-07,175.9620361328125,178.2226887727225,174.4856981604089,177.6690673128974,34578053
2020-10-08,176.70021057128906,180.66789435563786,175.8236327081221,176.56180872746037,43351606
2020-10-09,182.97470092773438,183.43605921848533,175.82364742109465,177.16158364836488,64907230
2020-10-12,183.34378051757812,190.03347568198564,182.00584430060414,184.26649709197918,69122798
2020-10-13,180.5756378173828,184.5433220575273,180.02201629893312,183.29764900182371,34948525
2020-10-14,184.58946228027344,185.37376295799268,178.13044595310242,179.05316257126972,40548275
2020-10-15,177.94590759277344,186.85011743372573,177.16159282605108,185.4660424897722,49184123
2020-10-16,180.8063201904297,181.5444963077156,176.7925113119084,179.00702558422785,36893126
2020-10-19,188.23419189453125,188.78782750250699,180.8985975263138,181.03699938853856,60220779
2020-10-20,187.35760498046875,188.5571393541893,185.18921537876096,185.4660331695484,39316753
2020-10-21,188.00350952148438,191.2791563069688,183.4822037586725,188.88008748616772,54515523
2020-10-22,187.58828735351562,188.78782174787324,185.55831365204625,186.29647566746206,33721637
2020-10-23,187.12693786621094,189.71054728044632,185.9735420633861,188.23419502101507,32707020
2020-10-26,181.49835205078125,188.23418603357663,180.48337224047984,187.03465164000409,45470123
2020-10-27,179.60679626464844,182.28268308637527,177.39228186280621,182.0058652662602,37794381
2020-10-28,175.73138427734375,179.92974787704932,174.43958659106764,179.92974787704932,46458319
2020-10-29,174.1166229248047,175.96205616000037,171.5330135796231,174.71639717396621,44822673
2020-10-30,174.62411499023438,177.16158561756936,171.7636879239689,174.71639228122532,41519686
2020-11-02,180.89859008789062,182.00584717877408,175.3622905539355,177.3461255884543,52600119
2020-11-03,188.9262237548828,189.89507900030262,182.32880570001953,182.69788670801853,69890201
2020-11-04,191.00234985351562,192.84778318543366,182.74403850909025,187.7728415226591,117577856
2020-11-05,201.75198364257812,203.92037333474022,198.1533944508392,199.3067902276194,138023646
2020-11-06,202.2594757080078,204.70468314336003,200.27564065174627,202.07493520409432,73147085
2020-11-09,202.5363006591797,205.4428524172341,200.2756477274109,205.30445055429377,60359458
2020-11-10,213.79345703125,216.83842496366898,205.76582453999228,205.8581018420054,135294550
2020-11-11,216.10023498535156,220.85223414475914,210.14871545361572,214.7622986688433,107094861
2020-11-12,209.27210998535156,215.3159060197768,208.2109775374317,215.17749009376809,58859905
2020-11-13,211.71731567382812,212.8245727497824,203.08992413079443,207.6112297240816,70676525
2020-11-14,211.90185546875,214.9006843325725,210.1486996109457,214.07024504825205,7753219
2020-11-17,221.6365203857422,222.9283320494611,213.14753063938838,213.93184536662977,80501583
2020-11-18,232.52459716796875,233.4473138233972,219.5142866946121,220.8983616777548,104514060
2020-11-19,221.22129821777344,232.34003573034067,220.52926078852076,228.83370993955293,82284278
2020-11-20,223.9894561767578,226.43464955160957,215.86954722550325,222.836060418896,84411129
2020-11-23,220.25244140625,227.1266770044819,219.69881991457868,224.6814837373077,57538324
2020-11-24,225.0044403076172,226.0655587269696,220.9906176126907,221.91333417892324,47636611
2020-11-25,224.22015380859375,230.58689328492332,222.9283560851336,226.48080686441864,74767232
2020-11-26,226.48077392578125,227.21894998020306,221.59037340471616,225.1428377468814,64248318
2020-11-27,225.37353515625,227.21896840215584,223.34356140166125,226.48079228788583,54355703
2020-12-01,228.8798370361328,229.71027627752187,225.37351142225384,226.06554881659034,37003272
2020-12-02,227.8648681640625,231.4634714561746,225.2351342255012,229.15667988925853,56723083
2020-12-03,236.49224853515625,238.98359456841854,228.83371217362085,230.0332465452772,79266442
2020-12-04,243.13583374023438,243.9201485131473,233.95480602211805,237.13817560242973,79252024
2020-12-07,248.764404296875,250.47143566136964,242.67446902414954,243.41263105032633,76053084
2020-12-08,250.88665771484375,252.54756462141233,244.7505974722376,250.01009377108753,65617502
2020-12-09,249.45645141601562,253.6548009007409,248.39533290264214,251.07120554999878,48495641
2020-12-10,248.71826171875,250.05621212474585,245.02739511912273,248.21077882493222,38676657
2020-12-11,251.39414978027344,254.90046160845162,249.1796074055546,249.1796074055546,50255223
2020-12-14,253.00892639160156,254.80820703262248,251.3018948918546,252.8243717908965,31946501
2020-12-15,249.7332305908203,252.8704612536921,247.42643919766832,252.8704612536921,34890948
2020-12-16,248.57984924316406,252.50139483788814,247.74940992550836,251.71708008712807,24844177
2020-12-17,247.01124572753906,251.11731771279722,246.08852912513373,249.13348264944094,25904699
2020-12-18,250.47142028808594,250.9327785658985,244.51988724067365,247.01123320449148,29816205
2020-12-21,235.0159149169922,248.2107650967807,231.64800496292168,247.703282231031,55160758
2020-12-22,237.5533905029297,238.7067862071407,229.06438685630673,235.10818316227991,51189571
2020-12-23,242.67446899414062,243.5049083132559,235.84637169608274,237.09204475429377,29056404
2020-12-24,246.22691345214844,248.07234652556298,244.19692580776288,244.5198822274252,28585509
2020-12-28,253.93157958984375,254.66974148995416,247.2880098525642,247.9800471935695,36870242
2020-12-29,256.4229431152344,258.2683763555874,253.4702668261155,254.94659089113668,45032526
2020-12-30,255.50021362304688,257.1611203511346,251.4402663306243,256.5152074859213,30971894
2020-12-31,253.7009735107422,255.82321070380556,251.5325835862159,253.74709808312545,29467966
2021-01-01,257.8070068359375,258.3606424157864,253.1934239356556,253.65478222568382,24531791
2021-01-04,259.3294677734375,261.95921549831627,256.284514508256,260.06765788798737,31450608
2021-01-05,259.97540283203125,260.6213157176046,255.59249896884702,256.561340138131,27393072
2021-01-06,263.0203857421875,266.80352986803547,259.65247539760884,261.1288277588031,40765708
2021-01-07,265.465576171875,269.24869169162093,264.81966329046304,266.66509648412483,30546600
2021-01-08,263.8969421386719,268.8796060437408,263.15878013757845,267.68008575219517,32543357
2021-01-11,260.6674499511719,265.9269460456759,257.9915773357009,265.74239145464605,29703173
2021-01-12,269.8946228027344,271.1402959244087,256.42295394726096,258.36066456330127,44307145
2021-01-13,283.0894470214844,284.1967182262562,271.74004388841706,273.1241188148436,78042133
2021-01-14,283.5046691894531,285.3501023493519,280.32128572499755,282.99718633411106,40123498
2021-01-15,280.3674621582031,286.87260333331164,278.0145177849145,283.0894594037894,35307601
2021-01-18,271.6939392089844,284.7964992428088,269.61782666737446,280.0445139460507,54969750
2021-01-19,275.523193359375,279.12178261080635,273.4932054949383,274.64660129085075,35803901
2021-01-20,279.1678771972656,281.15174028043606,273.90840982820134,275.7076901811415,33759304
2021-01-21,272.06298828125,281.5669577579597,268.9718821173827,280.5058393265329,29995203
2021-01-22,261.77471923828125,274.96955578585073,260.5751707236351,272.6627642104661,44440810
2021-01-25,259.2372741699219,265.74241579288673,255.63865642879617,262.51290726762596,34034630
2021-01-27,254.34683227539062,262.83583649656276,251.6248351246685,258.5452098183164,39211107
2021-01-28,260.529052734375,261.45176938782834,248.67213810568364,250.88665244215622,48717297
2021-01-29,260.2983703613281,268.1875863874432,257.5302204351015,263.5278786085926,42300984
2021-02-01,286.6880798339844,289.640756274312,260.89813771569794,263.06652751597295,103414068
2021-02-02,307.35693359375,311.3246040780511,290.6557559531951,290.6557559531951,121434166
2021-02-03,309.98663330078125,313.6313467433238,300.6210378797071,307.956645646374,66420168
2021-02-04,327.65667724609375,330.33254981107206,305.5114783760777,308.5564319570743,145203439
2021-02-05,362.7198791503906,376.79130644919064,355.38427136050126,357.0913025990558,214955688
2021-02-08,366.3645935058594,376.2837963802379,364.2423567126453,367.2411854886202,79389205
2021-02-09,364.2884826660156,372.3161279144172,358.9367379397975,366.08779120209425,63869990
2021-02-10,361.935546875,367.1488894645844,358.01400175270874,363.5964253102236,54163507
2021-02-11,359.9978942871094,366.2723843837571,358.2447382891774,361.52037112323245,36392708
2021-02-12,362.76605224609375,368.48690684901794,355.7533999403061,360.78221704250933,53589755
2021-02-15,375.4995422363281,377.80633380146327,365.11898019322,366.7798588564866,56608937
2021-02-16,371.2550354003906,383.6194324003609,369.3634494456045,380.1592450966896,80365431
2021-02-17,379.9285583496094,382.78898542862254,369.22504020569835,371.85478813574395,74161370
2021-02-18,383.1119689941406,394.6459272591487,381.72789400233967,392.2007055797048,67154539
2021-02-19,368.6714172363281,382.9274003941507,364.473067845035,382.9274003941507,66155518
2021-02-22,359.39813232421875,370.0093737150493,355.84566761808173,369.64029268979243,52535049
2021-02-23,365.0267028808594,368.8098466793104,358.93676751738656,361.7049173954127,45462768
2021-02-24,374.8536376953125,378.7751834435096,364.6576300136309,366.3185087139423,39632090
2021-02-25,375.7763671875,382.83514414373684,375.1304542491449,379.236554730663,46988836
2021-02-26,359.9978942871094,370.00937554142985,357.09134248013305,368.62530057057666,64450414
2021-03-01,364.4269104003906,366.96438089697523,360.7821687871212,364.5653122502076,29677890
2021-03-02,363.73486328125,368.67137413373314,360.36692545753175,364.47302523328295,30534337
2021-03-03,373.746337890625,377.2988023404721,365.3957641404395,365.8571224284956,46268223
2021-03-04,365.07281494140625,372.3161458392388,363.96557192357517,367.8871174497629,43603653
2021-03-05,354.0002136230469,364.47305253661017,348.87914781939054,364.47305253661017,72179228
2021-03-08,359.4904479980469,362.9967603509232,356.21478667138695,358.42932937749856,39147858
2021-03-09,357.64495849609375,364.38077838806,352.7084190721633,363.04285621835277,28054083
2021-03-10,357.7372131347656,362.62759952374637,355.89178005830894,360.87444373292726,22677399
2021-03-12,351.6473083496094,362.8121850464609,348.3255228967916,361.4281101210432,35336355
2021-03-15,354.2309265136719,356.16863716634066,340.80541013282067,352.9391287982521,42722585
2021-03-16,349.2943420410156,357.87562293258566,347.03370336758877,355.7995106754586,38196452
2021-03-17,339.6981201171875,350.3093613126609,337.7604095714161,348.97143910085157,33143064
2021-03-18,338.72930908203125,346.0187654421977,333.1930088349561,342.7892569647372,39405038
2021-03-19,342.4662780761719,344.081032209242,329.6405223081732,335.8227351098441,60309145
2021-03-22,338.63702392578125,343.9887694435382,335.40751552321933,343.25060735801264,28461974
2021-03-23,343.8965148925781,348.74077742021956,338.6831431689015,340.2056482048513,41032380
2021-03-24,332.0395812988281,340.5285573063599,330.93231009133086,340.0210744290516,42318999
2021-03-25,327.74896240234375,332.9623057962426,318.5217959851503,332.17799101896577,57495003
2021-03-26,329.5943603515625,334.0233884933698,327.1491389858848,332.17795540777104,40718848
2021-03-30,332.9161071777344,336.1456149785791,328.7638828623626,332.2702225130094,39405124
2021-03-31,336.1456298828125,339.42129055006586,330.28640228303425,332.45476366105635,38651025
2021-04-01,342.0049133300781,343.1583091177548,335.03841403614166,339.28291616660727,31883453
2021-04-05,326.2264709472656,340.667009516391,322.0742458873051,339.09837989677453,51743981
2021-04-06,323.4582824707031,329.4098156130564,322.3048867577723,328.21029533523836,44147709
2021-04-07,330.84002685546875,335.1306815881509,320.7362969445997,324.1042069148894,48023602
2021-04-08,328.1180419921875,335.2229432069068,326.9184934677523,333.10070620386483,33370259
2021-04-09,325.718994140625,336.3302361593706,324.0581153491486,327.0107918850043,46473100
2021-04-12,303.43536376953125,317.41451482248533,297.6222322130923,317.41451482248533,75501713
2021-04-13,314.6463317871094,315.7997274314903,304.9578083743098,306.3418831475669,49773360
2021-04-15,316.2149658203125,320.6901184596713,310.12503109578074,315.661330270978,52992349
2021-04-16,313.6313781738281,318.79859695454496,312.4779823816626,316.49180537021397,37766793
2021-04-19,305.5575866699219,306.38802595150435,296.46882281925707,301.86672038815544,53304377
2021-04-20,304.0351257324219,313.6313729310078,301.4515304647906,309.2023444267609,41296147
2021-04-22,310.6325378417969,311.5552544420452,298.314265596666,300.805611680967,49105833
2021-04-23,310.447998046875,313.63135328518615,306.0189416609871,306.0189416609871,44223940
2021-04-26,317.6913146972656,320.597894519841,313.03160712237576,313.03160712237576,49234985
2021-04-27,325.7651062011719,327.5182903859419,315.93817938432534,317.41453167509485,46003023
2021-04-28,335.3152160644531,336.14565539556196,328.53324323542375,329.4098352932522,56696255
2021-04-29,331.6243591308594,341.3590367059003,328.02576981950733,336.7915780144027,63692926
2021-04-30,326.1803283691406,334.4847780305897,323.36605391416913,326.13420380131885,53832840
2021-05-03,323.50445556640625,325.257611528646,315.015451321035,322.58173893795623,43691860
2021-05-04,324.3348693847656,334.8538324897539,323.1353491257775,327.56437733027536,57749307
2021-05-05,327.9335021972656,329.82508828531144,321.10540440213924,328.94849617632946,40872501
2021-05-06,328.0718994140625,331.5782396411792,323.4583160829179,330.3325665099546,36294427
2021-05-07,330.5632019042969,334.02338894446746,325.718940048058,329.87116449626274,38357618
2021-05-10,333.7466125488281,338.63699936872405,331.07071182492035,332.6393413417576,41739324
2021-05-11,336.4685974121094,338.0833514374127,327.33370884363694,329.27141930581604,41892770
2021-05-12,339.2828674316406,344.63461185409926,333.93109485010916,334.7615340661358,53436590
2021-05-14,332.59320068359375,343.71192414741705,331.7627332389305,341.4051327101861,51722170
2021-05-17,353.4927062988281,355.4304166328113,335.5458586270196,336.23789602065114,106555796
2021-05-18,352.70843505859375,362.2124051712965,350.67844719030916,359.8594890068059,70917710
2021-05-19,354.6922607421875,359.3981211047713,351.73958447322957,352.47774650069994,48189573
2021-05-20,354.8306579589844,357.82948691483796,352.47774188802197,357.0913248970275,42898608
2021-05-21,370.19390869140625,373.1465848960827,348.78687245189263,359.8594715773495,192810772
2021-05-24,380.20538330078125,386.8028298570094,373.9770459307781,384.7728419690811,142964052
2021-05-25,380.482177734375,383.3887292557626,376.929713359757,383.0196482649486,56048127
2021-05-26,381.5894470214844,386.38758471017263,379.05197631592506,381.8201261765352,52357719
2021-05-27,392.3391418457031,395.9377312498002,380.15927046052116,381.72790007314006,73392997
2021-05-28,389.4325256347656,400.13604371302404,387.5870924543444,397.2294920856757,65137568
2021-05-31,391.5547790527344,393.0772557495267,385.6955232471882,388.46367293556517,38291043
2021-06-01,399.12103271484375,401.70465595207486,392.70816958335416,393.1233751356966,59299647
2021-06-02,403.45782470703125,404.1037375768247,395.98381477532604,397.506291500896,38657806
2021-06-03,409.417724609375,411.5595835342854,403.69063137062693,406.94995596070123,38909199
2021-06-04,403.7837829589844,411.51302747554973,402.0609913250829,407.4155963050927,36898769
2021-06-07,402.5265808105469,407.3224383798865,401.1762778473778,405.1806079062955,20201197
2021-06-08,397.8238830566406,402.75942065894253,394.8439175939691,402.52661174526685,31113823
2021-06-09,392.46923828125,402.57312137591043,389.4427227100807,398.1032020538051,27784834
2021-06-10,402.5265808105469,403.50436680521784,393.3539046328461,395.68199359068615,27397712
2021-06-11,400.058837890625,405.5531225001568,396.0079571600268,404.94782501605744,26831924
2021-06-14,400.75726318359375,402.7128637105549,388.04590238693095,397.6376181071387,30106015
2021-06-15,399.9656982421875,403.0387644163562,398.56884481410066,399.6863389241924,16413658
2021-06-16,396.6598205566406,402.9922113547311,395.77513535704384,398.5688421948583,19701175
2021-06-17,391.3517761230469,396.65983061714496,387.9527717346413,392.0502028502147,23048331
2021-06-18,384.5071716308594,394.750763179567,374.96200677865454,394.750763179567,45748727
2021-06-21,390.8861389160156,392.0501834035559,372.9598538078958,378.40758769339516,33128978
2021-06-22,389.86181640625,396.1942361573442,388.6046425394178,393.9126973464614,28442965
2021-06-23,390.04803466796875,395.542318994917,386.4627719432385,392.14331475681763,27564829
2021-06-24,388.5115051269531,393.6798513584784,387.6733703486039,391.4448915940095,19214547
2021-06-25,399.3138122558594,401.36254193498246,390.23426519352506,392.05018597361396,29886797
2021-06-28,397.40478515625,403.36468720530377,395.3560555054559,401.08317707774927,29370660
2021-06-29,392.51580810546875,399.45352474091,391.63112291174883,398.1032217439807,22275961
2021-06-30,390.3739929199219,395.68201903367907,389.5358581059623,393.91267699575997,18337773
2021-07-01,391.491455078125,394.56454972355107,388.46493926585975,391.3983258308594,16161469
2021-07-02,395.21636962890625,396.1476051975036,390.1877032422914,391.39829811384624,16423811
2021-07-05,402.8990783691406,404.6218699202762,395.07670497969434,397.1719850886025,16483761
2021-07-06,400.1985168457031,406.48435742443144,398.75511296932143,402.0144377138472,20195278
2021-07-07,403.0853271484375,404.1562423833844,398.1497615149035,399.8260026130876,14473774
2021-07-08,395.2629699707031,405.45998295037754,393.07456058158573,403.0387646564403,21433043
2021-07-09,394.611083984375,398.10321747096236,392.09673650641,395.7751284799041,16844494
2021-07-12,398.0566711425781,400.6641194716922,395.402643981732,397.17198594927765,12886781
2021-07-13,399.59320068359375,402.1075197461188,398.8481951539509,400.43130703776876,12831125
2021-07-14,401.40911865234375,402.57316322379705,397.07887853034873,399.50009692278303,12767351
2021-07-15,402.014404296875,403.17844875173154,400.1053543394778,402.9456398607602,11030732
2021-07-16,400.43133544921875,402.75942460880725,398.05669587406135,402.29380677688954,8713863
2021-07-19,398.4757080078125,399.9191402408816,390.04803718588283,394.285147803063,14426686
2021-07-20,391.9570617675781,397.6376046608296,390.0945905513681,397.6376046608296,14623321
2021-07-22,393.0279846191406,397.3582530156541,391.95706933296066,396.28730931041815,11799761
2021-07-23,399.406982421875,400.38479694943703,390.653372605119,393.81956827257653,17704661
2021-07-26,394.1920166015625,398.3825767855014,393.26078100513166,398.3825767855014,14037519
2021-07-27,400.384765625,403.45783179906704,394.8439023261499,394.9835819851428,24119619
2021-07-28,396.2407531738281,400.8969312369754,392.09674333000487,400.4313134306606,17636515
2021-07-29,411.1870422363281,413.0960921490173,396.24072315361906,396.7063409246574,35263606
2021-07-30,402.1075439453125,413.841118867065,401.08320746137264,411.1405411548423,35196813
2021-08-02,404.9943542480469,406.670595369099,402.1075182221141,404.8546745927229,16926025
2021-08-03,415.79669189453125,417.1004160397289,403.7837584396201,405.04093217283224,40922962
2021-08-04,425.52813720703125,435.30611143028057,411.14053519662747,417.7988643410289,129761158
2021-08-05,411.4664611816406,430.69647090131525,408.25368694999776,429.29961748217585,58595639
2021-08-06,405.69281005859375,416.26234049547827,404.1562769016501,413.18927418159086,38236066
2021-08-09,403.5975036621094,411.4198770242276,401.36254390422636,407.7880638652858,22196404
2021-08-10,397.12542724609375,406.3912042806986,392.7020582100456,404.5287331076257,27794251
2021-08-11,398.6153869628906,403.13188530387487,394.0523382095576,400.24504926187063,23827946
2021-08-12,397.77728271484375,400.8503772606362,395.77513184929956,400.431309871056,16847144
2021-08-13,401.5487976074219,402.52658360889035,395.77512558421836,398.19634380101513,20908992
2021-08-16,395.6354675292969,404.1562679556096,394.84391155110245,400.43132539380673,17608693
2021-08-17,392.51580810546875,396.566688677201,386.6955855653521,395.6354530707824,22957877
2021-08-18,390.839599609375,395.1698395422523,389.25648769371605,393.12110981834735,17668574
2021-08-20,378.7335510253906,388.6512050351009,377.2901187133971,386.46279556915096,25541790
2021-08-23,381.3409729003906,384.60029745509485,373.6582793071593,382.83095552349494,26559937
2021-08-24,388.88397216796875,389.95488736887256,380.1303636636782,381.3409585135601,19012313
2021-08-25,387.6268310546875,392.3295596193802,385.81091020825033,390.1877290376314,16410980
2021-08-26,382.5050354003906,387.20776396891415,381.80660867720064,385.99716901634065,15897679
2021-08-27,384.088134765625,385.857476722634,379.47850717586664,382.13253432090767,15090541
2021-08-30,393.6333312988281,394.19204996873646,385.0659517188392,385.90405814275914,20308691
2021-08-31,396.7529296875,397.637614905615,389.9083705268286,394.70422834831925,26262421
2021-09-01,400.33819580078125,402.80596456203665,395.91482651245417,398.10323594943776,18776721
2021-09-02,400.1985168457031,403.6906505005522,398.33604556311695,401.73504997002544,14372717
2021-09-03,401.73504638671875,404.4356240385694,398.75510941259455,401.595366725582,14233624
2021-09-06,401.40911865234375,404.0165955438334,400.47788299518106,402.29380389427104,10694099
2021-09-07,399.59320068359375,402.01441892158664,395.86825829254474,401.4090930477971,14928735
2021-09-08,401.6884765625,405.45996932623007,397.9635342105474,399.50006724691684,22817464
2021-09-09,402.5731506347656,403.97000407682805,400.4313200578923,400.6641289649027,9662128
2021-09-13,403.0853271484375,403.96998389945685,399.31380599181415,400.52442929923404,9567921
2021-09-14,403.2250061035156,406.71713952819965,402.5265794185788,405.0874772633471,9981562
2021-09-15,413.3289489746094,414.3998642883972,401.7816325973508,403.2250364873618,22181568
2021-09-16,431.81396484375,434.04892462973123,412.3045673960655,414.2601678659449,42637448
2021-09-17,422.8741149902344,439.4500982177545,419.38198129743745,435.818284861057,41529478
2021-09-20,407.3690490722656,422.3153699829822,405.69280784008316,418.4972981096885,18376916
2021-09-21,408.62615966796875,411.00082743986803,402.89906655536015,409.88333338026194,17279588
2021-09-22,408.6727294921875,412.35109288747526,406.11183171282545,408.71927990237253,14321143
2021-09-23,418.8697509765625,420.1269246887519,411.6526752580933,411.97861339370604,20516770
2021-09-24,410.4421081542969,420.8253798520407,409.7436814245959,420.08040270798216,10731274
2021-09-27,415.88983154296875,419.5681951725557,411.83895093195804,414.3067196290846,11746892
2021-09-28,414.3067321777344,424.4571950097488,409.37119463399216,418.31106249687934,19241170
2021-09-29,428.36834716796875,430.5101775361873,408.9055301217565,411.4664278493911,38635938
2021-09-30,421.8497314453125,432.93142952353054,420.3597487850941,428.3218303042038,26530369
2021-10-01,420.592529296875,424.2243422479025,413.28232456601813,417.6591430063933,14777309
2021-10-04,431.3017578125,432.46580229996715,420.54599811592595,422.5946993624351,16246765
2021-10-05,432.7452087402344,436.74951058264475,427.1577949587933,430.23086117096346,16487568
2021-10-06,425.76092529296875,438.6119651330672,422.45502188012944,433.0245515644931,19056690
2021-10-07,426.41278076171875,432.0933236748763,425.66780364024635,430.3239816970877,9984651
2021-10-08,426.5058898925781,432.0933032972844,423.0137565146367,430.13770292182636,16521128
2021-10-11,436.9822998046875,442.29035402555763,427.11119688501145,428.36837061301276,20686981
2021-10-12,449.78680419921875,451.0905283826517,435.91139915307474,437.6807411462377,33763609
2021-10-13,448.576171875,452.72015298478414,445.1305890025472,452.72015298478414,17638983
2021-10-14,456.86419677734375,459.9372629282879,448.8555648330264,448.8555648330264,23431826
2021-10-18,463.7087707519531,466.54902791756194,457.8885483477919,460.0303788249014,20084248
2021-10-19,454.6292419433594,469.52901189258466,450.0196142476955,465.94374906474116,20645100
2021-10-20,465.524658203125,472.60205425609115,449.8799119126141,455.1879376380479,34080545
2021-10-21,468.3649597167969,471.6708347526732,457.9351095550386,470.18085209827126,20808243
2021-10-22,468.3649597167969,473.71956445485785,465.6178033096478,469.90149278390766,24080485
2021-10-25,471.67083740234375,480.0054074960291,463.6156550436469,471.67083740234375,35619415
2021-10-26,477.3048095703125,482.5663136016247,472.6952102650145,472.6952102650145,21107457
2021-10-27,483.45098876953125,490.62145748273514,477.4910581413476,478.37574333682795,29463032
2021-10-28,466.8749694824219,484.7546757877922,463.38283601429623,483.8699906082451,28140401
2021-10-29,467.61993408203125,477.3979359503363,454.8154450413455,467.0146366475551,31355893
2021-11-01,480.23822021484375,481.40226473890624,466.54904524424654,473.5333123886215,20679604
2021-11-02,485.82562255859375,488.898688662565,476.83917630793303,479.4000742009274,26797820
2021-11-03,491.3664855957031,505.0090529917581,479.7725910429911,487.9674529306937,80775924
2021-11-04,493.97393798828125,499.0491834026233,491.7389498012704,494.95172400580697,9796046
2021-11-08,487.2690124511719,497.6988622123973,480.9366219369628,497.6988622123973,36802110
2021-11-09,492.76336669921875,495.4173655652156,486.2912675671633,490.06276058025327,25451967
2021-11-10,488.3399658203125,492.1580090016376,485.6393598757881,489.4108526452648,15805538
2021-11-11,474.5576477050781,486.8964904728016,472.22955880191256,486.8964904728016,23086898
2021-11-12,476.1873474121094,477.72388052530937,468.1321648570436,476.7926448907571,19836221
2021-11-15,471.7173767089844,480.4244635776508,470.73959070718485,477.1651390129126,13328183
2021-11-16,461.05474853515625,472.50893498024186,459.56476590009873,472.50893498024186,19553216
2021-11-17,463.89501953125,470.6464777924348,457.23669051609966,459.8907177232731,20488483
2021-11-18,469.1565246582031,471.391513027554,458.4473143281178,464.7797340095159,22471070
2021-11-22,452.9529724121094,471.2051951409038,444.66498158059596,471.2051951409038,28800269
2021-11-23,459.14569091796875,461.33410021271396,446.99307797806205,451.8820647684471,20000371
2021-11-24,459.23883056640625,465.61780011174824,455.4207589216789,461.7065992231875,13963769
2021-11-25,456.817626953125,461.38070427561206,452.85987552541496,456.3054587242203,12894211
2021-11-26,438.1463317871094,454.34982487714706,434.9801365610877,452.8132918841274,26305817
2021-11-29,433.1177062988281,444.8978315820776,423.0603442320379,437.6807552979099,22407465
2021-11-30,428.88055419921875,444.43220044897384,426.5059147315454,435.81827094839133,23026652
2021-12-01,442.6162414550781,444.43216212841014,432.0932912049917,432.5123585662386,17156956
2021-12-02,444.1993713378906,445.27028657030314,438.56540745059795,441.8712823895789,12962679
2021-12-03,440.6141052246094,448.38992793491354,437.7272692674896,443.03532339571154,16653993
2021-12-06,433.30389404296875,444.1993614460597,431.90704070508804,440.6140988616885,14353300
2021-12-07,443.9200134277344,446.71372017449403,436.9357465608352,436.9357465608352,13644942
2021-12-08,457.7488708496094,458.54042683325724,447.2259194076405,447.8312168942924,20397660
2021-12-09,455.04827880859375,459.5647772372901,452.6736393515856,458.4472831286653,12560970
2021-12-10,460.68231201171875,461.8463566363501,451.09056725332164,454.90863930592405,13261408
2021-12-13,454.2567138671875,466.03686693088656,452.9064392999439,463.5225194457287,14047645
2021-12-14,454.9551086425781,456.6313496547476,448.6692687898121,452.5804693991545,11642447
2021-12-15,451.4630126953125,457.2366848492181,450.2524177690366,456.3054492385272,8639835
2021-12-16,448.06402587890625,456.81763527706426,445.36344818636536,454.7689339050586,11107781
2021-12-17,435.63201904296875,448.296829373176,434.42142408409757,447.0396555810828,12648603
2021-12-20,418.3110656738281,432.0933419369531,412.537393271703,427.4371636833221,22336114
2021-12-21,415.3310852050781,426.738721513962,413.93423177950046,425.6212274058776,16617447
2021-12-22,424.5037536621094,425.8540282297802,418.1247841225314,419.05601972191346,13102553
2021-12-23,430.04461669921875,433.0245821807738,426.2731236413961,429.2996395383585,14471377
2021-12-24,425.52813720703125,431.7208485312779,421.1047679155613,430.78961289096844,13221159
2021-12-27,426.55242919921875,428.8339676477019,419.5681626251519,422.50157732150274,8856482
2021-12-28,429.4858703613281,431.0689538309039,427.483691084808,429.4858703613281,8832210
2021-12-29,423.1534729003906,430.37054917465906,420.35976595551256,429.2996338629338,11757303
2021-12-30,420.63916015625,423.61909722508057,417.6591946683624,421.6169462343391,28879190
2021-12-31,428.7874450683594,429.67210184039385,421.94285769771926,423.01377295810596,10005842
2022-01-03,438.4256896972656,439.54318373540093,428.4614862699505,430.2308281477865,13124509
2022-01-04,450.25244140625,451.3699355653671,438.6585460768737,440.00884915088545,23296671
2022-01-05,458.5404052734375,460.96162352526,446.2015335326098,448.7624314410835,24694169
2022-01-06,457.8885803222656,460.402899525006,452.0217786777581,454.1636377234888,18190843
2022-01-07,457.469482421875,467.4337145771082,455.7932697317679,459.5182120822768,22746330
2022-01-10,469.0168151855469,470.22743854519075,458.63354368739965,459.42509964965603,15832274
2022-01-11,471.15869140625,472.88145463418556,464.91940114494446,468.4115348540953,16107950
2022-01-12,475.1629943847656,478.1895102725667,473.533331983642,474.8370562207295,14489616
2022-01-13,476.1873474121094,477.5841724448816,472.1364667179958,474.9301736216526,10450974
2022-01-14,473.39361572265625,475.2560868942461,470.4136504804906,473.99891316961197,8724574
2022-01-17,478.65509033203125,483.2181674303625,472.6486094456514,473.0676768262099,17422211
2022-01-18,471.9501953125,481.8678772844123,470.27398258378395,478.65510306547515,12592506
2022-01-19,480.331298828125,482.05411874693084,465.8971473972718,470.27396597295876,16079457
2022-01-20,476.2338562011719,483.45096015719986,473.06766100424556,480.51754542950925,17724642
2022-01-21,468.1321716308594,472.60209137376694,463.75535271750925,470.5533615804846,16947941
2022-01-24,460.1700744628906,471.95019933428694,454.4429811020752,467.85276830324335,20233933
2022-01-25,479.26043701171875,481.9144358070053,455.374220501692,456.3054561264398,21791739
2022-01-27,492.57708740234375,494.34640095892695,468.5977704387478,468.9236801670863,35409230
2022-01-28,487.4552917480469,499.51480427323236,485.5462701138926,497.2798160724936,24715250
2022-01-31,501.2840881347656,503.7053346818178,490.8076881358768,492.62360883663905,28674232
2022-02-01,495.6966552734375,506.54557180234553,484.24246976019253,506.54557180234553,32245356
2022-02-02,502.68096923828125,506.82497905661904,494.812016992334,499.7476111794052,21661864
2022-02-03,502.9603271484375,507.2440450310946,500.21322758623415,500.21322758623415,22717677
2022-02-04,493.8342590332031,508.8271872591213,491.04055205375283,504.86943570490007,25332894
2022-02-07,496.5813903808594,511.2483512781843,489.13150548063084,495.32424503919026,52289545
2022-02-08,494.81201171875,500.67884145019633,483.31127483132195,498.6766621814507,26567546
2022-02-09,498.44384765625,499.6078921393333,491.4595807577505,498.1644883479319,14856155
2022-02-10,503.37939453125,506.5456183210797,497.65232966773385,500.1666203288279,18659370
2022-02-11,493.182373046875,500.7254158465614,490.8542839429186,499.3751127986441,14607095
2022-02-14,466.9215393066406,480.1450682042784,465.33845578670656,479.5863495613935,26153332
2022-02-15,488.7124328613281,490.62145447897535,462.91722372156096,467.4802724903449,23842951
2022-02-16,481.16943359375,491.6923842372667,478.6550861703695,490.2955308729563,19773807
2022-02-17,477.6773376464844,484.2425376060202,476.0010964264141,484.2425376060202,16408356
2022-02-18,479.8656921386719,485.08064558878283,475.02328408194904,475.02328408194904,15111223
2022-02-21,476.6529541015625,481.9144296301384,469.94804632169485,476.37356636628556,16866932
2022-02-22,464.1278076171875,470.5533274385469,461.42723011766594,466.45589656833613,27108772
2022-02-23,464.4072265625,470.5999379050491,463.0569235124379,468.41152846004275,13899433
2022-02-24,440.1485290527344,454.39645170338395,435.8182889171764,446.9931168381296,32356037
2022-02-25,449.740234375,458.07477575801397,446.34120177542894,446.99307804853817,21792287
2022-02-28,449.97308349609375,451.9286556521349,440.5675976208553,444.10628177079906,18069367
2022-03-02,441.63848876953125,446.80683504591724,434.8870305859169,445.13062231278,22003848
2022-03-03,435.259521484375,450.15929134892565,432.6520731257009,446.9930959365198,20358590
2022-03-04,430.1842956542969,438.5188372009064,426.1799655334132,428.64773418310085,20684268
2022-03-07,410.0230407714844,422.73442998798953,403.6440993751081,416.72794874460675,33720472
2022-03-08,410.0230407714844,411.6992819742931,395.7751468524198,407.8812101679056,42510207
2022-03-09,420.63916015625,423.0603501437195,408.3933884580412,411.60616286157455,32331325
2022-03-10,436.4701232910156,443.8734290255677,429.90489546710614,437.58758892426,34553299
2022-03-11,438.0067138671875,442.15069564942127,430.2308901471663,434.3283215123753,22091309
2022-03-14,451.7889709472656,452.58052693538787,438.19292474235004,438.61199215343146,27750689
2022-03-15,452.4408264160156,456.7710663150074,447.5983898805279,455.3742129012,27204899
2022-03-16,458.8663635253906,460.3097674057931,455.7467184345574,459.09917243636244,16211288
2022-03-17,467.38714599609375,468.8771286527836,464.0346921233055,464.6865684165621,22947673
2022-03-21,456.86419677734375,467.4802770667619,455.3742141148338,467.4802770667619,19064060
2022-03-22,459.75103759765625,461.706609667117,444.43220025984135,456.86420148785135,26157969
2022-03-23,456.9107666015625,467.85278550373954,455.56049195868536,464.22097214767933,15800195
2022-03-24,453.6048583984375,460.77535533982467,450.2524046140873,451.649257989312,18174877
2022-03-25,456.95733642578125,459.3785263360452,453.1392646471291,457.9351224726912,11541196
2022-03-28,463.2896728515625,464.31403761102473,448.8089718315619,457.1900915414394,16738684
2022-03-29,460.9616394042969,466.9215417855109,457.8885731758907,465.61781758009784,14301429
2022-03-30,460.30975341796875,465.99029635687214,458.44728218679097,464.96593149591325,16461225
2022-03-31,459.611328125,463.3362705988537,458.354182775319,460.30975483884754,10240982
2022-04-01,473.2539367675781,474.6973405600702,457.2366733006267,457.2366733006267,18527226
2022-04-04,477.1651611328125,479.4932502155485,471.2052303457634,474.27829656735247,16257176
2022-04-05,474.37139892578125,480.8900764070014,472.7883154906881,479.0276052463827,13602384
2022-04-06,478.6085510253906,479.7725955327789,471.20521659077895,472.1364521966896,13738275
2022-04-07,479.539794921875,484.1494226184488,474.9767176387794,474.9767176387794,19620958
2022-04-08,480.6106872558594,483.77691114198547,477.11855363356403,483.77691114198547,13572638
2022-04-11,479.49322509765625,486.1049750110299,477.9101132367034,478.18947254437523,12370288
2022-04-12,477.58416748046875,481.16945873909384,469.66869308811084,477.49106665322626,14460680
2022-04-13,482.1006774902344,485.08064275314774,478.4222855331121,478.9344537412433,15440525
2022-04-18,474.4645690917969,479.58636522527064,469.3427729583231,476.79265824337585,14492183
2022-04-19,476.60638427734375,485.12721303086033,470.36712260501565,477.9566873090639,20362934
2022-04-20,474.2782897949219,478.37574925727273,472.13645923701137,476.7926373359957,11881305
2022-04-21,480.7969055175781,482.3800173281685,476.978862478602,478.0963565118487,10035638
2022-04-22,466.1765441894531,478.18947767208795,464.68656155476515,477.6307590507531,16760456
2022-04-25,460.72882080078125,464.8728306576677,456.35200204000347,460.9616297046725,14057444
2022-04-26,470.7395935058594,472.9745532511563,464.1743939254768,464.6865621353587,12137213
2022-04-27,463.05694580078125,468.22529250091947,458.0282787700142,465.6178439424648,12367342
2022-04-28,472.60211181640625,474.93020103717674,462.35851924501617,464.8262881352213,12154792
2022-04-29,462.1722412109375,477.25827009170274,460.03041058595346,473.16083892009266,12894773
2022-05-02,457.2366943359375,460.96163685598583,448.20369735719777,458.7732274416462,18590895
2022-05-04,446.6671447753906,462.3119197288658,444.6649939419759,458.1679099883815,14645323
2022-05-05,446.9930725097656,460.03037045796714,445.7358988095211,451.64925034840905,14130385
2022-05-06,450.67144775390625,452.6735984668939,438.6119362288258,438.6119362288258,16710020
2022-05-09,443.1750183105469,450.438673074012,441.21941785811185,444.29251240309696,13544947
2022-05-10,442.5231628417969,449.3677216792281,440.9400509743726,444.19937553278925,10884328
2022-05-11,443.7803039550781,446.06184249202244,431.76737066572184,442.5697090695901,14771351
2022-05-12,430.8361511230469,440.47444541152885,424.96937812260853,440.47444541152885,18947096
2022-05-13,414.0738830566406,444.19935888720414,409.5108345296604,437.1685418279946,61403008
2022-05-16,423.7121887207031,429.7652199881417,408.6727397938781,414.3998329246437,27940958
2022-05-17,435.1663818359375,437.354791166289,424.78311064360963,426.7852614874846,16880698
2022-05-18,426.5058898925781,436.37699259137,425.667783565683,435.72511632653266,15644497
2022-05-19,416.7279357910156,419.0560248177811,413.887678545984,418.17133961998803,14201420
2022-05-20,430.60333251953125,432.09331515214274,422.92063887727875,423.57251516000093,13596860
2022-05-23,429.20648193359375,438.9844557239664,427.9027577786884,431.25521161919863,13499415
2022-05-24,430.2773742675781,434.7007431275872,428.5546112362912,430.6033123937053,17175179
2022-05-25,429.4735107421875,439.26222115340613,427.53466786818933,435.99930806214456,12728644
2022-05-26,443.4708557128906,444.6057894882055,427.9602576714547,432.0743565287651,17055257
2022-05-27,443.5181884765625,449.24007685783033,442.1468124863909,445.83530418702605,10977001
2022-05-30,448.86181640625,451.03707280150377,445.5516260623434,447.348580762236,9365470
2022-05-31,442.71429443359375,450.56416239270465,439.78240595471544,448.29432348932284,15441579
2022-06-01,442.9034118652344,446.402767135689,439.4986680873034,442.61969283792894,9424008
2022-06-02,444.369384765625,446.7338062777731,440.87002938261895,441.57935583626335,9370989
2022-06-03,439.30950927734375,449.7129637489278,438.36374068901796,447.5849844251947,11306291
2022-06-06,438.55291748046875,440.3498720730131,431.7433719204855,439.0258017870629,10661432
2022-06-07,438.2691955566406,440.68092298076255,435.52647218833755,436.80326566433513,7672515
2022-06-08,445.74072265625,449.7602391433186,438.0800202062432,441.29562762338475,17168871
2022-06-09,441.62664794921875,445.3624165055338,437.3706893587511,443.51818510053766,12635601
2022-06-10,436.80322265625,438.97847883631295,433.7294747838409,436.9450821701556,8621104
2022-06-13,421.6709289550781,429.4262140264515,418.12429676502626,429.3789371422775,13426836
2022-06-14,423.7989196777344,424.8865478061158,419.3065187827337,420.867031215852,11351101
2022-06-15,426.8726501464844,430.7503070587634,424.27178657712926,424.6028113493786,9920926
2022-06-16,417.6513977050781,432.92555402430173,416.2800217617226,430.46655002030155,10780703
2022-06-17,417.083984375,423.2787576319139,413.5373518548044,416.13821570294783,14326050
2022-06-20,411.1256103515625,419.4010853677971,407.3425360584267,417.5568251048669,12368534
2022-06-21,426.30517578125,430.27741525368896,413.868325066745,415.665279547109,13801891
2022-06-22,423.3733215332031,426.73081748792765,420.53601564262533,424.4136727989286,11066447
2022-06-23,426.919921875,431.6960704167751,421.8127774275385,424.6500831053022,12229833
2022-06-24,429.6153869628906,435.3845812009487,428.62234147696313,431.0813167492726,10833364
2022-06-27,436.1884765625,439.64052607470876,433.2092824733034,435.0062658485541,9509175
2022-06-28,439.07305908203125,440.491711938516,433.1620055133448,434.0131914547224,13261290
2022-06-29,434.2023620605469,437.6071347305486,433.1620108471343,435.05354801240566,11800876
2022-06-30,440.63360595703125,443.84921357769304,433.7295063931819,434.1078080786889,16926328
2022-07-01,441.5320739746094,443.37630541575845,435.57371451361155,438.22188389491066,9405495
2022-07-04,447.7741394042969,448.4361600833809,441.5320610921888,441.5320610921888,9186358
2022-07-05,446.5446472167969,453.9689366406206,445.45701907860894,449.38195307080076,12003244
2022-07-06,453.9216613769531,454.9147068843763,448.199743900056,449.3819546767825,12059857
2022-07-07,460.35284423828125,461.77149707106486,455.48214195157067,457.7519807115113,11497832
2022-07-08,462.0552062988281,463.3319995937835,458.83959905185674,462.4808136846683,9057231
2022-07-11,461.7242431640625,464.6561027409874,458.6977720918318,458.6977720918318,7704792
2022-07-12,458.6504821777344,464.7033952876818,456.9008045407598,458.69775906147703,7364457
2022-07-13,460.11639404296875,465.74372839283694,458.27213384761626,461.2986047162549,8208853
2022-07-14,453.35418701171875,462.38626565305754,450.9424597491278,460.21100940450947,9385630
2022-07-15,453.11773681640625,458.1302987936768,448.95636079682373,456.38062113130496,6945602
2022-07-18,463.7103271484375,464.8452609990571,455.9550420444267,458.272157767472,9934786
2022-07-19,470.9454650878906,471.5129031327425,461.53505638903056,461.53505638903056,11724183
2022-07-20,481.0179443359375,482.90948164841654,473.2626298097458,473.8300967760033,19280117
2022-07-21,484.2807922363281,485.55761446071546,479.2682302825926,482.15281292081585,13814893
2022-07-22,485.84130859375,491.98880407908524,483.47688725323644,485.60486645969866,14699129
2022-07-25,489.71893310546875,490.85386688606945,481.5380410965472,485.557586210106,10229778
2022-07-26,486.314208984375,492.556258440218,485.2738289249796,489.624398970835,8862656
2022-07-27,499.5549621582031,501.2100571289965,484.46994216508864,487.3545247120165,15101546
2022-07-28,503.5744934082031,508.35061320585476,500.831741428295,504.2838198452346,12160734
2022-07-29,499.69683837890625,507.87776021355546,498.1836316433712,506.0334998185906,11921058
2022-08-01,504.80401611328125,505.986226923851,497.85263963718603,500.35889192051155,8295631
2022-08-02,512.7011108398438,515.3493089753147,502.2976567294788,503.0543177539742,16845027
2022-08-03,511.5189514160156,516.7680136052014,505.65523196436504,512.5120546789236,24262125
2022-08-04,504.33111572265625,514.4981283696671,495.77192127182764,514.167132443307,18072293
2022-08-05,502.2503967285156,513.4577891228303,500.31158266962416,506.50635537126294,21110734
2022-08-08,492.177978515625,495.58272221944645,485.98314830777673,495.58272221944645,32566317
2022-08-10,486.787109375,495.10986149988526,485.5576217415171,493.2656011870938,16904151
2022-08-11,496.2920837402344,497.47429451617586,489.15154219857493,491.7996827916567,13862195
2022-08-12,501.9194030761719,502.9597254368142,496.67039893814257,497.19056011846374,12154012
2022-08-16,497.4269714355469,504.89850821055546,496.52847978424455,504.37834706247423,10721167
2022-08-17,499.5077209472656,501.7775310056564,495.9137540024929,500.16971280275317,12054183
2022-08-18,503.47991943359375,505.79706417892737,497.66347685158144,498.27819184106994,9013662
2022-08-19,492.1306457519531,504.7094137454508,490.38099701081967,503.14887253569157,11087222
2022-08-22,483.57147216796875,491.7051167383744,482.3419845367255,490.853901910903,9676954
2022-08-23,493.5966491699219,495.5827401146792,480.68688485359866,480.68688485359866,8597965
2022-08-24,491.13763427734375,494.63698972674746,484.5172539177123,490.85391523552954,11930650
2022-08-25,492.177978515625,499.64951545599195,490.38099517324997,493.6439082290722,15473450
2022-08-26,495.3935546875,500.7844469647244,493.88034809833897,495.3935546875,12855886
2022-08-29,486.928955078125,488.9623807185564,481.1597895368773,483.57148799346,9421339
2022-08-30,502.4395751953125,503.62178596047795,489.86086419897924,490.0973063520123,14835308
2022-09-01,504.37835693359375,511.5662325595548,493.92762598529777,493.92762598529777,16670228
2022-09-02,507.593994140625,508.68159334192575,502.4395439797127,507.8777131616108,10017930
2022-09-05,509.6747131347656,511.4716388097338,507.21568018067234,507.8777297346641,7819994
2022-09-06,508.6343078613281,513.2685967845732,505.1349527279727,508.8234731138315,8657868
2022-09-07,503.9527587890625,508.30332884057043,502.72327119466354,505.41874625079106,8445359
2022-09-08,515.1128540039062,516.6733374465072,506.4590488467253,506.9319331126886,12240707
2022-09-09,523.3410034179688,526.7930817113361,518.2811647716557,519.8417059673161,18587927
2022-09-12,524.8070068359375,528.3063043931888,521.3549284374099,524.8070068359375,9677415
2022-09-13,527.7388916015625,529.6304288474462,523.7193749540595,529.6304288474462,16707275
2022-09-14,540.7431640625,543.6750234535912,519.4633718606526,520.1726982673808,21632641
2022-09-15,541.1214599609375,547.1270667304167,537.1019439132205,541.4997327185876,12749947
2022-09-16,531.332763671875,542.871151610006,529.9141108366572,538.2368625915752,14739280
2022-09-19,541.216064453125,543.2494899696948,529.2047920630926,530.2924490091893,11194003
2022-09-20,542.91845703125,546.6069776867555,541.7835231583919,546.6069776867555,8484017
2022-09-21,538.8043823242188,545.9922005856165,534.7375888940823,543.8169443532304,9392526
2022-09-22,536.5345458984375,542.8712074256107,531.5219835769916,536.0143846837367,11869435
2022-09-23,520.7401123046875,537.1965072724512,519.6997900461478,534.1700365315244,12563239
2022-09-26,513.8360595703125,519.2269520381395,504.09465471098065,516.2004810276811,16158750
2022-09-27,507.40484619140625,521.0239369145561,504.2838214038483,515.0182717607147,11066799
2022-09-28,496.3866271972656,510.52587932873706,492.13066849231575,504.00011061622786,12233485
2022-09-29,493.4547424316406,506.64822528844724,491.3740400704196,500.3115644395551,17310168
2022-09-30,501.8247985839844,507.78318697394207,488.15848842562644,495.58274888276674,17466950
2022-10-03,491.563232421875,502.8179019108135,490.3810216656896,498.98749288066523,9351162
2022-10-04,503.8109436035156,506.74280316670263,499.17665438414605,504.0946626378347,8745887
2022-10-06,508.1614685058594,512.4174273002554,505.60788168419464,505.60788168419464,9507322
2022-10-07,501.4465026855469,506.5536182808691,497.99442434716724,506.45906451480334,11065307
2022-10-10,501.9666442871094,504.94583822879457,493.88033494913054,497.1905247842787,9649292
2022-10-11,498.79840087890625,504.7567317306741,497.001417383469,501.96670271413166,10825440
2022-10-12,504.85125732421875,505.9861911671905,497.4742739326023,501.2573482590859,8522604
2022-10-13,493.1710205078125,504.8512389762804,491.98880982375175,504.0946356835077,12972765
2022-10-14,498.6092224121094,505.8443176388137,497.474288535822,501.4465282402605,8545479
2022-10-17,514.1670532226562,515.1600985738679,495.77184488543156,497.8525470701915,13485349
2022-10-18,531.947509765625,532.940555155672,517.0989326199887,517.4299285082948,20440781
2022-10-19,523.3883666992188,532.8933295908961,521.6386601529041,532.4677221755691,9540583
2022-10-20,525.2798461914062,526.6038874517956,515.727549739038,522.0642102123659,11225588
2022-10-21,530.434326171875,535.1158925512549,527.0295821096737,527.0295821096737,11767639
2022-10-24,539.5609741210938,541.4525112783982,535.2104617493467,536.250784095811,3692065
2022-10-25,547.1743774414062,554.4095298646989,537.1965308863428,541.4524893176606,19899324
2022-10-27,548.2147827148438,553.2746215483523,546.2759109378583,552.2815760803435,13613533
2022-10-28,539.7974243164062,551.0520936602753,536.2507920935652,548.498506914803,10043644
2022-10-31,542.6820068359375,546.1340852886444,537.5748910714758,543.769663807375,9894639
2022-11-01,545.6139526367188,553.9839820280091,543.4386385801015,545.0937337035314,12069579
2022-11-02,542.729248046875,547.5527021866988,538.993508532127,544.6681197141808,10241440
2022-11-03,553.1800537109375,556.0646362732692,537.1965419604421,538.1423105202316,17557998
2022-11-04,561.7392578125,564.5765635432895,548.9241051401274,554.2203860808812,25759031
2022-11-07,580.8438110351562,588.9301210515242,574.7435919964456,579.7561540508798,44265903
2022-11-09,582.1678466796875,587.3222970636789,577.4390037081603,587.3222970636789,18939854
2022-11-10,572.8993530273438,581.742266711215,569.541885904196,579.8507294333699,11618405
2022-11-11,568.6906127929688,585.9508886854824,566.0424724202394,583.7756325837807,15525267
2022-11-14,560.4152221679688,571.1970082557938,559.564064987439,571.1970082557938,12957268
2022-11-15,568.2650146484375,569.447225345239,560.5097586575258,562.0702421422246,10286417
2022-11-16,567.2247314453125,570.7713637803187,563.6780991103063,567.4138967148733,11555749
2022-11-17,566.5626220703125,570.061977149896,563.8199279891154,566.6098989514293,8167131
2022-11-18,570.0147094726562,572.8992919689098,564.7657056310915,568.4068914128185,12933675
2022-11-21,565.6641235351562,569.4471975804678,563.0632601290046,569.4471975804678,7412419
2022-11-22,566.6099243164062,568.1231886557925,563.8199532291959,565.7114903595797,8048595
2022-11-23,574.6962890625,576.5404915759619,568.4069050431018,568.9270662065175,12435924
2022-11-24,576.3040771484375,578.1483374757161,572.9466101411601,576.6824076810045,8960032
2022-11-25,574.4598999023438,580.4182308398936,573.3722428670565,577.4390365085501,9994513
2022-11-28,575.5947265625,577.7700404458606,569.6836730210467,572.7574208626024,7934274
2022-11-29,575.5474853515625,578.6212333836287,574.1761092999211,574.1761092999211,6942919
2022-11-30,569.7783203125,578.2429610607289,565.9479689220002,575.500208955112,15606230
2022-12-01,575.1218872070312,576.7297054409339,568.9271141566862,574.8854450469025,14209313
2022-12-02,574.6016845703125,576.5404985985498,571.4806598266704,574.5544076867228,7533838
2022-12-05,583.8229370117188,584.4849865674205,574.6016932916017,575.5001849939731,11585602
2022-12-06,575.92578125,586.1873471266914,574.838124306329,581.411227401482,12996244
2022-12-07,574.1287841796875,579.6615648076655,571.717085932937,577.7226931086815,7613892
2022-12-08,578.4793701171875,580.512737911779,574.2234115434572,576.6823867404484,10020015
2022-12-09,583.0663452148438,584.484998122909,576.067634445001,581.0802542336061,11202267
2022-12-12,579.8034057617188,585.147021230506,577.864591753399,581.4585007462825,9285187
2022-12-13,583.3027954101562,583.9175681021829,579.2832787818738,580.2290474002932,7455415
2022-12-14,591.5782470703125,592.7604577958726,584.0120984267273,584.9578670071755,14010673
2022-12-15,582.546142578125,595.4085716060209,580.9856014002335,591.6254974536832,10622271
2022-12-16,570.6294555664062,582.2151207914691,569.447244829155,578.8103769582387,9435071
2022-12-19,571.6697998046875,576.4459193386776,570.298423890439,571.2441924209372,8322012
2022-12-20,571.6697998046875,573.6086137471829,567.0355109151941,570.298423890439,6753785
2022-12-21,561.2191162109375,576.1149718170277,557.6251493131697,573.0412238348187,9217253
2022-12-22,561.2191162109375,566.5153973363823,555.6863352078802,564.6238601165613,8740149
2022-12-23,542.8711547851562,558.6655013213187,540.5067333792975,558.003451782652,13047046
2022-12-26,564.7184448242188,569.0690153032233,539.7501867898378,542.8712118284932,13201587
2022-12-27,569.2581176757812,570.39299376433,561.1244734486816,567.8394648399637,9638618
2022-12-28,568.4542236328125,574.0815585274914,566.0898020573286,568.3123929733651,7988631
2022-12-29,578.6212158203125,584.4849926639092,564.7657405160301,567.4611579261255,20130392
2022-12-30,580.4181518554688,586.8966431228009,578.1955611999747,581.8840815153984,13052895
2023-01-02,578.9995727539062,585.6199532316294,578.0538041142315,581.6004365130118,6726084
2023-01-03,579.188720703125,583.1609026908402,576.9188529457435,581.1748116969826,6818062
2023-01-04,572.3790893554688,581.6003319342061,571.2441556469066,578.6684150433266,7011191
2023-01-05,572.2845458984375,578.4320416816555,569.3054095001119,574.0815292943545,8241475
2023-01-06,568.0759887695312,574.5072043394961,564.6239099486335,574.459927449855,7972036
2023-01-09,574.7435913085938,575.9730789468689,567.555715294209,572.1900045367088,8878905
2023-01-10,562.8742065429688,575.9730785899777,558.5709132239706,575.4529174039299,10622660
2023-01-11,564.3401489257812,566.9882895253261,560.1314670081308,564.103706770016,7419630
2023-01-12,562.6377563476562,565.4750621129492,558.0980209430805,565.4750621129492,8183715
2023-01-13,567.5556640625,570.203862090674,561.4555033068693,565.4750195048337,7877610
2023-01-16,570.2984619140625,573.2303214640315,568.0285941994754,570.2984619140625,5483191
2023-01-17,560.79345703125,573.1357247063863,554.2676311351354,570.298419138533,13461999
2023-01-18,559.3748779296875,564.7657707637378,555.7336340028968,563.5835599547415,11538075
2023-01-19,557.861572265625,559.6585556526618,555.686316082724,558.9492292196419,7475688
2023-01-20,560.0841674804688,564.2455146186342,558.7600683716555,561.597374126141,6750607
2023-01-23,567.8867797851562,569.116267446911,560.7935151306456,566.0425194299563,6604469
2023-01-24,562.1175537109375,571.811682022892,560.888066055424,570.7713596355657,7609623
2023-01-25,537.8585815429688,563.5361628309502,536.6290939830234,563.5361628309502,25686294
2023-01-27,510.6677551269531,537.7167133619173,503.3853255328834,537.1965521891551,40163464
2023-01-30,509.0126647949219,524.2867928316846,496.71767317052826,506.9319623596132,40797825
2023-01-31,523.48291015625,526.7931001933717,508.6816087573524,515.4438772089544,21911943
2023-02-01,498.75103759765625,534.3592477264737,472.2695462189108,530.9545039283581,38218810
2023-02-02,499.4603271484375,503.7636200499666,475.2486763772784,491.98879055290683,39287056
2023-02-03,514.6873168945312,516.3424120513884,490.99582347997585,506.9320023288018,32317232
2023-02-06,515.8222045898438,528.4954688768345,507.45211805473997,528.4954688768345,25338586
2023-02-07,517.429931640625,521.4967824365973,511.7080436679747,518.2811463944632,16195947
2023-02-08,519.936279296875,524.4286800729735,515.9167628129974,520.1727214429854,15502847
2023-02-09,520.9292602539062,522.0641939597135,513.3631125153597,522.0641939597135,15061047
2023-02-10,523.0573120117188,527.0295516716327,516.8625392347192,516.8625392347192,13824475
2023-02-13,508.3505859375,526.6985185479009,504.37834655817164,523.9557667151163,18488732
2023-02-14,511.5189514160156,515.0655838545804,501.96671113820275,510.6677942658425,18559909
2023-02-15,512.843017578125,515.1128852826321,507.68856722110974,510.7150382520747,12796579
2023-02-16,510.8095703125,517.1935080193455,509.2963637238928,517.1935080193455,12767016
2023-02-17,502.2031555175781,510.38407746870104,499.1294073905873,509.29642042601847,14192008
2023-02-20,496.6704406738281,504.9931934337365,493.83313466078175,503.1489329802286,12570032
2023-02-21,495.06256103515625,500.26428808109324,494.0695155986855,498.5145816214719,10223218
2023-02-22,488.3475646972656,493.596626297569,484.70637889222513,492.50896938170973,14763050
2023-02-23,492.74542236328125,495.58272805827136,483.6187614835763,488.915071220071,15535085
2023-02-24,492.7926940917969,498.8929128172425,489.52978103166254,495.77188813042636,12253035
2023-02-27,499.0821228027344,501.06821385639995,490.8539240908659,492.84001514453155,11048799
2023-02-28,494.4478454589844,499.7914614948557,492.79275029877584,498.6565275542565,15768010
2023-03-01,507.593994140625,508.2560436730128,494.7315071796655,494.8733955527241,13510198
2023-03-02,504.80401611328125,510.62051639133927,503.6218053027115,506.88471868491143,10376913
2023-03-03,530.765380859375,533.6972406005289,512.3701689701492,512.6066111339563,27656538
2023-03-06,531.2382202148438,537.1019969258892,528.6846335168734,534.2646912003962,16162268
2023-03-08,534.1701049804688,534.8321545594332,526.2729600942696,529.630427149925,12637578
2023-03-09,528.590087890625,535.0685796402279,527.7388730698138,534.122811050497,8993423
2023-03-10,517.6664428710938,524.8543191820775,515.4439096534684,523.1046125600982,11522371
2023-03-13,501.2573547363281,523.151920773827,499.7914249608996,517.3354208316443,14373729
2023-03-14,496.9068298339844,503.9054826178335,491.79965646525375,499.0348091167667,14750800
2023-03-15,489.4825439453125,503.14891222270455,487.59100668131737,501.0682096872827,11282329
2023-03-16,496.05560302734375,500.642557391405,486.4087523004702,490.2864379792326,20040008
2023-03-17,501.06817626953125,502.7705481485633,491.8942096059672,499.9805770503511,18787379
2023-03-20,491.0430603027344,498.0417131884692,487.0708207053534,498.0417131884692,14275315
2023-03-21,493.5492858886719,495.0625501766502,488.4421704452119,493.69117425868336,29485180
2023-03-22,493.2655944824219,498.42004482113964,491.8942184876975,493.88036715337415,11619538
2023-03-23,484.9428405761719,492.7454313801766,483.7606298482924,491.2322247385441,22097792
2023-03-24,477.94415283203125,487.02353688053415,476.14719832075485,486.5979294788206,14416984
2023-03-27,482.48382568359375,486.26692879064547,474.3502102854361,479.50466048857436,15674218
2023-03-28,480.5450439453125,483.99709365268615,476.5255272906492,483.71337461032533,15833599
2023-03-29,488.4894714355469,489.90812430515643,478.8426203771755,481.39620708749925,24203789
2023-03-31,495.3463134765625,496.43397047687546,491.1849084689964,492.414453852006,17356345
2023-04-03,498.18359375,499.8386887458472,493.78574681383884,496.29205661188894,14210949
2023-04-05,494.6369934082031,498.9875060154293,490.90119577529373,498.4200679275775,13574801
2023-04-06,499.0348205566406,504.7567089920419,493.3602090058029,495.58274210649415,25125879
2023-04-10,497.75799560546875,501.6356814457874,495.9610699259261,500.54802448109393,17335453
2023-04-11,503.24346923828125,506.6482709704916,498.561960659839,502.0612584406672,26414406
2023-04-12,499.5549621582031,505.0404082306634,497.47425979275084,504.2838049318985,21292441
2023-04-13,504.04736328125,505.27685085857496,498.5619172034785,500.5952849630574,28597560
2023-04-17,514.4981079101562,515.4438764908734,499.36581061868105,499.36581061868105,32476990
2023-04-18,516.247802734375,518.7541127868462,511.1879634663453,515.7749184018437,22283456
2023-04-19,510.998779296875,517.8083249786072,509.0599651502015,514.4981347732645,21156372
2023-04-20,515.2547607421875,515.8695334687824,507.5467807037376,511.85001661448604,25588577
2023-04-21,513.6942749023438,516.7680230720757,510.43136145406214,515.4439238473666,22599418
2023-04-24,524.5232543945312,525.4217461299845,514.0252457859217,514.308964827345,23335611
2023-04-25,531.332763671875,537.1019865035063,524.9015490305807,524.9015490305807,38142390
2023-04-26,535.635986328125,536.250758965492,526.2729124733295,531.5219162938387,23143882
2023-04-27,534.1228637695312,536.6291738697495,530.6707849862329,534.3593059403013,17845169
2023-04-28,546.93798828125,548.971413929884,534.8321613379902,537.0074176463271,16183423
2023-05-02,544.1006469726562,549.3496509930271,542.0672791815007,548.5457707982896,13667511
2023-05-03,539.5609741210938,543.8169327250288,538.1423212531155,539.7028624979448,9699527
2023-05-04,548.5458374023438,549.302440805457,537.6694975228145,539.2773158326423,12533761
2023-05-05,545.2356567382812,556.3484389875003,543.8642805752644,548.7350124809358,18163461
2023-05-08,551.9505615234375,555.7336361266828,546.0395074558667,546.32328423122,12990869
2023-05-09,542.3982543945312,554.6459684581436,541.0741553565239,553.2745925384495,18959065
2023-05-10,541.1688232421875,543.8169638690443,532.7041824334594,543.8169638690443,18561315
2023-05-11,542.3510131835938,548.5457859453637,540.9796371737035,541.1688024380219,16016715
2023-05-12,546.796142578125,549.2551178633527,540.5540351442528,543.5332293428207,11319335
2023-05-15,550.3427124023438,552.3288031592693,543.4858907877809,547.3635185418273,11410243
2023-05-16,554.5040893554688,558.3817750457957,550.4372961352346,552.3288332353558,22178229
2023-05-17,554.5040893554688,558.4763288107494,548.0728747600833,554.2203703354769,23739774
2023-05-18,543.060302734375,561.6919543637448,540.4121623892405,558.287153012746,45656620
2023-05-19,543.9588012695312,554.4568090197679,538.9935164126377,547.599987074534,42293962
2023-05-22,545.8504028320312,548.8295394629752,542.3510472602424,546.1813987715346,21484049
2023-05-23,550.0590209960938,552.0451697862326,545.519343043849,547.5054918339878,16120548
2023-05-24,551.099365234375,553.5110635776405,546.8906834921327,548.3566132517542,17616658
2023-05-25,549.7279663085938,551.2885074965544,545.7084499957997,550.4372927167339,16479436
2023-05-26,554.2203979492188,555.875492994289,549.0659475495447,549.7279971125996,9788076
2023-05-29,562.7323608398438,564.0564600730518,556.1592570127372,558.0035174714417,18432231
2023-05-30,560.651611328125,563.2051980785457,559.4221237001843,562.7323137812506,15031640
2023-05-31,559.0607299804688,563.8332703864224,556.7950076008431,562.8691231871136,28797643
2023-06-01,561.8568115234375,565.3759725346222,560.169553831175,560.9408598639765,17820226
2023-06-02,566.1472778320312,567.7863399289043,562.0978476064854,563.7369097033585,11323908
2023-06-05,566.1472778320312,568.6540371470996,564.9902893608927,567.4006574895654,12920507
2023-06-06,564.3635864257812,567.7863563449595,562.0978638580726,566.9186002547972,11199940
2023-06-07,568.0755615234375,569.4253323416787,564.9902786080794,566.9185730743186,11113781
2023-06-08,567.400634765625,572.6552488450642,565.3276947192347,568.7986599936411,15971917
2023-06-09,557.9520263671875,567.9791224774418,556.0719274568654,566.9185840392489,18870272
2023-06-12,557.9038696289062,560.651665949061,556.9879179065606,559.2054449706885,8786066
2023-06-13,555.7344970703125,560.5552333084419,553.6615569491656,558.6751344061959,12612098
2023-06-14,555.8790893554688,557.8073838698208,554.6257096905156,556.3129673905737,8948696
2023-06-15,546.189453125,556.023767492567,544.9842689830649,555.348852603707,17934877
2023-06-16,550.7691040039062,554.0954237099354,546.7196738768654,548.3587359338673,12660226
2023-06-19,548.4551391601562,552.215336970729,545.6109518525627,550.7691160969515,17903691
2023-06-20,547.0571899414062,549.0336800950572,542.3810403275806,548.4551564192141,14549152
2023-06-21,546.0447387695312,549.0818259637434,545.3698828124838,547.0571403988516,14946871
2023-06-22,542.7667236328125,548.5998029137497,540.9348202600779,546.0447890802325,14979063
2023-06-23,534.716064453125,541.9471691410787,533.9447583891194,541.8507779506582,12215712
2023-06-26,537.0781860351562,538.4762112446472,534.6196224443274,536.0658432444474,8360264
2023-06-27,545.8037719726562,547.5874798151365,535.7284795993684,538.2352390818655,10694768
2023-06-28,549.37109375,553.4205239875774,548.1659096820828,551.7332662924933,18028934
2023-06-30,552.3117065429688,553.4204993748917,549.7567517407397,553.4204993748917,8718232
2023-07-03,564.4600219726562,565.3277191936658,553.3241329514472,553.9025977654534,15421985
2023-07-04,568.123779296875,574.5835777803604,561.3747484015366,567.1114364319501,24799250
2023-07-05,569.4253540039062,572.4142458484074,567.1114358645187,568.6540479574438,13598114
2023-07-06,571.2572631835938,572.2214104632285,567.9791388940837,569.2325774351127,11323509
2023-07-07,572.3178100585938,574.1497134555585,564.5082405175979,568.8469033396802,11707209
2023-07-10,571.3536376953125,578.2955096754295,569.0879151930579,573.3301866383733,11417363
2023-07-11,567.4488525390625,574.5835657318489,566.2918640690325,573.6676140744553,13221177
2023-07-12,568.123779296875,573.1855524683788,567.1114364319501,567.8827424791843,16029716
2023-07-13,564.65283203125,576.5600264296337,562.4352463905591,573.571193644083,20024503
2023-07-14,563.4476928710938,570.1002737819823,559.88033617268,565.71341543592,12190152
2023-07-17,579.5488891601562,581.2361468497637,563.2548359229304,565.9544364569268,19378986
2023-07-18,571.1126098632812,582.3931446524997,567.6417032420812,581.4289973858464,25757209
2023-07-19,579.8864135742188,580.8023652915784,570.7752096906919,573.3302236106615,17556585
2023-07-20,588.1780395507812,588.9011500146614,577.2831869976956,579.8382008421577,34038351
2023-07-21,593.0469360351562,597.2892073744681,587.1656614867653,588.1298087141655,21040281
2023-07-24,595.5055541992188,599.6031798857839,592.2756257028592,592.9987361181354,11756364
2023-07-25,587.744140625,599.5067488556581,582.537780778133,599.5067488556581,18503305
2023-07-26,593.09521484375,594.2521444866661,587.310331241653,590.0581274138974,9999125
2023-07-27,594.4449462890625,598.9764499129095,591.1186266690645,594.3003595167257,17444742
2023-07-28,593.962890625,597.6748927770809,591.6007181367443,594.3003774643948,11930586
2023-07-31,597.9641723632812,598.7354784405272,592.4685209367213,594.5414611882713,8605483
2023-08-01,589.9134521484375,598.590777115643,588.7082681252145,597.9641167316927,13493453
2023-08-02,576.993896484375,588.6118583315358,572.7998209080405,587.9851391205248,14977497
2023-08-03,569.3289794921875,579.3078804881416,564.0261693529716,577.2349991054857,27774877
2023-08-04,552.74560546875,577.2349691049168,550.9137610058102,573.4747712992396,52725616
2023-08-07,547.539306640625,556.3130240355339,546.3341224464406,556.3130240355339,32736325
2023-08-08,552.552734375,553.6615271889215,548.0694852226486,550.528048802567,25038671
2023-08-09,553.1795043945312,554.3846884999659,547.9730855203012,554.3846884999659,15769111
2023-08-10,553.0831298828125,556.8914646933206,549.6603598426617,553.1795210754018,27325801
2023-08-11,553.565185546875,558.241276326227,551.492245351644,554.8185652442073,18221179
2023-08-14,540.6937866210938,552.456395288408,538.5726508209419,552.4081996934482,28084093
2023-08-16,545.0806274414062,546.0930291373386,534.1375796285616,538.7654746862926,15725767
2023-08-17,551.6368408203125,552.6009880147222,543.7790176471228,545.4662752373399,27910162
2023-08-18,552.408203125,554.6257301288466,547.0571974198606,549.5639568421426,18253227
2023-08-21,551.2030029296875,554.9149463595685,550.2870512589609,552.4081870104123,9380810
2023-08-22,548.11767578125,553.8543633129792,547.1535285942997,551.9742645290513,14073413
2023-08-23,556.2166137695312,557.2289566885623,545.7073844177855,550.5281210292501,18579297
2023-08-24,556.2647705078125,561.1337023758908,554.9149408121432,557.4217589831178,24131644
2023-08-25,549.5157470703125,554.6739114144629,546.8643420837741,553.2276905127146,12271885
2023-08-28,552.3117065429688,554.1918053746803,548.7926045292852,552.2635109517712,9711932
2023-08-29,554.2400512695312,555.6380766224023,551.3476093726454,553.0831215882818,13144855
2023-08-30,547.0571899414062,556.9878951511408,545.8037514005196,556.0237478716156,15281416
2023-08-31,541.2240600585938,549.8531901110308,539.3440199124148,548.8890428168341,27898476
2023-09-01,549.1300659179688,550.7209324523909,541.9471569863232,542.5256806565127,18121168
2023-09-04,554.9149169921875,555.6862229936563,548.0694953146975,551.4922061534426,12108655
2023-09-05,552.4563598632812,557.5181327939658,550.8654934034583,554.9631191092507,14444729
2023-09-06,550.0460205078125,553.6615727898534,547.6356523197853,553.6615727898534,20609936
2023-09-07,558.2894897460938,560.1695887755602,547.635673708293,547.635673708293,12390597
2023-09-08,562.53173828125,567.4006702412167,558.9161860069856,560.169565692688,14032068
2023-09-11,570.4859008789062,571.0643656508981,564.3635309487681,565.9543973420567,10946134
2023-09-12,567.2560424804688,572.9445351099214,563.6887445349923,572.3660702665688,16093060
2023-09-13,575.065673828125,576.560090386674,562.531758819719,567.304299765373,19377172
2023-09-14,575.8851318359375,582.0556976801864,573.8604461806968,576.9939246952075,13178911
2023-09-15,577.3313598632812,579.163263171742,573.8604533120565,577.8616290798742,11756389
2023-09-18,582.2967529296875,586.587220031729,575.6441132571398,577.331370972233,19305055
2023-09-20,579.5488891601562,585.0445402613964,577.9098859106114,579.3078523473552,21314600
2023-09-21,567.063232421875,584.8517022259392,563.6887170242877,578.4883538720975,23453425
2023-09-22,576.7047119140625,580.4166553572468,570.1967178548243,572.2214035789467,18784139
2023-09-25,572.7516479492188,579.9345565537149,569.2807414736828,579.9345565537149,9712784
2023-09-26,573.0891723632812,573.6676371981744,570.0520848628917,572.7034899087656,8327427
2023-09-27,568.6058349609375,572.9926931348808,567.1114185078637,572.1731915193855,9865347
2023-09-28,568.7987060546875,573.8604793320803,567.738108726534,570.052085763523,21960816
2023-09-29,577.09033203125,578.488357330842,570.1002643801689,571.5946808672312,12189735
2023-10-03,581.3325805664062,583.2126794228604,568.4611798159711,575.2102103849722,15322196
2023-10-04,565.2313232421875,578.9222259114165,563.4958699679197,578.48834788113,24914612
2023-10-05,570.9198608398438,573.0409378728881,566.0508697813017,568.8469205566893,13248028
2023-10-06,572.9445190429688,577.4760230117589,570.9680288955789,572.1250173967202,8216780
2023-10-09,564.12255859375,567.8827565818558,560.6998474669198,566.9186092871498,9189597
2023-10-10,570.437744140625,573.6676138901629,564.749251825484,565.9544358882783,10373508
2023-10-11,567.2560424804688,575.5959401945697,566.5329320028374,575.4995490029714,14220119
2023-10-12,565.0385131835938,571.7393486854555,564.0261702883498,569.6182128568753,11983797
2023-10-13,555.4934692382812,560.4587923356951,554.1918351248179,557.0360813206687,19064577
2023-10-16,555.0113525390625,558.0001852843412,551.0101181684682,555.3487805162515,11290293
2023-10-17,555.78271484375,559.1572303451123,554.6739219259789,556.9878989513794,10765224
2023-10-18,552.1189575195312,558.4823059606506,548.9372244520923,557.0360850561344,11777454
2023-10-19,550.720947265625,553.420547925152,546.6715168528941,549.371117512421,11441499
2023-10-20,542.9113159179688,549.5639557633297,541.9471686271559,549.4675645730006,11110988
2023-10-23,533.125244140625,545.7073542311729,531.2451451967778,542.9113036124381,11875035
2023-10-25,536.2587280273438,540.6937819693302,533.7519097953203,538.5726461874272,12134624
2023-10-26,527.3885498046875,533.0770421621733,523.7248019958954,531.6790168695493,19424825
2023-10-27,541.0313110351562,542.3328864238197,530.2810445032903,530.2810445032903,10415296
2023-10-30,544.93603515625,546.3822560251111,536.5479423474799,542.8148994458782,8593704
2023-10-31,545.2734985351562,549.0818921729843,542.95958030296,546.6715239018123,13039696
2023-11-01,546.093017578125,549.2264960926518,543.6343950507638,545.9483719540883,13575575
2023-11-02,551.588623046875,554.8185516709641,547.2499603836425,550.6244757883788,11148516
2023-11-03,557.4217529296875,558.7233281709723,552.8902491112981,555.3488128153236,11371371
2023-11-06,553.7579956054688,561.6158198859742,552.697457080918,561.1337462208361,16499138
2023-11-07,558.96435546875,560.3623807188147,552.0706792493585,554.1918149204695,17923281
2023-11-08,559.49462890625,561.7121557781876,558.2412492696659,561.0372997909418,15434808
2023-11-09,557.6145629882812,560.9890785114845,555.8309140361974,560.1695768517445,12434363
2023-11-10,558.7233276367188,560.1695485020424,554.7703474769183,557.0842655533097,6773038
2023-11-13,560.5069580078125,561.6157508400668,554.5774879637208,560.1695300224528,11282362
2023-11-15,563.7369384765625,566.9186127994279,561.7121938370072,566.1955023239185,11397676
2023-11-16,563.688720703125,566.9185904945721,562.0014629933197,563.7369162968865,8622660
2023-11-17,542.8630981445312,553.902595942704,541.9471464863035,553.902595942704,37173221
2023-11-20,543.5380249023438,546.4786623142577,540.5009374550467,543.7790617204822,12714585
2023-11-21,541.3687133789062,546.3340955532802,540.8866397249625,545.7073762644006,14280013
2023-11-22,538.9100952148438,544.2611004650989,535.246347583391,542.7666840578206,14909071
2023-11-23,539.874267578125,543.2969785663546,538.2834010675289,541.6097208689436,6376210
2023-11-24,540.2598876953125,542.2846322273022,539.1993492596594,541.802558602573,6529851
2023-11-28,544.2129516601562,544.9360621303805,540.9830229183594,543.3933911524404,8153314
2023-11-29,548.214111328125,548.5997937728681,544.8395959006997,547.6356465078894,10299034
2023-11-30,544.502197265625,549.7568119125536,543.4416587556975,549.3229338505354,19758998
2023-12-01,551.2511596679688,553.6133320690648,546.2375824761655,546.6714604840198,10614230
2023-12-04,573.37841796875,574.6317977044337,563.5922992174134,566.9186192117567,26077882
2023-12-05,586.4425659179688,589.3832032666363,573.7158104246026,573.7158104246026,36430152
2023-12-06,586.6354370117188,591.9864427624263,582.8752389993938,591.9864427624263,21439069
2023-12-07,589.7689208984375,590.5884225726319,583.3091221564198,588.1298587031671,10725706
2023-12-08,592.131103515625,594.6860586201612,583.6465599734173,588.1298685759048,17722136
2023-12-11,592.2274780273438,597.6749338019196,591.1186850954592,592.9505885011256,11706255
2023-12-12,590.44384765625,595.7948535613543,588.9011766221438,594.8789018296793,14494836
2023-12-13,597.6266479492188,598.2533671989761,589.7206875955662,592.4202881197557,13977914
2023-12-14,601.2904663085938,605.2434465626046,600.0852822254344,603.5561888461816,15813797
2023-12-15,625.0084228515625,626.6956804527815,597.6266188130294,605.4844420374566,29813572
2023-12-18,625.24951171875,632.1431883165444,619.3682368434937,623.4658627876797,16221796
2023-12-19,631.9021606445312,635.9515322057881,617.2953055873893,625.2495207706708,19964008
2023-12-20,613.6315307617188,636.7228692336894,611.2211626299238,635.0838071346933,22542056
2023-12-21,620.6697998046875,625.6833773355924,605.002406799909,609.4857151061817,19915516
2023-12-22,613.9207763671875,626.1172629150401,612.3781642684246,621.6339545547611,14998068
2023-12-26,615.1741333007812,618.3076118235898,612.8602152382182,615.9454393216356,10153089
2023-12-27,625.2976684570312,626.1654244947468,616.0900742651665,617.777331902043,14417646
2023-12-28,628.0455322265625,629.8773766643785,623.3211872377498,626.9367393678991,16982092
2023-12-29,619.03076171875,626.3100620587661,616.6203934706069,622.3570816705638,13221898
2024-01-01,618.3558349609375,623.7068994465233,615.1259651092256,619.1753954576906,8295548
2024-01-02,616.5239868164062,624.7674342489258,611.1247267678557,618.355831330922,15164482
2024-01-03,620.3805541992188,624.7674123778669,613.0048042643401,616.4275152016644,14571772
2024-01-04,619.7056274414062,623.2247883433014,615.7526473667616,619.4645906357115,13883388
2024-01-05,618.9343872070312,628.3830192250042,614.8849566716478,621.875024779636,15984585
2024-01-08,604.5203247070312,621.8749751770896,602.6402258033993,617.0542389354067,14739531
2024-01-09,602.9777221679688,611.6067930993104,602.1099660920149,609.3410705687005,13400235
2024-01-10,599.4585571289062,602.8812681223897,596.0358461354228,602.399194493818,12742464
2024-01-11,597.9641723632812,604.6650079251884,596.3251101698327,603.5562149819164,15533860
2024-01-12,610.8836669921875,613.6797175235832,598.8318265066497,601.4350358209014,16620797
2024-01-15,617.150634765625,622.3570534845726,613.2940457432574,615.9937051364175,16844018
2024-01-16,614.0654296875,621.7786079716733,610.7391097830742,617.054262733865,15025543
2024-01-17,603.5562133789062,613.9689925112747,600.6637714617549,601.627918767472,30016308
2024-01-18,605.773681640625,610.7390633220803,596.8553199279997,603.3633136101857,14695436
2024-01-19,605.2434692382812,612.7156108338156,602.3028317345762,610.3052425771916,11675202
2024-01-23,583.4054565429688,612.137090641516,579.1150485116219,604.5203041005418,30954343
2024-01-24,596.1322021484375,600.0369865400962,581.4771529351829,588.0815965650563,19221835
2024-01-25,590.78125,601.4350657500038,584.514292635659,596.3250968992248,22684904
2024-01-29,600.6155395507812,606.9306922520184,593.5290219741044,596.8071461540897,19572140
2024-01-30,604.279296875,610.7872908979857,601.8207331245812,603.0259172029118,16966577
2024-01-31,617.5363159179688,620.1395252720102,599.6995917267393,603.9418631812425,23270745
2024-02-01,624.4299926757812,629.5399613532924,610.5462486775638,619.7056475917949,26587707
2024-02-02,626.3582763671875,636.8674459475857,623.5140302472481,628.623998836513,27471811
2024-02-05,619.8984985351562,631.3236201370446,615.8490682349207,623.8996743944258,28339525
2024-02-06,626.936767578125,631.5164671490533,614.8367310074694,621.3447251345781,14079390
2024-02-07,651.0404052734375,653.6436145166939,631.5164242193285,631.5646198105808,41696232
2024-02-08,674.46923828125,693.1255240196265,654.1739491949825,656.0058526209428,74222434
2024-02-09,699.247802734375,702.2366357119648,669.3110419771705,678.4222453850707,43235061
2024-02-12,682.5198364257812,699.9708774628965,679.2417123589678,699.9708774628965,22873137
2024-02-13,687.8709106445312,692.2577691391986,676.9760578021069,683.1465652829623,23351472
2024-02-14,716.7470703125,721.6641976192514,680.2540625529531,680.2540625529531,36782182
2024-02-15,734.3909301757812,736.6084569548306,715.0597906860668,720.8928694462425,33941282
2024-02-16,727.6419677734375,746.8284634371934,726.3403336305333,736.0782565173563,27365121
2024-02-19,732.02880859375,737.5726553496461,723.1104464212216,731.4985393690836,13979584
2024-02-20,732.8483276367188,736.1264519437863,726.967052738199,731.8359847570562,12528399
2024-02-21,743.839599609375,749.6244830800896,732.3662238537067,733.3786255385841,21465311
2024-02-22,738.4403686523438,745.2857902765477,729.8594349797497,745.2857902765477,18799244
2024-02-23,731.8359375,742.8754349674641,727.9311530180862,738.4403812825284,14143636
2024-02-26,731.69140625,738.8742565255047,725.7136812472469,727.9312082579945,11355186
2024-02-27,722.9658203125,735.0176614115741,715.590128867995,731.6914003457339,13969393
2024-02-28,715.8793334960938,729.6184318157158,714.4331126203441,722.965792248516,11263318
2024-02-29,721.2785034179688,726.8706043069235,710.721138558327,717.2291322182092,19217113
2024-03-01,741.5738525390625,744.3216485578118,724.9905087033734,725.0387042946561,17348526
2024-03-04,744.369873046875,749.1424137066598,741.4292357019581,746.635654393883,9789141
2024-03-05,755.84326171875,758.7357035196916,741.525639495962,741.9113219415058,18088847
2024-03-06,755.7950439453125,761.9655509647814,745.1894243197579,755.5540071356407,26710525
2024-03-07,759.7962036132812,764.954426539321,754.9272719302329,761.6763024583448,15497868
2024-03-11,745.9607543945312,764.375943708488,742.9236669559873,761.6763431224929,16778340
2024-03-12,732.4627075195312,749.8655543236582,730.1969260813347,742.3934128308799,21529705
2024-03-13,720.4590454101562,736.3192797248611,716.3614195245849,731.450347794911,27950252
2024-03-14,714.4813232421875,723.8817591322932,707.7322923467271,723.0140618967187,19730882
2024-03-15,705.659423828125,719.7841462932436,697.0784894237145,712.7458828582031,29792241
2024-03-18,704.7434692382812,711.4443046336356,696.2107304639793,701.0314668855465,18145126
2024-03-19,697.8497924804688,708.0215345586139,695.294837485665,703.8275174114212,15205043
2024-03-20,709.8534545898438,712.4566640874273,693.9932196245381,699.1514430237444,25405455
2024-03-21,717.61474609375,723.6888616581621,713.999194109353,715.3972193126948,15161161
2024-03-22,719.9287719726562,721.9534576831707,714.8188032557894,717.1809169690966,15535921
2024-03-26,713.5172119140625,721.0375492356,712.0227953384497,716.4096538721063,14678342
2024-03-27,707.0092163085938,719.1092533764988,704.0203831624405,716.3614570597734,30088789
2024-03-28,725.3761596679688,732.3180316341789,710.480131739764,711.299633363139,21705116
2024-04-01,731.1128540039062,734.1981369990166,725.1351292346699,731.8359644474378,9949971
2024-04-02,738.9224853515625,741.1882078791733,726.3403165012812,731.0164660314755,15713063
2024-04-03,743.40576171875,744.9001782599978,732.8965914876521,737.4762911492417,19136981
2024-04-04,732.0770263671875,747.5033830248789,730.9200378484845,747.2141506069232,15889530
2024-04-05,737.3316040039062,740.1758501398218,725.6171914639816,730.7754145215962,9939620
2024-04-08,740.7543334960938,742.3933956194346,734.4873762603453,738.5850021452578,9797174
2024-04-09,736.8013305664062,744.7555452746966,733.8124388224375,740.8989563252226,7465892
2024-04-10,751.118896484375,752.7097629710994,736.2710642780829,739.0188603767406,14530669
2024-04-12,738.8259887695312,751.5527435992136,737.3797679672235,749.3834123957522,14408722
2024-04-15,730.341552734375,735.9335950981468,721.9052641714367,732.5590796729715,11356572
2024-04-16,724.74951171875,727.8347947397396,717.7112484453821,724.315633679616,13338991
2024-04-18,718.0968627929688,732.7037172254089,715.3972622519597,725.0869303823578,14589648
2024-04-19,723.5443115234375,725.0387279832828,705.8039786829678,708.166151201757,10886554
2024-04-22,738.6331787109375,741.4292292520696,723.5443096786286,727.1116662441453,17452186
2024-04-23,745.2858276367188,749.8173315016863,738.1029188222026,742.7308138738571,12292429
2024-04-24,745.3822021484375,750.5886207443748,742.5862104814081,750.5886207443748,7842615
2024-04-25,783.5625,785.2015621323537,742.0559716951439,743.0201189674838,36732974
2024-04-26,772.5712280273438,787.611961377191,770.257309790593,786.6478140668245,14964358
2024-04-29,796.8677368164062,801.4474364532822,770.0644538689087,778.0668646229158,27302732
2024-04-30,796.626708984375,804.91835225018,790.5043971499949,796.8677458100889,27449073
2024-05-02,800.2904663085938,804.0024687760509,795.4215341417088,797.2534375772727,19943724
2024-05-03,801.6401977539062,806.2198969341655,790.6007005921169,804.8700673212338,22667634
2024-05-06,778.838134765625,806.0270989146577,774.2102397469739,805.0629516671522,35283557
2024-05-07,773.149658203125,785.4425349233778,764.7615658481657,782.8875213212029,16725013
2024-05-08,781.7305297851562,792.5289900811847,770.8356783088896,773.8245110587671,27908322
2024-05-09,790.4078979492188,809.5462560286481,774.7405052523084,782.7911700385396,49290254
2024-05-10,788.0457763671875,802.2187535230167,786.3585185830859,797.3498214011286,20543142
2024-05-13,779.8023071289062,790.456122787604,769.9679931182314,790.456122787604,15398505
2024-05-14,788.8652954101562,792.9147256484775,778.9345904580701,783.8517179173241,10912462
2024-05-15,790.8899536132812,795.7106897182591,788.7206223660413,791.5648684373534,9755062
2024-05-16,782.8394165039062,796.5303200119738,768.7628305348695,795.7107594941345,20536990
2024-05-17,788.5277709960938,792.9628834636741,782.1162273671808,785.2979013861104,12492509
2024-05-21,800.8689575195312,806.3163543151672,790.2150830532505,791.5649127770058,14037801
2024-05-22,802.6334838867188,810.3780018937406,797.5358302513197,810.2799344229562,19239277
2024-05-23,815.7206420898438,819.0537392891404,805.8194777925474,808.4663420586099,17497488
2024-05-24,812.28955078125,824.6905681013441,810.7210696223614,813.6620166705683,12252075
2024-05-27,817.2891845703125,822.876995845969,806.7997949535047,816.2108014350272,12295193
2024-05-28,814.7894287109375,824.151431802395,807.093914464433,819.2498532378913,13818893
2024-05-29,806.4567260742188,818.0244392460639,803.1726326134542,812.0935412900568,14518232
2024-05-30,809.5936889648438,819.5439171556648,803.1726331596147,805.2313320096405,17818705
2024-05-31,814.005126953125,818.5636189442075,801.0159437782618,814.3482733523172,22267336
2024-06-03,887.8229370117188,894.0479177688353,839.8854753820721,846.5516101706216,64269020
2024-06-04,759.9407348632812,879.3431739398783,717.542081270305,879.3431739398783,122381193
2024-06-05,774.2042846679688,779.3509418310036,729.4038474915685,775.1846003180706,74256082
2024-06-06,800.868896484375,816.9460375302097,780.3312712846982,784.2525339544707,40555649
2024-06-07,813.613037109375,815.1325144961712,794.545884544975,803.7608761709042,25061284
2024-06-10,815.4265747070312,828.8079077389773,812.877777859861,817.7303524667053,16725508
2024-06-11,819.102783203125,823.0730498797147,812.730731059502,819.5439372413512,14754408
2024-06-12,822.5828857421875,828.905934018559,816.6029838634709,820.5242466911467,15071442
2024-06-13,827.2884521484375,829.2490835697314,819.6419417384134,828.3667754966601,12523972
2024-06-14,822.680908203125,833.1702976600134,818.6615781244269,828.3667270254315,12903496
2024-06-18,828.2687377929688,834.7387973148866,823.7102459704445,824.9846443812804,14929083
2024-06-19,835.817138671875,843.6596642417119,824.4455005291003,830.1313196004876,32925140
2024-06-20,827.141357421875,836.3072851232247,825.7688915323681,836.209277488426,13985352
2024-06-21,819.8380126953125,831.3567222370788,812.2895697948148,828.2687636644131,18990090
2024-06-24,816.3088989257812,819.543928783181,804.8881970373593,815.1325081138934,12715254
2024-06-25,825.6708984375,829.2000110244921,817.8773766546938,820.5242410117988,20917530
2024-06-26,828.7098388671875,832.0919399410025,819.5439111626723,823.3181026095383,16281760
2024-06-27,827.3864135742188,830.7195107377448,821.7495985528304,827.288405942117,20378887
2024-06-28,832.239013671875,846.992752780768,827.386439058991,830.2293784821371,23636388
2024-07-01,825.3768310546875,833.7585184800706,823.4161996179325,832.6311314704473,10967797
2024-07-02,809.8878173828125,829.6411422984175,806.9468703630849,827.3864282167037,21142840
2024-07-03,823.4161987304688,827.2393941277866,808.760466789776,812.6817296590598,23598009
2024-07-04,822.7789306640625,828.2687343216311,817.8773523092979,826.4061106133324,13372587
2024-07-05,842.826416015625,844.2968895533086,820.5242340274244,821.5045497192135,24873722
2024-07-08,839.3953247070312,847.9730871492928,836.6994565108919,842.8264296839359,10359800
2024-07-09,844.3458862304688,852.8256408262188,839.1502250746712,842.9734801738035,13585081
2024-07-10,832.2880249023438,843.3165764690709,826.8962885808327,843.1695051813592,17343236
2024-07-11,839.8364868164062,841.4049680302959,833.0232806157347,837.5817726337938,8501366
2024-07-12,842.7774047851562,846.0124345728623,838.4639918457344,839.8364577356562,11446064
2024-07-15,864.001220703125,869.8831149197468,842.7774216383809,842.7774216383809,25392820
2024-07-16,863.364013671875,870.6183136551655,857.0899695148005,864.9324947942838,11893692
2024-07-18,875.9610595703125,877.2845216320075,860.2270049507774,863.315023261012,19435183
2024-07-19,871.84375,881.3038205050954,865.912851939986,877.3825576774864,14562742
2024-07-22,859.540771484375,877.382528728047,850.914005515022,864.0992633045507,14614111
2024-07-23,846.8947143554688,867.0891928212089,832.385994861864,865.618719345537,18279212
2024-07-24,835.2289428710938,850.9139934414429,830.5234396667329,847.1888058977289,19624845
2024-07-25,831.7978515625,834.0035618347636,824.6415590903446,830.8175358859385,9522375
2024-07-26,845.4732666015625,847.2378228513442,827.386430415429,828.0236595382181,12081506
2024-07-29,854.443115234375,871.5986394833856,846.208499495082,849.0023752250042,26582781
2024-07-30,855.6195068359375,863.2169532964333,851.8943192478578,857.4821305468374,13528447
2024-07-31,855.2274169921875,857.727209991399,850.9140040978348,856.6488268509507,11636874
2024-08-01,845.6693725585938,864.0502921513843,842.5323503146797,860.5211196893349,11787203
2024-08-02,831.16064453125,841.4049555903533,829.494155703777,839.8364743996533,12609331
2024-08-05,795.6732788085938,814.9854506435058,784.2525767265245,813.6620483537691,27676951
2024-08-06,781.9978637695312,810.2799484288843,779.988228505242,806.4567530115417,17900930
2024-08-07,792.7322998046875,794.7419349850848,784.7917068840424,793.0753863597355,17692355
2024-08-08,792.1441040039062,801.7021822548979,786.9974464841414,796.01636305695,14769069
2024-08-09,808.07421875,813.6130263830515,793.6145621891944,799.9376104147318,15320885
2024-08-12,796.6044921875,806.799799123275,795.2320861451166,804.4470175738744,16120449
2024-08-13,781.8507690429688,803.8588683191833,779.3999798102883,797.4868163142143,17585172
2024-08-14,787.1934814453125,793.2224467373169,784.6446846418667,785.183846292551,11788665
2024-08-16,796.1143188476562,798.85925054641,787.1934703278642,787.1934703278642,11427335
2024-08-19,797.682861328125,809.1525664711355,796.6044782061931,798.9572597142997,10151482
2024-08-20,804.1529541015625,806.7998184496117,797.3397480422,801.8492361476191,10347493
2024-08-21,799.4964599609375,804.8391925113443,795.2321105845307,804.1529595522029,14607257
2024-08-22,804.1529541015625,807.6821265102021,801.0159319051235,802.8785556624933,7832917
2024-08-23,799.3003540039062,805.8194771135562,798.4671096216442,805.3293192807621,5537747
2024-08-26,799.0062866210938,807.2409623037237,797.7808920155667,801.8982298568817,8523795
2024-08-27,799.839599609375,803.3197083604263,795.0850325876467,801.702163529934,12833290
2024-08-28,793.467529296875,801.1139795760346,790.6245899129868,798.7121942115388,10371300
2024-08-29,798.4671020507812,799.937575535221,791.0657308125117,793.6145275853862,18247268
2024-08-30,799.5454711914062,804.5451172254517,798.3200765507661,801.0650084127782,8911426
2024-09-02,805.966552734375,809.1525786646832,797.04564422928,801.2119858304522,11813750
2024-09-03,808.5643920898438,809.6917790988241,800.3297759604034,805.966591337859,10548350
2024-09-04,800.427734375,802.5354369721819,797.6338586845211,799.3984149013352,10789570
2024-09-05,802.6334838867188,805.9665812189434,798.369134501237,802.2413336710257,8395074
2024-09-06,767.0970458984375,796.8986675256167,761.7053094735923,795.5262015930762,40220096
2024-09-09,768.8125610351562,772.6848198824725,755.8233784610844,769.5477977846319,21322103
2024-09-10,767.2440795898438,773.2729850328517,762.1954299786836,772.4887444671417,12824701
2024-09-11,753.4706420898438,772.4887910829905,750.3336796377038,764.6952691046852,20060665
2024-09-12,772.24365234375,774.3513549221617,757.5389176117205,759.7446278215249,17578964
2024-09-13,775.2826538085938,779.3509879306515,769.6458384870828,775.429725098296,12950936
2024-09-16,770.0869750976562,779.3509702962235,768.9596479590956,775.2826362662203,9553736
2024-09-17,767.4891967773438,771.9986251303302,765.1854189481497,770.1360013393838,10665630
2024-09-18,777.145263671875,779.1058950529456,766.6068699986203,768.3714262748396,18324412
2024-09-19,774.400390625,785.5759535812824,768.6165041254203,779.3999767062683,10645478
2024-09-20,766.3128051757812,779.203920907502,764.1560986394321,779.203920907502,21372244
2024-09-23,786.0661010742188,789.1541193879206,769.0576480246257,770.5281215390131,17309545
2024-09-24,782.5369873046875,788.4188813527027,780.8214348740164,783.5173029793567,15180653
2024-09-25,777.4883422851562,782.2919130531816,773.1749891911104,782.1939054186181,18465571
2024-09-26,786.0661010742188,787.193488035404,776.0178653925714,780.331278301596,23198842
2024-09-27,786.8504028320312,792.095067775522,782.7330650179391,786.0661024227028,15193681
2024-09-30,772.3907470703125,786.8013396781569,770.9692773696576,786.1151665701419,15484573
