Close,High,Low,Open,Volume
TATAPOWER.NS,TATAPOWER.NS,TATAPOWER.NS,TATAPOWER.NS,TATAPOWER.NS
4.4741997718811035,4.547069349276322,4.255590751642661,4.459626029233731,994997
4.482944965362549,4.547070427597579,4.258506567672077,4.348865291388515,1058302
4.570387363433838,4.640342416084204,4.261419958364344,4.328460205152081,873414
4.713212013244629,4.91433217864166,4.657831277646442,4.663660889404727,2088480
4.704467296600342,4.838547494360737,4.663660592991462,4.838547494360737,514643
5.033839702606201,5.071731896785783,4.724872248465603,4.8064859614231,1798672
4.794826030731201,5.130026960404267,4.727786075238784,5.071730845971305,1547609
4.870611667633057,4.896844636332885,4.76567921672814,4.8327191856570355,384915
4.745275020599365,4.949310298448939,4.70155350454907,4.949310298448939,233291
4.7190423011779785,4.765679492826257,4.663661842316828,4.721957683758332,213726
4.727786540985107,4.838548017108153,4.666575902853226,4.809400245072996,294005
4.538325309753418,4.7481899157726595,4.488774180486579,4.686979273659518,371537
4.485859394073486,4.721957256919459,4.471285074964524,4.649087101638614,556052
4.363437175750732,4.567472126619896,4.343033248584719,4.4712841183341725,345382
4.31680154800415,4.372181998805529,4.255590620943418,4.3197160660018845,455888
4.284739017486572,4.605365403766249,4.226443179957177,4.412989341556203,391765
4.628684043884277,4.628684043884277,4.220613477885891,4.284738926613499,1479196
4.628684043884277,4.628684043884277,4.628684043884277,4.628684043884277,0
4.564558506011963,4.896844391924116,4.488774121948036,4.896844391924116,1148622
4.7656779289245605,4.896843313085187,4.445050762186671,4.547068379218067,1659535
4.803569793701172,4.955138518373852,4.582045453183402,4.774421740454344,2478774
4.6607465744018555,4.751104702013635,4.605365256865311,4.684064447785346,552995
4.748189926147461,4.867696404436488,4.666576216572932,4.780252506346882,541617
4.628684043884277,5.004691453439669,4.582046856354828,4.832719038830676,1951457
4.40716028213501,4.599536656542766,4.372182890448525,4.547070136933785,1648468
4.491690158843994,4.541241301041783,4.316802893513619,4.541241301041783,784006
4.608279705047607,4.657831406362356,4.401329922173379,4.401329922173379,1585215
4.617023944854736,4.748189640059761,4.564558300488831,4.716126773739399,721417
4.6403422355651855,4.721956508491107,4.547068739642311,4.576216797134693,571057
4.608279705047607,4.7481895269544765,4.547069067946862,4.6520015063902065,773737
4.544154167175293,4.663660920976402,4.500432654797693,4.55872848472243,527700
4.412989616394043,4.532496105174722,4.372182613997875,4.517922360924331,566021
4.724871635437012,4.768593148542277,4.424648351172792,4.427563157120178,953122
4.870611667633057,4.955140186344236,4.7511048971460985,4.908503861556276,1290205
4.596620559692383,4.882269514349422,4.547068860636796,4.7948262037037095,723054
4.5179219245910645,4.652001856620104,4.494603475157986,4.599535921501258,268554
4.7744221687316895,4.86769537138296,4.430477125935355,4.576216541084557,1520770
4.759850025177002,4.95805514319124,4.692809762264863,4.95805514319124,1069649
4.783167362213135,4.873526067445642,4.619939653316563,4.619939653316563,444914
4.80940055847168,4.864781876247604,4.695723980879473,4.835633814260276,415370
5.194151401519775,5.194151401519775,4.663660518403118,4.838547416975335,1291085
4.943480491638184,5.421505799871107,4.780252218170912,5.246618590340497,1896018
4.759850025177002,4.955140624680373,4.5762180758227515,4.949311011552985,454966
4.421733856201172,4.821059418549605,4.401330213134499,4.821059418549605,499628
4.681149005889893,4.774422503126662,4.138998585527575,4.138998585527575,1287946
4.485859394073486,4.745275130503743,4.4304780760600435,4.663661420747576,493866
4.412989616394043,4.547069849425114,4.200210185031278,4.485859777910088,759074
4.211870193481445,4.640343912978695,4.197295871414113,4.561644705406196,393941
4.226442813873291,4.25267606811302,4.109850860860603,4.197294753606926,489390
4.1477437019348145,4.343033980918784,4.109850934853551,4.197294829174195,493006
3.8737540245056152,4.1389993863752865,3.847520767317111,4.028237609071135,247943
3.9262197017669678,3.964111893800754,3.672633294119701,3.672633294119701,965402
3.993259906768799,4.130254940367735,3.90581600476372,4.0165786455037065,368542
3.905816078186035,3.9874306571076006,3.879583684833963,3.9611973995970975,536052
3.905816078186035,3.9058160781860347,3.9058160781860347,3.9058160781860347,0
3.905816078186035,3.9058160781860347,3.9058160781860347,3.9058160781860347,0
3.8591792583465576,3.9349636386873064,3.792139008004531,3.8562644523293925,343672
4.0078325271606445,4.074872766030245,3.934962965307045,3.934962965307045,185955
3.92038893699646,4.13899789450749,3.7892235624898416,3.7950528850444596,190981
3.870837450027466,3.90581482745477,3.6143365862096637,3.8766676370462396,343693
3.8475210666656494,3.9058163341283376,3.8125436757457725,3.8766691324762377,258171
3.7629895210266113,3.876666615838675,3.6901199799109308,3.7017789106136427,266243
3.8212873935699463,3.905815911107267,3.7921393309162514,3.7921393309162514,4209199
4.0398945808410645,4.127338440871148,3.7717345430892975,3.7892230846531807,2373190
3.923304319381714,4.066128936111148,3.7309280052014553,3.7309280052014553,3283848
4.0253214836120605,4.066128471146628,3.9233038707492836,3.9611960528847603,3441783
3.8620946407318115,4.022408131442311,3.800883993289211,3.937879032382409,1276588
3.7076101303100586,3.818371883829593,3.6580584329278985,3.7892241145987144,1175792
3.9118692874908447,4.0078094064302,3.8066449171599066,4.0078094064302,967547
4.010903358459473,4.072799475276168,3.9056790117497044,3.9923339423078077,1068043
3.8840157985687256,4.078990898035779,3.713799825411928,3.9954298789678773,1146642
3.859257698059082,3.9180592866205934,3.809740055740839,3.809740055740839,545202
3.8468775749206543,3.9273431234891345,3.819023904061487,3.8932997479945968,345040
3.735463857650757,3.8035503092552028,3.6890416801716,3.79426605726679,641967
3.735463857650757,3.7354638576507573,3.7354638576507573,3.7354638576507573,0
3.7076098918914795,3.7447481203004545,3.555963349270859,3.658092865704193,464717
3.6642825603485107,3.8994901162416222,3.651903456758615,3.8994901162416222,603678
3.5869126319885254,3.8035508143230072,3.466214281654829,3.791171708079421,606465
3.38265323638916,3.5281104103139946,3.32694649390368,3.478593373848176,4932969
3.38265323638916,3.38265323638916,3.38265323638916,3.38265323638916,0
3.3455138206481934,3.3888411318562395,3.2805222421449227,3.3671777820978175,4022519
3.082453727722168,3.2867127428436467,3.0793588756236216,3.1876780873814536,1622199
3.169109344482422,3.203152418977521,3.094833489975712,3.1195923120417564,1136570
3.101022481918335,3.15672982424243,3.0638845595479425,3.153634971891092,436862
2.9246180057525635,3.1257815922785808,2.896764331992533,3.0948333717242473,794089
2.9246180057525635,2.9246180057525635,2.9246180057525635,2.9246180057525635,0
2.7667810916900635,2.9369973914855345,2.7389274152649294,2.8720054798268886,1215719
2.8627214431762695,2.8998593753702564,2.7544021939185344,2.7544021939185344,502737
2.9246180057525635,2.9555656146154963,2.754401722243779,2.754401722243779,446624
2.915332555770874,2.9865138537996785,2.881289485850491,2.9865138537996785,348273
2.949376344680786,3.0205573468348392,2.847246508922115,2.9834194193698673,246814
3.0143685340881348,3.032937654359266,2.81939399462435,2.81939399462435,421246
3.0298423767089844,3.0948333644593933,2.9803244287394692,3.032936923496023,350812
3.0422215461730957,3.06388490337215,2.9710402399501277,3.0329369880771817,222317
2.983419895172119,3.057695761947739,2.943187108514845,2.989609601711048,170691
3.0298423767089844,3.0793594071414008,2.77297052572879,2.77297052572879,541140
3.0979278087615967,3.125781481534795,3.001988603703338,3.032936823161202,473846
3.128876209259033,3.2186266232136416,3.1072128541020425,3.1567298809211906,182504
3.1505401134490967,3.166013761982394,3.1134018889101047,3.156729511693287,101293
3.1567301750183105,3.166014427258321,3.1103079962811413,3.1257816480659235,256876
3.1845834255218506,3.2495750176281124,3.1195918334155888,3.1567297549710247,1235895
3.125779867172241,3.330039111145442,3.101021059716509,3.2155305441992725,4941735
3.141256093978882,3.1876785767379805,3.0638847796375623,3.1567300510014524,3825579
3.141256093978882,3.2743335312631774,3.101022704675702,3.1257815252649244,337320
3.169109344482422,3.2124375889437116,3.094833489975712,3.1134026065252454,193716
3.255764961242676,3.280523169636566,3.16601423843359,3.206247015226458,202131
3.385747194290161,3.4197902625524073,3.1691087642588642,3.2681437285452866,382138
3.3733677864074707,3.559057677735611,3.3424192672890287,3.435264518798727,322740
3.2805230617523193,3.3393249516753603,3.187678407022954,3.3362300992664804,475742
3.6302404403686523,3.676662935967327,3.286714156445924,3.286714156445924,1999622
3.723083972930908,3.8932993016615427,3.543583782465979,3.710704259233726,1387094
3.794264793395996,3.8437818069923906,3.574531860410312,3.574531860410312,531316
3.766411066055298,3.846876594108015,3.7447471053550174,3.837592345367771,243643
3.9459121227264404,4.013998254768264,3.7787907270728414,3.8344980628544647,712277
4.407042026519775,4.4194211278116144,4.082084424235277,4.082084424235277,2451914
4.348239898681641,4.704145717553093,4.332765945405922,4.623680181813371,2066025
4.199689865112305,4.484414835002278,4.026379000577288,4.456561155740658,923672
4.038756370544434,4.456559238838649,4.023282722635187,4.162550141502839,1347022
4.348239898681641,4.506076118336817,3.9768601265344694,4.162550012608055,2869565
4.871267318725586,4.871267318725586,4.332766136063208,4.332766136063208,7227892
5.152896404266357,5.397388791790461,4.967206815726674,4.967206815726674,3539843
5.620216369628906,5.6759237056688665,5.27050084598878,5.385009452534009,5686582
5.583078384399414,6.0287345961885945,5.508801941307062,5.991596374642418,3788554
5.539750576019287,5.539750576019287,5.539750576019287,5.539750576019287,1253967
5.635692119598389,5.747106203396198,5.425243362612682,5.57070051974205,2377574
5.42214822769165,5.617122394421358,5.357156634884636,5.5645102108815205,1859707
5.115759372711182,5.477855280007009,5.081716301069095,5.446907366709497,2028212
4.911500930786133,5.118854212627862,4.827939913521539,5.004345587987513,1200952
5.013630390167236,5.193129997398488,4.936259078828727,5.044578303011277,1192818
5.010534286499023,5.0693364756110295,4.957922413195357,5.013629750248835,440354
4.970303058624268,5.106475979783307,4.954829405219094,5.075527449590008,616900
4.970303058624268,5.013631306740623,4.892932344832496,5.0074409890104885,808762
5.097190856933594,5.1374233276293,5.001250735548558,5.103380256070536,550197
5.128138065338135,5.137422315136633,5.013629463264154,5.0198191670269035,755261
5.480950355529785,5.521183747743234,5.1683723639004855,5.1683723639004855,1991601
5.32620906829834,5.570700916007241,5.25812230510055,5.508803858554705,1006790
5.291965961456299,5.291965961456299,5.291965961456299,5.291965961456299,20725
5.4444990158081055,5.721548515890856,5.416482248830748,5.721548515890856,1031484
5.33554744720459,5.4974191238647965,5.260837489920373,5.478742095993568,602455
5.307531356811523,5.36667630459086,5.260837556013954,5.295078979296871,701500
5.192353248596191,5.351112306131191,5.161224148301057,5.347999672971596,335258
5.114529609680176,5.22970810177207,5.105190788080843,5.139433133945065,512208
5.098965167999268,5.15811072995406,5.021142270649897,5.074061643962211,392728
5.108303546905518,5.229707915745137,5.070948569470163,5.070948569470163,303051
5.0304789543151855,5.179899121275042,4.980672539628336,5.151883282192655,347693
4.7534308433532715,5.011803038256469,4.734752894223527,4.980673943395401,807830
4.9153032302856445,5.011803776975237,4.513736339985973,4.513736339985973,999225
4.977561950683594,5.098965720622267,4.930867530420183,5.098965720622267,324491
5.002464771270752,5.011803901260364,4.918415985329918,4.949545393184481,212628
4.955771446228027,4.980674973373355,4.9028520663107145,4.949545564441696,381547
4.840592861175537,5.008691040691286,4.812576395378502,4.924641643300182,268803
4.843705654144287,4.881060633101555,4.797012161172616,4.797012161172616,291217
4.846817493438721,4.884172463908493,4.803236643285127,4.862382500281422,72786
4.790786266326904,4.918415597945289,4.765882742004707,4.918415597945289,94962
4.7938995361328125,4.809463932269996,4.681834284252239,4.762770128591964,427712
4.737865924835205,4.825027945848322,4.706736521747237,4.825027945848322,222565
4.719189167022705,4.778334424847523,4.6880600677657895,4.768995910413711,375754
4.653817176818848,4.700510974068989,4.557316334359808,4.557316334359808,247114
4.815688610076904,5.192352217801685,4.731639840622273,4.731639840622273,697365
4.588446140289307,4.856157185981787,4.547978220138884,4.737866366129258,761851
4.7938995361328125,4.849931854439859,4.519961980306309,4.519961980306309,760722
4.7938995361328125,4.7938995361328125,4.7938995361328125,4.7938995361328125,0
4.87172269821167,4.9090776816095,4.793899790496752,4.8437062299383555,257902
4.986900329589844,5.09585264082273,4.868609503718823,4.868609503718823,695345
5.279514789581299,5.291966552314092,4.9837875781101095,4.9837875781101095,1279210
5.360450267791748,5.506757547059589,5.21103035568547,5.385353791564936,711096
5.363564491271973,5.4631779892132215,5.136321026049786,5.136321026049786,642796
5.167450428009033,5.379129200299512,5.139434264680369,5.354225670555556,410210
5.018030643463135,5.164337962572712,5.011804760824434,5.105192077505056,247031
5.248385429382324,5.285740717912611,4.98690025546973,4.98690025546973,1490501
5.173674583435059,5.316869216396828,5.142545489279517,5.260836908443489,453867
5.092739105224609,5.21414285767258,5.074061462863443,5.154997913095165,543565
5.092739105224609,5.211030224912256,5.05538412813548,5.183013453737302,140722
5.070950031280518,5.120757092396556,5.0429341746693375,5.120757092396556,146049
5.070950031280518,5.070950031280518,5.070950031280518,5.070950031280518,0
5.239046573638916,5.260837464828807,5.074061649609443,5.074061649609443,544694
5.242159366607666,5.285739914670523,5.207916716358651,5.229707605656457,381537
5.251497745513916,5.304417420571289,5.229707472039221,5.229707472039221,377081
5.226595401763916,5.257723576162477,5.1830136195935035,5.232820667483772,149676
5.257723331451416,5.2857401022189165,5.186126626341136,5.229707791216715,435183
5.192353248596191,5.335547909800245,5.120756225627408,5.279514975529164,459111
5.195466995239258,5.229709039610856,5.151886127593603,5.176789348691146,283165
5.102077484130859,5.291965601142758,5.049158117294619,5.291965601142758,504457
5.080286979675293,5.16433574392298,5.014915547686447,5.014915547686447,88962
5.036706924438477,5.105191315610331,4.9806749119522316,5.042933421414531,205550
4.806350231170654,5.074061247871703,4.793898777757325,4.856156660090354,271891
4.756544589996338,4.874835416629204,4.734753696922882,4.7938995716891775,270295
4.862383842468262,5.13320753003915,4.7658829883646066,5.13320753003915,107438
4.803236961364746,4.89039835981078,4.731639647892648,4.859269266963398,247663
4.628913402557373,4.78767211999681,4.610236376885834,4.684946325371077,234969
4.560429096221924,4.787672192928811,4.529300001817737,4.544864702836423,140049
4.473268032073975,4.560429441477777,4.442138627679893,4.495057999883414,301984
4.495057582855225,4.544864625264916,4.420347634507048,4.4794931897353765,170629
4.33007287979126,4.5106224812230735,4.295830846602973,4.5106224812230735,253881
4.255363464355469,4.379880159983367,4.1464111634103,4.308282836963247,374128
4.255363464355469,4.255363464355469,4.255363464355469,4.255363464355469,0
4.1277337074279785,4.358090081595635,4.087265787208403,4.358090081595635,320481
4.249138355255127,4.280266840387976,4.0467981259430665,4.0467981259430665,174204
4.183765888214111,4.29583112284243,4.177540315297598,4.29583112284243,101904
4.1121697425842285,4.140186210954101,4.0094433071612094,4.140186210954101,223768
4.062361240386963,4.158862074510225,4.0218936349167365,4.155749442086736,115345
4.056136131286621,4.161975490037956,3.9378453185193463,4.046797617682968,226327
4.043684482574463,4.227346727523541,3.940958069181509,4.227346727523541,171737
3.9783132076263428,4.068588171300022,3.9222808958746853,3.9845387807729242,128774
3.947183847427368,4.015668229130002,3.86002243844501,4.012555288705646,195582
4.028120517730713,4.165088673325405,3.8600226485647076,3.8600226485647076,188898
3.9627485275268555,4.04368435656077,3.9222806130098986,3.9409579463690885,224078
4.270927429199219,4.389218231995598,4.07170079777199,4.109055771937522,602859
4.395445346832275,4.513736166294548,4.35809005977061,4.35809005977061,593139
4.311395168304443,4.476380374277582,4.221120830525743,4.457702426504096,375236
4.102829933166504,4.414121466900348,4.077926105949413,4.414121466900348,279839
3.993878126144409,4.102830422040014,3.984538689921273,3.990765185825495,424676
4.090378284454346,4.19621764621408,4.046797732710002,4.06236181994742,169903
4.196218967437744,4.35809130917854,4.093492513834275,4.35809130917854,96682
4.252250671386719,4.3238479968902785,4.015668418511112,4.015668418511112,148277
4.277153015136719,4.3518632713327685,4.2180080750047875,4.292718023567656,122971
4.233572959899902,4.28026645245027,4.2117826838852785,4.236685592787806,249798
4.473268032073975,4.572881510868619,4.23357284877238,4.280266340097085,571948
4.516849994659424,4.575995881493686,4.451478532633809,4.482607946757104,396604
4.675607204437256,4.856156503247717,4.498171153421066,4.56042903374331,523192
4.585333347320557,4.759657103562995,4.426574602206187,4.426574602206187,353061
4.538639545440674,4.638252410544141,4.488832497622513,4.575994523671081,382024
4.45770263671875,4.6382519360567604,4.439025303330822,4.516848192319086,558300
4.491944789886475,4.529300072917716,4.457702754741027,4.5137356792878895,148805
4.482607364654541,4.504397951711165,4.35809064723077,4.482607364654541,405329
4.354976654052734,4.414121591839146,4.18687850736962,4.358089286455667,215395
4.532413959503174,4.569768945236089,4.364316677521691,4.467043119012166,561668
4.597784996032715,4.684947339272994,4.482607108222088,4.482607108222088,298492
4.547978401184082,4.653817770488104,4.529300756848112,4.635140126152134,203581
4.495057582855225,4.5728810866203675,4.420347634507048,4.420347634507048,206524
4.504397392272949,4.563542648814377,4.482606807922678,4.482606807922678,116889
4.498172283172607,4.544865782050027,4.451477861395412,4.451477861395412,376957
4.516849994659424,4.575995881493686,4.485720888169434,4.54486646737039,109542
4.551092147827148,4.594673018028599,4.420349229589505,4.544866265279328,172369
4.529299259185791,4.625799774412877,4.488831350805583,4.597783317172871,598921
4.638251304626465,4.669380702090503,4.451476150374798,4.669380702090503,411433
4.8094635009765625,4.874834943316854,4.575994503522966,4.579107443997895,899724
4.868608474731445,5.042932197387143,4.750317058595005,4.750317058595005,1066157
5.055384159088135,5.105190590423121,4.828141047135285,4.918415396200701,1830827
4.9121904373168945,5.105191228867555,4.865496632921861,5.042933335729584,1633152
5.133206844329834,5.192352402118367,4.8250279095121416,4.8250279095121416,2028678
5.251497745513916,5.338659454679054,5.183013062032022,5.214142463614701,1275220
5.183013439178467,5.413370412386052,5.1145293659796325,5.400918035580511,1407031
5.223480701446533,5.2888521336952525,5.20480367674661,5.2297071967016135,489079
5.3884663581848145,5.416482511253206,5.167448535549765,5.245271729865384,2759567
5.456951141357422,5.665517231074042,5.43516025031654,5.472515536158258,3032982
5.435161113739014,5.481855536092189,5.354225263491022,5.441387610968193,1603411
5.4662885665893555,5.5970314257318865,5.416482143985626,5.478740941323168,1776382
5.637501239776611,5.783808540018601,5.4164839727712994,5.4164839727712994,5814269
5.936340808868408,6.039067535723017,5.6032583353252186,5.6032583353252186,10320697
6.110664367675781,6.222728983952254,5.945678845284296,5.945678845284296,7315828
6.051517963409424,6.28187491326889,6.00793741770602,6.163583190636717,4239344
5.908324241638184,6.101325304902045,5.858517198077768,6.063970637498108,2260063
5.967469692230225,6.001711726436567,5.746452478522842,5.818049179469575,2610026
5.46940279006958,6.023503108917856,5.316869632273488,5.9954863374833955,3033210
5.46940279006958,5.46940279006958,5.46940279006958,5.46940279006958,0
5.516096591949463,5.603258308559382,5.291966111943148,5.603258308559382,4172734
5.693533420562744,5.796260160686056,5.4787426559590395,5.556565254086991,2843286
5.705984115600586,5.827387849682973,5.634386805013673,5.786919938322177,1583412
6.1137776374816895,6.16358407043305,5.634387874717596,5.755791631848817,5988225
6.185376167297363,6.412619330918549,6.141794991612077,6.163585271821444,5174560
6.453084945678711,6.524681642894126,6.20405159107801,6.28810004831341,5734001
6.804846286773682,6.901347137361709,6.428183244351036,6.530909360848181,10856490
6.521571159362793,7.1472689225679655,6.474877351535529,6.9044607527062745,6046161
6.574491024017334,6.705233308013825,6.471764284520278,6.5993939353278845,3689240
6.901346683502197,7.035201581807897,6.493554262019751,6.537134812116229,8150497
6.79550838470459,7.016525648177701,6.75504046105176,6.97917035775978,4092279
6.562037944793701,6.95426598543559,6.530909155162701,6.848426624050761,3371432
6.362813472747803,6.627411338852957,6.288102878995817,6.627411338852957,2455614
6.306778907775879,6.552699677554184,6.182261898766668,6.362811838699926,3943494
6.384601593017578,6.459311546204818,6.225842557953193,6.3472463087907585,2101734
6.6274094581604,6.723910306738892,6.381488695012779,6.412618100242362,5370723
6.593166828155518,6.823523175641882,6.552698912623185,6.723909703116208,4428304
6.618071556091309,6.677217123862539,6.443748101221627,6.6118456744697855,2324818
6.745701313018799,6.786169851831375,6.537135813568526,6.66165221743345,3370188
7.190850257873535,7.190850257873535,7.190850257873535,7.190850257873535,518125
6.907571792602539,7.200186310122403,6.879555024651606,7.0725560763079764,3426322
6.910684585571289,7.0663303604203325,6.7861682117985955,7.019636566438984,5392629
7.165942668914795,7.221975581784269,6.7861671135751775,6.910683467197059,14099127
7.165942668914795,7.165942668914796,7.165942668914796,7.165942668914796,0
6.926248073577881,7.15349174884684,6.723908531182687,7.041426534879397,7180328
6.988508701324463,7.116138339652432,6.944927534076008,6.972944306368945,7626050
7.122364521026611,7.371398542414854,6.972944600406833,7.085009848504896,12585102
7.0383148193359375,7.337155223741813,6.910684582610758,7.066330357393122,12130996
7.147266864776611,7.262444726851577,7.035201019936556,7.097459822625475,9990071
7.620431423187256,7.7075931400843105,7.0974605065385115,7.0974605065385115,21860284
7.885030746459961,8.074918597057119,7.7138199253927136,7.7138199253927136,17680815
8.267919540405273,8.516953569135056,8.031337889905105,8.4048883177333,26309842
9.279618263244629,9.36678059296983,8.283483504763469,8.454694300966944,32308606
10.13878345489502,10.764480377715277,9.4321507096628,9.4321507096628,43731035
9.681185722351074,10.253963724535934,9.463281107795943,10.210382555518326,18365984
10.611949920654297,10.77070835796322,9.597137406556602,9.724767667442562,26410607
10.531013488769531,11.268775777858187,10.291317991516474,10.540352002700706,41237359
10.450079917907715,10.770710092488988,10.350465799606877,10.702227231956863,16450007
9.920880317687988,10.549689963169762,9.780798924470776,10.459415615682973,30960102
9.989363670349121,10.325558743733671,9.790136732318887,10.154348574540778,14142753
10.278865814208984,10.733351393180506,9.976912767331246,9.976912767331246,32473930
10.126333236694336,10.52167451210082,10.042284153944465,10.33489808902732,15720311
9.927105903625488,10.222833075436045,9.774572753505042,10.029832009494498,16440629
9.220473289489746,10.297543262957811,9.13331096004866,9.961348167607788,30389936
9.43526554107666,9.587798709353494,9.133311837526021,9.33876468898597,16762427
9.777687072753906,10.14189899323545,9.151989970646207,9.525540405902566,27898892
9.092843055725098,10.45319029410259,8.479597192427425,10.148123371174673,38105747
8.977664947509766,9.650055736533801,8.622791603812093,8.96521318647479,28083749
8.737968444824219,9.587796421210752,8.532516257662214,9.276503662408626,21787633
7.841447353363037,8.96521149978431,7.343379466734658,8.778435734665536,24877008
7.841447353363037,7.841447353363037,7.841447353363037,7.841447353363037,0
8.29904842376709,8.404887787004016,7.713819293052998,8.093596193648109,10092587
8.448469161987305,8.557421784010426,8.000208756305017,8.342629788444759,8345737
7.716931343078613,8.289709283618462,7.433655313117775,8.289709283618462,6969554
6.549587726593018,7.720046133467368,6.484216274674353,7.626658520802564,4269022
5.6810808181762695,6.524681725133073,5.522321798819918,6.026615009653898,12217513
6.590054988861084,6.590054988861084,5.484967529683695,5.665517470275153,3674463
7.551948547363281,7.645336159949427,6.415731568787638,6.5527003543716935,12482420
7.137929439544678,8.006434714479273,6.972945111226732,7.355834070405905,8868370
7.42431640625,7.530155755881833,7.097459844555488,7.097459844555488,4870213
7.26555871963501,7.492801834585352,6.8639915545467325,7.408752749970033,4718309
7.433653831481934,7.595526080024505,6.954264195764023,7.346492750732789,3820771
7.274898052215576,7.657787617679499,7.22197836618018,7.408753583889463,3267071
6.727023601531982,7.393188632127122,6.5309098674551445,7.377624850880587,3992913
6.745701313018799,6.801734248497866,6.490441393036054,6.723911034632413,1707119
6.920024871826172,7.05076777458919,6.667878196649784,6.667878196649784,3434571
7.022751808166504,7.215752919106434,6.972945367569036,7.097461776695971,2311368
6.639861583709717,7.025863117585723,6.599393050812763,6.982282567183482,2920093
6.210278034210205,6.649199846015781,6.110664560284123,6.649199846015781,4651129
6.418843746185303,6.474876678917168,5.718436701535517,5.867857240220688,5477643
6.390826225280762,6.537133470355237,6.288099521357762,6.35035831624027,3461762
6.3783769607543945,6.518459009902557,6.225844377092152,6.225844377092152,2277576
6.3783769607543945,6.3783769607543945,6.3783769607543945,6.3783769607543945,0
6.300553321838379,6.699007277128292,6.235181873663239,6.471764140341556,4610788
6.406391143798828,6.46864994380703,6.225841854307704,6.225841854307704,1670446
6.284986972808838,6.599391737713697,6.232066688821963,6.39393894240238,3626236
6.138681411743164,6.45619889600477,6.101326124057584,6.412618342304716,3309733
6.2663116455078125,6.474877149903648,5.880309430787255,6.101326698918143,6670492
6.2663116455078125,6.2663116455078125,6.2663116455078125,6.2663116455078125,0
6.811071395874023,6.86399107223434,6.303664906282048,6.319229915089798,6257867
6.972943305969238,7.091233798139757,6.695893177803901,6.8453130706857905,4631741
7.383849620819092,7.502140749110982,6.982283049543753,7.091235048342548,5403997
7.433653831481934,7.84456002458249,7.3153633538464735,7.464783228368249,5591289
7.281121730804443,7.471009524230946,6.997845741512895,7.471009524230946,3417203
7.343379497528076,7.527042016110797,7.221975772668109,7.377622141708724,3576806
7.203299522399902,7.284235354566996,7.075669893577456,7.175283367459968,2119516
7.6110920906066895,7.720044695262659,7.231316444102155,7.408752505949945,5389987
7.741836071014404,8.218113243765785,7.68269050356555,7.720045793091086,10780440
7.165942668914795,7.626655269221017,7.069442464094524,7.626655269221017,6705290
7.51459264755249,7.688916094891182,7.097461057996973,7.128590464759762,4687564
7.51459264755249,7.514592647552491,7.514592647552491,7.514592647552491,0
7.5675129890441895,8.062467830885764,7.439883333125242,7.713820290643925,9255721
7.352719783782959,7.716931661544082,7.290461590298335,7.6266573117547,3528061
7.390076160430908,7.514593181055765,7.221978582510581,7.2904626669843235,3284957
7.987756252288818,8.09359560786551,7.4710106204146305,7.477237116318853,10984654
8.015772819519043,8.311501264815318,7.909934065645004,8.093596645098591,8087607
7.813433647155762,8.202549105174347,7.73561104776525,8.087370599817998,4051637
7.825883865356445,7.937949100058573,7.7075927501005115,7.937949100058573,2601725
7.5675129890441895,7.844563195142929,7.533270946262668,7.813433785674948,2999065
7.499029636383057,7.707595794414582,7.458562319699282,7.670241111603932,1820433
7.8476738929748535,7.888141807669318,7.035201120740597,7.414977976785576,5686572
7.931723594665527,8.211886387039009,7.875691282297397,8.078030871700552,6634503
8.112273216247559,8.274145509172644,7.944175042238184,8.000207971996788,7490768
8.323951721191406,8.4484681090326,8.137176524163193,8.218112360839896,9480618
8.492048263549805,8.765985125683775,8.404885947389342,8.43601534601808,10039862
8.34262752532959,8.59166149502682,8.286595835810525,8.554306214992335,3577998
8.407999992370605,8.544968754084875,8.361306809481349,8.361306809481349,2545540
8.79089069366455,8.86248740429974,8.37375850060862,8.3924367594059,10816014
9.049263000488281,9.14887710362806,8.71618049654731,8.865601035990501,14984769
9.316973686218262,9.463280971484531,9.089730560637282,9.120859966630036,8322214
9.257827758789062,9.637604010676506,9.158214285412043,9.363667112706295,7598020
9.021245956420898,9.422812501601042,8.90918071665131,9.338764033223661,4825157
9.111522674560547,9.298297905035648,8.734858964960274,9.058602984908166,7139448
8.983890533447266,9.276505082415143,8.90295469909724,9.208021009544568,4714910
8.554306983947754,9.089729636240058,8.379984173915766,9.058600848679454,4086569
8.432903289794922,8.685049897744715,8.342627719972192,8.529403509235964,3414498
8.426676750183105,8.64769394008136,8.39865998406297,8.64769394008136,2118055
8.401775360107422,8.464033557251907,8.03445021268224,8.464033557251907,2944714
8.8438081741333,8.899841094673137,8.373756998303193,8.46714519920292,6003416
8.744196891784668,8.868713284780892,8.597889607037624,8.868713284780892,2973708
8.548081398010254,8.772211244158315,8.476484081826984,8.772211244158315,2110490
8.60411548614502,8.697502473236508,8.404887903812787,8.404887903812787,1340981
8.560532569885254,8.980777340153706,8.467145595151155,8.591661971640864,7627232
8.358194351196289,8.582324849627277,8.249242350294082,8.442243441924525,3039210
8.34262752532959,8.585435615021073,8.155852355689833,8.373756925358325,4272701
8.239900588989258,8.488933899463696,8.171415921014153,8.364416936593365,3001418
8.529404640197754,8.582324320865032,8.249241842053252,8.36753235007444,4260318
8.20877456665039,8.498276516580804,8.155854266569388,8.408000927713141,4080393
7.947289943695068,8.277259223194752,7.853901715233063,8.274146589879278,3605894
7.386961936950684,7.85078726209749,7.349606654224871,7.85078726209749,2352227
7.794754981994629,7.869464938352253,7.293574947981972,7.3247037375589,3071033
7.885030746459961,7.990870118373061,7.7200458069915125,7.9068210244225146,2467448
7.589301586151123,7.956626045624298,7.5426071784495035,7.906819005551281,1535319
8.05001449584961,8.155853860205236,7.430543320234674,7.639109416002029,4468034
8.411113739013672,8.467146669282032,8.165193587379534,8.221225287115006,1105234
8.29593563079834,8.398661743875882,8.124724827069342,8.155853616644485,2138853
8.345742225646973,8.392436022742185,8.31150018981267,8.348854858329004,701127
8.663260459899902,8.840697151008682,8.373758522578552,8.373758522578552,2653921
8.66014575958252,8.806453635459219,8.560532292459165,8.650807246991658,1247698
8.828054428100586,8.912008005536633,8.524529563089038,8.7214974735033,2626523
8.957218170166016,9.105751342408857,8.753791513011361,8.899096632811705,1525558
8.766703605651855,9.0088782708315,8.731185471663796,8.863573216440916,957050
8.892635345458984,8.928154120590623,8.76670433045602,8.853887242656988,1086830
9.209075927734375,9.451250620708578,8.912009044672889,8.912009044672889,8214600
9.221990585327148,9.425416491593728,9.141265067103086,9.299486138275991,2282322
9.18001651763916,9.241367372288828,9.057314808339823,9.170329809308019,1381519
9.108977317810059,9.26719778016819,9.089603266422055,9.170328161435217,988956
9.170330047607422,9.19939081156318,9.054086353577203,9.054086353577203,1376731
9.202617645263672,9.396356870059769,9.118664066279631,9.247823124005691,4052601
9.183241844177246,9.289798142215245,9.041166141919694,9.041166141919694,345175
8.07247257232666,9.073459600170352,7.885191330163318,9.073459600170352,2906176
8.07892894744873,8.198401296661416,7.814152182748077,7.814152182748077,1783584
8.395370483398438,8.51807152179922,7.9756013210215215,8.072470931352504,1385281
8.42120361328125,8.605256165387482,8.104762652063009,8.104762652063009,791861
8.395370483398438,8.589109704060402,8.26621015201447,8.26621015201447,846969
8.243608474731445,8.388912259483849,8.020807848961363,8.388912259483849,1140062
8.35985279083252,8.388912911835792,8.272669236787317,8.33724941081818,599719
8.48901081085205,8.718268804743186,8.334019050585608,8.395370527418176,1234143
8.67629337310791,8.75056025655673,8.395371840656402,8.640774595338588,987495
8.524530410766602,8.847429357650935,8.49224032461605,8.711811634025679,643791
8.576191902160645,8.647230075057237,8.463177584408246,8.524528414624577,458427
8.398600578308105,8.534217672546403,8.337249729735525,8.524530965174774,481462
8.159653663635254,8.39537030612315,8.088615482874102,8.39537030612315,799830
8.095075607299805,8.324333636773222,8.07247222657741,8.20163194047801,500706
8.169342994689941,8.589111612110429,8.078930742636304,8.395372348409763,1664664
7.998207092285156,8.188717042585909,7.953000962768852,8.185488352438336,822741
7.998207092285156,7.998207092285156,7.998207092285156,7.998207092285156,0
7.985289573669434,8.321104558861029,7.943312780296368,7.943312780296368,1302142
8.004661560058594,8.16288199848587,7.975600806475552,8.00789088723835,680174
8.198403358459473,8.26621223038169,7.953000581749487,8.127365796544366,991474
8.124135971069336,8.295272471952174,8.101533229656756,8.137052005649974,795861
8.124135971069336,8.124135971069336,8.124135971069336,8.124135971069336,0
7.9271674156188965,8.233921641956078,7.885190622258082,8.233921641956078,550218
7.781862735748291,8.024037419556294,7.701137841145624,8.007892057711532,1215035
7.75280237197876,8.024037827403884,7.73988633712927,7.852900684751686,1602582
7.756031036376953,7.87550339120496,7.749572381297576,7.814152550021112,589885
7.749572277069092,7.8012364113530595,7.717282831348626,7.749572277069091,502094
7.5784382820129395,7.759261519835428,7.546148190184935,7.759261519835428,1000624
7.581664085388184,7.668846342818565,7.4977105168077,7.568748691781664,625564
7.462193489074707,7.652704045451656,7.345949813845303,7.588123871320278,864803
7.352406978607178,7.875503137373016,7.300743483500516,7.74957213152446,2121734
7.258768081665039,7.436362632178655,7.232936646006854,7.36209573891932,523140
6.964929103851318,7.342720876023981,6.919722983487532,7.342720876023981,946977
6.7550458908081055,6.974617244150289,6.625886796777446,6.974617244150289,1384669
6.654946327209473,7.019822107335725,6.587138096105342,7.019822107335725,1067690
6.5354719161987305,6.716295085882289,6.496723820606426,6.716295085882289,1112539
6.506411075592041,6.583907273329834,6.009146997809457,6.070498473455369,1691804
6.541930198669434,6.651715835780376,6.474121985930579,6.522556150083922,800037
6.629114627838135,6.748586997706047,6.3611084894147805,6.65171737063323,2149474
6.170598030090332,6.493497005234224,6.086644436958485,6.2803836944033975,1804372
6.261007308959961,6.548387398291848,6.199656481859663,6.231946558808998,1935012
6.251321315765381,6.651715762635213,6.167367106151362,6.451518539200297,2201815
6.474122524261475,6.554846776102988,6.070498712225874,6.290070004705368,1350017
6.457976818084717,6.5225563437469125,6.206115455408897,6.441832096220911,1051079
6.512868404388428,6.687233537387266,6.393395442968442,6.651714773091841,810990
6.448290824890137,6.654945457477763,6.425687445935655,6.6484874403774885,944387
6.403083801269531,6.490266700712159,6.367565031335706,6.457976619769156,518477
6.390168190002441,6.45797704534785,6.328817351271214,6.45797704534785,893548
6.480580806732178,6.63557259171613,6.457978064120365,6.461206753833296,914014
6.306213855743408,6.554845870046477,6.283610481201732,6.522555790849026,726049
6.306213855743408,6.306213855743409,6.306213855743409,6.306213855743409,0
6.312672138214111,6.48703795266646,6.296528053611728,6.3449622220399196,590290
6.257780075073242,6.451519305392775,6.202886612395214,6.451519305392775,520291
6.147994518280029,6.312672355954274,5.989774059386664,6.312672355954274,1074467
6.273924827575684,6.451519335602532,5.921965139086183,6.451519335602532,694029
6.43860387802124,6.554847554802611,6.296528769449522,6.3288182187392295,1408555
6.399856090545654,6.522557140470944,6.283611781382015,6.45797760692042,735054
6.189971446990967,6.554847181182348,6.16736806792804,6.43860351102676,2041238
6.286840915679932,6.3611077918130485,6.199658005592617,6.23194809047811,2482183
6.270694732666016,6.448289857167561,6.264237354741875,6.328816877845841,1421010
6.264237880706787,6.438603054472604,6.206115730646846,6.328817409233052,1457632
6.890661239624023,6.890661239624024,6.6452578977354415,6.6452578977354415,2466287
7.181272029876709,7.49771299946599,7.12637919559679,7.174814011831593,4179594
7.1554388999938965,7.362093513837022,7.045652619247349,7.168354294815914,1926452
7.181272029876709,7.362095258725687,7.155440595903384,7.362095258725687,1583432
7.1231489181518555,7.316888139912685,7.103774230127376,7.226476545638097,1126560
7.1037750244140625,7.297514267837247,7.039196127549093,7.2297060432047875,1074291
7.055341720581055,7.232936261657515,7.006906903760851,7.142524007933131,1259801
7.055341720581055,7.055341720581054,7.055341720581054,7.055341720581054,0
6.929409980773926,7.232934859083481,6.851914416530577,7.232934859083481,990593
6.70015287399292,7.032738585304261,6.664634092170284,6.910036874857212,1156300
6.793792724609375,6.955241880896494,6.625885551014205,6.651716982039339,1973260
7.358865261077881,7.42667411939786,6.851914444764706,6.910035320427932,4071886
7.584895133972168,7.8464432420401735,7.458964752519298,7.458964752519298,5766260
7.675306797027588,7.865818007694351,7.620414601692596,7.743115666486343,2095206
7.697908401489258,7.891647619088865,7.66884700828373,7.839984125558895,1814786
7.691450595855713,8.059555629950836,7.639787100909573,7.846442357108134,4123916
7.684992790222168,7.872274639837591,7.597809882235921,7.872274639837591,1351571
7.91748046875,8.06924291344058,7.6979091635454076,7.804466126698011,2916238
8.162883758544922,8.653689900930976,7.975602526153527,7.975602526153527,3374458
8.07247257232666,8.330792011191846,7.914252729735815,8.153197476747922,2208520
8.24683666229248,8.314644878315411,8.13705101986442,8.13705101986442,1189885
8.07247257232666,8.395372190011704,8.024038395522451,8.38245551604061,1450295
8.07247257232666,8.07247257232666,8.07247257232666,8.07247257232666,0
8.456721305847168,8.576193663859126,8.107990938274465,8.233921313330884,4970201
8.233922958374023,8.76993528911814,8.143511339895415,8.524531868813941,3638857
8.437347412109375,8.543903729960183,8.17579933223093,8.17579933223093,2025103
8.505159378051758,8.695669344150005,8.44380787808864,8.556822892147256,3579014
8.479326248168945,8.679522898841768,8.266212284611207,8.621402011138386,1919157
8.463179588317871,8.634316088052776,8.343707226558966,8.53421713982781,1613650
8.214546203613281,8.534215772394562,8.195172154976577,8.524529067179689,1289106
7.978831768035889,8.266211311967155,7.9239389385983845,8.259753932698821,1466067
7.936853885650635,8.182257259398089,7.8787323698720515,8.007892073855293,2802457
7.936853885650635,7.936853885650634,7.936853885650634,7.936853885650634,0
7.988518238067627,8.395371412323337,7.943312755288369,8.395371412323337,1531040
7.994975566864014,8.04018168395741,7.911021987611856,8.033723667229783,1276329
8.282356262207031,8.330791071756533,8.149967867866001,8.195173349735109,1848112
8.2210054397583,8.524530332153189,8.18548666442378,8.459950160447647,2771360
8.230691909790039,8.324332836967505,8.188715118491736,8.201631152461527,890243
8.963671684265137,9.054083273710114,8.26620975733479,8.26620975733479,5590356
8.67629337310791,9.17032884858955,8.605255817569265,9.041169134531659,4037347
8.495471000671387,8.844202071824112,8.459951581164878,8.782851217504453,1501299
8.243608474731445,8.653689037799161,8.072471345961437,8.653689037799161,2851451
8.262982368469238,8.330791230774283,8.143510006155198,8.24360895484528,1385913
8.262982368469238,8.262982368469238,8.262982368469238,8.262982368469238,0
8.004661560058594,8.363079861008261,7.920707988282273,8.3566218448557,1042634
7.7947797775268555,8.088617359675393,7.7011388366267814,8.088617359675393,1146021
7.7947797775268555,7.846443920977139,7.620414569796407,7.749573652007858,1101938
7.717282295227051,7.772175114986841,7.475107639905408,7.684992213542771,1246040
7.484795093536377,7.704366375803111,7.381467468834796,7.433130962082097,1119379
7.484795093536377,7.484795093536378,7.484795093536378,7.484795093536378,0
7.236164093017578,7.643016633674138,7.187729281944346,7.491254183097541,991505
7.29428768157959,7.407302060095042,7.103777072783226,7.187731322254214,1756144
7.268454074859619,7.35240766108015,7.181271160903727,7.291056816178902,1964410
7.726970195770264,7.775405006684679,7.362094450026452,7.368552467362178,1529516
7.688223361968994,7.904565364982434,7.633329890999296,7.814153753057096,1257677
7.633330345153809,7.736658637167124,7.620414946859304,7.736658637167124,635781
7.846441268920898,7.878730709456534,7.6914495291635765,7.814151190178349,702702
7.86581563949585,7.988516667347414,7.798006790452627,7.943311193456559,542622
7.904564380645752,8.069242858426458,7.87873231239614,7.87873231239614,685853
7.830299377441406,7.943313736557733,7.756032488607207,7.943313736557733,496042
7.778634071350098,7.943313202248745,7.7528026389686175,7.8787330257772945,505141
7.798007965087891,7.875503530721969,7.765717880154094,7.814152688451272,250078
7.788321495056152,8.04018290940726,7.684993849872358,7.830298929287259,1476294
8.16611385345459,8.230692753509388,7.827069522510099,7.827069522510099,2345564
8.053098678588867,8.359852914246284,8.01434993539124,8.253295944625833,1896670
7.975601673126221,8.162882885487027,7.904564125935885,8.030494497284304,781208
8.175799369812012,8.250065604621977,7.878731877744118,7.943312044805403,1879800
8.182256698608398,8.330790443740083,8.146737926043953,8.311416393739385,1510978
8.266212463378906,8.459951738213453,8.224235663045233,8.26298377329501,2136148
8.208089828491211,8.369538977109396,8.188715139280303,8.363080960108107,948998
8.107991218566895,8.298501132446786,8.075701132228327,8.266211046108218,980397
7.684992790222168,8.26621047491177,7.620413260214552,8.137051414896538,2629756
7.420217514038086,7.684994342581629,7.397614131493599,7.555834618269271,3211880
7.203873157501221,7.555832828261151,7.1683543853264755,7.555832828261151,2730407
7.287827014923096,7.426674057966806,7.197416055520343,7.265224913279429,3078691
7.420217514038086,7.552605928309857,7.249080991010463,7.391156751574772,1911655
7.465422630310059,7.539689515950495,7.410529798081099,7.523544152337373,2729277
7.6236419677734375,7.646245345806184,7.500940924285912,7.552604420774288,1632965
7.646245956420898,7.911022753258318,7.620413887010301,7.814153131175646,1740466
7.704367637634277,7.862587470609009,7.659161515207865,7.733428397233428,1609370
8.08538818359375,8.227463931331092,7.691451666303458,7.814153361412013,4342907
7.888420581817627,8.233922301433152,7.827069731636436,8.227464283613704,1924141
8.020809173583984,8.072472679116196,7.9110235063450105,7.9433135961821,2099734
8.30173110961914,8.518073109494074,8.082159781754193,8.259754313198737,4511059
8.417973518371582,8.647232174712524,8.334019931861182,8.569735967281018,6211723
8.266212463378906,8.540676648796905,8.233923009711264,8.492241830088268,2019787
8.337248802185059,8.505156604200673,8.272668632868658,8.330790785253418,2447293
8.476095199584961,8.673063758472866,8.366309550074822,8.459949838170099,5765016
8.640772819519043,8.808680604748645,8.46963698345688,8.64400150855857,6433947
8.417973518371582,8.75701783036676,8.395371415181323,8.705354330286154,3093375
8.179028511047363,8.443805296009582,8.120906357480287,8.330790954717498,3096929
8.195172309875488,8.330790014688809,8.16934088274526,8.330790014688809,1318722
8.388912200927734,8.459949748134617,8.175799559307087,8.201630988523304,1893665
8.424432754516602,8.55036379070915,8.340479155859674,8.524531717827893,2718335
8.485780715942383,8.572963613094853,8.463177978979498,8.524528812056133,3750399
8.450264930725098,8.653690911634534,8.334021239545207,8.55036389526037,3216958
7.701137065887451,8.74410065901142,7.62041281761818,8.5180713598021,11093066
7.907792568206787,7.969142764144136,7.45896331900961,7.717282049642545,3800999
8.30173110961914,8.395372048222878,7.94331335694715,8.043411675116692,7873030
8.107991218566895,8.550362529473485,8.040182356359434,8.379226029189672,4081067
7.949769973754883,8.16934126292541,7.859357740867136,8.137051179751214,4428283
7.943314075469971,8.266212440495554,7.8819632201812455,8.25975506034564,1479217
7.843211650848389,8.036950839699374,7.823837604321912,8.036950839699374,1685876
7.697908401489258,7.936853096151715,7.675305024750848,7.936853096151715,2642274
7.594581604003906,7.701137930015147,7.56229151814881,7.697909240533163,1109835
7.620412826538086,7.7431138627489595,7.523542579729004,7.555832661998698,1431746
7.607497215270996,7.684992778806422,7.5687497526067915,7.620413248894736,592124
7.73988676071167,7.814153646057115,7.62687176869718,7.636559114467998,1089763
7.697908401489258,7.943311750825818,7.66884700828373,7.849670831156082,1501890
7.555833339691162,7.749572574272085,7.530001909765535,7.749572574272085,1241211
7.5041704177856445,7.62364278476148,7.433132224966663,7.555833919810542,1599038
7.449276924133301,7.613956051454336,7.433132199469729,7.613956051454336,710919
7.3717803955078125,7.6139550632731465,7.342720277809216,7.575206963261013,1017878
7.3717803955078125,7.3717803955078125,7.3717803955078125,7.3717803955078125,0
7.284598350524902,7.4266740833731655,7.2393922324618565,7.4266740833731655,1203284
7.355635166168213,7.4105279849666905,7.284597625913815,7.40084127973453,1516501
7.313660144805908,7.4525072080209025,7.284599383889303,7.37824032262849,2706801
7.313660144805908,7.313660144805907,7.313660144805907,7.313660144805907,0
7.365324974060059,7.416989763821006,7.297516094249419,7.416989763821006,1276702
7.449276924133301,7.620414068961182,7.378240007972166,7.4202168026631234,1273656
7.352406978607178,7.51062742956977,7.3330329286145535,7.471879329584522,1431912
7.32980489730835,7.442819889812931,7.303973464290748,7.362094986339247,1808796
7.397611618041992,7.455733761427883,7.329802769861918,7.3911542403171575,2120646
7.394387245178223,7.542921060098977,7.384700534730045,7.420219323983103,1136943
7.352406978607178,7.420215834477861,7.297513517857907,7.416987145249258,1179150
7.349179744720459,7.452507393602533,7.323347034741029,7.38792721417178,1647867
7.568750381469727,7.8399851954832505,7.426674638010984,7.4912541732883735,7682682
7.571977138519287,7.7366555815648,7.549373764465027,7.555831780165257,4233738
7.4912543296813965,7.743115096907616,7.44927689693661,7.620414041139682,2789701
7.416986465454102,7.5493741994190176,7.371779714741013,7.5493741994190176,2216623
7.281369686126709,7.530002400806729,7.2490802370622776,7.530002400806729,3693229
7.349179744720459,7.423445993755129,7.287828255157681,7.349179744720459,3739446
7.32980489730835,7.426675164401041,7.313660171896459,7.362094986339247,2207670
7.2716827392578125,7.342720928912583,7.239392653051098,7.329804256222837,1200206
7.342720031738281,7.358864753765456,7.103774061211402,7.207102324447666,1369633
7.342720031738281,7.4234442800811395,7.320116655051857,7.4234442800811395,3491595
7.165127277374268,7.375011267546648,7.1263791692468414,7.362095231504172,7135375
7.190958499908447,7.261995413335377,7.168355120400944,7.245850689293214,1856454
7.187727451324463,7.232933561309376,7.136063325627419,7.232933561309376,1146673
7.232933521270752,7.26522359965266,7.168353364506937,7.200643442888845,609315
7.232933521270752,7.232933521270752,7.232933521270752,7.232933521270752,0
7.649473667144775,7.781862048622683,7.281368639768754,7.28459796713538,21897931
7.775405406951904,7.846443601301846,7.5526053929175685,7.691451815472711,5373873
7.9917473793029785,8.007892103032065,7.86581700251919,7.875503709115232,7742577
7.9917473793029785,8.124135773219813,7.943312569908672,7.988518051632933,5095308
7.943314075469971,8.072473166197335,7.846444438320861,8.066015786047421,4372803
8.030494689941406,8.056326757978356,7.781862630603357,7.781862630603357,3676898
8.046639442443848,8.072471510574161,7.911022361173776,8.072471510574161,3879433
7.978831768035889,8.130594221397564,7.911022903647551,8.049869322058392,2403221
7.975601673126221,8.059555892232188,7.9465409163853575,8.014349136045029,1957892
7.807694911956787,8.04018225422712,7.75603141267841,8.017579513180772,2416609
7.7205119132995605,7.936853235008544,7.688221830399043,7.749572030599534,4054611
7.668847560882568,7.807694605827125,7.626870769925038,7.746343764072189,2797110
7.549374103546143,7.7366559290577035,7.426673076144449,7.7366559290577035,2512608
7.265226364135742,7.462194321696168,7.123150603401168,7.433132920990878,3446291
7.310431003570557,7.423445350470326,7.187729311492075,7.197416656670788,2595922
7.336261749267578,7.426673984186169,7.265224841102715,7.307201631068553,1525071
7.691450595855713,7.71082400758114,7.3943837448461585,7.426673828066871,3804357
7.707594871520996,7.7495716581708525,7.555832446492452,7.7495716581708525,2212934
7.652702808380127,7.701136973838585,7.465420971880613,7.652702808380126,3932075
7.716757297515869,7.78755333383391,7.585279325109171,7.6796731517706815,3036982
7.639218807220459,7.838121228589334,7.602134661196618,7.740355812342779,5995800
7.733611583709717,7.9662271969396174,7.639217769165625,7.7538397815717675,2720801
7.878576755523682,7.95611530831431,7.753841286301855,7.8819476782736455,2225981
8.094334602355957,8.192100676132426,7.804407969599112,7.8549764676127,6765289
8.414602279663086,8.515738610318001,8.15164568773036,8.293237750026586,5337905
8.417974472045898,8.684302692766332,8.293239001307004,8.428087906740743,5845833
8.353920936584473,8.61013505611833,8.310094942399255,8.326950888986813,4788350
8.444944381713867,8.62024903586114,8.414604075731033,8.562938014253339,1597525
8.937145233154297,9.034910663673879,8.495513668488163,8.556195613891903,9742137
9.055136680603027,9.318093268605155,8.873089555708537,9.014681615888286,12394152
8.755097389221191,9.304608401996315,8.731498932548899,9.169759507021576,6876437
8.795555114746094,8.927033803194856,8.674190530351474,8.765214801550137,4812318
8.9202880859375,9.09559205248694,8.866347993878028,8.967485666489535,4541090
8.687670707702637,9.12255958149239,8.647215649820073,9.021422603107716,4829136
8.461799621582031,8.785438161696117,8.428087065427889,8.680929570779222,5098966
8.640475273132324,8.691043774807834,8.428087166302035,8.475284745482734,2815514
8.728128433227539,8.829264776201525,8.600020710778244,8.677559262257637,3508756
8.70789909362793,8.815778600531468,8.647217162510499,8.758467591666406,3755798
8.579793930053711,8.761840415390813,8.532596347614193,8.758468826341302,2916435
8.535966873168945,8.626989771335994,8.508996829420843,8.552822817350577,1566241
8.6033935546875,8.694417816231097,8.468544623061229,8.589909194582544,6520744
8.788808822631836,8.87983305470046,8.637103323935166,8.684301567468433,5391707
8.970855712890625,9.05176517675541,8.819150218273458,8.886575326762324,5711359
8.78206729888916,9.088849896170778,8.714642186122926,9.031538217158532,4871447
8.475285530090332,8.731499651003869,8.428087946540273,8.731499651003869,17425254
8.458428382873535,8.589906347475992,8.441571772265773,8.52248123768868,4877954
8.482028007507324,8.552824049383316,8.448316114287868,8.49551303132389,2756987
8.50562572479248,8.55956514903617,8.471913168188985,8.556194226536771,2676667
8.340435981750488,8.556195031671908,8.306724088296617,8.556195031671908,2912145
8.192099571228027,8.424714497452367,8.171872041486397,8.225811454475648,3017531
8.107819557189941,8.316836058345162,8.016796661308668,8.016796661308668,4616270
7.9729719161987305,8.155018417849336,7.956115968406528,8.023540425897343,3476632
7.6931586265563965,7.989827812017887,7.672931757552976,7.989827812017887,5220860
7.723498344421387,7.942628942109355,7.625732939012589,7.753839975652098,6293048
7.676302433013916,7.801037897352836,7.568422914408872,7.568422914408872,3893495
7.7437262535095215,7.801036592684334,7.699899602551676,7.747097175563764,3860428
7.6796722412109375,7.770695800873395,7.65607378734357,7.770695800873395,3157715
7.52459716796875,7.68641611799546,7.50099804358498,7.618991000216042,3524154
7.592020511627197,7.608876455451523,7.295352035652344,7.416715897302446,3046691
7.5077409744262695,7.608877315120697,7.484141850819709,7.592021369391946,2392517
7.396490573883057,7.686416599531919,7.318952016740085,7.686416599531919,10420394
7.147018909454346,7.349293607850436,7.08970788927855,7.349293607850436,4509194
7.039139270782471,7.248155811733382,6.796410835896296,7.214443251476147,5815761
6.95485782623291,7.214442169143063,6.927887782073252,7.2110712467840425,4752557
6.998685359954834,7.06273822949238,6.809895675479362,7.005427872483315,2477572
6.978456497192383,7.12679041200701,6.95148578587805,7.079593499592136,1681576
6.981828689575195,7.062738172947185,6.877320745703462,6.978457766498953,2441770
7.184101104736328,7.244783703268719,7.012168075044016,7.012168075044016,2650367
7.221186637878418,7.281869253688972,7.116678687909988,7.150391252249185,2851120
7.207700729370117,7.332436191133649,7.18073068369522,7.315580245747794,2029518
6.728984832763672,7.167245393334684,6.702014788095453,7.147017859833521,5990971
6.884060859680176,6.911030233859675,6.61436178731091,6.675043712117015,8565536
6.894176483154297,6.991941911565402,6.877320535643898,6.944744992007488,2799628
6.9750847816467285,6.998683903747185,6.914402847838429,6.94137222601885,1876453
6.927888870239258,6.998684914117384,6.867206261348588,6.9481157402141696,2442474
6.927888870239258,6.927888870239258,6.927888870239258,6.927888870239258,0
7.018911361694336,7.066108277224791,6.931259376004685,6.931259376004685,1828983
7.035768985748291,7.096450933390488,6.9851998076170805,7.045882421581312,1663473
7.015539646148682,7.1065625442370255,6.944743614532062,7.032396256637601,1959260
7.042510032653809,7.079593511419418,6.971713997591331,7.015539987616314,1433984
6.9750847816467285,7.079593370932212,6.964971348119306,7.079593370932212,2010896
6.911031246185303,7.015539835275268,6.8908043791683,7.012168246557847,1811884
6.900918483734131,7.005427082986694,6.880690948428285,6.944744477069157,4122693
6.897547245025635,6.94137324058665,6.843607814458994,6.9380023176921,2389470
6.860464572906494,6.924518112375827,6.826752008364198,6.8806921116318716,2238830
6.664931297302246,6.904288777477792,6.634589663946623,6.833492743517812,7012735
6.873948097229004,6.900918142971703,6.69190162110961,6.7222425894091895,2652253
6.951486587524414,7.0391392438579565,6.911032181692442,6.941373152646913,1855365
6.921145915985107,6.995312878013594,6.884062434970865,6.978456932004011,1660550
6.880690574645996,6.907659953933443,6.8200086383468514,6.877319652105781,1247853
6.927888870239258,6.944744817325677,6.877320362658022,6.917775435251802,1067981
6.843606948852539,6.911031395113224,6.813265981351326,6.911031395113224,926284
6.735726833343506,6.830121316205015,6.685158336584774,6.755953698989529,1428098
6.735726833343506,6.735726833343506,6.735726833343506,6.735726833343506,0
6.745840072631836,6.826749531860189,6.000796997615834,6.000796997615834,831705
6.80989408493042,6.863834172559789,6.7357271307619015,6.799780651660845,883445
6.833493232727051,6.941372752598228,6.809894775158274,6.846978922323122,1731078
6.803152084350586,6.894174980655841,6.7795529633927645,6.843606482823416,766276
6.820008277893066,6.840235811031011,6.240155659548036,6.240155659548036,516426
6.735726833343506,6.809893784237156,6.715499301375646,6.75932595380026,491929
6.668302536010742,6.7761827195977125,6.6076205990649886,6.63121905606368,1430005
6.67167329788208,6.708756773232241,6.577278815266624,6.641332333170296,1067545
6.661560535430908,6.7390984160920535,6.627847978846561,6.7390984160920535,964925
6.594133377075195,6.654815960106164,6.573906515719901,6.654815960106164,1133130
6.5772786140441895,6.590762968586577,6.526710118964344,6.573907691989047,1293375
6.584021091461182,6.637960508325696,6.550308539469729,6.604248622656053,789250
6.519968509674072,6.580651118151663,6.489628204918238,6.550310147073855,3365732
6.4559149742126465,6.553680389346297,6.422202417448333,6.553680389346297,1191471
6.3648905754089355,6.466026889302574,6.334548948286922,6.412087477471184,1639463
6.3648905754089355,6.3648905754089355,6.3648905754089355,6.3648905754089355,0
6.415460586547852,6.43905837685199,6.344663884025907,6.405346486335328,865176
6.422201156616211,6.439057098528189,6.378375174587648,6.432314588499043,716961
6.553680419921875,6.5739086203967405,6.412089013494987,6.412089013494987,584155
6.584021091461182,6.641332096685746,6.540195107033198,6.600877700617813,613160
6.546936988830566,6.654817155824778,6.506482592529551,6.654817155824778,553544
6.6548171043396,6.675043969172714,6.523339151315308,6.523339151315308,3395680
6.745840072631836,6.803151744724114,6.651445592478455,6.651445592478455,2335222
6.80989408493042,6.840235717382873,6.745840564031476,6.80989408493042,2186520
6.80989408493042,6.80989408493042,6.80989408493042,6.80989408493042,0
6.860464572906494,6.894177137448789,6.809896059254079,6.816638572162538,2091537
6.884060859680176,6.991939689041741,6.796408894372789,6.877318349554854,2061030
6.9447431564331055,7.01216759497565,6.87731871789056,6.938000645946668,2103548
6.880690574645996,7.012168547508748,6.8638346293011026,7.012168547508748,925113
6.610992431640625,6.978456988401577,6.573908950326686,6.9312594063426,3492911
6.553680419921875,6.6413330679180245,6.506483506553549,6.6413330679180245,1855935
6.536823272705078,6.607619296062306,6.506482310215348,6.607619296062306,1188476
6.519968509674072,6.540196712155243,6.4727715916245865,6.506484151889915,982966
6.479514122009277,6.51996852812015,6.4390590495764295,6.499741658225702,863290
6.543566703796387,6.573908336878207,6.412088736955386,6.412088736955386,562155
6.51659631729126,6.607619879114091,6.492997862863801,6.5064828843428755,963703
6.482884407043457,6.567165457829404,6.408717455492055,6.408717455492055,4534686
6.553680419921875,6.600878665934017,6.4592865931852215,6.486256638722499,848347
6.584021091461182,6.637960508325696,6.5536794615079685,6.607619544694293,318698
6.610992431640625,6.637961812209528,6.560423260559323,6.614363354341011,708091
6.610992431640625,6.610992431640626,6.610992431640626,6.610992431640626,0
6.587391376495361,6.637959866431637,6.439056828398805,6.580648866749075,1031691
6.540195941925049,6.60087854325613,6.506483385630003,6.56042280938018,899279
6.536823272705078,6.573907411661176,6.506482310215348,6.5401948609382625,427277
6.573909282684326,6.600879330938697,6.408718736609269,6.5064841620484,598092
6.6143622398376465,6.675044168795352,6.540195289706712,6.587392197491186,1278713
6.664931297302246,6.702014775490357,6.631218741530378,6.675044730872863,955506
6.759325981140137,6.809893811781567,6.675044264438903,6.688529952127192,1402472
6.843606948852539,6.911031395113224,6.759326557607157,6.759326557607157,2780872
6.843606948852539,6.843606948852539,6.843606948852539,6.843606948852539,0
6.705385684967041,6.860462774896489,6.6885304065964615,6.860462774896489,4842504
6.712129592895508,6.82675163982951,6.691902721584114,6.725615284306475,3283299
6.732356548309326,6.8065235062219465,6.695272403031118,6.8065235062219465,3141871
6.833493232727051,6.917774961351384,6.728985301835375,6.74921217042465,4749428
6.981828689575195,7.012169662549439,6.860464131356203,6.873949156305204,2748355
7.052624702453613,7.160504235189107,6.958230194600309,7.012169627807049,6374580
7.140275001525879,7.173987555722141,7.079593070294462,7.079593070294462,4606456
7.194215297698975,7.258268153053986,7.079593276416327,7.234670363912335,4299892
7.261640548706055,7.312209720253356,7.197587019911015,7.21444296621215,2977915
7.076223850250244,7.2751263020503485,7.059367235936259,7.268384455911171,3239103
7.07285213470459,7.120049721091094,6.99868516527637,7.069480545373124,1767512
7.113306999206543,7.214443348697205,7.072851926352692,7.109934743652415,1691855
7.244785308837891,7.2751262816672355,7.113307315696052,7.211072746626389,1700436
7.150389671325684,7.376262136653641,7.086336146404222,7.214442529925237,1933229
7.109934329986572,7.140275966022633,7.029024855308279,7.0795940265944,999443
7.082965850830078,7.177360361022967,7.045882364645946,7.116678413871121,1228910
7.07285213470459,7.120049721091094,7.002056088285834,7.045882085340873,1206424
7.204329967498779,7.275126012361244,7.052624442645779,7.052624442645779,2301689
7.086336135864258,7.281867632865409,7.072851113130123,7.281867632865409,2418444
7.00542688369751,7.177359263101231,6.971714325813482,7.177359263101231,1160642
7.082965850830078,7.1672469252716695,6.8941768304443,7.012169801604904,2029653
7.147018909454346,7.197587417472872,6.917775495073147,7.012169332630947,1122757
7.288609027862549,7.3324350118748685,7.113305091813272,7.153760153819323,4495246
7.396490573883057,7.4403165700243035,7.281868532799183,7.3796339602211996,5852154
7.5414509773254395,7.5684210167950425,7.386374583018741,7.436943073863366,7257560
7.5414509773254395,7.5414509773254395,7.5414509773254395,7.5414509773254395,0
7.4470601081848145,7.686417658467689,7.393120669472962,7.60550816723887,6063674
7.470656871795654,7.517853782433874,7.399860173194584,7.4841412274623815,2473240
7.484142303466797,7.602135263348211,7.352664319658027,7.484142303466797,3111094
7.531338691711426,7.578536272140898,7.484141777603872,7.534710280617348,1772745
7.514482498168945,7.571792839377375,7.487511789168903,7.571792839377375,1091182
7.4470601081848145,7.548197138801357,7.42683323511917,7.497628623493085,1163792
7.366150379180908,7.544825971855144,7.352665353357715,7.494256791857137,969744
7.268383502960205,7.450429316578468,7.244784379279087,7.389747378705714,1294805
7.184101104736328,7.403231711064944,7.160502649579108,7.403231711064944,1114871
7.2852396965026855,7.315581335567969,7.150390780683248,7.211072726169793,1152995
7.3998613357543945,7.43357389602232,7.261640838138862,7.281868374299617,1524117
7.30209493637085,7.514483723946063,7.275125555615185,7.514483723946063,1038624
7.37963342666626,7.399860961804823,7.227927912609945,7.349293123441325,1545485
7.409973621368408,7.423457975849603,7.298722532904518,7.356033538156385,1710757
7.440314292907715,7.48414027563597,7.376260779769083,7.420086762497339,1776020
7.480771541595459,7.517855025032559,7.406603908399279,7.517855025032559,1266868
7.527968883514404,7.544825497895507,7.450430323062974,7.534711396002442,1351934
7.618990421295166,7.65607456641702,7.551566641282766,7.612248576351443,3815061
7.571793079376221,7.686415098069864,7.50099704826287,7.6729307426251925,1230817
7.554937362670898,7.656074362641409,7.500997273981625,7.605505862656154,1186787
7.420087814331055,7.625733403171801,7.383004336482827,7.551566447475345,2024150
7.558309555053711,7.750470153814616,7.517855148061198,7.686416620894314,8732300
7.3998613357543945,7.618991311690975,7.335807804406324,7.585280084066997,5753338
7.527968883514404,7.585280572823737,7.281868843506055,7.484142885503164,2914020
7.565051555633545,7.6156200606956315,7.4908845925616685,7.605506626211992,2210478
7.484142303466797,7.605506852491033,7.423459695793697,7.571794292672644,3104639
7.490883827209473,7.544823915802949,7.335806738825106,7.5380807384068875,1951115
7.757211685180664,7.838121155257162,7.484141640640818,7.551566754306154,4627150
7.871833324432373,8.006682212478445,7.790923858340355,7.82463641351281,6579675
7.925774097442627,8.090964646463826,7.854978052673259,7.9224031745116985,8311769
7.932516574859619,8.02354015578158,7.895433091172001,7.935888164097757,4083771
8.016797065734863,8.13816093303238,7.854976799146494,7.983084510195619,7559388
8.111190795898438,8.185358417237115,7.9763419079264075,8.057251373974001,9011010
7.986456394195557,8.192102008262824,7.969599781235379,8.14490442482507,5279501
7.888688087463379,8.02016669978504,7.804407045314941,8.02016669978504,2979947
7.888688087463379,7.888688087463379,7.888688087463379,7.888688087463379,0
7.801036834716797,7.915658849266277,7.726869884004252,7.821264366635265,2999128
8.104449272155762,8.148275262430625,7.939258744842089,7.939258744842089,5628438
8.087592124938965,8.259525152159716,8.060622747856344,8.124675601459192,5677235
8.111190795898438,8.208956206362066,8.094334851482403,8.144903351052381,4164029
8.273011207580566,8.42134579851784,8.19884357895096,8.42134579851784,10652007
8.178616523742676,8.293238553598886,8.14153304343424,8.293238553598886,2425894
8.208954811096191,8.276379909943918,8.178614516097353,8.23592551695704,3789124
8.141531944274902,8.22581232766225,8.104448468972976,8.219070483354475,3108483
8.084222793579102,8.208958279669888,8.023540845297648,8.208958279669888,2500142
8.239298820495605,8.28312481425465,7.892061126857242,7.892061126857242,7798669
8.242668151855469,8.529223849986382,8.168501202324348,8.36066175300606,19173752
8.242668151855469,8.33706329930467,8.232554719218252,8.293237314007024,3435907
8.144903182983398,8.222441725076536,8.10781970624021,8.181986659726588,3221279
8.1853609085083,8.22581532068374,7.8886916655040045,7.8886916655040045,2813587
8.050507545471191,8.192100265665296,8.006681560476784,8.161758635319936,1207149
7.763953685760498,7.946000814358209,7.713385186999326,7.9021748265199845,1951571
7.592020511627197,7.804407935836726,7.554937035420572,7.7336119056595996,2983459
7.770697116851807,7.807780598158331,7.426831684350069,7.592021555718604,2389636
7.669560432434082,7.817895030269408,7.645961307248073,7.780811547391069,1092633
7.689788341522217,7.713387469897997,7.592022903687052,7.6560764432517745,948200
7.689788341522217,7.689788341522217,7.689788341522217,7.689788341522217,0
7.635847091674805,7.720128149985916,7.551566699685594,7.6527030368082665,1038447
7.635847091674805,7.635847091674805,7.635847091674805,7.635847091674805,0
7.6931586265563965,7.753841232532498,7.6257341751271195,7.710015239155176,1113006
7.75383996963501,7.80103687805178,7.639217954448801,7.686414862865571,1365053
7.848233222961426,7.881945773925568,7.747096902712582,7.7942938077405906,1366048
7.716757297515869,7.9426297629059865,7.6897865856781555,7.9426297629059865,1962617
7.683044910430908,7.726870902201778,7.561680369249298,7.5684228807772715,1710207
7.720131874084473,7.753844446935836,7.6358507751171745,7.6358507751171745,1166051
7.720131874084473,7.753844446935836,7.666192423844513,7.720131874084473,4203034
7.706644058227539,7.753841643152839,7.686416521830982,7.750470053925755,1129762
7.629105567932129,7.686415917063555,7.592021420961899,7.639219002173692,1336494
7.6931586265563965,7.720128673656886,7.622363252400532,7.683045192054686,598206
7.784180641174316,7.801036584070543,7.6864145732038525,7.7504680890600515,709106
7.7808098793029785,7.8549761628375565,7.76058168129618,7.7875523898646355,658744
8.0572509765625,8.077478508657174,7.736983384201421,7.736983384201421,2612606
8.04039478302002,8.148274959778087,7.966227827820724,8.090963282714426,3742368
8.020166397094727,8.107818357786567,7.908915319046048,8.084219240429725,1565112
7.949372291564941,8.05050862982525,7.932515679919967,8.05050862982525,803332
7.885317802429199,8.084220198418107,7.828006795751315,8.0235382696165,1814682
8.006683349609375,8.0909644163494,7.8313800367811774,7.9695998668139145,2035684
7.98982572555542,8.074106101252559,7.902173761690203,8.023537609305567,1051680
7.979714393615723,8.077480489554935,7.959486856560507,8.077480489554935,821114
7.912290096282959,8.023540552851388,7.888690969414066,8.023540552851388,1180030
7.912290096282959,7.912290096282959,7.912290096282959,7.912290096282959,0
7.932516574859619,8.02354015578158,7.895433091172001,8.02354015578158,1093358
7.811151027679443,8.016797289035992,7.794295082601254,8.016797289035992,1076157
7.632477760314941,7.871835296189567,7.618992068546156,7.854978681220116,1376825
7.733611583709717,7.7841807457212,7.592020195571757,7.7538397815717675,3398540
7.726868152618408,7.753838189133096,7.686413097846377,7.753838189133096,747862
7.787552833557129,7.848234099425682,7.689786091681965,7.848234099425682,732308
7.915658473968506,7.969597890205206,7.78755211053567,7.811149897172311,1349820
8.074108123779297,8.14490416350352,7.969599525538314,7.969599525538314,4522499
8.074108123779297,8.074108123779297,8.074108123779297,8.074108123779297,0
8.084222793579102,8.151647920916316,8.047139306704652,8.090965306312823,2947191
8.262897491455078,8.340435373804711,8.084221270828087,8.090963782291784,3321816
8.161759376525879,8.353919943328968,8.138160920844689,8.347177432231216,2249099
8.094334602355957,8.326949559954093,8.08084958070942,8.326949559954093,1565340
7.979714393615723,8.219072582619448,7.902176501053731,8.09096484793641,2991967
7.9729719161987305,8.090964883388159,7.902176535678276,7.902176535678276,3095001
8.047136306762695,8.13141735135354,7.959484340222677,8.084219779812566,2618077
8.192099571228027,8.293236553614415,8.104447608669393,8.225811454475648,3137477
8.35055160522461,8.3876350945777,8.235929547412105,8.266270523580806,3094007
8.606761932373047,8.630359718503538,8.401115705190564,8.428085745891336,4284369
8.596650123596191,8.701158059663822,8.458429627673535,8.701158059663822,3453990
8.616877555847168,8.832635937357836,8.596650020177492,8.657331960864562,4389061
8.61013412475586,8.694415181220846,8.535967168206929,8.630360991944196,3795517
8.623620986938477,8.778697444291847,8.562938373461222,8.562938373461222,3285817
8.758468627929688,8.782067751775811,8.616877216462596,8.630361573389328,4968989
8.970855712890625,9.021424211096347,8.76521079780422,8.798922685726799,5136468
8.85623550415039,9.058509523080167,8.836007302671085,9.014682863744904,2682439
8.873092651367188,9.034911634038123,8.836009162268518,8.900062703919703,3261423
8.869721412658691,8.967487516525138,8.765213462215858,8.765213462215858,3575687
8.72138500213623,8.994454365391485,8.657330814503021,8.984340932056798,5089256
8.795555114746094,8.883207795819322,8.701160586066313,8.765214801550137,3121281
9.038280487060547,9.169758444267787,8.765210473585922,8.90005935293199,10089530
8.852865219116211,9.102336190503827,8.771955732891094,9.102336190503827,4267385
8.889948844909668,9.014683656883104,8.862978129338277,8.869720641650625,4339570
8.792180061340332,9.088849202216606,8.744982486007611,8.974227185587555,5940350
8.896690368652344,9.034910200244004,8.782068329816163,8.933773851866054,7085987
9.284379959106445,9.348432806876012,8.839376948746352,8.839376948746352,14467234
9.456314086914062,9.62824779720914,9.372033692545944,9.372033692545944,16233265
9.68555736541748,9.742869041780924,9.385517293279584,9.567564423012755,13425895
9.581048011779785,9.911429689978268,9.547336792296665,9.776580147793098,9764012
9.506880760192871,9.695670379759232,9.473168875463207,9.668700338918068,5149638
9.365290641784668,9.547337775698635,9.31135121914778,9.540594598256908,7506198
9.540594100952148,9.587791676330893,9.372032664386044,9.439457105748117,7116308
9.624876022338867,9.769839693836598,9.550709724692272,9.628248277744092,7852492
9.661959648132324,9.77658167696973,9.60802022261456,9.692300616631186,6032597
9.854119300842285,10.187871921966845,9.449571315306434,10.187871921966845,10709457
10.005824089050293,10.201355557167487,9.901316177781537,9.97211153719498,17102897
10.002457618713379,10.079995523006858,9.918176534725914,9.94514658821344,4805665
10.17438793182373,10.245183974371118,10.046280870673408,10.046280870673408,7519420
10.133933067321777,10.383405349076146,10.08336522597846,10.204729111317588,10447005
10.33283519744873,10.38340369706854,9.99908256690049,10.113704588214974,7393837
10.666587829589844,10.720527254944983,10.326092666683225,10.444086284065824,8969197
10.811553955078125,10.902576209098394,10.56545191275973,10.713786523190098,9620461
11.003710746765137,11.040794890740418,10.821664280865742,10.909316258286863,9627776
11.148674011230469,11.232953730691174,10.996967850913792,11.118332379374023,12703556
10.990760803222656,11.229385313085391,10.843375606932932,11.229385313085391,8806465
10.724064826965332,11.159202760533196,10.639843910545151,11.117092302323107,17359898
10.429292678833008,10.843376757453997,10.387182915533884,10.773192662643359,35570113
10.253829956054688,10.78722544329274,10.211720205812263,10.78722544329274,11004322
10.222249031066895,10.3626165050143,10.120483149985066,10.352089239242783,7187944
10.404726028442383,10.625804138648233,9.987133194780444,9.987133194780444,10599034
10.467894554138184,10.653881382238987,10.422275235077821,10.520532283329933,10286335
10.401217460632324,10.615277876901283,10.176629778534826,10.513511995268226,8423591
10.597733497619629,10.632825543981326,10.35209056026222,10.457365312172836,7906367
10.555621147155762,10.948649221505718,10.527547515105876,10.738098368305797,15292753
10.397708892822266,10.5836949870253,10.281905497547138,10.380162524503117,6273245
10.127500534057617,10.51351159499802,10.074863513331765,10.457363636230578,5178799
9.759037017822266,10.106446504385849,9.706399300898955,10.0994274023031,13505075
9.86782169342041,9.994152348794172,9.730963078839668,9.916949857762509,5986753
10.152067184448242,10.281906718778309,9.86080492649722,9.966080374567492,5435229
10.45385456085205,10.510001824860966,10.18364828036404,10.34857982800956,8607836
10.355596542358398,10.688969156248948,10.253829982963639,10.527546481399408,7600020
10.397708892822266,10.432800935873393,10.183649164178332,10.246813454496012,4355963
10.485437393188477,10.62580486421703,10.39419947336255,10.45034604562169,5644324
10.123991012573242,10.731079462776961,10.008187632529914,10.731079462776961,20254624
10.520529747009277,10.587204280389708,10.071354381238256,10.176629814241641,11392097
11.194293022155762,11.271494822963666,10.569658819936828,10.569658819936828,27696626
10.920577049255371,11.57328487868801,10.878466598225977,11.43993581068209,21196845
10.667914390563965,11.001287733975172,10.545093289547633,10.87846593937172,21796866
10.987250328063965,11.029360776940907,10.674933593114922,10.776699470853508,9317968
11.310096740722656,11.362733766208988,11.018834510225911,11.131128357155239,17309484
11.692595481872559,11.875074088107986,11.299567412021602,11.369751491342921,28156836
11.689085960388184,11.917183178373078,11.562756004467632,11.854018200412801,17536869
11.920693397521973,12.089132403810034,11.734705251275829,11.808397489923621,23062574
11.95578670501709,12.211956194249764,11.825945797659816,12.211956194249764,18744941
11.95578670501709,11.95578670501709,11.95578670501709,11.95578670501709,0
12.422508239746094,12.52076597052621,11.9312223601945,12.001406453608869,20675083
12.17686653137207,12.629550139158527,12.071591080188073,12.629550139158527,13091590
12.31021499633789,12.352325452109019,12.141773173253377,12.254067721976385,11374295
12.82606315612793,12.90677311771347,12.28213963332325,12.28213963332325,20357150
13.022574424743652,13.12434028314332,12.773422716870051,12.983973534068811,20411232
12.587438583374023,13.296292963112135,12.303194088988914,13.124343000980188,25171842
13.13838005065918,13.194527317782123,12.534801090610447,12.643586073867574,15241438
13.362967491149902,13.527898351383294,13.229618427723274,13.475262023372023,17608350
13.534918785095215,13.755996933194163,12.966431127716197,13.68581423082351,18470593
13.61212158203125,13.83670929776855,13.534919771492572,13.68581522821782,13551168
13.720902442932129,13.966544619380075,13.62264612722259,13.791086516420442,10847454
13.696342468261719,13.99462244241519,13.552466114877147,13.81916289970311,11530188
13.18049144744873,13.854254539781833,13.054161474525076,13.80512637110868,12136727
12.920806884765625,13.247161753726804,12.6400733930132,13.247161753726804,19034563
13.331385612487793,13.419114674866956,12.85413662782267,12.931338424664217,16387708
13.46473503112793,13.668266794151164,13.39104139606748,13.538427279014071,12969541
13.31734848022461,13.608610710850957,13.131363074966535,13.510354375029662,11352108
13.527900695800781,13.654232066444195,13.131364374899993,13.334896169063715,9499934
13.622649192810059,13.80161688651182,13.510354649958437,13.615630090294626,12744426
13.27524185180664,13.755999127136635,13.19453048275077,13.68581641357255,16893150
12.727808952331543,13.44017161915743,12.675169840843441,13.44017161915743,10578060
12.910284042358398,13.01555948460778,12.07159005568485,12.762899532948813,18020187
12.622529029846191,13.173471611820055,12.468125446197048,13.001520274791446,10463295
11.85051155090332,12.590947788709332,11.797872444174383,12.590947788709332,15788112
11.548722267150879,12.07159064624291,11.166221382454054,12.05053472445829,24916707
11.394315719604492,11.783834913607645,11.299566870269842,11.576792929916934,11346886
11.808398246765137,11.889109591699583,11.166219118832636,11.313604299161721,13463232
12.3768892288208,12.429525563252378,11.748744733727642,11.966314722858916,18321446
12.06457233428955,12.42250772802206,12.001405959231406,12.282140934149986,14108764
12.250556945800781,12.278630580174905,12.106680610014147,12.208446494239592,6346011
12.864665985107422,12.966431880474921,12.387416922843364,12.401453741567279,11484562
12.9664306640625,13.152417454325604,12.843610245718462,13.054161119650374,9955128
12.6751708984375,12.99099727067099,12.601478633119541,12.948886810271597,16017134
12.6751708984375,12.6751708984375,12.6751708984375,12.6751708984375,0
13.029597282409668,13.071707739910577,12.752371837830198,12.850629571998983,11140174
13.685812950134277,13.780559728185901,13.054160364860609,13.124343060663715,20144895
13.61212158203125,13.994622470372533,13.482282047291244,13.826182030363187,21998831
14.156041145324707,14.40519287613227,13.682301763020648,13.682301763020648,36000955
14.678911209106445,14.731550314472512,14.317466284016374,14.36659445108214,21172255
14.777169227600098,14.942101487744104,14.531527000156732,14.857880582073838,16777888
14.987720489501953,15.089487766593946,14.801733691751233,15.050886863964024,17343618
14.401687622070312,15.121069329981564,14.292902631282095,15.082468427955808,20312799
14.780680656433105,14.878937005022511,14.127972022508871,14.471872016920912,23785981
15.24038314819336,15.405314039709184,14.95263043555755,15.019304979917022,24163549
15.693069458007812,15.79132720059405,15.159673058317548,15.300041262012176,30137785
15.822901725769043,16.275586546843748,15.657969509108483,15.861502617230745,36386306
15.303546905517578,16.05802136776152,15.159670560814705,15.865016853446551,31468953
15.103524208068848,15.573754130479418,14.885954228510627,15.573754130479418,25430438
14.805241584777832,15.707101836574255,14.70347570625854,15.222835138709963,34627187
15.226346015930176,15.370222369289799,14.194646068954281,14.822790593654332,26614179
14.952627182006836,15.62989974583239,14.843842203747567,15.62989974583239,15403891
14.973684310913086,15.257927433099523,14.591182080653983,14.812261605881604,22239894
15.34214973449707,15.503571067060744,14.914028849482753,15.092996552027587,14535596
15.83694076538086,16.00187300522076,15.201778661372614,15.440403144221266,32382646
16.54579734802246,16.64756462372335,16.015910597957937,16.015910597957937,28318232
16.851093292236328,16.980934179545958,16.528249317193254,16.703707426318648,22188216
17.265182495117188,17.39853158628084,16.465087948135274,17.030067503340327,37245068
17.542404174804688,17.833666381769717,17.06866474141743,17.370454213911767,35135209
17.81963348388672,17.995093034264485,17.559954403580303,17.686284392060568,18286835
17.36343765258789,17.99860126144506,17.25465265612854,17.8968339806406,18877560
18.367067337036133,18.556562326631102,17.068669114051104,17.47573412046854,16974620
18.517959594726562,18.879404526594048,18.324953699621695,18.324953699621695,32829281
18.45479393005371,18.703944312012123,18.324953025306264,18.324953025306264,20903503
17.77752113342285,18.647799689349355,17.62662707363951,18.528487429737808,17695726
17.58802604675293,17.94947098716194,17.44765786750965,17.826649177117673,24644494
18.58112335205078,18.837294234926183,18.2477520525173,18.837294234926183,18804577
18.854841232299805,19.156630742419345,18.433738074058617,18.717982601833334,34846561
18.486373901367188,18.935549229068354,18.32846076524604,18.809217887866915,21398738
17.879283905029297,18.647794989815957,17.777516653213084,18.577610917386515,24856314
18.0477237701416,18.170545546550297,17.34237767733754,17.875773838039045,24723819
18.307411193847656,18.528489366861276,18.11089572097491,18.247754364217645,18800764
18.710966110229492,18.798695189215348,18.28635476004984,18.458304753627775,14191156
18.710966110229492,18.710966110229492,18.710966110229492,18.710966110229492,0
18.55655860900879,19.00573398551771,18.468829541800172,18.84431128114043,19215036
18.826765060424805,18.946077305303515,18.531993305506994,18.602177386957486,17338862
19.321561813354492,19.43385635991037,18.809221412629444,18.949589595824293,17987099
19.32857894897461,19.595277082727698,19.093462612845347,19.5110561813822,17868873
19.746173858642578,19.854957462967707,19.26892482628601,19.300506626054823,22212993
19.36366844177246,19.791789235152205,19.16013669712243,19.749678788515382,16502939
18.805709838867188,19.511054629634764,18.728508045694298,19.4268351221617,12074427
18.630252838134766,18.87238551521986,18.388118773875277,18.70394509047058,7800006
19.286468505859375,19.419817572788173,18.809219505729846,18.809219505729846,18404491
19.40929412841797,19.854960031484428,19.265417767282525,19.286472303185434,20237329
19.38823890686035,19.686518886534177,19.20225070614729,19.577733884808904,9611694
19.374197006225586,19.539129253156293,19.02678891931019,19.51105562018195,11666061
19.5321102142334,19.74968017689817,19.437363436607676,19.54614703076578,10109581
19.683012008666992,19.995327440743917,19.230325601428603,19.65142742951596,21881237
19.763717651367188,20.08656305518524,19.672479034456504,19.8479385533652,21692215
19.949703216552734,20.002340930289762,19.721605994634206,19.78477097368379,8748714
20.00935935974121,20.237456589810034,19.86548302953068,20.072524341047785,10031635
20.32518768310547,20.493628100972195,19.9777781941762,20.06550726058767,14445763
20.198854446411133,20.633992961188763,20.07954220588303,20.479589374802117,10688690
20.240968704223633,20.444500490563104,20.114637338436697,20.35326186441533,10351691
20.240968704223633,20.240968704223633,20.240968704223633,20.240968704223633,0
20.89718246459961,20.97789381216755,20.293603520462423,20.353258949827186,14658609
21.413034439086914,21.616567603344674,21.048079951093037,21.048079951093037,11415527
21.735877990722656,22.34647604378482,21.11124312108583,21.61656574342516,22018655
21.99205207824707,22.178037497583524,21.613060749495762,21.756935712932183,10908531
22.609664916992188,22.66932173867028,22.07977956015841,22.45877086154644,11262763
23.086912155151367,23.230788475595784,22.704411355146895,22.725465885095176,13283836
23.59925651550293,23.809807387489922,22.94303842892569,23.171134282128698,17074763
24.736230850219727,25.434556588057347,23.441339706906376,23.93262690599326,48400703
26.013574600219727,26.17850687012502,24.50111608288503,24.774833348925778,45343266
26.789100646972656,26.950523339217014,26.252194856435917,26.27675893792106,23406495
28.455961227416992,31.575624404679033,27.722540043678706,31.575624404679033,48718522
28.045387268066406,28.912157563038658,27.603231017660345,28.07346090097699,28687251
28.792850494384766,28.915670932403945,27.722548197542007,28.26998277693989,38863215
29.63856315612793,29.964918167009618,29.084112257403135,29.115695447867353,23378993
28.613887786865234,30.50533673522189,28.42439138192744,30.50533673522189,21578683
28.150665283203125,29.27360515405839,27.722544422760194,28.515622544557807,38516651
28.557729721069336,28.915665081932705,26.99614321375458,28.424380654907793,31021831
27.18914031982422,29.119190217854214,26.739965101093762,29.119190217854214,30008036
24.792375564575195,27.02070741225273,24.3046006864562,27.01368831022765,34999398
25.353845596313477,26.525913569220265,24.774830711921442,25.290679226458526,51819979
26.915428161621094,27.090886266920897,25.452098186123717,25.617030414227504,24888489
26.915428161621094,26.915428161621094,26.915428161621094,26.915428161621094,0
28.48052406311035,28.81740484669065,26.389051125537744,27.71552250542371,27151413
27.29443359375,28.77530924288913,26.880348053779414,28.77530924288913,29312908
27.610248565673828,28.389285592817103,27.02070508207735,27.683940807536292,30288134
26.3364200592041,28.206813980446533,26.18903554619695,28.048900813217898,22450346
26.3364200592041,26.3364200592041,26.3364200592041,26.3364200592041,0
24.94678497314453,26.56802572861054,24.599375447159254,26.420641214240526,36929229
26.487314224243164,26.789105128567225,24.98538435416175,25.22400888161481,28503430
25.694232940673828,27.020704355945213,25.26611215514679,26.810153513797268,29564893
26.2943058013916,26.487308895901563,25.378407392754355,26.108319033962236,22099586
27.280378341674805,27.466365069662643,26.038128046558327,26.466248753362162,21107945
26.97859764099121,27.680432917672768,26.389054122021687,27.49795569024859,30975780
27.280378341674805,27.43478189427833,26.824184009456896,27.1680866143663,17455233
27.24178695678711,27.862910902221618,26.88735837072063,27.582177338790274,20889410
27.708505630493164,27.775181547070552,27.168093068008574,27.301439352466417,16875689
27.687458038330078,28.269982582090318,27.511997100255833,27.7225480064656,38868106
27.768171310424805,27.905029963727017,27.30846717227621,27.838354025863403,23034616
27.59621238708496,28.31208587700653,27.469882424004354,27.933095987764705,30799089
26.353961944580078,27.708507136752456,26.132885201051913,27.708507136752456,21312729
26.132884979248047,26.64171438218762,25.476668307525376,26.248686289346995,32281881
25.599489212036133,26.73295489851697,25.409992876725813,26.108321399113184,22544251
25.985496520996094,26.101300600142775,25.266113513531575,25.59246844614607,18871850
25.2801513671875,26.10130023922724,25.129257330781645,26.09428113771578,18185023
24.462512969970703,25.813548570192367,24.364253868143805,25.6100140391105,27786241
24.350223541259766,27.301445729683362,23.51854858561658,25.329285793352415,38346665
25.37490463256836,25.58194598534222,24.164236932110025,24.97836691093989,24252014
25.37490463256836,25.37490463256836,25.37490463256836,25.37490463256836,0
25.971467971801758,26.346951166442025,25.399469300506567,25.631077520151454,28549989
26.357471466064453,26.775063644387615,25.841622957394343,26.108321089206306,38104617
27.7506160736084,27.8558942799239,26.39607366195355,26.54345815696777,51172312
28.448945999145508,28.84197411306448,27.933097466610835,27.933097466610835,32419620
28.024328231811523,28.494558039534564,27.441803910498475,28.45946808479876,24682566
28.420867919921875,28.8103864217763,27.599719083309548,28.05591349794935,41397315
27.817296981811523,28.806887884366784,27.52252516457487,28.080485608924768,34550266
27.722551345825195,27.883974096610313,26.725943972964423,27.652368626751034,32804960
25.767934799194336,28.206815110422795,25.44157979744167,27.75413012469618,33215233
25.718799591064453,26.45923716319985,25.097675654389963,25.47666831787349,36706269
26.083755493164062,26.382036823963265,25.627563780587337,25.792493264685696,23150987
25.287168502807617,26.248682684235366,25.160835782816463,26.185519098588,17760502
25.231029510498047,25.70476904263675,24.634466768609155,25.32226675555338,22408047
24.030881881713867,25.19593067045786,23.939644658740285,25.06960071399912,15565837
24.048429489135742,24.564277964178412,23.529068688982665,24.072990795772757,17944468
24.24494171142578,24.781847481615543,23.943150869025718,24.42390937670624,18263250
25.080129623413086,25.4766672507705,24.35372751122014,24.42391020456136,21941848
25.9609317779541,26.213594460284025,25.34682421287748,25.434554657702254,21566507
27.094398498535156,27.192654825278048,26.00304192873176,26.143410091470535,28566196
26.20657730102539,27.511991546254944,26.048664153246882,27.304950233525158,30821721
26.469764709472656,26.613639646985696,25.76441990214046,26.241666100986,26910454
26.94000244140625,27.031242466292028,26.42415380738255,26.599611979117622,16921471
27.603233337402344,27.71201832727946,27.04176340635391,27.16107704983801,23241348
29.0139217376709,29.305183928041554,27.736578451142158,27.93309386997288,35291900
28.820920944213867,29.484156784818445,28.392800072854985,29.12621861679669,33901935
29.073577880859375,29.50169870782335,28.673533461537453,29.126215596491058,24870718
28.56826400756836,29.11218908528825,28.213838093392262,29.049022697440318,20102751
28.56826400756836,28.568264007568356,28.568264007568356,28.568264007568356,0
28.38577651977539,29.073573495857428,28.182242015508546,28.634926856534847,12797803
28.891103744506836,29.003398289702186,27.6664007243975,28.59984150187444,17381338
28.891103744506836,28.891103744506836,28.891103744506836,28.891103744506836,0
28.5296688079834,29.19641443607351,28.382284246466043,28.894623433564348,14632371
28.438417434692383,29.00690646195445,28.29454248305637,28.70511557967724,13218562
28.65598487854004,29.68066552826469,28.505090837916672,29.4630983444642,24725435
28.150665283203125,28.627914312164293,27.740092178908707,28.627914312164293,30290248
28.771793365478516,28.84548562164863,27.92608025934551,28.00328206690691,19044189
29.350805282592773,29.51222798385158,28.571765410184984,28.915665344530133,20448040
29.04551124572754,30.17897707211552,28.915668938895646,29.4771389120657,20381658
27.227750778198242,28.68055241765058,27.09089215014316,28.68055241765058,18705149
27.01018714904785,27.722548470933354,26.7540148410113,27.37163213760388,26201533
26.99614715576172,27.406723067191567,26.739977639024943,26.810160346177057,14856253
26.645225524902344,27.364608608271116,26.28378059480505,27.1365127510634,10767186
25.43455696105957,26.445202233206665,24.98538159281071,26.445202233206665,12953251
26.399578094482422,26.578545739257507,25.687214291332282,25.813544230329516,11639482
26.782085418701172,27.00316495838987,26.529425465641705,26.599608169414026,12015112
27.371625900268555,27.617269497102285,27.164584589453106,27.37162590026856,12368121
27.17510986328125,27.434788883758273,26.768046352592464,27.29442349527521,10171145
26.21359634399414,26.93648616143443,26.00655225738161,26.52942263884054,10345639
24.255475997924805,25.96795680486182,23.86244506906147,25.96795680486182,10937878
24.33267593383789,24.904671751144043,23.86244323090069,23.86244323090069,16101060
25.332792282104492,25.967954464819336,22.75354264957525,23.72207751687028,24111198
22.637739181518555,25.61703454794694,21.35688759283864,25.61703454794694,29383218
18.02315902709961,22.30436252394199,16.503683205469304,22.30436252394199,19146840
20.170778274536133,20.521695850449465,17.903845990000825,19.160134601653475,17732150
22.044687271118164,22.17101723714407,20.633994789841026,20.633994789841026,19509031
21.721843719482422,22.950057684227282,21.476201481403226,22.458771820894448,19795461
20.563814163208008,21.890285965441297,20.35326325963759,21.686754165149658,44902589
21.683244705200195,21.806066528527158,20.283080635666337,20.633998347376075,31657986
21.037551879882812,21.686750862758448,20.781381005532914,21.61656677653087,19330796
21.32179832458496,22.02012558306812,21.16739469799459,21.406019241184016,25847063
20.809452056884766,21.46215912266855,20.577846681845145,21.188443301119676,24025033
19.307519912719727,20.353254897660946,18.458297544055682,19.830387405190336,29989829
18.416189193725586,18.94958539733735,18.072289301854664,18.928529480936064,17925909
18.619726181030273,19.251378834892268,18.47584844851001,18.612707078383217,14775757
17.402040481567383,18.107385430293814,17.131832757776248,17.96701862828806,34778790
17.237106323242188,18.17756753932412,17.012518632260278,17.826648491879308,46753282
16.81951141357422,17.68627885175067,16.398409734319316,17.26517717249577,47775865
16.75634765625,17.398528926662067,16.58088952073985,16.987954448141444,45578236
17.128713607788086,17.26970605911911,16.84673013420015,17.013028629806154,41264064
17.327545166015625,17.736060193470202,17.21547434294474,17.425153762549602,71025327
17.28416633605957,17.660144289446322,17.099791487671556,17.352854780898387,51965055
16.69488525390625,17.880663270494786,16.56112397512487,17.569758328958024,80596867
16.058618545532227,16.62258538937466,15.769404009957885,16.62258538937466,48109165
17.17570686340332,17.327544516538158,16.195993945561145,16.195993945561145,63661209
16.95879554748535,17.338388948076503,16.66596549529942,17.063635248467076,41548929
17.352853775024414,17.49746034200459,16.74911860691476,17.06363921199008,35609086
17.14678382873535,17.855358531108017,16.998561744554163,17.352849095740495,54619360
16.73465919494629,17.313086939904174,16.66597074839342,17.13955875932422,20459283
16.684040069580078,16.976868661480744,16.564739585067713,16.70211642022989,18140910
15.856171607971191,16.911802920552834,15.780252046534876,16.882881318965104,25891736
15.845321655273438,16.015234227759194,15.364502672660791,16.008003114974365,51952630
16.550281524658203,16.702119179610847,15.848936438271952,15.906779626648907,38981513
17.013023376464844,17.17209070797542,16.709348080786775,16.716577764458318,30443323
16.828649520874023,17.092557998438426,16.521360080706156,16.991332417858263,30846622
16.767192840576172,17.316700297853675,16.70211996512852,17.06363705133954,26130903
17.3673152923584,17.49746106511162,16.72019769868946,16.78165645682084,33039557
17.074481964111328,17.38538696667128,16.8467261898867,17.096172445818905,38631768
17.045562744140625,17.598685824563994,16.937108891417697,17.244398380150923,30015538
18.191572189331055,18.47355560320303,16.900954201103932,17.219088894988065,61803895
18.444637298583984,18.892920681904375,18.003586459074594,18.061429660673877,80993637
18.159038543701172,19.37012299702299,17.858977311881027,18.50971043006989,73798314
18.394025802612305,18.574785098879758,17.226323635454243,17.858979028779174,21195830
18.365102767944336,18.70493084720463,18.184344914854638,18.4084851671525,14100464
18.159038543701172,18.582014427440644,17.72521598855061,18.437406432699134,19048293
17.996355056762695,18.509709849302943,17.905974705616565,18.28556960809725,23717308
18.35064125061035,18.43017636058545,17.938512046933994,18.03250652700572,15475009
18.596473693847656,18.726619449312015,16.315295983791614,16.315295983791614,16138034
18.643470764160156,19.015833086902614,18.54224518097145,18.719388879746354,22641317
18.357873916625977,19.449657915465764,18.29280102939441,19.449657915465764,12062997
19.008604049682617,19.413503568512937,18.375948730144483,18.437406054844647,22123482
19.485807418823242,19.840094852421373,19.232745578713402,19.305049574062185,33245398
19.861785888671875,20.093155805425212,19.59426183222945,19.7244090181113,17825278
19.471343994140625,19.803940898822063,19.30504697087364,19.500265588380206,17062660
18.50248146057129,19.65572276060547,18.408485545816433,19.449657431933403,32931175
18.36148452758789,18.863993990457573,18.198800209723466,18.50970661988122,21860346
18.643470764160156,18.726618564008657,18.29279749420461,18.50609247243859,14241964
19.106210708618164,19.305046304887405,18.733846981971553,18.795305724878887,17736845
19.409889221191406,19.55088165431318,19.09536862897093,19.25082043203317,17344779
19.3701229095459,19.82563451823961,19.236360157745594,19.594263156772055,24732938
19.055599212646484,19.438808191107228,18.90014600152749,19.370119762344007,9851524
19.135133743286133,19.279740291314692,18.715773467836897,18.943529245430863,16240965
19.048368453979492,19.558107591608362,18.914605731459226,19.160437838524125,14518467
19.57257080078125,19.652104475388374,18.770001512086196,19.044755245509947,16922403
19.525571823120117,19.78586474482944,19.424347671333784,19.73886822552114,14672329
19.30504608154297,20.028080187929337,19.178514469842206,19.594259152468048,28835528
19.229129791259766,19.594261006306645,19.051984660674563,19.3845815815016,18484168
19.341197967529297,19.485804507548,19.095365849145903,19.449653229811755,12958121
19.395423889160156,19.644871542053004,19.17489782753665,19.514724381340983,16362403
19.417116165161133,19.775019103901702,19.268894067992772,19.583414615814224,13816448
18.74831199645996,19.406273338825102,18.65793164686679,19.370122056432173,11700921
18.856765747070312,18.93630085444568,18.520554678223554,18.86038130401326,15088477
18.021656036376953,18.71938546320101,17.93127571061424,18.71938546320101,29514428
17.609525680541992,18.148186367615125,17.468533285703067,18.14457224064829,14306616
17.981895446777344,18.068660253532578,17.61676414830292,17.714372769559898,12269843
18.336181640625,18.39763896449043,18.010814378080894,18.220495248773954,14441090
18.516937255859375,19.015832617066533,18.437403585570223,19.015832617066533,20247474
18.408479690551758,18.719386077843975,18.23856713054531,18.719386077843975,8733285
18.900148391723633,18.957991587275924,18.582013674333865,18.647086554793233,8997560
18.777233123779297,18.94353160361173,18.58924415921827,18.910994447444875,7204897
19.135133743286133,19.232743770561772,18.84953477485123,18.84953477485123,12328081
19.55449676513672,19.76779175938949,19.095368193248884,19.232745066213887,21565606
20.197999954223633,20.360682888957154,19.54003710046189,19.54003710046189,25055139
20.35706329345703,20.59927986880361,20.190766263370918,20.230533099812575,9608274
20.317298889160156,20.461905454524594,20.13292405351969,20.425754170451974,9820063
20.747507095336914,20.8089644247492,20.317300073154733,20.33899055904753,14932159
20.523365020751953,20.996951543792413,20.335374633640527,20.946339461799376,10112504
20.733041763305664,20.794499079284858,20.317295632282146,20.46913328756579,8473880
21.01502799987793,21.13794407749905,20.534208931433035,20.75111948852043,16244218
20.819808959960938,21.18494019976791,20.75835020778233,21.18494019976791,12736022
20.516130447387695,20.888494198667377,20.353448975519374,20.68604446165546,8479476
21.253623962402344,21.589834937127492,20.389596126576155,20.46912978261234,11671004
21.87544059753418,21.97305063428062,21.546459204048514,21.647683368767836,30460722
22.03450584411621,22.32733449717965,21.91882089138553,22.01642948969081,16053755
22.645469665527344,22.732234448231097,22.110423030335,22.110423030335,19505476
22.508094787597656,22.84069172148183,22.417715869468804,22.84069172148183,21667656
22.47917366027832,22.725005808959626,22.349027901128874,22.49001890202846,19515963
22.70330810546875,22.82622414072027,22.135725867280897,22.414093652687512,17673478
22.40325927734375,22.688858312815537,22.283958740036983,22.688858312815537,11501567
21.88266944885254,22.334566903047772,21.781445287989722,22.334566903047772,13176200
22.584016799926758,22.70331732784814,21.803137888936387,21.944130331345125,16449624
22.74308204650879,22.83346239512976,22.4177162212506,22.565938335263294,11960885
23.064836502075195,23.194983713249954,22.667168040615458,22.833466540357243,12937085
23.5926513671875,23.715566022477844,22.847923746529,22.847923746529,9530131
23.15521240234375,23.690259086969075,22.992529491549234,23.690259086969075,9076491
22.873231887817383,23.589036500618537,22.82984805786089,23.20221187909264,12882434
23.93609046936035,24.145771325719387,22.93107001061747,23.010605114114913,16209898
23.70833396911621,24.293992732701508,23.505884220220214,23.975858025468025,11975828
23.260051727294922,23.85294159574085,23.15882613982772,23.643260736238567,5170146
22.840696334838867,23.390203926480755,22.681628949500066,23.209444624639477,9715754
22.540634155273438,23.046759290471137,22.42494918586842,22.847923650353827,10214813
22.612934112548828,22.97806819375511,22.457482318896062,22.522555195984985,7347299
22.189956665039062,22.768384224347905,22.063425055879087,22.761154540803105,5854154
22.851537704467773,22.956377424387835,22.233341768675142,22.41410103987179,7834420
22.6057071685791,23.173291063468632,22.522557926467428,22.992531779353076,9273586
22.721389770507812,22.876841557027333,22.287568704390054,22.696082303120342,7412355
22.721389770507812,22.721389770507812,22.721389770507812,22.721389770507812,0
21.77059555053711,22.75392399796672,21.600682977706253,22.75392399796672,7995080
21.535615921020508,21.76337174143127,20.76196667076575,21.62237929451915,18816307
22.067047119140625,22.29841849690381,21.44523698798771,21.640455650145544,8883862
21.879056930541992,22.479175113269854,21.763370533532488,22.28395646192729,7091894
21.69468116760254,22.041738914759918,21.4560801275544,21.97305047673262,7899289
22.092350006103516,22.197189722416784,20.910187242713636,21.691064637922697,4542354
22.84792137145996,22.905764564930085,22.262262610259626,22.262262610259626,12941189
22.82622528076172,23.057596568727718,22.540626369507965,22.840686075576688,7001657
22.84792137145996,23.173288620192466,22.717775615226046,23.057602233252222,7371392
22.714160919189453,23.122675987674885,22.52617196236099,23.122675987674885,3556257
22.735855102539062,23.07929589566404,22.641860614738388,22.641860614738388,5041122
22.51171112060547,22.83707693132103,22.421330776024156,22.72139054756057,3474943
22.721389770507812,22.79369375788536,22.558706870713653,22.688852618919473,3016537
23.29258918762207,23.419120824118906,22.631012264710844,22.631012264710844,11510271
23.046756744384766,23.491423073997552,22.793694919279876,23.411889398366696,2674201
23.046756744384766,23.046756744384766,23.046756744384766,23.046756744384766,0
23.16967010498047,23.299815844597106,22.84791845419023,23.093750565976034,5625858
23.27812957763672,23.46611853736348,23.13713714330468,23.13713714330468,4330088
23.079294204711914,23.37573844675398,22.725006765469264,23.281743965840008,5007050
23.335969924926758,23.560113012469714,23.064831743923055,23.064831743923055,8551495
24.163843154907227,24.279529524025083,22.992525812957137,23.13713234528082,14124049
24.959186553955078,25.07125738427487,24.01562338840708,24.265071088975542,14209032
24.677202224731445,24.944724857184188,24.460291673213245,24.872422292727382,4953601
24.456674575805664,25.089331263933605,24.22892022594588,25.089331263933605,4357093
24.456674575805664,24.456674575805664,24.456674575805664,24.456674575805664,0
24.749507904052734,24.937496881818124,24.373529948521956,24.641052614643925,3196388
24.84712028503418,25.443624398523923,24.583210308545155,24.87242632960871,8589132
25.0965633392334,25.262858947568287,24.301223717231142,24.90134327605175,7272430
25.588232040405273,25.725608933894208,25.208638519107886,25.38939638605724,8608696
25.09294891357422,25.69668119831937,24.991724749638195,25.595457034383347,5091059
25.05318260192871,25.588230777710855,24.87242474389916,25.353242418309566,3621800
24.962799072265625,25.306239777008663,24.673583139500288,25.161631810625998,5137183
24.673583984375,25.299009530443268,24.55428205075573,25.045946295145033,4831665
25.056793212890625,25.306240894106878,24.366293358348315,24.655509303880564,7615149
25.631608963012695,25.84128839851372,25.168866267258462,25.313474252852835,9102905
25.895519256591797,26.170275892467764,25.66776486636999,25.841291612517825,5150436
26.289567947387695,26.40886701748238,25.84128468553023,26.022045356087688,7823674
26.32933807373047,26.564326415972577,26.24980439335328,26.452255580407485,4529650
26.318496704101562,26.463104708279563,26.069048968700052,26.463104708279563,4695533
26.799314498901367,26.969228547244896,26.3907993862882,26.3907993862882,9360807
27.07044792175293,27.12829111340745,26.698085590893037,26.925842800764254,5878983
27.99593162536621,28.126077369860624,26.951144396581775,27.18613270612602,10980592
27.345197677612305,28.126074935129676,27.186130352761285,28.126074935129676,5861387
27.623571395874023,27.692258400752383,27.186134752663783,27.68503014528728,4492655
27.554889678955078,27.90194604305096,27.475353130246305,27.764569148783057,1876982
27.50065803527832,27.742871771104028,27.348818933080658,27.374124973755634,2406610
27.623571395874023,27.83686638226956,27.47534785755046,27.47534785755046,3166627
27.844100952148438,28.48037329165631,27.699492952681187,28.010399436998767,5348941
27.50065803527832,28.559901902948237,27.330744006355047,28.559901902948237,2944071
28.30323028564453,28.559906288785744,27.12106587373826,27.475353355742325,7617937
28.86357307434082,28.979259448206466,28.274300251952187,28.704505739349248,6508951
29.15279197692871,29.413083486478214,28.299609170031673,28.92141920564232,9011549
28.046550750732422,29.282942779595174,27.099374735833678,29.21064020517826,7803871
27.233125686645508,27.974237509892685,26.824610723565502,27.764558123329508,8041214
26.70531463623047,27.685027545442676,26.434176482690095,27.33074016760676,10570630
25.635221481323242,26.969221773134603,25.45807636269906,26.889688105021936,8155181
25.772602081298828,26.351031181005645,25.562919782039565,25.74006492640103,10460674
24.5325927734375,27.33074215079154,24.391600351736273,26.969223633789248,12185555
25.92082405090332,26.383566781912887,25.017029073838952,25.233939639682564,13777578
24.742277145385742,26.0365093726146,24.554285328482518,26.0365093726146,12529300
25.88828468322754,26.166651092243306,24.467519611899988,24.836266358368746,14211384
27.164443969726562,27.388585624063843,26.02927632912209,26.02927632912209,26721566
26.669164657592773,27.258437542722273,26.473944595445936,27.186134980431767,5428317
26.07266616821289,26.687245222918342,25.523158575874863,26.687245222918342,4642062
25.082103729248047,25.884674548714116,24.94472684512856,25.458081667423066,4188298
24.937490463256836,25.05317683768968,24.243377932954584,24.872419021248913,8924307
25.400238037109375,25.740066113484247,25.089334418109,25.089334418109,8572054
27.30544090270996,27.638035024233844,25.45085432926514,25.624381075680187,11392035
27.840484619140625,28.12608219471397,27.330745365175577,27.330745365175577,6463480
27.460887908935547,28.111619524808226,27.11383161876631,27.90916835495673,4829167
28.31768798828125,28.77320247982539,27.6199597379941,27.79348934031073,14791840
28.570749282836914,29.044338669759515,28.342992052962675,28.55990261164371,10079913
28.559906005859375,29.131106926961813,28.415300854984935,28.70451401488203,9965802
28.22730255126953,28.84911249751407,28.129691105606355,28.84911249751407,6427118
28.4731388092041,28.704508722836113,27.652493153787976,28.198385071789556,7969391
28.346603393554688,29.13109913169772,28.140539536718236,28.849114304097625,7193561
29.058795928955078,29.14194516095247,28.353836664451975,28.791273307101797,10449679
29.601078033447266,29.64446186534384,29.13833526148923,29.13833526148923,9769639
29.53961181640625,30.024044906095906,29.279317490354714,29.720369621442728,13257163
30.432571411132812,30.512105104112628,29.308250178436467,29.9987502282799,19103463
30.067428588867188,30.721775732301694,29.864977428040174,30.36748834446504,11818256
30.24457359313965,30.360257112153505,29.449234037376726,29.65891345237103,12122167
29.872211456298828,30.642245052493557,29.70591584493281,30.57717074419764,7169012
29.633607864379883,30.009585737712886,29.445618927713387,30.009585737712886,7974562
29.62638282775879,29.716763187093903,29.391397323265217,29.633613942461146,7126785
29.29739761352539,29.915594961282068,29.181714084005474,29.572151355162195,9709516
29.134719848632812,29.629996875699707,29.051567750087877,29.427548539531738,9761909
29.01180648803711,29.499855328739272,28.917810562691898,29.423937191815277,5415530
29.499845504760742,29.702296660619893,28.690046597618963,29.282934981128214,8293023
28.61051368713379,29.535998993560064,28.49482730929363,29.535998993560064,9009352
28.747888565063477,28.928646374370814,28.45867264039498,28.83465048431673,8343623
29.18170928955078,29.28293343305533,28.776809857385324,28.80934414769231,4550830
29.185319900512695,29.53599453770569,29.102173544399623,29.29016245095578,4595130
29.0081787109375,29.3877720938058,28.59966373692657,29.3877720938058,10694576
28.935874938964844,29.36969592961852,28.59604697194104,29.18893527808146,13192262
28.563520431518555,29.282942032482314,28.19838915315854,29.282942032482314,6909555
28.617740631103516,28.827422895869717,28.27068437162986,28.487594891069314,3702058
28.43337059020996,29.084102224716474,28.342990243812604,28.921419316089846,5811243
28.129701614379883,28.57075391741565,27.981480899583225,28.270694072023094,3753922
27.746484756469727,28.321298241065364,27.692257123171036,28.169462011088044,3654328
27.497037887573242,28.032085981304764,27.294589574929663,27.764563363512817,6506734
27.388587951660156,27.786256357547913,27.204211689789215,27.475349888837204,3637562
27.4102783203125,27.735644157797392,27.008994359044035,27.475349772920755,3604371
27.240367889404297,27.79710372891464,27.048763347006656,27.475353405943643,4743967
26.00035285949707,27.258432052317083,25.7075213961852,27.24035712992204,6271266
24.73143196105957,26.094354137581544,24.514521391136626,25.743682240082652,7018496
24.594053268432617,25.515923122842587,24.409679869180184,24.94472514015518,5029630
25.472543716430664,25.80514068175466,24.73143165886689,24.944726668931803,5938101
24.641050338745117,25.523154802142752,24.23615081955948,25.523154802142752,5450182
25.772602081298828,26.02927804718052,24.659127707798213,24.829038880001708,5809689
25.928054809570312,26.387181977097438,25.740065845628024,26.38356641996325,10064484
26.184734344482422,26.340186156530848,25.468928324576638,26.058201273986626,4609016
25.768983840942383,26.46309925994116,25.667759687932314,26.46309925994116,6667052
25.06402587890625,26.007586171563133,24.948339493526007,25.812366110770892,4060321
25.429162979125977,25.577386551915225,25.09295327387444,25.16164029472425,3385556
25.074871063232422,25.783445844469906,24.926647533480267,25.59545405029485,2216613
24.724199295043945,25.277322356896658,24.58320686181209,25.0965645126866,4173946
24.644664764404297,24.937493433688765,24.373526578372797,24.937493433688765,3504290
25.176095962524414,25.233936295355388,24.666353913831152,24.792886965902113,3113364
25.472543716430664,25.58823011448214,25.2339398059125,25.45085323133301,6458962
24.460290908813477,25.595455711864396,24.297608000258773,25.50146266682267,2943522
23.972244262695312,24.27230406615789,23.570958862671997,24.22892309670583,3331515
24.34099006652832,25.04594936880686,24.026470905693945,24.026470905693945,6131611
25.570148468017578,25.725603113735144,24.221688740561845,24.221688740561845,5562678
26.19196128845215,26.3148787955581,24.944725581030212,25.595457254467743,9547654
25.899131774902344,26.390796071233368,25.678605667125353,26.173885520390137,4746599
25.779830932617188,26.02927864839825,25.667762953610644,25.884673513742364,2746355
25.56653594970703,26.123274578829083,25.458080669555766,25.848520821359486,3085530
25.324317932128906,25.975049576656648,25.161635020996968,25.244784255007588,3539595
25.39300537109375,25.631606379665634,24.962799872726084,25.41469585220984,3185031
25.00618553161621,25.52315590969299,23.932477933231674,23.932477933231674,5535435
25.082103729248047,25.262861583869267,24.004781999691012,24.94472684512856,3075375
25.197786331176758,25.331547637907217,24.944723086321595,25.23393618176494,2443086
26.1774959564209,26.300410577384923,25.201398668572796,25.23393295831663,3920780
25.98227882385254,26.39079385077906,25.830442594296503,26.24618873448213,4480137
25.859363555908203,26.16665156412457,25.34239327534545,26.101580120828764,3873309
26.144969940185547,26.311268448524395,25.88467836252814,25.902753293208995,4532665
26.647478103637695,27.07045258552967,25.91359712757571,26.238962993076647,7294388
26.318496704101562,26.752317858487444,26.069048968700052,26.752317858487444,5021164
26.596864700317383,26.694473311877175,26.296804893108423,26.296804893108423,2247099
26.64385986328125,26.93307298410949,26.535404585702178,26.611322708377962,3648546
26.69447135925293,26.89692254009337,26.32933726561397,26.607706567464167,3332852
26.036510467529297,27.10660392695489,25.884674214585196,27.10660392695489,2434920
26.43779182434082,26.607705846387287,25.595455685912885,25.884671650704252,4989206
26.379955291748047,26.708933854624842,26.26065333180782,26.43418293569395,1814413
26.51371192932129,26.68001038906932,26.101581336660633,26.379950621810497,931226
26.372718811035156,26.755927798035053,26.30402895166757,26.463099151938156,2106014
26.69808578491211,26.75231342021385,26.390794898819703,26.390794898819703,1211170
27.041526794433594,27.113832214328287,26.68001112755085,26.75231368929786,2685589
28.140533447265625,28.379134403062103,26.98006295368748,27.041518826898578,12479394
27.934484481811523,28.37914948618669,27.638037334696943,28.19839160993363,4297146
27.645263671875,28.126081311656534,27.413893744586545,28.126081311656534,4188785
27.894704818725586,27.97785403665225,26.763155773461573,27.475343172902335,9441137
27.316272735595703,28.198376884674197,27.189742574107747,27.638022902055692,4084994
26.94391632080078,27.572957424544736,26.795692792649813,27.403043415191732,3872604
27.08490753173828,27.113829124771076,26.607702675770867,26.607702675770867,2622139
27.290973663330078,27.86578715750784,27.084909796618987,27.084909796618987,4197842
27.797101974487305,27.945322659999658,27.18613573145954,27.403046282471,2830840
27.659727096557617,28.05377995884668,27.518734656601723,27.836869392190835,2262167
27.786256790161133,28.046548322040614,27.62718942532946,27.764566305529165,3584640
27.525955200195312,28.010391140384773,27.330738031422438,27.90916414166689,2719205
27.450042724609375,27.75733362367648,27.157214053245447,27.52596084560776,1105855
27.493425369262695,27.76094798880893,27.186134483387765,27.33074246347261,1687379
28.10800552368164,28.212845242065896,27.42112116064094,27.511501509452227,4979289
27.685028076171875,28.39359998727981,27.475345804106226,28.198382799506298,3607293
27.048757553100586,27.76456348014914,26.89692131798005,27.76456348014914,2617756
26.510099411010742,27.330745133679194,26.401644129887966,27.258439707498727,1432368
27.12105941772461,27.258436280418213,26.390794140520747,26.477558926140006,3525730
27.39220428466797,27.60549929287464,27.25844010174382,27.25844010174382,3809973
27.316272735595703,27.76455592169051,27.077671777584044,27.113824477214973,3922427
27.280120849609375,27.47534086040395,26.904143051562677,27.258430372442632,2355056
27.619953155517578,27.800710971240893,27.19336322417391,27.3307400787308,2899616
27.37774085998535,28.05377856868623,27.15359919004183,27.619957456871855,4336389
26.925844192504883,27.36327799297543,26.69085585699389,27.36327799297543,4047772
27.233125686645508,27.544032068572886,26.89330057249646,26.896916128560942,6116430
27.836868286132812,27.8657898844143,27.25843917865095,27.25843917865095,3112462
28.787656784057617,28.899727608559793,27.909167971442233,27.909167971442233,8483880
28.13331413269043,29.06603072881318,27.883866405062435,28.917807171881286,3818450
28.87442398071289,28.993725928536563,28.126080855373843,28.34299140912757,4271685
28.59604835510254,29.174477323334468,28.444212144288407,28.98648840883485,4507235
28.67919921875,28.917800217214097,28.35383344134968,28.35383344134968,1846785
28.69005012512207,29.131102339575836,28.574363736121523,28.84911748092394,2289596
29.165388107299805,29.60388163369816,28.807957575377632,29.036417366681132,5414463
30.0792293548584,30.270839978777744,29.33857751573551,29.401220290827684,7722867
29.858137130737305,30.713015890572468,29.81391750587732,30.289260265555438,5550740
29.65546989440918,30.30399718060853,29.183812362077568,29.84339528242328,4670932
29.732860565185547,30.952537760440006,29.40859681333891,30.952537760440006,2815493
29.275930404663086,30.06079884336453,29.110113375067897,29.69968600692097,2751318
29.485973358154297,30.031326484069083,29.331211929409122,29.585465345100033,2952662
29.231718063354492,29.828661207022055,28.889028319033617,29.478601038983925,2426588
29.607572555541992,29.766019190234182,28.962727467704642,29.102750955845263,3990395
29.69601058959961,30.119763376833497,29.331212457321776,29.839716384644678,2722397
29.427017211914062,29.987111213254753,29.25751492660247,29.766021782537248,2459562
29.467546463012695,29.699688576605112,29.257509792759627,29.58914388064374,1132342
30.53577995300293,30.535779953002933,30.535779953002933,30.535779953002933,0
28.97746467590332,29.530188190705207,28.81533283332289,29.220665352984916,2118812
29.72917366027832,29.832347954863472,28.9258818384124,29.03642655781403,1867469
30.222942352294922,30.584055328421872,29.887625865302144,30.06081047129289,6728263
29.987106323242188,30.713017279246337,29.847082845740715,30.362957128887253,3302262
30.093965530395508,30.355589337825478,29.474916978990844,30.068171962137427,2615290
31.612119674682617,31.833209097113045,30.44771208157638,30.58405036452773,15276432
30.71669578552246,32.27905914059117,30.584039847113743,31.844250869525325,10161549
30.35927963256836,31.291539284008927,29.939209133618405,30.95253471504462,6492931
31.335750579833984,31.54210203793578,30.473501370884595,30.58404606656501,6906156
31.45366096496582,31.763186648929445,30.731435340120804,30.952524698207633,5168488
31.254684448242188,31.578951023022036,30.952529143014477,31.578951023022036,4630922
30.735126495361328,31.46840498200065,30.521407518066866,31.46840498200065,3645562
31.435243606567383,31.490515956258534,30.66511592263211,30.945159969617865,4210837
31.7410831451416,32.05797638643526,31.405763845718702,31.542102109821215,7318968
31.67844009399414,32.04323816998948,31.405763568198648,31.836886713240844,3885319
31.881107330322266,32.032183531079305,31.321013414945018,31.615798306254227,3268801
31.3062744140625,32.131674412158254,31.099922957933195,31.984280514923032,4703709
30.801454544067383,31.61211665323388,30.58773265312373,31.61211665323388,5958609
31.67475128173828,31.910581491214174,30.436651421621086,30.85672179734221,9154686
31.60843849182129,32.05798490504739,31.46841206567362,32.05798490504739,3030702
31.169939041137695,31.689501533162545,30.886209741803988,31.689501533162545,3089489
31.785301208496094,31.836888347027887,31.1920462021696,31.461037530175755,1884453
33.21870040893555,33.34766825678243,31.619484529579612,32.043240191377826,13935451
33.576133728027344,33.78248231926701,32.83916698248488,33.45821858262672,7201985
34.60420608520508,34.76633798104583,33.23713478334707,33.675628527373625,7343423
33.93723678588867,35.25640262268853,33.78984289709155,34.99846695880679,8871210
33.974082946777344,34.559970375204166,33.900387459258255,34.180434390325566,6260935
34.06989669799805,34.29467133127628,33.90039442001082,34.04778833852388,1985664
33.73826217651367,34.431009215705814,33.60929140685041,34.268877363819946,3943121
34.2393913269043,34.482589053212095,33.31081421753293,33.7529929610782,2329461
34.162017822265625,34.70737094393984,34.05884062402665,34.38678953944456,3205145
33.64982223510742,34.51944188166077,33.39556884819919,34.51944188166077,3982405
34.01462173461914,34.17306836411473,33.39188502570988,33.89302139701824,1870971
33.859859466552734,34.85107654877971,33.75299706575141,34.85107654877971,1871168
34.01462173461914,34.46785326532691,33.845119469628585,34.04778572789311,2497395
33.653507232666016,34.17306672500101,33.53190690089768,34.17306672500101,2075994
32.968135833740234,33.67930605050149,32.25327749153844,33.649827265878386,5230725
31.759504318237305,32.90917083248193,31.615795639805402,32.89811519829079,3270169
31.711606979370117,32.069034664800505,31.107296313554013,32.05429381708201,3269195
33.06025314331055,33.16343034190469,31.984284831314593,31.984284831314593,3570589
33.28134536743164,33.531913591059734,32.452259975988255,33.52454316627942,3688753
34.18781661987305,34.489972010225,32.42646851494987,33.163435297495944,10099198
34.52681350708008,34.96899231250263,33.93724079544637,34.19517648980225,10284304
35.440650939941406,36.55346840979082,33.605607678264334,34.47522446742062,6040908
35.47013473510742,35.99706476239617,35.15323851096247,35.74281132323535,3861983
35.3079948425293,35.816501647235484,35.1384925742939,35.67647816100672,2420257
35.05742263793945,36.33237471562278,34.87318245640207,35.613831307242485,9418433
33.95197677612305,35.06479414926965,33.76773658886707,35.06479414926965,9493914
34.78106689453125,34.972677532003544,33.77510886289333,33.900394421939346,8801905
34.10675048828125,34.998478716972286,33.97409448719116,34.998478716972286,2342953
33.845123291015625,34.60051314509941,33.26292093330831,34.047789572162806,4454780
33.240806579589844,34.51944099129691,33.08972747072871,33.900389535940725,5550865
32.68439865112305,33.52085430356492,32.57385395390909,33.52085430356492,3172036
32.32697677612305,32.99761550275889,32.0579824950763,32.79494921719465,2474971
31.597381591796875,32.942344304777976,31.339442938647466,32.057983624438776,6018214
31.206783294677734,31.468404192065158,29.847082930967304,31.468404192065158,3562734
29.441755294799805,31.836889598133517,29.12485911438018,31.674757752601995,8207429
31.707916259765625,32.05428824924222,27.26770276959685,27.26770276959685,17855703
30.222942352294922,32.057986021585634,29.920786953479926,32.057986021585634,9690086
30.602476119995117,31.096242103403746,30.071860928811873,30.26715677755841,10567356
29.353322982788086,30.7240763475724,29.19119111497157,30.36296340081328,10319899
28.48369598388672,29.824973137801006,28.30682622409419,29.824973137801006,9275430
28.760055541992188,28.881655859646816,27.695140199338766,28.373149148086224,10472570
29.139602661132812,29.58546969203451,28.75269611921132,28.75269611921132,5416276
30.3555908203125,30.436656740684192,29.047477545699394,29.323839299969,5087557
30.3555908203125,30.3555908203125,30.3555908203125,30.3555908203125,0
31.475786209106445,31.586330947471914,29.847093924736,30.856737422186956,7015574
31.774253845214844,32.05798609421706,31.077824380517267,31.763201120201092,5086230
31.221527099609375,32.05061241052284,31.074133184376617,31.807411722086016,5273667
31.258371353149414,31.68212701102642,30.952530819761815,31.468405119586638,5532243
32.32328796386719,32.426462244716895,31.475776619141744,31.542104607237125,3818460
32.4154052734375,32.86863675531353,31.984279233747873,32.35276250547044,6159175
32.75809860229492,33.016037235295784,32.29012618129231,32.51121560580413,2312280
32.97549819946289,33.20027280468581,32.205370533626805,32.72124772742756,5422546
32.39330291748047,33.49138261190314,32.14273468988181,33.16343366251919,9417003
31.991661071777344,32.69914617618815,31.033604806090285,32.69914617618815,6355047
31.645280838012695,32.279070323045445,31.542106550805574,32.057980900052364,2985874
32.463314056396484,32.79494819707048,31.5421071390094,31.5421071390094,6229630
32.570167541503906,33.16342542084609,32.43382928084701,33.16342542084609,3268107
32.42277908325195,32.927597751525546,32.080089342562985,32.625442427640934,3653935
33.826690673828125,34.3057156941381,33.52085018820354,33.52085018820354,5900454
33.26292037963867,33.81195873118865,33.089732886144944,33.53191173713406,3199487
32.89812088012695,33.97040687985992,32.735989029918606,33.3845193439631,10972892
32.90180206298828,33.144999808518676,32.142727133739264,32.72124708793428,6231101
32.51858139038086,33.6056052102041,32.29380678576994,33.6056052102041,8376576
31.59369468688965,33.082363126713076,31.435248038956836,32.51858682829703,4975600
32.03586196899414,32.48172587999595,31.394702271246004,31.83688097131917,5549600
31.77056121826172,32.27169755043631,31.689495303928535,32.0542904618225,3278459
31.917959213256836,32.75072980881497,31.55684627435808,32.27170464065988,3873288
32.761783599853516,33.16343093879824,31.932698263365236,32.05798091026936,11379372
33.05288314819336,33.3108217782102,32.79494743138769,33.12658156431883,8883562
32.853904724121094,33.26660478076835,32.72125165470075,33.08236165520735,6675570
32.73230743408203,33.31082460982518,32.6475562875812,32.83179651713406,9051507
32.794944763183594,33.65719402129401,32.50015694908802,33.00866374349469,9383667
33.02709197998047,33.2002765548167,32.72125142345026,32.86864242700403,4351860
33.34398651123047,33.8266997859994,29.552302258258457,29.552302258258457,6423067
33.20028305053711,33.642461974134115,33.08973831963786,33.329253845394035,5161213
33.29976272583008,33.826692608882404,33.03076851055818,33.531904826832466,5062086
33.17816925048828,33.63508895038143,33.016037393497555,33.63508895038143,3512890
32.186946868896484,33.819323725937224,31.987965835255146,33.819323725937224,4116900
30.8714599609375,32.33801961920825,30.73512171251309,32.279062066396,3006920
31.74476432800293,31.910581350857424,30.775652842562224,30.86040395956855,3006827
31.416818618774414,32.0579784796893,31.32838518682281,32.0579784796893,3022371
31.818464279174805,32.09851123441193,31.512623755419327,31.615798029492748,5930340
32.14641571044922,32.352767188179946,31.468406625402146,31.615800538066953,4609928
31.999019622802734,32.492785510201884,31.84425531081114,32.279063642519255,2624347
32.588584899902344,32.64754244753653,32.0321763214661,32.05796988440479,2658087
33.11552810668945,33.23712553814064,32.58122479786896,32.90549141256469,5887511
32.979183197021484,33.46558160764141,32.794943007980585,33.377145268145895,3412789
32.96444320678711,33.377143185470295,32.426457693333525,32.426457693333525,3038039
34.04410171508789,34.195177926241044,32.94233986705638,33.31082027824667,9781556
33.67193603515625,34.19518082705967,33.281344319062896,34.19518082705967,4616301
33.53559494018555,33.88565511838711,33.09710132765322,33.7529991404689,3014184
33.38819885253906,33.90039084459495,33.3108181459351,33.60560595187045,2012036
33.196598052978516,33.60561294142163,33.016040120137944,33.045518906862696,1562428
33.06025314331055,33.657196322764705,32.75072737395037,33.06025314331055,2438630
32.84653091430664,33.130263084384715,32.57385437937869,32.57385437937869,1841490
33.266605377197266,33.90039486531186,33.01603716903929,33.90039486531186,1356193
33.332923889160156,33.67929880566928,33.16342455555277,33.487688203442545,1475756
33.244503021240234,34.19150366887914,33.12658786358596,33.60561600664766,4180505
33.31450271606445,33.671930374817954,33.18553487420828,33.531906897998056,1988658
33.152374267578125,33.6756190249491,33.023406412553584,33.67193381291824,2668325
33.76773452758789,33.9003875708431,33.35503455234358,33.53190430561368,2641041
34.32414627075195,34.82159741265756,33.23712243403609,33.826695128846346,9753038
34.7700080871582,35.15322929504471,34.48996114757715,34.56365663733666,5392132
34.3167724609375,35.66541706326502,33.97408276504625,34.74789848930494,10092981
34.965309143066406,35.226930064510555,34.268876901204166,34.62261938356259,7248586
35.632259368896484,36.07443816002651,34.725790516511275,34.78474807709006,8285054
36.17393493652344,36.700864969197355,35.24167522995091,35.52172224581229,9473396
36.53872299194336,36.774550306098966,35.9638911825541,36.25867605355126,6079653
36.652957916259766,37.11724509848911,35.55856357970735,36.5387279983791,6648337
37.26095962524414,37.423091497520176,36.47977613772188,36.84825951948382,7067262
37.70681381225586,37.94632634513372,37.29042860348587,37.29042860348587,3601013
36.4355583190918,37.938967674830636,36.11866209591896,37.70682259778475,3725881
36.05233383178711,37.20937108281453,35.823876882068426,36.55347319320124,4541950
36.90352249145508,37.209363008725845,35.024259761871754,35.024259761871754,5375862
35.89756393432617,37.57784559891956,35.742802529371325,37.28674302023359,5452690
36.1370849609375,36.516621022112766,35.42222664413388,36.03759297391516,4642000
36.582950592041016,36.7745612522045,36.13708939798416,36.40608078208091,7167779
37.39728927612305,37.54836838907328,36.531354840145816,36.70085709830039,6937845
37.48204040527344,37.95369797611858,37.24621307645627,37.56310632266785,8255956
38.18584442138672,38.41061903669429,37.47467137047902,37.47467137047902,5512150
38.454837799072266,38.79752755800451,38.25585674269906,38.32218473256049,4037150
37.67365264892578,39.42762995359446,37.33096290611864,38.72751253382174,11479640
38.7090950012207,38.83806286835048,37.732615683777084,37.732615683777084,5085546
39.48659133911133,40.34147025975277,38.476948072164134,38.476948072164134,7674454
40.311988830566406,40.533078242316826,39.46448038992682,39.648720595315154,7746888
42.62973403930664,43.587786931510124,40.400414453779895,40.673090934129725,16846798
42.099117279052734,43.18614085800689,41.785906404016075,42.37547895902327,7810886
41.480079650878906,42.965065704743175,40.7615390456324,41.99595398613937,13202791
41.63115310668945,41.91120005182835,40.540444105264825,41.49481484566271,6856323
42.806610107421875,43.071919118278444,41.793284727022765,42.62605513520384,8181719
42.44550704956055,43.45514738224449,42.228099926825834,43.45514738224449,3690991
41.64958190917969,42.795563413002164,41.34374135490488,42.3017974369949,4138682
42.640804290771484,43.49936849237876,41.67538057967653,41.855935599415034,7350998
42.06595993041992,43.03875378000954,41.87066411822021,42.41601714253159,2527644
41.896461486816406,42.589208464296604,41.76012321836638,42.375489488868595,2260705
41.70484924316406,42.603947650753454,41.42111708209258,42.596577227554,4315570
41.995948791503906,42.30179222128002,41.454280952141886,41.56482564696767,4758433
41.96279525756836,42.441820412457254,41.347428902219974,42.441820412457254,3426954
43.27827072143555,43.46988134178989,41.67905777288893,41.67905777288893,9416723
43.827308654785156,44.711669166463906,43.200889660274036,43.25984722193334,6707642
42.97979736328125,44.00417837333117,42.76239319007511,44.00417837333117,3348800
42.662906646728516,43.33354530920076,42.15440274512217,42.22809824499863,3236004
42.2944221496582,43.84941831332232,42.03648355518379,42.673958161525256,3228667
42.92084503173828,43.259849573098705,42.24283594901743,42.94295339025939,3355961
43.10140609741211,43.62833904346644,42.9834938642838,43.112461734835755,2539675
43.1640510559082,44.007877358714005,42.81767893761333,44.007877358714005,4916928
43.1087760925293,43.48094173863732,42.96506738322363,43.16404553572709,6404124
43.156673431396484,45.16121598432126,42.965062810452444,43.48093711096164,11164941
43.40355682373047,43.84205042039679,42.89136481684043,43.11245422108973,4516582
42.67764663696289,44.50531946814222,42.37549130636728,43.488308772156735,5849180
42.16913986206055,42.96137885151618,41.63852469889112,42.231782638006834,3619842
43.7646598815918,43.84941391391747,41.933305075516394,41.933305075516394,2461189
43.46620178222656,44.43162536840459,42.898737395764435,43.84942304708383,5924443
42.9871711730957,43.996811416664926,42.81766890970002,43.702026518226425,4386067
43.156673431396484,43.59148181201439,42.89136440094334,42.89136440094334,4027016
42.7292366027832,43.46620328831614,42.449189611866025,43.156677513449196,6671632
42.191246032714844,42.93189784353444,41.859611937080096,42.596578536186755,2817628
40.38199996948242,42.72554703173627,40.09826779536676,42.72554703173627,4613461
41.074737548828125,41.27003626247072,39.575016822337474,40.45200386208358,3780399
40.62888717651367,42.00701086136296,40.32673182524981,41.85961694127893,4114704
40.26776885986328,40.82785985468754,38.362712530212185,40.38568106691477,1784621
40.459381103515625,41.07842968340825,39.80716561735101,39.80716561735101,2309326
41.203712463378906,41.38058513901248,40.164590592150454,41.04894814389686,2847949
42.4749870300293,42.89137234196606,41.29215909241514,41.56483568373454,6931980
41.590614318847656,43.45882423347409,41.34373428626482,43.45882423347409,1850651
41.61641311645508,42.36074720670237,41.49481569909825,41.63852147295534,958874
41.7011604309082,42.00331862388869,40.94577077487798,41.85960703675101,822990
43.152992248535156,43.31880931559562,41.564831868968575,41.60168107716352,7051294
42.209678649902344,43.259853449257264,41.889097226383015,43.15667915810681,1156777
42.06965255737305,42.59658548043115,41.62010617969172,41.638529328048996,2309782
41.69010925292969,42.30179321362041,41.42480314440841,42.30179321362041,2955253
41.240570068359375,43.47357275884153,38.91544289651938,41.88909751806234,3778896
41.70854949951172,42.22810917148006,41.19635734018963,41.78593023138585,2987086
40.20512771606445,42.371805029168755,39.059146285185065,41.27004322678368,3148223
38.874908447265625,40.6804729844659,38.32218490661361,40.67310256040091,1518636
38.0568733215332,39.20653995735602,31.099924684062596,39.13284446125348,3015998
40.52202224731445,42.00700825276535,36.56083601748886,38.24848537310749,2563197
39.00018310546875,40.53307077053411,37.80629991945225,40.52201513670015,3516465
37.043548583984375,39.05914680585213,36.148135325266935,37.29043155956461,5295636
36.686126708984375,38.1747952216779,36.11129183243755,37.36413296781838,5820217
37.386234283447266,37.57784781499235,36.84825163269725,36.84825163269725,2321285
38.12320327758789,38.322184331880635,37.21673435394438,37.21673435394438,4346171
36.85562515258789,37.2093676382158,35.61752208307353,37.2093676382158,4451796
35.444339752197266,37.36413143007954,35.374326545125065,36.848257060606215,3688421
35.20113754272461,35.58804403160067,34.4899673447897,35.57330609628489,1937291
34.57841110229492,35.75018354307644,33.91145748067091,35.45908376764452,2172862
34.62998580932617,35.61014721838622,32.86863819851587,33.91881280148635,1963446
34.41626739501953,35.37063824543386,33.18185248039454,33.922501429169536,2676957
31.67844009399414,33.67930023797319,31.339435585941043,33.67930023797319,2586275
32.29380798339844,33.089729244953475,29.847083723450073,31.61579893277722,1863707
31.44629669189453,33.08972926786396,29.847083744115434,31.83688835598616,1097534
29.01799774169922,30.584046656298682,28.741635997169265,30.289261766537006,1707088
30.0792293548584,31.475776073678443,29.036422189046892,29.478601000123984,2719671
31.75581932067871,32.30854276974598,30.28925957493951,30.95252771382024,1416254
32.01744079589844,33.01602814338189,31.254680743453864,32.352760052496386,1391819
32.09483337402344,32.787580497438036,30.215573087362504,32.72125541171807,1477030
31.7410831451416,32.79494296812477,30.95252942711176,31.763191501685917,1427021
31.807411193847656,32.57385662711824,30.963587962030168,31.61580056383277,1792061
32.83179473876953,33.156061370657426,32.41909466594166,32.77284008254663,1408161
33.27765655517578,33.826697790899146,32.057979567275915,32.79494622208836,2330341
31.531051635742188,33.237124121053704,31.03359755537646,32.798630517693574,1700073
33.2887077331543,33.53190547312492,31.247313227652512,31.247313227652512,3124959
33.495059967041016,34.19517442453502,32.13167442826149,33.08972747774371,3013324
34.895294189453125,35.55119197936181,33.60560696744633,34.12148127360686,3395390
35.55856704711914,36.83351650150244,35.2269328970152,35.3743268236874,2942921
35.54014587402344,36.991968121104115,35.23799049246046,36.991968121104115,3501170
34.519447326660156,35.92704983606628,34.349945041984526,35.448021766905214,1691731
35.41853332519531,35.72068860277901,33.974082000232976,35.00583336280757,4772080
35.28956985473633,35.55856117745064,34.644724809353114,35.15323158752422,3094939
35.518402099609375,36.00608688532574,35.199533901822285,35.623443861638385,4810888
35.85979461669922,36.05111618455155,34.89568019084001,35.63845856588871,2544193
36.339962005615234,36.46375687111213,35.64594853361862,35.71347219683778,1539547
35.882293701171875,36.28744763308651,33.845277509895695,35.03822548123098,1314670
37.109012603759766,37.364109006541334,35.34209683542867,36.15615364502133,3719716
35.91230773925781,36.83890990734318,35.63845526619993,36.61382503286104,2175059
36.18241500854492,36.75638268256565,34.858165332715394,35.86354374899362,2974050
36.5500373840332,36.9626918540029,34.888161112175375,36.61381220034656,2011591
35.92355728149414,36.83890386948803,35.37585242514659,36.83890386948803,2650097
36.298702239990234,36.82765105266466,35.488394394519034,36.28369500129616,1442502
34.820640563964844,36.23867621002031,34.513024820692806,36.23867621002031,1051711
35.39836120605469,35.555919409988306,33.207532827990235,34.224166432127,1244216
36.14864730834961,36.328716390614844,34.90317690399257,34.90317690399257,1392721
37.304080963134766,37.47664641529182,34.963197861557695,34.963197861557695,2273804
37.61920166015625,38.59832022705273,37.176535551097494,37.506659227964526,3994353
37.24406051635742,37.73174539463962,35.26331245507556,35.26331245507556,2614274
36.70759582519531,38.51952962942451,36.2386701528705,37.150264768087766,1683306
36.4937744140625,37.05273472037863,36.02484863945698,36.76387504333695,1220309
37.409122467041016,37.79927215029266,36.298705343051765,36.32121323715955,2534535
37.259063720703125,38.26444191652649,36.80889402515745,37.814272220980826,1885479
37.300323486328125,37.956821873555626,36.651328717408504,37.063986202343294,1938369
37.33409118652344,37.66421484054785,37.06399055429571,37.06399055429571,1422762
37.87054443359375,38.219427143203276,37.36410351272296,37.58918836644332,2312404
37.577938079833984,38.41450271038753,37.15027623982311,37.96433297687242,3256138
37.69048309326172,38.24944348852481,36.943949985622226,36.943949985622226,1656737
37.53666305541992,38.061859976162935,37.139012814312515,37.71673209640112,1079814
37.66421890258789,38.6320850431923,37.52916857190901,38.6320850431923,1027992
37.90054702758789,38.93218767497805,37.81426432290591,38.189406646125676,1760911
38.75587844848633,39.05223877986557,37.221548491791694,38.5570533024253,2984351
39.36735916137695,39.513664908936605,38.864670052003746,39.164782200591084,2778955
39.3035888671875,39.92632706010327,39.089759418580094,39.389874567678994,1887469
39.288578033447266,39.75750079631703,39.01472265555544,39.31483476603777,1486077
39.28483200073242,39.53617657943946,38.65084432186174,39.314843515045034,1051390
39.416133880615234,39.84004692713232,38.677107321611,39.0147346620019,3780523
40.0988883972168,40.4402645246194,39.38987050858875,39.614955364289244,2986226
40.74788284301758,41.07800650375351,40.07262531700532,40.14015195936378,2558524
40.425262451171875,41.26557889606087,40.226437286761225,40.74038185946966,1077929
39.48741149902344,40.84542445216198,39.16478844105335,40.53405682497354,1266754
39.59994888305664,40.24519195068533,39.0372367330399,39.6224567758858,2045870
40.410255432128906,40.80415395318713,39.56243536278446,40.21518207656677,829809
40.942962646484375,41.11552515757007,40.15891437971242,40.736633843033026,1070478
40.39149475097656,40.96546228839004,40.07262356731825,40.89043202996614,586818
40.233943939208984,40.890439542966746,40.01260789863436,40.51530004535027,1380773
40.4927864074707,40.66534889102161,39.813777072972464,40.14015188932562,1337323
40.37274932861328,40.72913276971947,39.99010321402467,40.51530329822738,700412
38.099388122558594,40.14015942106751,37.21780462763646,40.14015942106751,1921385
37.79926681518555,38.185661668048255,36.53878933276494,37.68297258520881,2204250
39.344852447509766,39.75375819098965,37.96433177729394,38.11438637315255,3858190
39.98634338378906,40.21517706854468,38.27569621839236,39.34484921383666,5031630
39.53992462158203,40.29020944204269,38.980964298829036,40.027609458295714,3447565
39.059749603271484,40.14015825532363,38.87593166157553,40.14015825532363,2118387
38.76713562011719,39.382370180864804,37.61545154324567,38.63958890862633,6811288
39.08975601196289,39.232309953897044,37.89680507143877,38.40699781458654,4124372
39.33359146118164,39.599943224865726,39.08975055296782,39.08975055296782,634693
39.48365020751953,39.75000197933794,38.96595686717841,39.389866836957765,1859023
39.55118179321289,39.761262382638186,38.26444448543031,38.26444448543031,2463655
39.701236724853516,39.97508916564369,39.16853314987973,39.76500859014696,2466163
40.34272766113281,40.51529310545499,39.915065859881004,39.915065859881004,3219186
41.66322708129883,41.94083134203671,40.24519129984591,40.36523734747012,5539528
42.604835510253906,42.84117582367508,41.35186437933572,41.36311980982543,6128968
41.76826095581055,42.653596003665164,41.42688190186843,42.653596003665164,1061950
40.40275192260742,42.375996198371176,40.14015193850894,42.12840345294787,3749259
40.27894973754883,41.48315297992628,39.8400355071963,41.190544481643634,3684649
40.519039154052734,41.26557209143334,39.76500556393966,39.76500556393966,2415086
40.57905960083008,40.886678284948545,39.843782137905414,40.41774960651346,1906898
40.31271743774414,40.89043384444289,40.18141892846203,40.89043384444289,806327
40.66910171508789,41.17554264695241,40.308966534489066,40.308966534489066,2216831
40.43651580810547,40.7928991754677,39.772513702183524,39.772513702183524,4258877
40.13639831542969,40.815404654224146,39.76500773114587,40.51529251871206,1618582
40.331478118896484,40.582822702956534,39.99009898998109,40.48153569365539,8435818
39.866294860839844,41.25807086283533,39.77251148646561,41.25807086283533,2600471
40.020111083984375,40.28271110214758,39.536177993510435,39.840044957526096,3082007
39.84004211425781,40.24519309426786,39.46489968163433,40.24519309426786,3897775
39.746253967285156,40.32022153699955,39.648715812187895,39.765010050018,6126119
39.91881561279297,40.13264501947358,39.41987538744288,40.13264501947358,1853428
39.56243896484375,40.29021601185212,39.389876453173976,39.401128918142696,3587262
39.78001403808594,39.91506434761264,39.258565915321995,39.765006800440055,3949276
40.068878173828125,40.28271058896159,39.50241416472362,39.99009905914013,3665033
40.55656814575195,41.2655861984255,40.29021925333855,40.440273881285364,5607081
41.0629997253418,41.2655766888304,39.76500999415861,39.76500999415861,1443497
41.329349517822266,41.49066250993771,40.56031155281845,40.56031155281845,1706518
41.576942443847656,41.83578762561869,39.94131968562574,39.94131968562574,2209380
41.6107063293457,41.94082998376359,40.515293594893926,40.515293594893926,2050015
41.1192741394043,41.86205540804989,40.52655044166127,41.265579900302086,1498605
41.0780029296875,41.56568475901826,39.84003634378186,41.18304172789939,1566635
41.138023376464844,41.453142717263596,39.68997631877732,39.68997631877732,3186679
41.25056838989258,41.633211421248085,40.53404695111619,41.119266926189326,5114955
41.29933547973633,42.08338057968923,40.62783279539115,40.62783279539115,5673961
41.77951431274414,41.86579999625444,40.81540311284405,41.565684906218785,2902145
41.86205291748047,42.368493852556185,41.58444865221997,41.993351430547584,3526372
41.80203628540039,42.09089303782799,41.490665706580224,41.490665706580224,2065414
41.79077911376953,42.76614892635827,41.41563961587343,42.00085972391195,3206284
41.5244255065918,41.79077434173251,39.94507968117064,41.640719746051765,4222816
41.41938400268555,42.16591402033975,41.138027946760566,41.933328522403805,1815325
42.27846145629883,42.39100389201466,41.265579534856336,41.265579534856336,2561944
43.18629837036133,43.29134013693193,42.61608265359072,42.76614020165069,4014042
43.29884719848633,43.628973853079394,43.01373929790299,43.29134654436612,2265970
44.27046585083008,44.596837734769245,43.302599697443014,43.59145941261123,5442514
43.471405029296875,44.2667055632851,43.14503320786102,44.2667055632851,4424563
43.60646438598633,44.25545932007755,43.52393346116635,44.25545932007755,1749564
43.61396789550781,44.22169884857547,43.37387874187484,43.56895210603219,3180140
44.84442901611328,45.392136913730575,43.59896158491987,43.74151553274587,6633312
45.69225311279297,46.66761991073712,44.56307693366996,45.16705309663574,7911465
44.37550354003906,46.14242214482782,44.20294104319486,46.14242214482782,9343274
44.89694595336914,45.38462779901387,44.439272651768356,44.86693444346791,4506251
44.62685012817383,45.26084079001013,43.160046594869435,43.160046594869435,5334464
43.940338134765625,45.15204513768136,43.44139786354799,44.92696028222776,7748774
41.670738220214844,44.94197284726577,41.100522356961996,43.85406350046644,6034462
40.47402572631836,41.6294614561221,39.54742664993913,41.51316722465342,5749120
40.84917449951172,41.26558093259317,39.584947959872835,39.91507165825909,2333015
41.98210906982422,42.09089971623935,40.66535994907289,41.11552977747108,2551332
41.93332290649414,42.54105071955938,41.64821507922551,42.54105071955938,3215289
44.371742248535156,45.01698520788336,41.04048569312292,41.865797696601476,7079024
42.8674201965332,46.13490460637664,41.723240106157384,44.791896443611336,10299143
41.73824691772461,43.441390274931706,41.273073015113496,43.32134424876485,3058847
41.10426712036133,41.933334091858455,40.751638500024406,41.79077717434134,2024730
41.62196350097656,41.790774178995655,41.040492305941015,41.26557716444316,1933893
41.93708038330078,42.608583108816646,39.941322356837375,40.665347449933265,3292159
41.51692199707031,42.312222626544404,41.11927168233326,41.94083201441395,6920944
41.79452133178711,42.3084628233347,41.44563867839781,41.86579680657949,6362570
42.053375244140625,42.72862983690746,41.6407206482912,42.00085583792866,5218477
42.37974548339844,42.75113608832867,41.651974478226855,41.94083120129928,4404087
42.214691162109375,42.69112062672221,41.790778141488,42.16967240662588,1728352
41.993350982666016,42.766143711272825,41.633215803624715,42.766143711272825,2042761
42.02336883544922,42.496049480485084,41.4156408144859,42.165922797849916,1349488
42.15091323852539,42.49604415326828,41.490662921880634,42.3309793497139,1643442
42.03086471557617,42.567317139473964,41.79077262696644,42.165915032490446,7362604
41.83203887939453,42.165914339505065,41.05174553595161,42.165914339505065,1257428
42.55231857299805,42.762399178702715,41.35561571080675,41.715750926156964,710982
43.44514846801758,43.7415117679339,42.39850332602238,42.91619966554696,3756503
43.72275924682617,43.966603180442114,43.44140314331381,43.6664880261237,945972
43.182552337646484,43.74151566674834,42.84492503373863,43.74151566674834,901724
43.64022445678711,43.816538745765,42.390999400501514,42.390999400501514,674205
43.37012481689453,44.146666425557754,42.77364932321093,44.146666425557754,916170
43.47891616821289,43.974101700010785,42.769898228612234,43.20506369831819,537824
44.22544860839844,44.416770153586924,42.99873429469315,43.51643067895155,2154521
45.005733489990234,45.34711552648855,44.11664955522506,45.01698891837249,3684411
45.27959442138672,47.267846068553474,44.55557221927045,47.267846068553474,1720021
46.16492462158203,46.892698554807524,45.016989544906586,46.14241673036154,4071616
45.913578033447266,48.01812063725621,45.242072375231125,48.01812063725621,1970120
45.42589569091797,46.363750204768856,44.86693538532748,45.45590423559186,7643667
44.53306198120117,46.420026650310845,44.1241591821616,44.35299586356797,1990814
45.59846878051758,46.51006078037536,44.0416306789782,44.0416306789782,1671089
45.988609313964844,46.435027211164986,45.245828111283494,45.76727627020056,1198527
45.8873176574707,46.817668488273945,45.76727162359747,46.517553403590874,1813833
45.19706726074219,46.81768022679296,44.94572266796162,45.76728309875216,1714798
45.54594421386719,45.90607939400078,45.12953485329716,45.54594421386719,1179315
45.03200149536133,45.68474820420652,44.87444030861517,45.61722155762136,968480
45.19331741333008,45.47842831057579,44.26671811924911,45.47842831057579,2002368
45.294593811035156,46.29246830573801,44.56681695927336,45.09201687150794,1765212
45.8573112487793,46.29247372117831,43.666482750380084,45.91733427239105,791011
45.63972854614258,46.892699484742344,44.94196314346871,46.5175570821512,2425065
45.8160400390625,46.14241184182558,45.01698477560346,46.14241184182558,1675130
45.70350646972656,46.63010266135003,45.39213591148115,45.39213591148115,4155635
45.14078903198242,46.14241537158607,44.86693363831596,45.617215440668076,1296609
44.709381103515625,45.69225451755781,41.65572797298703,44.34924588749944,2764354
43.1187744140625,45.0169882966937,42.248443606905674,44.79190345901523,1983425
43.182552337646484,44.19168540529215,42.25970496680322,44.11665513829641,1682944
41.62946701049805,43.51643170063869,41.43439365080425,43.51643170063869,3115281
40.72163009643555,43.57270658921219,38.54580832832772,39.38987970002192,4021907
40.609073638916016,41.11551450777937,37.690474459620965,37.690474459620965,4582498
39.731239318847656,40.81539942259692,39.38986325431492,40.14764859789111,11137345
38.1556510925293,38.639584105752874,36.91393262702548,38.264441706240646,2508473
36.95145034790039,39.08975653993667,36.16365332978176,38.26444438947892,1818703
37.42037582397461,38.63958647268096,36.84640824380594,38.63958647268096,3269858
39.206050872802734,39.53992635724497,36.70385471268499,37.514162591620746,1621608
38.283206939697266,39.31484499772284,37.51416593448819,39.31484499772284,2566151
38.50829315185547,39.61496151962173,37.96808882106639,38.86467657346992,933309
38.84967041015625,39.277329308967204,38.13314882559838,38.864674684738304,1205874
38.67710494995117,39.49491354425207,35.43963093203011,37.5216690359625,1220019
38.52703857421875,39.31483547353676,38.271942237668156,39.31483547353676,742194
38.16315841674805,38.41450298872462,37.607949865618615,38.264445421179786,731427
37.97933578491211,38.56455878858325,37.73924665370299,38.26819547699883,833363
37.7955207824707,38.819658152004514,37.225304973828095,38.819658152004514,2294311
38.03560256958008,38.639578572842346,37.150267582579204,38.639578572842346,1167854
38.673343658447266,39.0072190861692,38.414495516975876,39.0072190861692,1435922
38.08812713623047,39.19479231293755,37.73924444033867,38.894680175063016,3371535
37.773014068603516,38.643342083062244,37.514165860601786,38.26444781351922,1026313
37.9905891418457,38.62082789640978,36.771378571846405,38.62082789640978,1556303
38.31321334838867,39.50616128925937,37.51416093424054,39.50616128925937,2604575
38.2119255065918,39.202299507521374,37.667969426590325,38.3394751787756,1944980
37.19903564453125,39.01472141830508,36.302448184846526,39.01472141830508,3556921
37.46539306640625,37.85929155610621,37.13901825256898,37.66421525021645,2901471
37.88930130004883,38.56455884103843,37.514161846658226,38.238184016876744,1938877
37.73174285888672,38.41450104942564,37.5141616213242,38.121889548949675,1644893
38.16691207885742,38.48953215741308,37.88930482396316,37.96433509430552,1552759
38.44825744628906,38.632075329019095,37.60418938446788,38.18940931415917,2675185
40.00510787963867,40.35773948753748,38.63959130768223,38.95846255499404,6639394
39.2735710144043,40.455266348666264,38.804642317221024,39.42737739675589,4325290
40.05386734008789,40.24518886324469,38.65459069195486,39.61495308308949,1221024
41.501914978027344,41.71574439451368,39.76875989137043,40.14015047892958,2084615
41.681983947753906,41.85830121278492,40.83416391071768,41.790774568262286,1938846
40.39149475097656,42.12089801637355,39.765007812180734,41.865801662618374,2558151
40.01634979248047,40.353977036183466,38.41449628952452,39.618699532227104,4073492
40.95045852661133,41.18679881875191,40.14015361419121,40.36523847685555,1997933
42.623592376708984,43.4939203483845,39.116017820210175,41.115521958838585,5108230
43.636478424072266,43.812795714233296,42.16967481133008,43.14129284652065,3169073
44.915706634521484,45.15204394700096,43.21256302471125,43.891566417014175,4324265
44.863182067871094,45.692245940376864,43.06625516937164,45.692245940376864,4408419
43.80903625488281,44.341736876824534,42.841170199006655,44.26670958098374,1837863
44.40550231933594,44.64184553339247,42.81865611209799,44.11664564091733,2872809
45.69225311279297,45.84230771810271,43.118781338024164,45.617222844280384,4263416
45.38839340209961,45.72976958914598,44.52931780429143,45.714765313544625,2966734
45.35087203979492,45.71100722923608,44.319231101947295,44.34924261488886,1677597
44.49178695678711,45.4671564680777,44.274205759316715,45.39212621898953,574549
44.12040328979492,44.58182841988429,43.56894659214828,44.58182841988429,2496401
43.10002136230469,44.79190968964669,42.61608830080862,43.89157021369406,3351204
42.90494155883789,43.28383574875854,41.36685987466785,42.953709148894134,2911347
44.13915252685547,44.259198552791354,42.78114001456234,43.88780801371279,998034
43.520179748535156,44.11665524674348,42.878688462704865,43.531435178369485,1165461
44.13915252685547,44.41675970329645,42.87867815209948,43.178790251082255,1641908
44.41301727294922,45.76727826217898,44.20668849303358,44.64185394601658,2369657
43.688987731933594,44.48804010247316,43.51642525786884,43.741510098487616,1716435
44.84067916870117,45.00198919668038,43.81654185322429,43.81654185322429,2676429
45.883567810058594,46.02236993046296,43.9440840021341,45.031996040376924,4872369
45.650978088378906,46.77640225829233,44.79190272355449,46.06738443807543,4438325
45.20457077026367,45.617225406832944,44.866943440563944,45.39214052036645,846295
45.324607849121094,45.617219349012814,42.94621258203545,43.906575032207144,670806
45.34336853027344,46.367508883755235,44.874442686804386,46.367508883755235,2417034
44.96446990966797,45.767274097264384,44.7168771758152,45.767274097264384,1544459
44.46554183959961,45.39213807539537,44.266713703682015,44.776906480973096,4394968
43.94784164428711,44.341740166928574,43.07001005780031,44.341740166928574,10674172
44.27796936035156,44.70187940692363,43.59521111378913,43.97410240574762,3823672
44.96446990966797,46.49129621721269,44.41676504076856,45.609712927825484,3144918
45.3133544921875,45.542191153974514,44.191682041152085,45.01699118841639,1917934
44.431766510009766,46.67136233359999,43.93282926428506,46.67136233359999,1919364
43.598960876464844,44.34173915120235,43.06626022719983,43.06626022719983,1782103
43.40763854980469,44.68312050375714,42.61608967292962,43.148793314820324,3740845
44.66061019897461,45.422147520194336,43.93283620053952,44.191684387411605,3539294
43.69649124145508,44.97572479983594,43.52392580196506,44.49179180054565,2243970
43.56145095825195,43.88407105480639,43.17880486256014,43.81654736676051,3692628
43.538944244384766,44.26671835240648,43.22382479404082,44.26671835240648,1428420
44.461788177490234,44.99824067250226,43.14129041265859,43.59146017262069,4641616
44.51054763793945,45.00948787228895,43.69649100192575,44.71687639547819,3238160
44.78441619873047,44.94197444587992,43.90283266556855,44.26671973091117,8098529
46.75390625,47.52294728350229,43.96660481643198,44.27046882636049,12282890
47.76303482055664,48.67087797492748,46.89270680205613,46.89270680205613,8620261
47.94309997558594,48.31824240590095,46.96773024993842,47.86806971000837,3409224
47.75927734375,48.38576431940534,45.647230906386135,47.49292851166066,10175363
47.50043487548828,48.164434055068334,46.96773124881727,46.96773124881727,2038036
48.40077590942383,49.52620029459666,46.74264788046861,47.41790251157231,7484747
50.347755432128906,50.89921510280028,48.69337938597224,48.76090602837525,11379165
50.317745208740234,51.46942913986246,49.008497140026265,50.35150259710129,5528305
50.13017654418945,50.9442332715119,49.53745287108629,50.26897867930761,2205608
50.193946838378906,50.86920140938589,49.25609227891672,50.26897710128468,2668118
49.237327575683594,50.49405311782499,48.56582493197384,50.34399261828593,2409646
50.32524871826172,50.861701194415886,48.39327122162489,48.99349853576057,4111989
49.49618911743164,50.64412140496372,49.218584829310494,50.344006256299416,2877772
50.21269989013672,50.561585549630685,49.24858865246987,49.51868927822531,3478331
50.35526657104492,50.56909306163204,49.27110611617021,50.05515141094575,2408734
50.37026596069336,51.35689414118756,48.925973300456235,50.11892137735002,2322393
52.38102722167969,52.51982936219509,50.385271914538215,50.41903523863282,4788111
51.56697082519531,53.135061325971726,51.1693204849696,52.669884337082124,3183901
52.080909729003906,52.39977497168826,51.12429620580745,51.566962261053476,2466184
50.77631759643555,52.63621389381005,50.58614220771545,52.33574135028866,1949695
50.85239028930664,51.198503251278275,50.357938475472984,50.802943003015685,1757751
50.875205993652344,51.575045648497884,50.361740865340415,51.10341405379576,1862101
50.947471618652344,51.71196794563153,50.441608261895865,51.34303181747708,1462564
50.875205993652344,51.5294052392735,50.38836493855643,50.57093258947546,2037217
52.19120788574219,52.86823036474886,49.9091302179625,51.34683923887403,3920199
52.0885124206543,53.92558534647365,51.13384071254538,52.25966544439152,2842042
54.127193450927734,54.42386523930915,52.08853564608916,52.08853564608916,7003937
53.434940338134766,54.12337137354101,50.37314795399696,53.24857183120984,5202290
54.906890869140625,55.454593873139345,52.14557067745505,53.43494693929805,3276397
55.89959716796875,56.13161213267921,54.846036692636645,55.22638751635287,3270542
53.259986877441406,56.54237960463351,52.67805212696725,55.226379418940056,3909319
52.967124938964844,54.226070314791045,52.164589735908734,53.05840577071439,3667924
52.96331024169922,54.38581276022892,52.71608584603134,54.38581276022892,1715150
50.98171615600586,52.64002871616891,50.662221214163104,52.64002871616891,4073627
52.53732681274414,52.75031940511629,49.623867079419426,49.82545407964582,3773632
53.37409973144531,54.00927671820605,52.594381731014224,53.89517267175654,2364248
52.38898468017578,55.504025025854716,52.10752849859954,54.16140085746339,4055306
52.2520637512207,52.944295690843546,50.3959742763158,51.87932671435855,5441022
55.15410614013672,55.758858057189066,52.518305040282556,53.2333541038164,4404014
54.19182586669922,55.8349223709795,53.83049751215396,55.48500261297179,1735243
52.83780288696289,53.240970900269886,51.19850675791356,51.48376986801814,4658228
53.34746551513672,60.23174646125829,51.11863291257246,52.411816015015994,4186557
52.320533752441406,54.922109646262335,51.7271963133058,54.313550716350896,5107422
51.78424072265625,52.936689696728216,51.670136685202934,52.936689696728216,4372357
51.78044128417969,53.09263474395204,51.05777835109587,53.09263474395204,5575361
51.879337310791016,52.860633403808684,51.51800879929002,52.47267479878517,3953390
51.689151763916016,52.24445646226246,51.126239328055,52.24445646226246,4040612
52.52211380004883,52.681858251816635,49.83306114621392,52.153177607813774,2027974
52.06189727783203,53.32464945643572,51.498978801352365,52.86823329617039,3219714
52.12275314331055,52.32053027185797,50.81435453805239,51.33162658705477,2384392
52.373775482177734,52.788358081703585,50.966494405685786,52.33574280898228,11129387
52.0885124206543,52.6209938402999,51.65111267307326,51.71957628817655,3152565
52.07711410522461,53.24097788412422,51.81087331208736,53.24097788412422,5182716
53.282814025878906,54.07774150589464,51.65873326380044,52.4118211892843,7203778
54.252681732177734,55.91099370766884,53.781050231088074,54.31353158971803,12210725
55.454593658447266,55.72083441448543,54.00927380990713,54.709113527518355,6571862
54.69390106201172,56.43588670000417,54.359196660564365,56.283749975897834,4077171
55.32146453857422,55.9033993252518,53.628920355167004,53.628920355167004,2193391
55.43938064575195,56.17725307157342,54.914500834223944,55.38232561605345,5106043
55.88057327270508,56.295149841030074,55.6067248061978,55.682796163458164,6588991
57.120506286621094,57.95727323551492,56.06314501501117,56.20767398893465,7536270
56.82383728027344,59.1591660377752,56.063141738649584,59.1591660377752,3742990
55.92621612548828,57.05204700325155,55.68279859685612,55.987072011151746,1544521
56.93794631958008,57.05205036016018,55.91100995435918,56.283747013710546,3677406
57.96107864379883,58.16266265915085,57.375348950454914,57.767102366727194,3821403
58.89673614501953,59.43302457803067,57.759496508520364,58.19309550645962,4960906
59.794342041015625,59.912252945423575,58.059964411141806,59.18198836368611,5454835
63.46089172363281,64.78449977116236,59.25805864249897,59.25805864249897,6282313
63.609230041503906,64.0846685647019,61.97374076657374,63.44187784638619,6124129
63.247894287109375,65.19146966616388,62.833317716113186,63.616830449063855,2650937
64.0428237915039,71.50523239107531,63.160416459528165,63.59400938107156,9333502
64.98606872558594,65.80001228100879,64.30144465407601,64.35469279203652,6959016
69.20032501220703,70.40222117152193,64.98607771054506,64.98607771054506,10095975
78.33245086669922,87.02337896200373,69.9914425770686,69.9914425770686,26097484
75.555908203125,81.75556351817461,74.16764372903143,79.87285033112182,21909330
71.82091522216797,78.19933203545511,70.75213944945585,76.0693882269142,18956854
68.65262603759766,73.42597914095029,66.56072074700573,72.25071300041141,8211926
74.54798889160156,74.92833960917389,64.67038708413236,68.57654757713846,20911120
83.5166015625,86.71912280084612,75.68905627171965,75.68905627171965,38522641
83.15906524658203,84.04147264188055,79.34038372031907,84.04147264188055,7240503
79.84243774414062,87.45698335292495,78.99806906577746,83.29598983495295,15060074
84.31150817871094,86.33875656157997,80.63354928376417,83.28837281266124,13136574
103.89176940917969,106.48953784997266,83.46713138095463,84.43701857725219,44381770
89.43478393554688,98.96627425745778,83.29598354642549,91.28326560310941,63220440
82.3869400024414,94.687362175105,75.38475569719881,91.20718678607211,38725197
74.39966583251953,82.8395626592105,71.7486432223147,82.53528326037312,26075650
75.94768524169922,77.89506163215248,68.73250073372431,71.66497993305893,25878213
80.45099639892578,82.90042934014744,77.59078170523668,77.59078170523668,43628726
83.0069351196289,84.09472747065576,80.16193557646612,81.54639966214077,37677091
85.21674346923828,87.02339176794462,82.72547093190778,83.67633592532289,45494527
86.49090576171875,87.47980946175456,82.56192105154382,85.57807342753865,12356795
90.00911712646484,91.64461244496866,87.47981180185191,90.43130149091441,13294333
91.18819427490234,92.72859583939702,88.23289777425136,90.90293116205687,15575712
92.32542419433594,94.70639952775741,90.99801529061824,91.95268714390251,9621621
93.39038848876953,95.08673338608048,90.52257239670844,92.42430814695386,14621501
99.2210922241211,100.41157963251462,87.55585881955389,89.7618677346456,13422020
104.20365905761719,105.72885110473719,96.91240921286939,98.79892971193065,12361821
103.14249420166016,110.30062348254329,100.91366164665364,105.61475030214746,11905808
98.1295394897461,109.53994546388115,95.16283393647097,109.53994546388115,10676411
94.05599975585938,97.7035218058601,93.18500105765425,97.14060939836983,8141741
93.08992004394531,95.06392048737624,86.42243860358938,90.89531926396843,16602968
95.67626953125,97.73394884515898,92.0439570867777,95.01066172014485,16309440
99.86772155761719,101.16470573551129,96.9884960677945,97.36884091784809,6530557
95.01446533203125,101.8454970993844,93.41320217056324,101.8454970993844,7093625
95.20844268798828,97.29274602676556,92.80465049381733,94.32603544629647,5562978
96.71083068847656,99.42270969760057,94.3602861657787,95.46709479753017,7126401
92.03636932373047,96.60814504115862,90.83447293869799,95.39103317917038,10404353
87.94763946533203,93.18501709873723,87.11467930939496,92.65253554810896,12198218
86.72293090820312,88.62086028935491,82.53530667063154,88.24051544344326,12952681
87.4645767211914,89.53366454065602,83.0677681118396,89.00117711281767,15283116
89.67058563232422,91.20718591878583,88.25189021827539,89.00117102159264,7085925
86.39581298828125,89.38154025114747,85.5894770052009,89.01260407153256,7427940
84.6766586303711,87.70802680228168,84.14037017884093,87.09947385327372,9178717
84.94669342041016,87.09946065308591,82.68742988884956,86.87124656601887,39595720
88.89468383789062,90.06615501596865,85.73019612375242,87.09945041509833,8128487
96.00337982177734,97.74536525976859,89.761883777539,89.761883777539,12794249
99.18306732177734,99.75739430724003,93.94949176802531,97.74916231682528,18446894
100.22901916503906,101.32441897173044,98.52126572178526,98.89020185665487,6654109
98.89781951904297,101.93298799140581,98.12951622571906,100.22902922441385,12440441
100.69685363769531,103.06640808737218,99.27055031172554,99.27055031172554,10961887
100.2024154663086,102.08514122055328,98.12952632803926,100.69687033488397,4865136
100.09210968017578,101.85692436194151,99.87911708597092,101.09622277916017,4157604
103.28321838378906,104.06292424959611,97.74916988043503,99.64329799538982,6032452
99.16026306152344,104.9757620680154,98.50986463852519,103.53044827652202,12400908
98.947265625,100.79195258863011,98.89021661287865,99.65091220598362,2965418
98.5098648071289,99.80304790365341,97.36882443609075,98.89021560682288,10448270
95.58119201660156,99.18307367055581,92.0439610934367,99.18307367055581,9139391
95.95392608642578,97.6730942105883,93.33714122958376,95.92350115275147,6958487
97.67688751220703,100.31269451436764,96.22776709790372,97.34599007276604,8721575
100.85661315917969,101.55264601475474,98.5098695410896,99.57484461458459,5589320
102.69747924804688,103.6825880298929,101.33204373414664,102.31333962623741,4680061
103.17292785644531,105.05184061758277,101.93299289791246,102.693682476448,16945698
105.76307678222656,106.86988528709124,99.43030002286436,99.43030002286436,6164740
111.82581329345703,112.34688015810167,107.25783908570223,110.29300756499154,9666843
117.4321060180664,119.64953567325513,110.30060783716907,110.30060783716907,9045808
117.37508392333984,119.08665061482841,114.10410530464138,119.08665061482841,18469060
121.85558319091797,123.5671379181197,112.60933628400196,115.92977434581532,9351356
123.92847442626953,125.49930105176175,121.33070532539199,121.33070532539199,11123429
122.42227172851562,123.89421547159314,119.91198315059586,123.89421547159314,8058633
119.0143814086914,123.91324741850427,115.48475185857176,122.31959171142265,8493538
119.15129852294922,121.71103474711347,116.38618344200107,118.66826429105558,6491584
114.12689208984375,120.18201260805037,112.59789949492956,120.18201260805037,5900205
110.90158081054688,117.74022195178307,109.25467684940247,117.74022195178307,4271354
116.50786590576172,117.98361034827431,109.53990130340804,114.02799651989635,7438220
117.75920867919922,120.56236788983986,116.53829026255707,117.14684904026488,16287223
111.03470611572266,116.69046115541454,108.77544238395276,115.59886798108924,14384417
112.53326416015625,116.00583272701162,105.51206167409126,112.05022992783567,17393017
110.8635482788086,114.86479769407168,108.77924446283222,108.77924446283222,11511619
94.27661895751953,109.4638724587342,90.52259384987907,109.43725439447651,9611279
82.3451156616211,89.76188385887573,79.11217004796268,86.64303626478382,11353694
95.6534652709961,105.35611552923308,84.05668674941178,87.47980794316406,12176156
91.66742706298828,101.54504342127863,89.83796153524806,98.12191615895125,8427850
95.66487121582031,98.50226267017949,93.18500734662548,94.70639851097418,3070266
97.13300323486328,98.13712231407729,91.29848219093917,95.0867384182064,2756189
99.76882934570312,100.67786090147385,95.8664683527037,98.89022874468124,8280329
100.16438293457031,101.93299863291715,95.92351694585508,99.80305446233339,6846396
97.21288299560547,101.47657174904411,95.84743546650542,100.41159676909267,10051033
102.04328155517578,103.4543754603825,96.60812772602546,97.36881724115956,5509839
106.89652252197266,109.15958696850447,102.46547531655995,104.59542540038046,6054814
110.16368103027344,111.36558311669667,102.80016189392161,106.49713693509553,4084994
108.33804321289062,110.66957145215356,104.89970631576514,108.0185542859283,8536366
107.7636947631836,111.66986169084154,106.11679113408233,106.57320723310131,4786660
101.43853759765625,107.8663960004354,99.27055499650558,107.63818793863233,4907746
89.8265380859375,100.41159485265199,85.3270336158725,100.41159485265199,10741228
90.02433013916016,91.7396916266727,84.20882487433168,90.9029306588644,10074090
92.31781005859375,94.70639296420255,90.6747132302303,91.58754546976793,5434089
97.22808074951172,98.133311177682,95.17040754942703,95.17040754942703,5644448
98.49464416503906,101.81887032502662,94.49719644433223,97.19766035391619,5993147
100.92886352539062,102.76974331556161,97.67308907823276,99.34661670693556,4440480
98.69624328613281,106.49715767089607,98.1295239398117,101.17229437473136,7738214
102.1003189086914,102.61759686125266,95.08672581444155,98.58591763233086,7998634
102.5149154663086,104.1390019914207,101.03155704594606,102.46546818095598,4188702
103.36309051513672,105.15833619069049,99.01572849465757,99.01572849465757,4381725
102.72029876708984,105.43216523005309,101.93297920518502,103.83470891008515,7672112
103.45438385009766,104.7475549278921,102.7165114724468,104.2150734269205,3406996
104.72472381591797,108.01853101673406,103.75102974001905,104.21505958182783,5778912
105.9950942993164,106.5732222413586,102.72411580505644,103.6825945591918,5666541
106.48954772949219,108.7183802388615,101.93298813866335,104.60302130466626,6185185
99.35423278808594,105.43217128110825,98.12951339927716,102.6936745754216,5883118
93.9343032836914,101.16469783034641,87.55588522411725,96.34950462014879,7782431
91.14253997802734,93.56535474796364,87.86014710980844,93.18500396367365,5881926
86.77235412597656,90.52257770233066,82.91563425549809,90.52257770233066,8507527
83.9806137084961,91.20720676040071,81.77459830720981,85.1977254466533,10492279
90.4312973022461,91.95268850545611,82.53529536049352,83.98061519933643,8493848
90.53779602050781,95.3910277134229,89.76569179854707,93.57297077010132,4315011
88.9061050415039,92.57645665030496,85.65414292879031,89.76188834317927,11253789
88.28994750976562,90.21830764516814,83.60027313573858,88.7729877591244,7851383
85.84049224853516,89.99007628541675,83.67631684821193,85.19770770764522,7722816
80.93022918701172,87.86015050043667,79.11597319631645,84.43702939385419,10428166
79.69029235839844,84.98852481783673,77.66684483162109,83.67632551668932,13978497
83.25035858154297,85.27380053713391,78.96003906407192,79.87287748248683,10029666
88.80341339111328,91.50387759129401,85.27378998539723,85.95841420397642,7816576
88.47633361816406,92.26459101267866,87.50264518795231,88.92514815631247,5249937
88.96318054199219,89.98631626915203,83.76003395018525,83.76003395018525,7387847
92.50799560546875,93.48929157353915,87.63575359328301,89.00119522692812,5081899
89.11530303955078,94.32605653759707,85.30042218634188,92.95680796999562,6646886
89.41957092285156,92.72858786600013,85.65413784961353,90.52257857524162,2619487
90.46553039550781,94.17391474002741,89.1533369292466,91.28327502144192,6024618
88.47633361816406,92.04399062041541,86.73814854761775,91.2832948428684,6122233
85.29281616210938,89.75428238241979,82.9422717034213,86.9473217575407,7001098
89.67058563232422,90.5225618501439,79.97553950684902,79.97553950684902,5753213
86.22466278076172,90.49976036809325,85.50199985880644,89.67060715911899,6015903
90.1156005859375,90.97899154423831,84.85920753517267,85.80627157360443,5607889
91.21861267089844,92.3178134632752,87.63194032563072,89.76188430111141,6064296
94.91179656982422,95.83604360482926,90.53400301925711,91.66363494313956,7425028
96.89718627929688,98.50985205126015,92.88072228771871,94.17389920277012,7538643
96.29625701904297,101.14948293496094,95.39864011060672,101.14948293496094,4546945
98.829345703125,100.02363405449886,97.0835535816285,98.43378549819957,6183724
100.12635040283203,101.40050521971185,99.07278992327782,99.65091788530373,3571190
99.93616485595703,101.17228687056992,95.1894358721698,95.1894358721698,2394548
100.75772857666016,102.92189859535596,100.03126474019216,100.4116095591809,4093595
103.52281951904297,104.89968151405229,101.17227549663804,101.17227549663804,10254802
101.72759246826172,104.59541464304701,98.89020725563395,102.69367283322129,4521266
102.86104583740234,103.37831189001713,101.19132473153249,101.72760712246107,4489619
105.7326431274414,109.92026639166738,102.84581661511113,103.0740246724194,8152487
106.18905639648438,108.01853369551428,104.74754360972072,106.04072657582812,4872358
108.17448425292969,109.92027054467798,105.73646001196788,107.10570840755045,5329117
105.8772201538086,109.31174476700824,104.59545132947875,107.94249595713575,3946147
101.3586654663086,106.1168032399924,100.50668905188027,105.73646446611546,4966979
103.77386474609375,104.65626603050956,99.65090422333309,101.40049131787576,3628163
102.08132934570312,104.21508041051752,101.5640632855314,104.21508041051752,2041932
102.84580993652344,104.51933157209484,100.41158680729423,102.69366723218346,3469036
102.56437683105469,103.83473080981966,101.55264987140998,101.55264987140998,3089136
102.25247955322266,104.59542216739746,101.1722890690675,103.09684821442225,5412432
103.26039123535156,103.83470618186747,101.33963321807076,102.31332726913793,2568462
106.56182861328125,106.87751668656439,102.31335466995142,102.6936934859724,3126483
110.44514465332031,110.81788166874277,107.33391098672082,107.33391098672082,5531538
113.60965728759766,114.33231424097889,106.6493044670423,106.6493044670423,6732170
113.83403778076172,114.94084628263168,111.44165999984762,112.20234953226768,7589989
112.472412109375,113.83785973160995,110.68097927732104,111.90568675555069,2653745
109.57415008544922,113.11518193510449,108.9313714590809,111.89807627598056,2122304
104.96435546875,108.77922981463152,103.46578155689537,108.77922981463152,2329917
103.14249420166016,107.7903347083328,102.67466344756023,105.74406379841506,3000578
105.88098907470703,107.25783919489338,101.62870288758725,104.21506898912854,4238877
103.69780731201172,107.33393349683696,102.69369406827231,106.49716644636484,9199587
103.07022094726562,106.04072647128915,102.69367104774513,104.71712458689208,2836478
98.57833862304688,105.50826668012088,97.47533081234239,103.6065245130961,6279670
94.88895416259766,97.74916245386163,91.36693893425794,97.74916245386163,15259200
88.58662414550781,95.81321796309749,87.57490317609337,95.0867541106813,4756692
95.72953033447266,96.98848164434584,85.38028854377309,85.38028854377309,8418347
97.07975769042969,100.10732446971608,95.84743653065786,96.76026880131009,4294161
97.85566711425781,98.61635665123534,91.2414341228837,94.32604384715658,6743880
98.33109283447266,100.52189250324507,95.92349972968114,97.85566040296318,7936439
98.93584442138672,100.71586839435237,96.02618880930457,99.26294101900218,8856143
99.82205963134766,100.48766748605443,93.73650725747561,96.22777962153968,6657726
95.28832244873047,100.56373795402776,94.42493748730668,100.56373795402776,6162325
99.0879898071289,100.02364528938617,96.30004571099813,96.53206065421028,9076947
98.71524810791016,99.65090354597737,97.0835599011228,99.08798512730564,5188052
97.34979248046875,100.56372735494594,96.9123927394086,99.65089520456684,6352467
97.10259246826172,97.7377694604357,95.39103175693242,96.22779276668594,2853462
95.25408935546875,99.33901721236128,94.1092482010304,97.37262464144693,10136068
90.63289642333984,94.70641672698261,89.19138321998503,93.94572099849464,7630247
84.96951293945312,90.29436975036151,83.29598513853412,90.12701757167177,15547132
84.12513732910156,85.95460868876219,81.85827219849094,83.29598418247676,11019617
85.78346252441406,87.17553430824698,82.76350913761715,85.19773282473409,15856277
80.64116668701172,83.06778245623252,79.73974297507323,82.91563972828,7854979
80.40533447265625,81.2421012636708,77.36636559159933,80.55367029444481,8155523
76.73881530761719,81.92675184427527,74.28177430798266,80.32929510827857,6213506
83.7333755493164,87.3276551479302,72.41805534184404,76.73879258261454,10880728
76.55623626708984,83.75240426458376,73.51726685424087,83.75240426458376,19665442
84.04145050048828,85.57044305295965,73.40694820088389,74.92833903140053,7539637
82.54290008544922,85.95081168559135,79.62944331461225,84.20882020472507,13367358
78.3895034790039,80.94163164704808,76.06939024297543,78.00915872290685,11568333
80.60691833496094,83.57742961416957,79.11976527181247,80.73623782298016,13397689
79.26431274414062,81.39425687007125,77.59078478705071,77.59078478705071,6165973
74.22090148925781,81.0139009517506,72.54357290031074,81.0139009517506,11195572
75.97050476074219,77.4348408512566,72.0415203579715,73.78731266190212,11783520
73.80634307861328,74.54801642658602,73.02663103642102,74.54801642658602,5584398
72.52454376220703,75.68902499921425,69.29920064015862,74.01550358118938,10621759
76.1834945678711,76.91756602415859,71.81711052974043,75.2098064555713,10835682
77.15338134765625,78.19934003068016,75.46844486935909,76.83009158819999,7064009
79.37081909179688,79.91091443314487,76.98224164115324,77.59079460527214,7641439
84.77174377441406,86.31595232350571,79.37081471486205,79.86526960908823,6646006
85.53243255615234,92.04397064034546,83.9311691038968,86.71911338143492,11220225
79.70171356201172,87.40373951359483,79.11217700562844,87.40373951359483,9070916
76.8224868774414,81.14322497354885,76.16067982908685,76.27478387045603,16055507
80.08964538574219,80.8465399566939,76.44972553171772,77.59076567272658,8391550
79.1920394897461,80.47380788825164,77.97112697461914,79.10455953326573,13641032
84.75651550292969,86.55936283482694,80.2950496116783,80.2950496116783,13951026
88.06554412841797,89.38154446258073,83.71436910137119,84.47506470906714,22999445
84.92385864257812,89.00117846561376,84.36475314957158,85.25096124634749,12587102
85.1558837890625,87.0994592545694,83.67633219983313,86.97774748236331,5669049
83.82086944580078,86.33876601443168,81.78981396510584,85.357470086817,16130241
80.89979553222656,88.16442043577614,78.73181305100157,85.57806054040314,28003273
79.89568328857422,81.21929128895995,79.11977826111796,80.4814189349212,12565641
80.6601791381836,81.31057152747903,78.36288299420269,79.41644336930976,11315477
82.00279235839844,82.9156245024014,80.81231091280779,81.7745843223977,8158839
78.9181900024414,82.459215735338,78.07381538322008,82.1549423363958,13347151
77.51850891113281,80.15431610886033,74.9283481348026,77.59838112754622,9937906
78.74703979492188,79.4849121919376,76.15307179145937,77.21043911146485,12408639
78.29747009277344,80.15337367072031,77.3176505056001,79.15433681217456,6372176
78.13224792480469,78.75472225151346,75.13514346410254,77.61736115326565,6271204
78.68556213378906,79.9189853641574,78.02850518282871,78.77009869007097,8855811
78.62407684326172,79.73070123299948,77.77874172120704,78.61639115001847,6004670
80.71435546875,81.06017516277149,78.38583376541358,78.38583376541358,5549196
78.58180236816406,82.57410351123137,78.23214284488878,81.45979351616913,7087563
79.02753448486328,79.36950833485886,77.60582708208435,77.62503827694073,3067997
77.77874755859375,79.0774900742975,77.30996884074794,79.0774900742975,6080399
77.97086334228516,79.45404412418077,77.02177442949477,77.92474918429423,16169308
80.7527847290039,81.24462046494114,78.77008862653483,79.538572850467,4747034
79.91899871826172,80.4607825038701,78.63946718686627,79.15435407746284,3069696
82.2513427734375,82.61252780618416,80.07651650591072,80.30706298775375,6769620
84.0765151977539,84.52223683817569,80.77585294621797,82.07460154932969,6668088
82.72398376464844,84.53377353236586,81.07557536303675,82.15145721272309,4662756
84.9333724975586,89.7594837885493,84.40311432120208,85.29456364204526,7282968
83.48092651367188,84.4338552871166,82.31282870276605,84.4338552871166,3313402
80.79122161865234,83.45787782896335,79.81139592883267,82.76623830990728,8262878
77.9055404663086,80.67594428712187,77.37144250457727,80.67594428712187,10247392
77.04484558105469,79.9996821828848,76.25714392606226,78.00161428595474,7103034
76.12649536132812,76.8488776902583,73.3906799257562,74.8277528139617,6730885
75.00834655761719,75.99201212029018,69.59050330660912,74.54341370573681,6512236
74.55877685546875,76.46462844813273,73.90940559024092,76.46462844813273,7889994
72.70672607421875,73.8517791398269,69.56361112281606,73.8517791398269,8687576
78.8277359008789,80.30707709858255,73.91325395038089,76.00354403988361,40324671
78.8469467163086,80.69132496183738,77.70574568914785,79.92283453250434,4066777
78.85462188720703,80.66825711419432,76.84886863526049,76.84886863526049,5745410
78.76624298095703,80.15336776325186,78.105346303347,78.77008886520686,7259549
77.01407623291016,79.53856168242302,74.97374075852498,78.77007756639405,12340785
75.99968719482422,78.07076578806209,75.38873839113198,77.61735850290897,5608646
70.35130310058594,76.69517180051719,68.47234847624594,76.31092965052322,12981665
69.71346282958984,71.23891212223188,58.09775422426797,58.143862313778165,9959698
72.95646667480469,73.69422028019916,69.16398128612256,70.70095581273469,6619695
68.1726303100586,73.2292815539287,67.73074853805502,73.0832716165605,8018240
61.429141998291016,67.55015592070683,59.1813166264248,67.55015592070683,10025873
59.02762222290039,63.4003201888426,57.267780635085046,60.71061294936593,7702308
62.12845230102539,63.400297450112234,51.58862990199621,56.0996565853437,12604791
59.12368392944336,61.17171188887719,52.26492160258185,60.16498920274696,12715286
60.46084213256836,62.631822513308926,59.327320918900114,61.479090105450794,7491141
63.87293243408203,66.42430884494561,61.940178300842675,63.01606584912645,10053075
60.7567138671875,63.55400833711074,59.66161504366494,61.47909000631203,6072296
61.79032516479492,62.528078741468526,53.48680622393719,58.78938119695889,7313289
57.50217056274414,63.40031747054187,56.49928782611086,61.47909462434722,4971206
55.35039138793945,59.17361913008406,53.4944881515247,58.28216999216706,6794863
60.626068115234375,61.47908886470478,55.1006322861862,56.48391722334555,6083187
57.801876068115234,59.94211360694183,57.636648867376046,59.5578715088963,3643220
55.70390701293945,60.841255929105664,54.23225149168782,56.868171217786276,5945987
48.357147216796875,56.068931631451605,46.51661523352755,54.56269385812578,7874025
43.59252166748047,48.03054490228053,40.737587260323785,47.64629971677429,7674164
47.089149475097656,50.708728505786475,45.18713770937587,46.10932375926588,17322997
52.994991302490234,54.40900723260051,48.10739983978465,48.10739983978465,12178695
53.310054779052734,57.02185552497649,51.911410593841346,54.40899340177724,7095832
57.836463928222656,59.01993930060504,52.180388513076096,53.71736328271359,7521317
57.24473190307617,60.6337709313945,55.56174093114798,59.94213130531289,7494322
55.15827560424805,56.253374480120456,53.025717513381835,55.3311824355903,6000629
56.457035064697266,57.625133063664116,52.4608930637586,52.4608930637586,7253290
62.05545425415039,63.63085718459586,56.87969016723728,57.25240068859949,6250666
57.86720275878906,63.20051511362345,57.48295453584405,61.479095955201565,5422483
56.24185562133789,61.32541117737797,55.062226005229476,57.482964720984896,10433907
57.3830451965332,59.4656491503665,54.94693583994816,59.4656491503665,12490337
55.71542739868164,58.38592309895233,53.07950820215062,58.38592309895233,11556229
52.49930953979492,54.5742281393055,51.71929364153141,54.5742281393055,8061317
52.049739837646484,54.56270034816315,51.21977000239113,53.025719621812264,5212415
48.799034118652344,50.97386067665962,47.116046399104,50.97386067665962,9360817
48.44552230834961,50.97385080151596,45.72507277114738,48.875875512709676,10889350
50.28220748901367,51.25050446042263,47.492595882422705,48.799023819759554,11366181
49.9940299987793,52.63378912918841,49.271653832843185,51.10449417345688,7124691
50.37828063964844,50.877799101052155,48.64533893147515,49.95177019477981,6061218
50.37828063964844,50.37828063964844,50.37828063964844,50.37828063964844,0
51.37730407714844,52.24954206212617,48.414782571586045,50.378270395316406,10877215
49.625160217285156,52.17270034928983,49.20248959349284,51.4887465180431,10097613
49.40614318847656,50.18231624536494,47.742363627449585,48.4147919687542,6810666
49.80190658569336,50.33600754859014,48.4993183724915,49.94791955816834,6523251
52.495460510253906,52.948873887063996,49.4291939195831,49.95176638504931,5532212
51.46568298339844,54.408993442179444,50.835523011401044,51.87298216872381,5142043
52.79902648925781,55.01611545602317,51.87299446788435,51.87299446788435,6788200
56.457035064697266,56.79132329048204,53.1294755909761,53.179429568410214,10086504
56.161155700683594,57.55980612656855,54.64723202158057,55.43493359784513,5242300
57.8095588684082,58.40513627965153,53.878743093684946,54.581908055279676,8802983
56.50313186645508,59.31964372582144,55.88833717337634,57.25240492435845,6287370
57.3023567199707,57.79034657155516,55.64626307145616,56.48391853066009,4676372
54.120811462402344,58.38976706427001,53.41380066378154,57.6366481865318,4929394
55.8691291809082,56.09583587615994,52.956555104067014,54.101608007194876,7359568
56.92195510864258,59.019930552923405,54.22071656431647,55.315815406162336,7346625
56.9488639831543,57.540601706194956,55.71544063603989,56.63762677037947,4979061
56.30717468261719,56.825901311490064,55.354245832340325,56.62225168426537,3065271
55.734642028808594,56.57613733590855,54.87008964214759,55.41571917760472,4616228
56.13041687011719,57.21014438523892,55.023792466120945,56.25337581229976,4311964
55.75385284423828,56.476235091136616,55.19669781061855,56.0996725814181,6882468
56.84511184692383,57.40611282429446,55.71543634952945,56.099678517393016,3590765
57.571346282958984,58.628016915626944,56.722159031092495,57.63666557511116,3571138
59.246646881103516,60.99495699832818,59.027625861924726,60.710616692145834,4852981
63.999732971191406,64.32634148342865,59.65777242148914,59.65777242148914,11470801
61.944034576416016,64.62990193812688,60.860467229786885,64.62990193812688,4343964
61.125587463378906,63.09291833879509,58.55883935407056,62.24758322656422,4213241
57.621280670166016,61.325395843503934,57.06028583934036,60.71060723748869,7869445
55.888336181640625,57.48295039531923,54.793243406680354,57.48295039531923,7266637
57.7365608215332,58.712540660342114,54.56270340301837,55.86913162547857,5320164
58.87774658203125,59.71155597112226,57.04874044173068,58.96612291638265,5484949
56.58766555786133,58.86623370928758,55.803809874163065,57.63665640449216,5829295
59.3811149597168,60.05354314446306,56.579968799426034,56.579968799426034,8942576
58.409000396728516,60.5338734064021,57.52139675361133,59.381140613308546,6400155
59.06220245361328,61.286976778621494,56.66451521636889,57.63665518247089,13510350
54.89315414428711,58.70485748777302,53.932545652013175,58.09775447602168,14294398
54.81245422363281,55.615527113587454,53.88642239809156,55.25433599975762,7037677
54.455108642578125,55.246649950205025,52.34944751663126,54.87008745294597,6286375
56.883544921875,57.313895212619165,53.794217714020874,53.794217714020874,4507173
57.70197677612305,58.02089964868036,56.264903945101494,56.86816710638248,3696100
57.951725006103516,59.32731813825457,56.89505469436698,57.71349284289247,6062462
58.624168395996094,59.31965387231892,56.02283727207863,57.621291596202006,5624501
57.851829528808594,58.612634181279084,56.79131321619556,58.02089655428572,2427552
57.978633880615234,58.76633549788715,56.49160701399431,58.40514433216124,4262349
57.571346282958984,58.99688773549809,57.19862350222611,58.635696534758225,2436433
57.01417541503906,58.22070777844245,56.48392332139639,57.790351473097374,3996084
57.85566329956055,58.38208159210532,57.26008592590182,57.48294670551535,2112687
59.78842544555664,60.27256945590783,57.72503242340168,58.020898207505184,3276604
60.9834098815918,61.582833117926576,59.384956018893746,59.86526013936009,4390989
62.1246223449707,62.554978618607684,59.365750220014874,59.94211643207101,4592353
61.1102180480957,62.21684235064394,60.09580990590718,60.09580990590718,3090235
61.20628356933594,62.91617104678478,59.67698861436913,59.67698861436913,3496404
59.62703323364258,61.24854431576643,57.997836458626644,57.997836458626644,6276966
57.371524810791016,59.45796875909597,56.91811751594561,59.17747437259875,3136306
57.94021224975586,58.40514510195367,56.48392814007787,56.71447466155477,3136483
57.774986267089844,58.32830157601467,57.24857392604634,58.02090418216755,1591495
56.70677947998047,57.252402915843845,55.75769666121032,57.252402915843845,3311381
56.810523986816406,57.021859285994324,55.56172946265791,56.330219802673945,2942890
57.25625991821289,58.09775535178337,57.09871837331868,57.175569241092184,6116865
56.237998962402344,57.482947498678875,55.98439540933112,57.482947498678875,3368219
55.85761260986328,56.68373670276277,54.40900799555132,56.09968465529432,5588449
54.701011657714844,55.446444764073696,54.024743700532696,55.446444764073696,3134255
51.34272766113281,55.23128138915724,50.56655769957073,55.23128138915724,6582639
51.707763671875,53.6174611791237,48.971945191400366,52.618424241577806,11323176
49.206336975097656,52.33408651298404,48.337944642040604,51.527173659519825,8096353
49.079532623291016,49.625159145327636,47.45417855965376,47.884531830023164,7022320
47.79231262207031,48.8643544701614,47.26205748708472,48.799032150795746,4203396
46.64342498779297,48.768297580706914,46.26302263311705,48.49163994193186,13121372
51.08528518676758,51.335042882192184,46.49356638802503,46.49356638802503,9970351
51.90756607055664,52.24186029690413,49.824962010123265,50.720251063808824,7308999
52.080474853515625,53.40227419286587,50.90083955734237,52.257227549960135,9124490
50.56271743774414,53.605933158140736,50.02861640875762,52.641478851192616,9119837
50.90853500366211,52.1573265063575,50.11314776472933,52.1573265063575,4696082
51.31583023071289,52.40324341795792,50.37827590942416,50.95079929578271,5061713
53.6405029296875,54.332142286693326,51.5655787830243,52.21879575652282,6667871
53.25625991821289,55.32349857202754,52.130424431753475,54.178445816319,8933872
56.833587646484375,57.61360357883549,52.99114157718802,53.532931369930715,6742356
60.03818130493164,61.17170258791746,56.81052428990333,57.32925694298449,13837577
60.21878433227539,60.848944458609374,58.83165923192555,60.78746497733426,6719725
58.72789764404297,59.71156293548614,57.490628818816425,59.55786732220141,4288887
59.066036224365234,62.90848153561207,58.028577083944924,59.1736237695819,7214078
60.99495315551758,61.47909717711905,58.5088894620332,59.077570038569824,6592577
65.09483337402344,66.09003041341771,62.55498209134324,62.55498209134324,7442271
65.98243713378906,68.77589175177148,64.35708021361077,65.85947820230518,5810135
67.50403594970703,69.14475807529118,63.50405542481728,63.90366888891471,10250584
68.02278900146484,69.54823835466816,66.69714340262054,69.16399615929848,3763456
69.5213394165039,70.31672675241101,67.78070889550509,68.39550368078734,3467886
69.11018371582031,70.19759071860064,67.02373390836466,68.98337890430702,7083345
67.0737075805664,71.792225911929,66.2360519193447,69.54824001517561,5157742
67.53861999511719,69.42526000905563,65.80952148528122,67.39644987571889,17072473
66.04774475097656,68.47232822222792,65.48675004128445,67.77684302795525,6303317
67.78839111328125,69.08713971439262,64.38014737948149,64.93730246697424,4569037
65.41761016845703,68.58378205380876,64.94114572788509,68.39550380856019,3436995
65.73652648925781,66.2206705000366,64.42625244658339,65.41760362434052,4623741
68.21488189697266,68.84888153276563,65.70576200746723,66.09001010251271,8480201
66.35514831542969,67.85754010572984,65.52517863354656,67.85754010572984,7102941
64.49542236328125,66.78167636508165,63.78456553049275,65.93633507494857,3817704
68.9180679321289,69.54822795461371,64.58763236578035,65.01414277928639,8050437
68.79510498046875,68.79510498046875,68.79510498046875,68.79510498046875,0
69.57128143310547,72.23793740733086,68.77973404256659,69.93246647227248,7654154
69.40221405029297,71.74610756732842,68.47234841270922,69.9324722267197,7909900
70.10537719726562,70.93150106695654,69.1639800881842,69.1639800881842,6020006
70.01317596435547,70.97763044091042,69.16400083742131,70.54728012509194,5125110
69.20625305175781,71.0813679445857,68.13421115107289,69.70192866581898,4777624
69.51747131347656,70.44734281283355,68.64523946491376,69.40219808753389,4818453
69.62506103515625,70.23984951397013,68.56070517757756,69.47135935871876,5036169
68.61835479736328,70.57799998726024,67.62700366263898,70.31671679724248,5398225
67.98818969726562,69.20240154081172,63.88830102377809,63.88830102377809,6206594
69.82488250732422,70.31671827626295,68.20337132953058,68.39549543622815,3991887
80.2801742553711,83.61157307909151,73.006427761423,73.006427761423,56454
81.12166595458984,85.3790964922834,76.95261785143569,84.29936899027383,9549602
81.54434204101562,82.22829587843367,79.99967556085316,80.69132116768459,6385492
79.73069763183594,83.57314308721836,79.18122830840633,80.30706384257864,3909743
80.2379150390625,80.9833484185403,77.33687219953981,79.53858975071417,2564969
82.66633605957031,84.35701258109673,80.01121124473593,80.69900492650441,2915378
81.95549011230469,83.61158414527067,77.72111590327401,82.99679540842082,3871506
83.87670135498047,84.91800650318775,82.32435530630546,82.32435530630546,5974919
84.69898223876953,85.50973477706025,84.11108442575106,84.9871623186254,7582062
82.26287841796875,86.66247330967552,81.65961525195112,85.37910219131516,5984618
83.39639282226562,85.37909507560096,82.07459334525765,84.9180020934901,4110341
80.66442108154297,86.14758314212688,79.25808499359283,84.52991782439344,10257340
80.76432037353516,83.72684221283943,80.30706719448068,81.88247026148133,6117569
80.35702514648438,81.2830509768587,77.35223488333993,79.17739572996649,12273045
83.05058288574219,83.76527344696022,80.96029283334404,82.22061298974661,10988571
83.21578216552734,85.30223186021672,82.27438514272866,84.67207194768167,5097183
87.845947265625,88.75660778967791,78.90458140057656,82.3819901969547,5832124
93.3906021118164,94.52412353517015,88.01118118814587,90.29743523259704,10316780
92.0303726196289,93.90932737194025,89.63653104251196,91.68455283838719,4285789
90.5125961303711,94.370406957085,88.45304912482466,92.44150458155137,6112906
87.64612579345703,90.29741634299694,84.8104029236416,89.9131681659148,6012504
90.88532257080078,91.35794109948122,85.92088685034015,85.92088685034015,5138810
90.78541564941406,93.06013787607749,89.37523976005706,90.75851876026492,8483600
90.53565979003906,92.81038829114111,87.60772019885185,90.989073211959,6345576
89.44055938720703,91.37330775584093,87.76140852420562,91.37330775584093,3924520
85.27919006347656,91.14276047575821,84.17256565335342,89.52893498305897,4449299
87.00062561035156,87.83827521271019,81.6903633629309,83.76528224521059,4579959
86.992919921875,89.36754997873966,85.76333661938547,87.22346641136386,7039221
88.76045227050781,90.06688659418326,86.30513123764075,87.81905499798417,5416338
89.40214538574219,90.68167676327845,88.37621153763786,89.14470197140058,4803821
88.45305633544922,89.52509819939017,87.26573514248732,89.40213925237184,3310977
88.40310668945312,91.14276801452188,87.60771937956777,89.22154500575265,3819248
88.20329284667969,90.51644361540305,85.7133893504924,88.22251011867777,3787870
89.9861831665039,90.44727613876907,87.07360931801745,87.68839792248879,2616243
91.22731018066406,92.29550627787754,88.85651949332124,89.45209702222388,4858027
84.82962799072266,92.98713175190419,82.99678151542341,91.76523410170469,6260976
83.75758361816406,87.9151061340552,81.70571621039173,86.07073421281088,5931272
83.20427703857422,85.30225274715858,81.07556463007839,82.22829720058687,3229403
84.46458435058594,85.66343090244865,81.65575832917351,82.23597041112052,6509915
81.73646545410156,84.84116393034472,80.30707821084786,83.03905393099943,4198122
80.30322265625,81.45979486651773,76.81812248862542,81.45979486651773,0
82.35462188720703,83.64839159296837,81.3095004665392,81.78349566685937,4328005
85.78913879394531,87.32379786418925,82.21087032283884,82.44398231537514,5088873
84.86833953857422,88.80015801809331,83.9281204734922,88.80015801809331,5877771
88.9516830444336,91.84615764742344,84.47981706126217,85.3967286329884,7726142
89.76371002197266,91.76847578158582,88.50490147177723,90.13669169830979,3540444
87.50640106201172,89.74816121251841,86.81094761380676,89.74816121251841,5170819
87.12566375732422,90.13669504671857,86.64000859511808,87.72786878655174,7405049
88.92062377929688,89.6471560279043,86.32919539366443,88.03867942376625,4602218
91.08465576171875,92.03264603723073,88.74188240675147,89.74814760063447,5921086
96.46566772460938,98.50540056812869,91.53534886165451,92.07927270532191,8831480
98.66857147216797,99.15033782598029,96.61329632235365,97.10671643114775,6151248
101.52032470703125,103.1909647953108,91.89279792001365,95.393360442798,14191270
100.83263397216797,102.17303092507501,98.40050062578749,101.79228422565123,11577514
101.12013244628906,103.13655770780386,98.8434051710252,102.02539026140357,8166062
105.21514892578125,105.98830224128996,101.09294442135996,102.56932237160093,6622110
100.91032409667969,104.90042330914572,99.6165546583111,104.90042330914572,8651659
102.50714874267578,102.95783637389384,99.84967483535422,101.40375253299644,4977476
100.52571868896484,101.71459240720328,99.46117219619966,101.71459240720328,6159040
95.80517578125,100.3935976156435,94.4570138685477,98.37329601521316,10768046
97.73613739013672,99.10372446664168,95.10974187102407,97.75167982780319,7482519
99.07264709472656,99.84968912638979,95.43609751271971,97.08342391681308,8029038
97.61956787109375,99.0648607924613,93.84703789017283,97.82159495974737,4112289
100.19546508789062,100.62672165021613,98.3227979701788,98.87838174487386,4111636
99.6126937866211,102.09533728254443,98.32280652512517,101.0929544209476,3304842
97.4680404663086,101.0152295591258,94.31714045996594,98.60640402727772,3833921
98.02363586425781,99.07263976492834,95.73136603355923,96.35299592694544,3574869
97.64675903320312,100.23818664676058,96.36075464067892,96.99792688810993,5615381
99.6126937866211,100.54903049857444,97.59627430602126,98.91724644494215,5092375
101.52420806884766,101.79228746796801,98.45101360973061,99.84968553039893,2843379
102.65480041503906,103.94080502107956,101.81171226907381,102.20023019862161,5108188
102.12252044677734,103.55615972527563,99.52720995951779,102.65479668707681,12231430
103.83201599121094,105.35112023486244,101.84278682660374,102.56931894960377,4367041
105.72797393798828,106.45451213240207,101.22114692716328,101.22114692716328,6485356
104.34486389160156,105.58424124095633,102.1885809931871,104.90044768865799,6978621
101.69903564453125,104.12340391328934,101.01524214399296,102.55378366345975,5074313
101.1628646850586,103.00445278432089,99.86132398222844,101.63685980463129,7880761
99.67485046386719,101.79228950553225,98.76959869231689,100.54902350341104,9462899
98.31112670898438,100.62670373311347,97.28543046119388,99.8496680090427,3847962
100.50629425048828,100.85984480842669,97.51857057151007,98.83954274180037,3295247
102.75581359863281,102.95784685294942,100.62672085434116,101.40376285387724,1788196
99.50389099121094,103.71933134285929,99.09983066061888,103.12101513654844,4190308
100.68110656738281,101.01523822955507,98.14018855078548,100.08279034922498,4198940
99.86133575439453,101.71457782670262,99.30186946321939,101.27166138153797,2900072
98.78123474121094,100.37416844494635,98.3460957115887,99.46114561825055,2232778
98.98715209960938,99.69425917741624,97.92649455452656,98.37329348912334,1583702
99.79528045654297,100.62670859863496,99.43784130315535,99.43784130315535,1848692
101.61356353759766,102.25850708307865,99.77197523458939,100.6267171019263,2995604
102.0525894165039,104.66732481779809,100.85982721851252,102.95784111465395,5882910
102.23906707763672,103.34634579975076,101.09293226725644,102.18079216011996,2495914
102.39838409423828,104.5430133355114,101.21728161752749,102.95785659843328,4919083
101.47757720947266,103.33859050093841,100.02063041466914,101.40375984966646,4591089
101.92436218261719,103.34634137084603,97.90706671264866,100.83650847962868,8569588
99.61656951904297,103.22980516812561,99.03378957564254,103.22980516812561,3365401
101.96712493896484,102.25851801279065,99.30576189501673,99.46116784843674,5302568
102.41779327392578,103.73487652804528,101.4892340680515,101.79228085984103,3767932
100.21099090576172,102.41778320119643,99.84966922822447,101.40374683859633,5983479
99.33293151855469,100.58007978001876,98.31500651632291,99.82635158550934,4571804
100.07112121582031,100.59950870879781,98.26061800570332,99.92736905231014,4577773
100.47129821777344,101.35712484427263,99.61655646058375,100.54900424779242,5646738
101.8738784790039,102.95784985770334,99.4650525104212,99.4650525104212,3733032
101.20561981201172,102.31290483168824,100.47131643213814,101.40376438838956,2654875
102.47996520996094,102.93453543461253,100.31591114972854,101.28720906282017,3920127
102.18856811523438,102.18856811523438,102.18856811523438,102.18856811523438,0
104.38758850097656,105.74739798062168,102.18079003381345,102.18079003381345,5165286
106.43121337890625,107.49963608781107,103.60666736814107,105.21902620494438,10922665
110.19986724853516,111.11677280674559,104.74504892718275,107.79104735346519,8042820
110.3436050415039,110.88364633547978,109.20135270910302,110.88364633547978,6610193
112.19295501708984,114.20160288253753,108.5564059568311,109.95119518991417,9002813
110.992431640625,113.44011346672319,109.48497505505429,111.8160947529998,8971363
113.58385467529297,114.60566224899851,110.96133605346013,111.51691973259668,6734823
112.5931396484375,115.7790075883845,111.75394631862292,113.68099969082444,3442850
108.85169219970703,112.67084353669783,107.77937467374615,110.19208910715815,6739983
108.72736358642578,110.02889824300505,107.46466659032161,109.07314285841262,4572177
109.007080078125,111.01574009434127,106.71481056162234,107.23154429439299,8126010
104.0340347290039,109.87349357921074,102.80242265974789,109.87349357921074,5111173
101.76506805419922,106.66431377862733,99.16975790376594,103.96797780256621,5602408
101.57470703125,103.28807943972078,97.30487410627909,102.72473061736466,6108119
102.86072540283203,103.34636825073807,98.68413424962493,101.32607237918646,4052694
98.76571655273438,104.85383069231263,98.23344027939525,102.18080785548668,13097445
102.53047180175781,102.95784581869789,98.76182397795836,99.46115992753899,7366604
102.94229888916016,104.27491844419836,101.1822991925772,101.56305202491347,7794224
103.22980499267578,103.9679908719765,102.1808010963379,102.56931901019266,3955256
103.07440185546875,104.89656534332761,102.73251122194816,103.34636380443747,4387362
103.34247589111328,104.434218454588,102.25851068949727,103.07439649396443,2081683
103.45516204833984,104.87714156142924,102.5304791248067,104.46530995215595,5745783
102.5032730102539,104.43033243202404,101.7922833225124,104.20110299228338,3408809
102.81409454345703,103.65718268535747,101.87387538382397,102.41391671624054,3687519
102.47996520996094,103.26089590740956,101.86998903932634,103.19096108157763,3625686
102.65480041503906,103.17153423737487,101.86998719404085,102.40614599136568,3644546
104.0379409790039,104.82275428360691,102.25852216026541,103.42408221632974,2250457
103.75430297851562,104.90043787929184,102.44110838641126,103.96798997944076,2855317
103.874755859375,104.64402666622387,102.413920291227,103.81258610833036,3018806
103.34247589111328,106.09320468677201,102.2701644457737,103.73488249939687,12492772
102.64701080322266,104.16223844318021,101.24833913556951,102.64701080322266,4397994
105.25786590576172,106.22528111366519,102.95783127293473,103.3463429990278,8326950
105.65027618408203,106.60992635166586,103.99129014103788,105.67747851771877,6201754
105.07914733886719,107.06448761540308,104.58961592459488,106.0659875281837,5334133
105.46768188476562,106.60993425195001,104.37205682733797,105.27730239473118,3005407
105.69691467285156,106.44676047117603,104.15449058912132,104.87713405093112,5068935
105.82901000976562,107.22379941123852,105.30839364193727,107.22379941123852,4459868
107.15386199951172,107.2315618987562,105.28896612555155,105.28896612555155,2983926
105.96109008789062,106.99844016624827,105.38219886093457,106.4545163480688,3845030
105.85620880126953,106.37682515165915,105.12578798107006,105.67748920547109,3838480
105.73188781738281,106.45453131837401,105.21127143633855,106.45453131837401,3250905
104.69841003417969,106.80030033142943,104.20110121471969,105.89893731104144,3369297
102.95006561279297,105.66582059424255,102.5693127970795,105.66582059424255,2845130
102.9034423828125,103.96798869351043,101.6718363828527,103.57946464454092,2174956
102.40228271484375,104.27883885844808,102.10311838532346,102.88016053383124,2858581
102.4527587890625,103.03553870739594,102.05258713586858,102.44498757105067,3417016
102.32066345214844,103.34634747717892,102.1030877840912,102.1030877840912,3168637
102.67422485351562,103.1909586731513,101.99043133524272,102.1030986468926,2224001
104.07676696777344,104.8227301464898,102.35951215700098,103.34634622442744,2393004
105.18793487548828,105.59976641197714,104.04569487868763,104.04569487868763,2701299
105.09468841552734,106.45451016855097,104.66731446040451,105.52206237065016,1634395
105.61919403076172,106.22140505839317,104.609046280165,105.66193880093208,1658758
107.34423828125,108.00082944052481,105.28896297188753,106.06599880059292,4632425
107.96198272705078,108.7817633528336,107.55792850716088,107.69778586850026,3172720
109.53547668457031,111.11675050853532,108.23781236859742,108.47481914454369,4254349
114.61734008789062,116.24524161116041,109.56269326446227,109.56269326446227,8747201
115.09130096435547,116.711424554811,112.28229794705028,115.00194118766936,5495560
115.02916717529297,116.01212502599383,113.82087468736783,115.39050121815713,3916987
115.00196075439453,117.9313966269311,113.92964325171447,115.39824986860054,4785645
115.70905303955078,117.2864443032017,113.45564572469928,117.2864443032017,3978032
115.76734924316406,116.46279032030314,114.66006432825066,115.00196106076098,1436523
113.16817474365234,117.06890928486841,112.46494386621072,116.16754609333036,5188156
113.18367767333984,114.0695104989557,112.24346475276744,113.16814752421533,2027922
112.14635467529297,116.35401814898526,109.66758773815252,112.28232950363409,3847827
110.273681640625,114.56683467516704,108.78564988180632,114.56683467516704,3438063
110.42133331298828,110.88367483173168,109.46557768180222,110.33975086057116,4694755
105.4210433959961,110.72822589093326,104.29045104776846,110.42129658882094,6244344
103.66106414794922,105.18794579256334,101.27555193312104,103.73488150908834,8233345
102.52658081054688,103.75818684147289,101.24835361268386,103.56393709861506,4570903
101.92826080322266,103.95244502699644,101.01523789950667,101.86997973926475,6091705
102.8335189819336,103.57946995895445,98.55202600821406,102.35175257671618,4992066
101.39598846435547,102.64702561445763,98.78901807421973,98.78901807421973,4893944
100.48684692382812,101.55916440334353,99.99342681041094,101.55916440334353,4093771
99.77975463867188,101.55917948428598,99.32130186570527,101.17065539550444,3913546
100.92589569091797,102.56156229855935,99.46117133775624,100.44412923218137,3014164
99.26301574707031,101.01524430882071,98.8395304093606,100.64615135785333,2525157
99.89240264892578,100.93752389092494,97.53797563066777,98.66467929790572,2735443
99.8458023071289,103.45516190503432,97.90708894454545,100.93754493830842,4735698
101.03466796875,101.780625079548,98.69188825863853,99.033791155041,2547643
99.08041381835938,101.40376244574205,98.60641863057803,101.40376244574205,4704952
98.37330627441406,100.23431960649505,97.90708230698104,99.46116015067251,11406449
96.32579803466797,99.60102556702823,96.05383611297059,99.05709558037793,3788502
96.09268951416016,97.94593161555551,95.57596184436535,97.94593161555551,7787426
98.09358215332031,98.8006893881257,96.74153129464057,96.74153129464057,4250162
97.3592758178711,99.0415635143123,95.45941241803466,98.29560634865254,4894814
96.38020324707031,97.33596492421884,95.58374234991227,96.04219514033105,2557353
97.48748016357422,98.2567509436658,96.97463502459841,97.90708296573834,2627694
97.26602172851562,98.21790078579255,96.43458734455906,97.59626473084569,2066781
97.74000549316406,98.89391152599217,96.50839956999076,97.13002940902778,4427724
98.63360595703125,98.83952172968903,95.59537921181374,95.59537921181374,2511261
94.26664733886719,98.60641509158485,93.1360487252188,98.60641509158485,12185690
99.04154968261719,99.8496764877501,92.95732492141099,94.17728327543898,12669059
103.7154541015625,104.78388911722243,99.3329476983509,99.84968150071532,8367871
104.02237701416016,104.88489004851212,101.51253780325872,103.73487266937617,6799112
103.44738006591797,104.66733240106225,103.00446974329934,103.96799643276593,3595946
104.59739685058594,105.04031331339051,103.73488372431667,103.73488372431667,3097302
103.3968734741211,104.66733569954009,102.59652392338363,104.04571189913925,1699783
104.3409652709961,106.06599132383842,102.81796630780396,103.42405986326487,3856086
103.23368835449219,105.70079524977272,102.61982967710495,104.97815180136776,3591127
105.07527923583984,105.52207823002784,103.30750823392108,104.04570642363107,3635779
105.58812713623047,105.66970957061615,104.12340298971613,105.07527587212009,6491407
107.5967788696289,108.00861045293048,104.5196957511475,105.67359577732222,8091120
105.8989486694336,108.474840551048,105.37444974486222,107.93090436398109,5854476
104.41866302490234,107.05282935701254,103.93301414032332,106.29910110864093,2319254
105.62310028076172,106.59439819010306,104.61682267212755,105.09470655129662,2363947
103.82810974121094,106.35349126000388,102.94228924135732,104.66731522273587,3516735
105.36280059814453,105.67750735691416,103.97189354210973,104.5119472464011,3781165
104.97425079345703,106.59826947442687,104.12339764979697,105.12578032834836,7282575
106.02325439453125,106.3379487708741,105.23067621824873,105.67747514831188,3391297
106.2447280883789,106.92075657008715,105.07916809569868,105.98442603804503,4349363
106.69151306152344,108.62246108588066,105.96498710977815,106.4545185562942,3116296
106.73815155029297,108.00471892678411,105.30062964577186,107.38697767622418,3340976
105.29283905029297,107.62007614261356,104.13893913390675,107.62007614261356,4366347
107.55403137207031,108.29221725857546,105.288963864526,105.288963864526,4818992
106.43895721435547,109.43832739143936,105.68911159845736,108.02800822272758,5702136
107.28984069824219,107.69777742380529,106.0116012795119,106.6876296667757,2970486
106.55554962158203,107.57346257015892,105.87174379460917,107.2315657999285,2277855
106.20976257324219,107.23157038986973,105.4016417829693,106.45453447636073,3222605
104.51192474365234,107.23155622493579,103.77372659384288,106.29910833729325,2732345
104.15837097167969,105.27342101547983,103.69602955258853,104.66732741452934,2372662
103.71932983398438,105.98829199855783,103.21813850119644,104.98590933298196,2621528
102.96173095703125,104.51193244200589,102.68588033652489,102.80243633106572,2304093
102.10696411132812,102.88011725289311,101.09292167751143,102.6586590743666,2826830
102.0020751953125,103.63386507638478,100.32367029363742,102.18079477614758,3221010
102.91899871826172,104.239964690689,101.94770075117604,102.1808127547371,2541229
104.04179382324219,104.90042425291345,101.52807227228195,102.49160492003652,3740358
105.84841918945312,106.44674765562549,102.82961752813682,103.96798111357295,3685851
106.34185028076172,107.9308892703451,105.7551816858771,105.98829365158834,1655162
106.45450592041016,107.62006562127371,105.59975804427381,105.59975804427381,2052968
103.53673553466797,106.35350426524306,102.88402076291646,104.94706731200311,2798458
105.73188781738281,106.84305540685916,103.73488727200225,103.73488727200225,3587749
105.5181884765625,106.84304293135817,104.74503521423357,106.84304293135817,2743940
104.189453125,105.98829662005782,103.8281191244935,105.98829662005782,1029256
102.49161529541016,105.18793922346393,101.90494669406027,105.18793922346393,2437739
102.59264373779297,102.99670413192284,101.09295201907882,101.09295201907882,4656652
101.2366943359375,102.56931384643009,100.40914255909884,102.41390791736309,3549035
99.69039154052734,101.00747488853204,98.21790224810009,100.23820409861696,4340637
103.81257629394531,104.51192449452108,99.8341364878748,100.93753274273787,3294438
103.466796875,104.7450363215006,101.71457455480781,104.7450363215006,2675289
104.94707489013672,105.59978356576406,102.20023464051386,102.20023464051386,4297560
105.08304595947266,106.0426962492415,104.27882004383098,105.2889678970514,3283268
103.74653625488281,105.94166886485341,102.96172308479359,105.05584828867576,1241853
102.5460205078125,102.77913250525694,101.01525008639237,102.56932802160327,1657027
101.20950317382812,103.50177313269582,99.97401453634002,103.50177313269582,3836097
101.17063903808594,102.08754443577254,100.02450421935013,100.39359712941223,2820239
100.18769073486328,103.2686563241952,99.61657068393127,101.6368724635924,2553177
97.87212371826172,101.69127560055531,97.36316107450472,98.29560909343087,4285726
96.69490051269531,98.69188865353195,95.78187755927783,98.69188865353195,4585939
93.5517807006836,95.88678329321873,92.46780926100521,94.02188724960111,4960129
95.42053985595703,95.85568504439765,93.08942027602006,94.06460673371988,4413755
96.83477020263672,97.51856375535327,94.60855247518109,95.42055578321795,4652839
98.7307357788086,99.46115038924917,95.6536529811404,97.2465867612864,5686468
99.87688446044922,100.23820620687772,98.14019826839524,99.07264624105413,2779370
97.55352020263672,99.77197260496129,96.3568816199041,99.46115459627828,2620160
96.44235229492188,97.79829162815766,94.89215708248962,97.55351975975677,3812160
96.7143325805664,99.33295696099093,96.4462531672671,97.13004672644763,1455082
96.255859375,96.71431205685596,94.1228782782232,96.71431205685596,2008409
94.95433807373047,96.10436183962248,92.62321795041174,94.87663816512419,4354502
96.6210708618164,97.72835577755245,94.94654846414205,95.59149198289238,5059226
94.17340087890625,97.08341810657286,93.81596168859828,96.58610927022936,2543498
95.53710174560547,95.87123341112209,94.02187392490292,95.18355124951891,2306186
96.37242126464844,97.7516680752056,95.38169234624975,96.57056581967713,3944085
97.40202331542969,97.89155487029436,96.43071913893574,96.66383115837321,1833034
97.97701263427734,98.63749246232547,96.75317170430364,97.36314782892629,2634802
97.61956787109375,98.20623030754557,94.98540149805403,98.20623030754557,1811884
97.9925537109375,99.15034855760088,97.13004059731733,97.62734944043542,4108631
98.68412780761719,99.84191654878873,98.31114616311297,98.83953375453262,4187500
102.2468490600586,102.56543830110819,99.23581828005311,99.23581828005311,3225186
102.6975326538086,103.34635257973196,101.7922809582702,101.7922809582702,5159255
102.65090942382812,102.95784490881653,101.40376093908982,102.64702688622005,2365201
102.48772430419922,103.03553680298187,101.3649031157229,102.64701891235902,6082441
101.78450012207031,102.9578310887123,101.01522945893859,102.33619512696198,3950852
103.62998962402344,105.67750011176882,99.74090903173993,101.78452469494833,4677989
101.24446105957031,105.67748329495866,100.76658336604609,104.53911349819033,5646645
101.6640625,102.21964622366916,100.31590054933666,100.85982437442863,6851173
101.78450012207031,102.33619512696198,100.11386038602807,101.79227133949905,5701173
101.83113098144531,102.47607451364924,101.2289260775423,101.2289260775423,3757891
101.7301254272461,102.53047495596402,100.85983492951156,101.01524701859213,1490895
102.11864471435547,102.33233173222614,101.27555654282443,101.48147234181268,2073538
101.39987182617188,102.72083758585094,100.8753668310055,101.94768433198678,2926258
101.5086669921875,102.9578487819436,101.18230652037005,101.52809196747008,5286683
102.25074768066406,102.7791352987834,101.50090181597646,102.4294672931128,3029117
102.28958892822266,102.93453249334449,101.57471053926722,102.34398131492529,3770160
103.00057983398438,103.47846370690043,101.7922874130001,101.7922874130001,3401711
103.0899429321289,104.5740921614876,102.8296347434803,103.42407462874226,2789763
104.27881622314453,104.5896281004756,103.30750606927617,103.30750606927617,4033306
103.72711181640625,104.58962488586205,102.55378073591685,104.58962488586205,3336510
103.513427734375,104.04570397722095,103.03554387708557,104.04570397722095,2119506
103.22203063964844,104.04569370332156,102.56930979091139,103.89028163714416,2423708
103.77761840820312,104.04569778245146,102.4139078831443,103.71156612734887,1628665
103.33859252929688,104.10009822723805,102.74027013420353,103.73488167209354,3382831
102.8646011352539,103.96799748686917,102.64703158111297,103.96799748686917,3707747
103.00833129882812,103.48620893684618,102.28179928453042,103.0355274872803,3411680
103.00446319580078,103.47068100177383,102.48772939954539,102.96172456702853,1576251
103.964111328125,104.74114717820956,102.76358399786533,103.03554593106934,2766116
103.29586029052734,104.34097553656214,102.73250530588597,104.10786355279714,5635164
102.64314270019531,103.47845959529924,101.1978435257745,102.95784325534589,1775274
103.0160903930664,103.48619675859679,102.60814761429053,102.64699755229186,1240983
103.22980499267578,103.73487889501253,102.76358103874783,103.73487889501253,942366
103.62998962402344,104.27882807504473,102.76359389200393,103.50177986363397,2919243
103.05884552001953,104.43420357868318,102.88012594737762,104.04569184992546,5127691
102.8335189819336,103.96799402785821,102.64702816605049,103.63387463219162,3258936
103.0355453491211,103.29585966790353,102.72473346814506,102.79466214824843,1247894
103.33081817626953,103.75429733105295,102.59650873752499,103.1909485416029,1689907
103.69214630126953,105.28896272748717,102.96561417859563,103.19095493699245,3022764
103.33859252929688,104.1078633025232,102.38671962175404,103.73488167209354,3807351
103.10160064697266,104.11563104228188,101.73012490591229,102.95784845842618,2610678
103.12120819091797,103.81908454916369,102.81931357236955,103.81908454916369,2057310
102.81147766113281,103.53679842135702,98.5575581929361,102.33707448868701,3865817
103.0310287475586,103.50542570167639,102.03125781049927,103.19177717968805,2111516
102.06261444091797,103.77986376527669,101.18830549467752,103.77986376527669,3174275
101.1373519897461,102.0155790577272,100.74528821633467,101.52157981910692,2294166
101.10206604003906,102.55663176097201,100.29049408628791,101.937170623372,2847192
100.32575225830078,101.44314276115638,99.97681724884842,101.15301451536932,1846640
98.43601989746094,100.3571404078755,97.85968126460747,99.66318202541866,3721394
99.69061279296875,100.60412626326384,97.66755709606431,98.72221052698706,5954070
97.06378173828125,100.36105250614911,96.44823862469248,99.98467304903963,2943616
96.5070571899414,98.31448223711652,94.67218773942196,97.6244479819889,2727132
95.852294921875,96.67563309646243,95.19362314234063,95.74251732517297,2044098
97.15394592285156,97.91062892120523,95.6915383499103,96.29139710908987,2188075
98.85945129394531,99.37305900770257,96.6560445071694,97.62444695709316,3870563
98.06355285644531,99.6357382999888,97.86359990069485,99.5808494964229,1279251
100.5374755859375,100.96875000102368,98.02041457279752,98.78493972755385,3571076
99.59260559082031,100.76096710371917,98.9692265182499,100.76096710371917,3195507
99.90235137939453,100.91780049556469,99.23583736061605,99.4828369890383,4024083
98.79278564453125,101.54508622573698,98.4124820382924,100.40809957783435,6096896
99.98858642578125,100.33752766618696,99.32207251455877,99.58476258723898,4347933
99.1456527709961,100.76096683331224,98.40856572724365,100.76096683331224,9679693
99.48283386230469,99.80433074575676,98.44778251917079,98.98099247757024,5153276
99.32601165771484,100.5806244446285,98.5497200345578,99.27112285198237,5607237
99.16133880615234,100.05525012634972,98.57715804096519,98.87905265222753,3982198
99.12997436523438,99.81217264825025,98.67909761480958,99.58477528701924,4443962
102.3017807006836,102.72129503991465,98.84767949859213,99.44362035110329,5692541
103.11335754394531,103.48190105082396,102.06262202160053,102.79970283603559,4255468
103.36427307128906,103.89748293257325,102.89771211791975,103.75633677543384,4486894
104.20330047607422,104.60320634140557,102.82714397586372,103.15255878771609,3934396
105.35204315185547,106.38317634456656,102.74088881547652,104.21505034032195,3652598
105.7558822631836,106.30477022914779,104.92077160252131,105.85781151478042,2053196
105.95584106445312,107.26925428406608,105.10112810040789,105.90095226481537,2650180
106.26557922363281,107.34768340719428,104.37581487437429,106.64196490469492,3958033
109.07669067382812,109.46484268281922,105.4736069752132,105.4736069752132,3659748
108.57089233398438,110.71941583992192,107.8965425849297,109.46480963725055,3449337
109.66477966308594,110.064685530122,107.86127289124164,107.93968191657605,5602480
110.03331756591797,111.10365532165558,109.58244087047623,109.66478026644566,6757724
112.77777099609375,114.87532381378834,109.38639499052343,110.0333065844613,10759746
111.8054428100586,115.14192996934175,110.66845007510872,113.04829515670056,4718620
111.55452728271484,112.8208999477662,110.76255152097268,112.52293574358642,2891161
110.98603057861328,111.66038036859631,110.32735267328596,111.66038036859631,1924836
112.4288558959961,112.99342820215257,110.71552432092535,110.71552432092535,6151548
112.24456024169922,113.77754092537134,111.4251462899906,112.52293458604944,4501743
112.12693786621094,113.77753195215404,110.57043707853359,112.28768626679273,4533463
109.39034271240234,112.40140322211978,108.83752433203071,111.34674968922519,2886674
107.81029510498047,110.17053804079423,107.58290398673363,110.1313335306581,2468111
109.11589050292969,109.60598415756576,107.66133102136511,108.59837104470996,1532501
112.32300567626953,113.2051569527993,107.66133789102716,108.77872868138843,4355010
111.99757385253906,112.91499913853269,109.77847689519314,111.08013616790114,2461676
110.84489440917969,112.91499681543787,110.32736260829313,112.91499681543787,1057659
110.7900161743164,112.28771052395017,110.17055506171737,110.64103405332466,1568842
110.06076049804688,111.7348749125911,109.00217673072129,109.79023449962482,1374369
110.7978515625,112.05247046625827,108.22590140776326,109.6687069477627,5119546
109.5707015991211,111.79763477573856,108.36705346034981,110.79785757039075,1816351
110.14309692382812,112.11911847227083,109.33544922931361,109.54323811037546,1198849
108.45721435546875,110.94683730950267,107.92008029230747,110.12349294409277,1705026
108.21804809570312,110.95466421760241,107.72011858598499,108.99433954323703,2806364
109.62950134277344,110.1431028147868,108.72774788923125,108.72774788923125,1786310
109.2413558959961,110.14702737554668,108.68854987530716,109.38642005160682,1430596
108.40625,109.38641247550294,107.81815747415621,107.81815747415621,1239895
108.00240325927734,109.37070502418372,107.42606477089029,108.61794625459756,1126487
109.60205078125,111.26832948565132,107.81815852998612,108.28863751472637,2349450
107.89263153076172,110.78216007130813,107.19083114294892,109.62163469103383,2471375
108.98258209228516,109.37856999005524,107.06146177141713,107.50449012520009,1348846
105.46968078613281,109.57461175696389,104.42286319314967,109.57461175696389,2035663
103.6818618774414,108.01026617926843,102.73697971018478,106.46161337674394,3291526
102.88204193115234,104.28955472746644,101.93716598094463,104.28955472746644,2506494
105.6813735961914,106.24987618876618,102.34098071297747,102.47427852709183,2081828
101.86265563964844,105.21482090261962,101.30983735262551,104.76001388701923,4235251
101.09029388427734,103.10551372612585,100.07484492052855,101.94107645379479,3157850
99.80432891845703,103.8190847201186,98.66341795907674,100.6511936013872,5248538
101.16870880126953,102.32922189915743,98.41640196603348,100.13365138480236,4531877
102.41548156738281,102.72129413364736,101.15302678845765,102.6428789065912,1299116
101.42355346679688,102.72129479630293,100.41202244846824,102.01557014688936,2672584
103.12120819091797,103.74066931588884,101.27457253258814,101.77642010663084,1962856
102.2586441040039,105.38733023796904,101.40001943418692,104.4463723750816,2467697
101.18047332763672,102.79970533523003,100.9962046693787,102.32922636158861,2059559
101.3020248413086,102.69777758132828,100.76097274116931,102.69777758132828,1139088
102.24690246582031,103.06632277252116,100.45907972355826,100.86290981910143,1387581
101.6039047241211,102.10182809340729,100.80016878487154,101.18047241181199,1439881
100.38458251953125,102.70561508510889,98.83199938045436,101.25889157805703,2331398
100.5610122680664,100.91778947014234,99.42793732006852,99.58476777754305,1674073
102.58013916015625,103.6622431634987,98.87903871006972,100.45905983461651,1846754
102.81537628173828,103.50541036706917,101.87441845653377,102.48604352264533,1081991
103.25843048095703,104.21114860078805,101.31378352488939,102.05870654540027,1709710
101.7332763671875,102.48604761688097,99.8670449257965,101.93715346380993,2110159
100.23168182373047,101.70193184196764,99.74944269423452,101.55294351457974,1996959
100.73744201660156,101.29809635165886,100.06701007738235,100.5257289513354,2236695
101.61566162109375,102.30961993875741,100.61197277156856,101.46667951185681,1532304
101.1569595336914,102.21945526371638,100.78841599440794,102.21945526371638,912035
102.12535858154297,102.71345731665117,99.19270084972382,99.19270084972382,466779
102.87028503417969,103.74066995150473,101.93716916971495,101.93716916971495,712432
104.73650360107422,104.99527569974416,102.09398060794864,102.59582812199993,1582635
105.18738555908203,106.01464792467976,104.02295445198878,104.83845050385263,1563246
107.05362701416016,107.81816470714907,104.53656554145574,105.18739525425555,3411400
107.0771255493164,108.43367334771986,106.6262489401186,106.73210854384007,1817200
107.79855346679688,108.52387418284174,107.2692553237549,108.52387418284174,1747585
108.26117706298828,108.5238671315756,106.92031331835979,107.66915421478062,2267182
109.84903717041016,110.32735201426773,107.35549651232598,108.05337892240973,3228574
109.72359466552734,110.6410324050879,108.33175996953639,109.38641351372857,2761494
108.93553161621094,110.31561233119942,107.90439835059884,108.78654950451016,3027490
107.65741729736328,110.08038547069297,107.03402578163403,109.62166037077151,3847278
107.49272918701172,109.46482020524202,105.15208849465897,107.03400417967168,4798971
106.65371704101562,107.89656964258373,104.68162571862642,107.24573995451684,3858781
105.89311981201172,108.02987774545541,105.2697406653483,106.04210194786255,3330438
106.84973907470703,108.79830993089332,103.77202372963755,105.84605646221571,2424868
105.25011444091797,107.25356167147044,104.29739026529087,106.84973784824878,1055784
104.49343872070312,106.48513229442189,101.62351190885128,105.51280573757872,2347170
103.29763793945312,106.24598013029488,102.72522345685911,105.07370056317987,1600085
104.42285919189453,105.05016860901556,101.40002627407527,101.93716034994279,1622375
103.16824340820312,104.99527660539874,102.32922096298775,103.3485940852057,1824154
103.0310287475586,103.42701667084054,102.1018308977095,102.40764347607225,1733430
103.44268798828125,103.89356468337259,102.41547891710637,102.41547891710637,1228506
101.6705551147461,104.12488545418098,100.78056799115787,102.64288163856209,2746490
99.05154418945312,102.64286694024216,98.19683753208369,101.54507868672768,1513330
97.4754409790039,98.02041716862905,94.98974226873914,98.01649299786118,1311064
96.58937072753906,98.00473169590997,94.59375943492097,97.78125234315208,1475341
95.63274383544922,97.93808586383994,94.83684382653497,96.44823990253366,1726570
96.18946075439453,96.80892796202197,94.72313522404556,94.90348588708582,1162943
92.86475372314453,96.76188961825916,92.22176619309089,96.44824109585214,3571024
93.64102172851562,94.77801438435611,90.65348217830072,92.76279492792217,2751391
94.87995910644531,96.29139583835074,93.41755155280318,95.06815191056367,3210647
95.32693481445312,96.04833139341692,93.31171480087251,94.10760864013696,2083652
95.29949951171875,96.99714078659952,91.74738028322811,94.84862273224263,3055489
94.0644760131836,95.2681178507854,92.5942261168051,94.60552807424003,3206989
97.33822631835938,97.77341874908376,93.70377438686273,94.18601347509093,3361525
99.47889709472656,100.29047509411068,96.06400074322299,97.31077112506249,4693605
100.7256851196289,101.54509920515407,98.64381614726412,98.64381614726412,1683742
100.92562866210938,101.78032921313431,99.0358706794403,100.76488023759296,3541812
99.1770248413086,101.69409259711335,98.88689652106156,100.99621619978066,1313613
98.0165023803711,99.39657695770768,96.80501837846525,98.80063608562978,1294650
97.00495910644531,98.05961871416999,95.50727117127647,98.05570074284253,1508128
94.46830749511719,97.6244383661328,94.12329040153703,97.15395938410121,3641272
93.40189361572266,95.41711370411873,91.35138698148536,93.46854253602113,7702422
91.94731903076172,93.4018846162547,90.33200501844117,92.94316576384028,3165612
90.18693542480469,93.11566867579857,89.23421743445273,92.52757000286738,6901421
90.26927185058594,91.48075578012566,88.81078832936947,91.11613644965207,8290204
93.43716430664062,94.31930920501532,89.7831104393125,89.98698133699797,11128796
95.98558807373047,96.62465756550071,93.01765033838086,93.01765033838086,5179016
96.92655181884766,97.41270883619723,94.09582988278305,94.2605024685937,2072574
96.53449249267578,97.93808730175762,96.23652205617526,96.45215929040462,1116954
96.58545684814453,97.60874794986249,95.87581424853374,96.76188335566455,1392286
94.17425537109375,96.69915883714158,93.79787590370549,96.52665028972977,3218999
94.393798828125,95.17009029451691,92.99804633661174,93.09998178391238,2361211
98.06747436523438,98.40856729261253,93.48814016784642,94.3938116014178,3382862
94.95054626464844,97.70284706018268,93.33523220555684,95.35045215813248,2841120
96.20123291015625,97.00496885266857,95.66410502434846,95.66410502434846,1335126
96.30316925048828,96.76188188265056,95.74251496733704,96.05616346466951,1077006
96.32669830322266,97.23236973600673,95.49944210161678,97.1539607041511,1431995
96.46000671386719,97.07554987834514,94.56632435999757,96.84031037345773,1395094
97.38919067382812,97.99296743708723,96.15026237885546,97.31077545031883,1099617
98.47521209716797,98.79278476144361,97.2402017811432,97.38919008497783,3264750
99.78862762451172,100.00034685882143,98.01648952660315,98.0949047466425,2594389
102.3017807006836,103.66225297560126,99.03587232559391,99.03587232559391,4915456
102.13710021972656,103.58382346631106,100.13364071160333,102.14494236135235,2318466
104.36798095703125,105.22268160030413,101.56078497974283,102.25082540842247,3026215
103.87789154052734,105.84214075386785,102.72913843737842,104.14057544332293,2423096
104.69338989257812,105.85782103894033,103.27802876883558,104.60321454729625,7277373
103.29763793945312,105.05018033198951,102.8310830951845,103.90534516747854,1289189
104.8854751586914,105.15208317354836,101.7959999584853,102.50564247508042,1979457
103.07807159423828,105.46575916039738,102.36842897588713,105.38733773381648,2217432
102.17632293701172,104.83845462357515,101.93716547175195,103.11336293879884,3327018
103.49365997314453,103.66225053907726,102.17239844281752,102.17239844281752,2031829
103.27411651611328,104.11705704292639,102.10183696253053,102.95654380412593,1127917
103.34860229492188,105.35990430042607,102.35667349261172,104.2895540679869,3809051
102.74481964111328,103.47798252389211,102.18416530726344,102.99574342112729,6018639
102.43899536132812,103.50541510528747,102.09397830286866,102.72128768126937,2590378
102.18415832519531,104.117044974688,101.62350402965403,103.41132654111108,3089654
101.9371566772461,102.70560603604119,100.31792476399808,101.99988761669806,1535081
104.01117706298828,104.30915365714596,101.784244343259,101.784244343259,2235058
104.356201171875,105.03055102734012,103.50541861047174,103.50541861047174,1621888
104.34444427490234,105.45791700992318,103.35644582977764,103.61912972729583,1453963
103.79947662353516,104.86197228975283,101.97636749452091,104.28955165694748,2039435
102.97222137451172,104.83061097594253,102.17240954083023,103.50543133007365,2381791
102.62326049804688,103.50540531647063,101.07851982389344,102.7212779666098,3396146
102.28218841552734,103.77204069205763,101.31770395768773,102.64288981928325,1705824
105.00311279296875,105.38733437571635,102.64287590098152,103.47405620574239,2079009
104.14057159423828,106.25380905307213,103.50542620490307,104.9168631586802,3904241
101.86265563964844,104.27778107352046,101.2314283354875,103.89747750257256,1222061
96.54625701904297,102.38411552447599,95.75428118425809,101.15302928570931,3707301
96.34629821777344,97.62835528984257,94.87997248613843,96.84030362333215,4498976
98.58892822265625,98.99668250802145,96.44825232076664,96.44825232076664,2038896
97.76165008544922,98.80062542802926,97.20491378892639,98.48697073989516,910906
96.02872467041016,98.36935941977674,95.530801297531,97.46760598884505,1649576
95.90325927734375,97.32646245747738,95.15833633079397,95.15833633079397,1572241
96.47960662841797,97.58523103465929,94.59377266309995,95.90326799565109,1639670
96.37767028808594,96.91872237112047,95.82877606190738,95.82877606190738,927900
96.67171478271484,97.54602383702492,95.58961683585932,95.82485632856563,1005163
98.05178833007812,98.4085655372059,96.04441052028825,96.05617063500253,1694591
95.34260559082031,97.62443349937823,95.11520825408422,97.07553931459725,2445614
96.94615936279297,98.4869760907797,95.89934182121982,96.21299652639507,3958261
94.95445251464844,96.60505291344217,94.11151214535892,95.55039330951065,1700695
94.93879699707031,95.9699304202575,93.7822016715296,95.2798899573131,1720539
93.1548843383789,95.3543792178152,92.52758107860349,95.35045504657684,1981964
94.09584045410156,94.71530775771097,91.89243384594566,92.69224564121681,7239767
94.51927185058594,95.89542224909687,93.1980102531977,93.1980102531977,1870547
94.88780212402344,95.26810570698638,94.51534068288635,94.72313574364556,2243068
96.58937072753906,97.18923570606586,95.35828460065414,96.20122498825296,2684781
97.76557922363281,98.01650300280063,96.099300513784,96.099300513784,1033536
98.14195251464844,98.39287626216955,96.44822961752439,96.84029332353482,1052478
97.99689483642578,99.45537836608827,97.22844545854818,97.78909975670395,1665089
97.96160888671875,98.72221612665189,96.9932065658079,98.72221612665189,647895
97.37349700927734,97.99295799743004,96.58152130615814,96.88733382913132,1063193
97.32644653320312,97.82436980640497,96.29138928070249,96.29138928070249,1313002
96.76188659667969,97.80478618911783,96.47568248390363,97.78125976097684,1488823
97.31079864501953,97.60876912619182,95.91504576966291,96.29926743786422,1822817
97.01673126220703,97.62443220911736,95.19362222215396,96.52664385406442,2887036
98.00865173339844,99.19269123185308,96.56192836537645,96.56192836537645,2931419
97.05593872070312,98.24389625166715,96.63250641086455,97.40095580299462,1566676
96.34629821777344,97.60483506058699,95.97776089864168,96.99712788255157,2295793
96.98143768310547,97.62442512471468,95.97774891095325,95.97774891095325,1477403
95.1936264038086,97.5813078118497,94.26835274334269,96.4482390649864,3064878
94.8211669921875,95.96207790681679,94.49182798426695,95.58569224042832,1932556
96.6207504272461,96.93048098034919,94.7309923372162,95.11521395004641,1969374
97.3225326538086,97.62442722573243,95.75427162577274,95.98951108994422,1802693
100.11013793945312,100.9021075912322,97.0284981079699,97.23236902849817,3523160
100.93738555908203,101.66270623277875,96.16202302719081,99.19269177138557,2096273
100.87467193603516,101.8313142749613,99.50636354920414,100.6041458762735,2870570
100.6041259765625,102.53309456020652,100.29047748762477,101.93715375217427,2636295
102.58407592773438,103.66226215730903,99.6945529507137,100.65119525654733,4211251
102.31352996826172,103.4622828662709,101.78816225648863,102.32921425201299,2578420
103.70538330078125,103.89750031332017,101.7881807419628,102.64288757112551,3257662
103.2897720336914,103.73673071535859,102.8820240605258,103.70536214855734,863725
101.16480255126953,103.27019809925973,100.80802530165487,102.84284775431027,1022520
103.02317810058594,103.50541715784549,100.95698748094554,100.95698748094554,2600865
101.2040023803711,103.97590546553522,100.47867544443011,103.03494749385237,8384462
101.49413299560547,102.07830757009918,100.21207587007756,100.76097009921679,960438
101.08637237548828,102.56445809958977,100.21206340910778,100.21206340910778,1474243
100.40027618408203,101.78034470388813,99.39266299843857,100.4473228473803,2287907
99.83567810058594,101.13733732675634,99.1926906297372,99.58476054562877,1474947
98.95746612548828,100.29049412220132,98.27134986823707,99.66318464163417,2148169
101.54116821289062,101.92931396127719,99.03586721838927,99.03586721838927,3362997
103.20745849609375,103.34860467493134,101.01581194811166,101.01581194811166,1821366
101.2275161743164,103.79163020372673,100.9765986106568,103.27018042115316,1465165
100.70606994628906,101.82737850842823,99.99250938862578,99.99250938862578,636921
102.07439422607422,103.8190882841163,101.11383393102216,101.11383393102216,2810333
103.05452728271484,103.34857968441472,100.85896329370236,101.70190359299477,2143547
101.94108581542969,103.7367506298724,101.30594040831116,102.8114769207535,1640157
101.9371566772461,103.3407513735856,101.48627998722321,101.48627998722321,848554
101.18831634521484,101.99989444155912,100.15326507398463,100.46691359290882,3505253
100.46299743652344,102.06262722950325,99.78079918692485,100.38850637688205,2071776
101.59998321533203,102.69777163887258,100.0787686677096,100.0787686677096,1549402
101.10907745361328,102.11462494089879,100.15895344926722,101.67915561204765,1528242
101.8573226928711,102.28884223699004,99.36720278208345,100.00062309468348,1286236
100.38856506347656,102.69262076222527,99.76306968712387,101.42578668061445,1157492
97.65301513671875,100.09562359959533,97.15024133195728,98.49624841516857,2891005
95.49938201904297,97.54610715899773,94.94910335690128,96.04966068118466,2706449
93.21514129638672,94.73533736843723,92.12645220396482,92.12645220396482,2918632
93.1201171875,94.85409479223043,92.40752416580624,94.29985368878704,2535913
89.0385513305664,92.9855251388111,88.53182137898361,92.24126415311184,10125011
85.94668579101562,90.3410161973077,85.19450626691047,89.4700648960153,7721727
85.51913452148438,87.482724818206,84.73923699602572,86.23172762288225,3612277
84.99259948730469,85.90709328105555,83.8524493484362,84.87779011600999,6462610
82.4747543334961,85.37659341237635,81.71069405839843,85.12322536637559,2977542
83.42489624023438,84.0622726298076,80.2419829497408,80.2419829497408,2870228
86.35444641113281,87.0155783977445,82.05909473580519,83.1359028879106,2573933
86.01397705078125,87.09474121647811,85.11531414161067,87.01556839008698,1167367
82.20951080322266,85.48348338481422,81.63152043124809,84.40271306290735,4723377
82.80731201171875,83.74160530611142,81.94824167480634,82.66083475408055,7275580
80.21822357177734,82.82314623745155,79.68377565082604,82.80730916697748,5733732
82.72813415527344,83.61096004513428,80.21425906175237,80.36469870787084,2599777
82.72021484375,84.43439925955116,81.4098318926313,83.91578842760045,3254253
80.77642059326172,85.53100334158084,79.67981927092933,85.11532093102505,5052138
80.09549713134766,82.04325011260691,78.96722173225943,81.07728902688478,4888089
79.25226593017578,80.9981183655941,78.79304094382871,80.0479942505522,4862887
82.22932434082031,83.29425785840792,79.81046517805385,79.81046517805385,6796500
81.31877899169922,83.43280875695703,80.9268584551518,83.13589812144326,4803790
79.33934783935547,81.86905342031761,79.05826805042396,81.8650910234534,4052881
78.77323913574219,79.01868241358481,77.75185457162523,79.01868241358481,3279578
77.58161926269531,80.04402683511285,76.97987323998792,78.95930028734527,7052330
75.96244812011719,78.33775797971413,75.05982912152818,78.33775797971413,5284672
75.85161590576172,76.68297451822482,75.2181956469342,76.40585080759578,10496694
77.98542785644531,79.0978598980481,76.16039030136821,76.16039030136821,10343163
78.07252502441406,78.58321733410894,77.23720407208367,77.83103787100887,3096473
79.00286865234375,79.17705767469523,77.33618887564496,77.98148386781618,6690596
79.08204650878906,79.1770564250403,78.08045495129169,78.78116716799767,7846596
77.48661804199219,80.0400733973751,76.50481981303085,78.54363296728361,6235961
78.4406967163086,79.08203547047978,76.52857390587567,76.8096537368117,4818318
76.72256469726562,80.40429587576213,73.19918546138099,80.24594393315026,3169443
80.08758544921875,80.76058584513474,77.67268252828407,78.14774457703032,3150903
79.85005187988281,80.91894145549448,79.17704524570492,80.91894145549448,3505272
80.80018615722656,81.86907586790608,78.66240673586755,79.96882749336473,5020462
79.05827331542969,80.3646938017239,78.38526673591987,80.3646938017239,4424030
76.60377502441406,78.38525729106875,75.21817561933473,78.38525729106875,3382620
76.60377502441406,77.79142986885053,75.81200304155297,77.11842337043308,2472830
77.7518539428711,78.89992253384219,76.08913693649767,76.80172993922913,4205429
77.8310317993164,81.78987966533552,76.99966704956152,80.76057659109189,3533357
82.02742767333984,84.12562066990593,76.88091749454945,77.79145525904273,8936158
81.3148422241211,84.086042200841,80.80019366145619,83.13591792532857,6711055
80.12715911865234,82.30453066879879,78.38526313047736,81.51275862695364,6246647
78.22692108154297,81.31482429614965,77.98939006503477,81.23564520407639,4228308
79.29580688476562,80.08757898870927,78.22691736131178,78.38526927821599,2934914
79.17704772949219,80.20635092116325,78.78115851592773,80.20635092116325,3036915
79.37499237060547,79.81046174211819,78.22692366631087,78.70198571502425,2370587
79.29580688476562,79.96881348610329,78.66239295743749,79.96881348610329,2604164
77.15802764892578,79.21662760248493,76.48502104923607,79.13745477408236,2935323
76.99967193603516,78.22691967236095,76.40584440546186,77.67267855725538,2322495
77.94978332519531,78.50402435028708,77.47472137789109,78.10814148077037,1896372
79.17704772949219,79.73128887265534,77.67268248931322,78.38527556207508,5546153
80.72099304199219,84.08601979421991,79.73128260530179,83.92766161735729,5972426
79.5333480834961,81.55236188656791,78.58322394087406,81.55236188656791,3576981
80.0083999633789,80.64181389120563,78.78115226234354,79.7312825436506,6927066
80.80018615722656,81.39401377427075,79.01869704638165,79.17705525073502,4557430
83.45260620117188,83.92766824987964,80.4042893020598,80.4042893020598,4058320
81.7898941040039,83.92767345579222,81.19606650628494,83.92767345579222,1773426
81.63152313232422,82.73999896972379,80.95851659191516,82.7004125590094,993162
81.03770446777344,82.54206961442297,80.40428426933605,81.55235290175632,1522420
80.83975219726562,81.31481417112907,79.05826979527768,80.68140029254808,2027573
80.24593353271484,81.59194051974461,78.38527184440278,81.5523541041504,2876938
78.22692108154297,79.01868696342926,73.87218369232197,75.13901786693629,5415130
77.67267608642578,78.5832136909104,76.40584197493126,77.51432416988071,2889867
75.2577896118164,77.94980384885604,74.90149305752774,77.59350729456737,2886436
76.92049407958984,77.5934943971289,74.4264186141295,75.21818443002381,2983286
76.04955291748047,77.59350459909703,75.81202188953945,76.56420765116059,2342925
74.34724426269531,77.158029989316,73.35752754024088,77.158029989316,3404739
72.0906982421875,74.62436023237204,71.45727804985785,74.03053271438259,2855313
72.88245391845703,73.95134956132885,71.33850258722399,72.01150910022906,4264425
73.08040618896484,74.34724027063415,72.20946127890473,73.43670268758642,1205785
74.38683319091797,75.21819176042494,72.68452963516475,74.42642586736896,3303780
72.88245391845703,74.98064627567723,72.6053365353187,74.98064627567723,1317577
72.64494323730469,73.19918441811545,71.41770161520112,72.84288785753259,2451587
73.59506225585938,75.09942749309577,73.4367103265704,75.09942749309577,2684118
77.27680206298828,79.53334686720666,72.4470023252835,74.34725058146742,4237742
77.11843872070312,78.14774187733224,76.12872823990965,77.59350075303786,1792721
77.47472381591797,79.92921270746616,76.40583440084691,76.99966185366416,2967620
77.7518539428711,78.66239153293171,75.29736484689231,77.11843376730234,2802091
75.37653350830078,77.03925028470083,74.2680514842272,76.84130572474976,1910964
70.0321044921875,76.40585640817366,68.25062162061178,76.24750446171554,4457234
71.65522766113281,72.76370368577996,68.88402820994726,69.95292407690474,5672096
68.68608856201172,71.53646079400161,68.25061293999826,71.29892977466913,3416836
71.81358337402344,72.36782454540368,67.30049368343154,68.09226589115872,5602896
70.26962280273438,74.62436000814245,68.21102283312703,72.090698025571,6471923
68.44855499267578,69.67579646026974,67.14213443501687,69.2403208544796,3728690
64.13341522216797,69.59662940825287,63.46040848948522,68.72568430573772,3742720
68.80485534667969,69.47786200049693,64.52929065975398,66.46913152672371,4107346
70.54674530029297,70.94262821788656,67.53801509550571,67.77554609800411,1966084
69.71538543701172,72.05110274305665,69.24031718153402,71.49686792113637,1598109
69.99250030517578,70.6259141899492,69.2799073374141,70.3883832006953,1028487
71.69481658935547,72.05111313758186,70.11127846158655,70.66551962317608,3111352
72.8428726196289,74.58476863799763,72.1698660594092,73.9513547493685,5854544
70.07169342041016,73.23877628084983,69.39869292910484,73.23877628084983,2204600
69.08197021484375,71.18016293291852,68.52772909353625,70.5071563041674,1489596
69.7945556640625,70.46756221957321,68.13183874079796,69.6757901695436,2346043
73.35753631591797,73.59506735616876,70.07168817254461,70.78428755300921,2848274
72.76370239257812,74.26806760335057,71.97193650034984,73.6346536376256,1463473
74.18888854980469,74.70353696257506,72.5261652922234,73.23875829131059,2073520
72.68452453613281,75.2181864836492,71.33851134488336,74.34724155850229,3749013
73.91177368164062,74.46601483352414,73.00123598777024,73.91177368164062,2226415
74.42642211914062,74.9410705496797,72.24905037361322,74.03053293283853,4772845
73.3970947265625,75.21816309832181,72.8428538048491,75.21816309832181,2519408
74.66395568847656,75.45572156882052,73.23876333249196,73.5554734404565,5212314
76.12873077392578,77.91021345447933,75.21819309507225,75.45572411914605,5099770
77.31636810302734,78.10814008764935,75.45570675603533,76.00994777124176,4410173
77.43515014648438,78.62280524753061,77.03926719937286,77.67268116669362,2090183
77.47472381591797,79.65209531605501,76.8017235425322,78.0685575284459,5042434
82.26494598388672,82.740008003169,78.0289742253826,79.01868467898353,12617983
83.1358871459961,84.521480361656,82.18575696253662,82.34411512296853,5160685
83.1358871459961,85.90707983702659,82.50246702368977,84.00683198952896,2622107
85.23409271240234,85.51121642640436,82.22536835534346,82.46289939036684,2784522
83.49220275878906,85.51121655963355,82.54207861721518,83.967264829576,3482218
83.17549133300781,84.56109110451699,82.50248465660988,84.32356007281325,3635572
81.5919418334961,83.88807916916174,80.87934878305744,83.05672061031663,4618095
82.26494598388672,83.29424911223546,81.27523553028578,82.10659406402976,3232601
87.21350860595703,87.72816328720916,82.34412302921193,83.05671604044292,5310119
88.04487609863281,91.40990316800327,87.56981404269457,88.6782963463584,6690985
89.23253631591797,89.86595659968593,88.04488110849334,88.67830139226132,2948313
85.0361557006836,90.57854869208568,83.57137678840813,90.57854869208568,5915455
84.83820343017578,86.38215504298577,84.56108599649838,85.43203097356424,3428743
85.51121520996094,86.30298114230087,83.4922014409837,84.24438095462024,3825878
88.24282836914062,89.4700700336177,84.6798626402919,84.7590354833469,4233810
87.72816467285156,91.05359877778719,86.65926887941089,89.78676465124126,6075302
85.51121520996094,88.08447013934573,84.48191198626462,86.93640139982722,4619411
82.50247955322266,86.30297582539383,81.35441088443375,86.06544480838312,7691922
87.37186431884766,88.4011674663716,82.85877505159034,84.12560921318045,10278317
90.22225189208984,92.32044481557996,87.29270033510336,87.49064495345894,17122608
93.94355010986328,95.17079772803064,90.42017168111938,91.37030189827034,12275301
91.44947814941406,95.96257337613113,90.69729874148345,94.41861562770745,7884069
87.76775360107422,93.3497324370761,86.93639505103138,92.00372544262488,7309434
88.361572265625,90.7368821701317,85.55078679205512,87.76774478949834,6176751
90.10347747802734,90.89524961357392,87.64898823963102,88.75746422162699,3570284
86.73844146728516,90.61811638549223,85.51120010711321,90.22223348924244,4872405
88.79705047607422,89.54922988163894,87.09474082073304,87.09474082073304,3888685
90.97440338134766,93.2705402153563,89.47003851696718,89.62839666671896,11272540
92.00373840332031,92.87468349186688,90.02431091875548,90.3806074903944,4312687
90.81607055664062,92.63713958340756,90.2618294355761,92.59755316751422,3542612
89.8659439086914,92.24125398809603,88.87622720246523,91.84537106143239,1706318
85.82791137695312,90.73688976355449,85.27367652599372,90.26182774289703,3990495
86.2634048461914,87.33229461402017,84.7590393826763,85.74875630380772,4093175
86.02586364746094,88.08447009378887,85.5903880031008,87.21351880506859,3574986
85.23409271240234,87.80734767839307,83.92767201977371,87.76776125912654,6712050
85.59038543701172,87.56981272691651,85.07573697071544,85.98627465081977,5800168
86.97598266601562,87.4906373772313,85.98627217936581,86.69886523208447,4862903
86.81763458251953,88.04487614104721,85.31326931808643,86.85722100062948,4707005
83.57136535644531,88.36157815635286,83.13589601806196,87.49063321987482,7346159
81.23564910888672,84.28396605383814,80.48346960702574,83.92766951194949,3673999
82.14619445800781,82.85878760819428,80.12718053247949,81.23565667953206,5606138
82.46289825439453,83.0567258337727,81.235650417205,82.14618812548885,3475860
78.46443939208984,83.13588613343217,77.35595732141,82.85876248590691,3451261
78.86033630371094,79.65210845800681,77.51432927514848,79.53334294784801,3587776
75.69325256347656,79.05827946297802,74.94107309944889,78.93951395498884,4083952
76.12873077392578,77.43515140633171,74.10971706929843,76.00996526188888,5244288
75.77242279052734,77.67267069603862,75.09941623742182,76.80172582591624,4746793
76.99967193603516,81.31482283134207,73.99094786770098,75.21818934431529,8915160
79.92922973632812,80.68141550995637,78.70198815894648,79.25622305984812,3089550
79.21663665771484,81.03771207452154,78.939519207206,80.32511897917422,2517329
80.40428924560547,80.60223385233199,79.5729306609506,79.65210975558357,3240832
79.77088165283203,82.81919879380231,79.41458508803208,81.23565433266103,7468508
79.37499237060547,81.19606147076948,79.01868957435863,79.9688199314972,4419742
82.74000549316406,83.13589467036385,79.25621328430424,79.73128154888624,4595633
81.07727813720703,83.76929790809429,78.93949938789638,82.26493299793516,6091678
81.7898941040039,83.29425943812937,81.07730098674114,81.55236306491632,2612448
81.71072387695312,83.69015150418967,80.6418340849937,82.5816752879879,2925418
81.5523452758789,82.70041380094446,81.23563520627545,81.75028985184491,2721440
82.42330169677734,82.9379564144913,81.1564737602008,82.34412886306113,2786325
84.44232177734375,85.03614932980058,82.85877746431771,83.09630848530044,3380191
85.11532592773438,86.50092569798002,84.56109102740571,84.9965604119908,3820640
83.17549133300781,85.31327061834152,81.86907065863723,85.31327061834152,1711068
80.64180755615234,83.80888946590917,80.28551107604386,83.37342016336156,1462327
83.0963134765625,83.37343719082921,80.64182402573901,80.76058954336415,1672204
83.8880844116211,84.32356005622965,81.43359499792778,83.49220144543004,3267284
80.9585189819336,84.719428421572,80.52304341237645,84.48189743085192,3399579
82.1065902709961,82.4232940960794,80.80016977832183,81.31481818886556,1132037
83.61094665527344,83.92765044742592,82.14616814265389,82.34411270753206,1884978
81.5919418334961,84.28396211061268,81.11687979987032,83.92766558539334,2668229
79.73128509521484,81.5919405239104,79.09786488740608,80.8001746537167,4043274
79.21663665771484,80.87935388019191,78.46445714364113,79.29581575487967,5058516
80.5626449584961,81.15647250071048,77.59350098771255,78.70198323965381,7468937
78.58321380615234,81.1564684471235,77.59349711208813,80.83975835385759,2708349
77.27680206298828,78.58322273911472,76.99967835248678,78.38527812585822,3946886
77.11843872070312,79.17704503396135,73.43670797010898,76.96008679649542,2942887
73.55547332763672,77.19761765465196,71.97193530966607,76.80173471508719,4578135
74.42642211914062,74.90148413493404,71.81357477256546,73.23876081994571,3458766
75.09942626953125,76.40584687908763,73.31794362013619,73.31794362013619,4690463
73.19917297363281,74.2284760742921,72.76369738110172,74.2284760742921,2053693
72.01152038574219,74.18889216211154,71.3781064422826,72.84287892515665,2855350
71.97193908691406,73.04082871357707,70.07168460202347,71.33851883871323,3342330
75.73284912109375,76.72255965182907,72.28864295315712,72.28864295315712,3196661
71.57604217529297,76.84131690655997,71.25933834493749,76.76213781911548,5133564
70.19046020507812,70.78428780784297,68.21103277595789,68.5277366576243,8448430
70.70509338378906,71.25933444615406,67.89430791997427,70.46756239416277,3589548
70.62591552734375,71.41768759308694,69.87373613369988,70.46756361807951,2042834
73.15959167480469,73.75341922445187,70.66551596628646,70.66551596628646,1641299
73.79301452636719,74.42643482873339,73.39713153217264,73.63466258063185,2049551
74.94107055664062,75.21818797930874,73.00122981882974,73.55547092387734,3948513
74.03054809570312,75.6140926458288,72.88247923581889,73.27836850320665,6671180
73.71382904052734,74.90149043969248,72.28864287318348,73.9513663281299,2825167
71.18016815185547,72.84288537797697,70.86345802221403,72.0511131837294,2585060
70.54674530029297,72.40740064672296,70.26962162423735,71.65522122538177,2616157
72.52616119384766,73.63464330292938,70.94262337193051,71.06138886506707,3329868
73.87218475341797,74.30765411679701,72.9220606737376,73.55547464028729,2487613
74.66395568847656,75.29736964469404,72.48658386825173,73.23876333249196,2407202
76.04955291748047,77.98939381880665,75.41613892954175,76.00996649939427,2780001
76.04955291748047,77.11844254321501,74.74313226380492,76.00996649939427,3011072
74.62435150146484,76.7225439061135,74.26805503235718,76.20789553730599,2189318
72.92205810546875,75.61407832298907,71.93234138418445,74.46600968057234,2875200
74.1097183227539,74.62436679704773,72.56576664016052,72.9616496004087,3648242
72.9616470336914,75.3765499074736,71.81357835173411,74.82230877485428,2988704
71.93233489990234,73.3575208407565,71.37810009604412,72.84287244868503,3838001
73.27836608886719,73.71383550504835,72.24906279116973,72.48659383989126,2562048
74.70353698730469,75.09941990035824,72.52616531623224,73.3575238154425,3321634
74.82230377197266,75.21818669182396,72.72411115136713,73.71382158085099,3274719
74.46601104736328,76.8017347904232,72.8428803520459,74.82230757123455,2899618
75.81201934814453,76.16831587811215,74.86189526823085,75.13901896468015,2297380
77.47472381591797,78.82073688211085,76.88089636310072,77.59348930648142,4035324
78.30609893798828,78.82074737906466,77.63309231526418,78.7019818726846,5049510
82.89836120605469,83.53178141470887,78.8207475640092,79.17704408398535,8493200
82.66082763671875,84.08601993226543,81.82946911581479,83.92766175514285,3753367
82.46289825439453,83.69013983187207,81.987836190892,83.69013983187207,3505799
82.89836120605469,84.0860225323534,81.63153330816937,83.056719388074,3337034
83.61094665527344,83.92765044742592,82.22534722054726,82.89834747365414,2234529
82.0669937133789,83.6901242140156,81.35440075110584,83.53177230896964,1806858
80.24593353271484,81.94823703922704,79.61251958464992,81.94823703922704,2460887
80.28551483154297,80.76057682724283,79.09785984229332,79.45415633906822,3238376
79.21663665771484,79.96882243150057,78.70198817542357,79.45416768949728,2971927
79.85005187988281,80.56264493029059,78.38527310312574,78.78115604455952,3050119
78.06856536865234,80.2459308277454,77.75185527543995,79.81045523204227,2708572
76.36626434326172,78.54363630965055,75.93078869804154,77.87062963243974,3245230
75.77242279052734,77.59349161340536,75.21818173151627,76.44542934363288,3164251
78.02898406982422,78.3852806292377,75.21819801454718,75.21819801454718,2603563
79.81045532226562,80.20634450415648,78.74156579864065,79.17704139483608,2760480
78.82075500488281,79.49376169271954,78.22692741553043,79.21663797788037,1172687
77.27680206298828,79.57293328597316,76.8017399989423,78.38527812585822,2274485
77.7580337524414,78.51997813371558,76.99609571209064,77.99864643264937,1705632
77.19659423828125,78.03873846459878,75.99353105782764,77.79812582850806,1810266
74.63005828857422,77.5575163750916,73.82801402171812,76.99608475420007,4394550
75.95342254638672,77.39709832153024,75.39199730555674,76.0336288697576,1415831
78.96107482910156,79.56261270047428,76.27423610672726,76.27423610672726,1650854
78.80067443847656,79.8032249507003,77.67781761114911,79.40220601399523,1983362
80.08394622802734,80.2042525466085,76.39455034456462,79.1615956719311,2083966
78.60016632080078,80.60527380150555,78.03874104530452,80.20425484173359,1125142
78.03874206542969,78.39966103621914,76.91587881791412,78.19914838325082,1106343
77.95852661132812,79.36210233597846,77.63770767231388,79.16158970647932,969950
79.2417984008789,79.40220470473157,77.79812264343892,78.03873526967891,1352817
78.72046661376953,80.20424869903837,78.19914137190106,79.88342975123824,4168002
80.64537048339844,81.00628940627028,77.43720016645257,77.79811908932442,5244687
80.2042465209961,80.96618436779282,79.08138974557116,80.28444650007671,1883623
80.88599395751953,81.56772556496263,79.40221173701323,80.4448686567038,2100530
80.80579376220703,81.24691909650974,79.80323676069389,81.00630643069427,1429876
81.20680236816406,81.92864027325412,80.64537711370885,80.80578342342145,1585257
77.9986343383789,82.61038088789488,76.11383952961694,82.61038088789488,3394143
80.04383850097656,80.20425115024015,77.43720587104836,78.60016270313737,1596167
79.0412826538086,79.7631205041125,78.1991384951207,79.48240789819046,1772077
79.76313018798828,80.68548077788675,78.60016695210956,78.60016695210956,1989556
78.84077453613281,79.7230186634857,78.60015558403117,79.40219973493846,971875
77.59759521484375,79.56260218181247,77.3168826513857,79.36208958453055,938183
78.60016632080078,79.92354220398546,77.3169031131615,77.3169031131615,6793251
79.52250671386719,81.2067950063887,79.00118149887012,79.00118149887012,7580637
80.08394622802734,81.2469094212859,78.64027040505354,79.883433583418,9472245
79.80322265625,80.40476055539574,79.16159110778524,80.04383527953952,2344597
78.23924255371094,80.76568150210335,77.95852993318826,80.20424992013591,1860439
77.31690216064453,78.96108431409958,72.50464299805392,78.56006535926802,1330461
76.234130859375,77.4772938229079,75.43208676046152,77.4772938229079,1755287
76.47476196289062,77.11639359275229,75.87323032835697,76.23414930907715,1162262
77.0762710571289,77.95851508279934,76.75545216555744,77.79810880747404,1479922
76.47476196289062,77.63771889570722,76.27424930440516,77.4372125781445,1736056
76.27423858642578,76.71536383673823,75.75291335672695,76.43464488612038,3293904
76.6351547241211,76.99607364097474,76.19402948988166,76.59505473588901,2245714
76.43464660644531,76.67525923186363,75.95342135560867,76.59505925067218,1617097
78.27935791015625,79.56262752791159,77.39710727379573,77.39710727379573,8320677
79.60271453857422,80.8057776274317,79.0412829834668,79.40220191012405,4785653
78.72046661376953,80.20424869903837,78.35954767534014,79.80322342905772,3773913
79.12149810791016,79.96364236382675,77.79812856289838,78.19914752350354,1778839
82.32966613769531,83.81344195050393,78.39965762426974,79.16159552691379,16466187
82.81089782714844,86.01906867897164,81.44742188613913,83.41242946555762,8315303
82.65047454833984,85.57793237324609,82.24945562120995,84.85609449985911,4385299
82.44996643066406,82.61037272978193,80.64537178713131,82.61037272978193,3579073
83.8535385131836,88.70589067469118,81.20679347672673,82.28955021580937,15969826
85.77845764160156,87.5830525908682,85.45763864809098,85.61804497438483,5178219
85.0566177368164,85.81855569562093,84.25457344165397,85.17692406404464,1661549
84.21446228027344,86.17946325082194,84.01394964783799,85.0165001281714,3714574
83.77333068847656,85.57792522112616,83.53271808412329,85.01649369732803,12419495
83.41242218017578,85.61803588139315,67.85279459079129,84.65558534400053,8368927
81.24691009521484,82.97129856220742,81.00629745605671,82.57027961058463,4193109
82.12913513183594,83.4124043544242,81.60780998246611,81.60780998246611,4987103
80.28446197509766,81.96875697426965,80.08395564782623,81.80834430334487,3373208
81.68801879882812,82.12914402895674,80.08393685251187,80.92608098398917,3004569
82.20935821533203,82.93119611141267,78.43975608629613,81.2870076789216,2553347
83.13170623779297,83.37232522181891,81.40731774252538,82.28956198693072,1862149
81.56770324707031,84.0941416960036,81.04637810032706,82.85097246319312,2094081
83.37232208251953,83.612934716563,81.8885399453033,82.00884626232504,3608046
85.81855010986328,86.3799817140268,83.69313635352927,84.05405531172245,5911073
84.21446228027344,86.21956324094026,84.13425595911488,86.21956324094026,3263037
85.25711822509766,85.73834350110474,83.4124234473779,83.4124234473779,1449681
84.53527069091797,85.01649591216132,83.93373916436379,84.41496438560714,913823
84.21446228027344,85.21701276060685,84.09415596899655,84.2946622605101,5049766
85.45763397216797,86.01906559486133,84.254570738484,84.53528337936942,2273345
84.53527069091797,86.33986527058052,84.09415179872596,85.33731483996408,1930744
85.0566177368164,85.61804303659964,84.01396078719752,84.13426711442574,1489890
85.17691040039062,85.73833561011284,84.21445993695629,85.4175230162492,3495366
85.41752624511719,86.17946411049748,84.89619466376892,85.8185451730665,1505332
84.61548614501953,85.73834300219475,84.05405454597079,85.09671141822638,1406745
85.37743377685547,85.5378464468198,83.8936577956848,83.8936577956848,2081084
83.25200653076172,84.73578861640215,82.77078127940202,84.21446337440312,3299839
81.60783386230469,82.61038447089335,80.24435793279066,82.61038447089335,2780708
81.08649444580078,83.41242076567147,80.80578182412899,81.8484386689304,3241861
79.84334564208984,81.8083470285304,79.48242663187077,81.48753435784006,2116615
80.40477752685547,81.20681554649632,79.64283316499642,81.20681554649632,2956519
79.48241424560547,80.60527109988604,79.00118897363919,80.16415216119846,2722129
77.67781829833984,80.16415094612012,77.19659303366767,79.72302567319657,2697119
78.96107482910156,79.36210007668336,77.71791177980987,77.87831807428961,4293260
80.68547821044922,80.96619084151965,78.19914550079503,79.0412897349286,2008729
81.04639434814453,81.32710696944832,79.44230592118038,81.00629435679316,2003581
81.92864990234375,82.12916256874246,80.28446125608941,81.40732457881465,1342305
82.77079010009766,83.25201540274045,82.12915847688147,82.28956479745486,2224267
82.97129821777344,83.81344245133099,82.73068557961413,83.01139821049254,2313761
85.0566177368164,85.49773670937141,83.01140383301379,83.01140383301379,5278014
86.4601821899414,87.02161379728847,84.93630636287737,85.17691900303721,2552474
86.21957397460938,87.02161826327756,85.33732969572027,86.62059928940481,1362374
89.54804992675781,89.94907523623365,85.81855386235277,86.219572830906,4591292
86.42008209228516,90.75110960991982,86.05916313248227,90.75110960991982,8415761
87.22212219238281,87.74344744034077,84.7758895760616,86.42007798397496,3719050
88.06426239013672,88.94650654064962,87.42262451619845,88.62569394460226,3903553
87.4226303100586,88.90641244357066,86.33987345956598,88.5053871605512,2184932
86.1794662475586,88.46528624130472,85.21701572387602,88.30487993433167,4165753
85.41752624511719,86.6205893698871,84.85609467325058,86.54038304792844,4814271
84.8561019897461,86.05916521824699,84.25457037549565,85.8185525725468,2546674
83.97384643554688,85.25711591713431,83.612933829234,84.65558433840928,5188581
85.17691040039062,85.73833561011284,83.57282206738559,84.05404729910275,2212495
85.25711822509766,86.09926245811006,84.97640559440094,85.81854982741336,1874926
85.93885803222656,86.25967700357867,85.05661378716135,85.49773273923273,2308342
86.50027465820312,86.78098724641815,85.09669903528525,86.0190494550223,1725164
84.97640991210938,86.21957315798622,84.29467195615233,86.21957315798622,2839536
85.93885803222656,86.21957066908313,84.77589480938235,85.17692010880309,2338474
87.34243774414062,87.54294406175705,85.41753651311734,85.73834915767273,2573002
87.10179901123047,88.1444556461619,86.25965497480298,87.94394304765794,4337907
87.62313842773438,88.14447000055978,87.10181319583083,87.5830384378716,2094802
88.50538635253906,88.7861053162743,87.10181689755143,87.10181689755143,1855992
89.3475341796875,89.74855310590141,88.66579629829413,89.18712153646439,2104064
89.82876586914062,90.10947850352808,89.38764058002684,89.82876586914062,1949486
88.344970703125,90.2698715495413,88.02415178174846,90.2297715622148,1665263
88.38508605957031,88.82620498798502,87.02161026013731,88.22467341203578,1408714
87.2622299194336,88.62570582869371,87.0216172696727,88.62570582869371,1614341
87.82366180419922,88.22468077465761,86.54039222144067,87.3424365032801,1215570
87.58304595947266,88.90641548873526,87.141920669411,88.22467755698948,1677989
87.22212219238281,88.46528532563121,86.70079060350278,87.7033474492431,1186942
85.65813446044922,87.54292903161283,85.4175218478818,87.2622164305914,1800251
85.2972183227539,86.13936249419835,84.93629939213486,85.89874987378565,2220008
86.66069793701172,87.14192323454543,84.61549042249348,85.4977346876644,4213869
85.09671020507812,87.10181759516239,84.65558493061982,86.62059232881595,1521785
85.45763397216797,85.73834661305338,84.254570738484,85.2571213195798,1926688
86.74089813232422,87.26222338747513,84.57538444657436,85.57793496522525,2164562
87.06170654296875,87.54293178322926,85.85864344231747,86.86120025347476,1341868
86.13935852050781,87.262215250328,85.09670176651093,87.06170262892664,2114960
88.22467803955078,88.70590332555115,85.21702000204847,86.2997768955493,2816842
86.33988189697266,88.62570847897967,85.01651228371338,88.26478315262251,1877227
84.97640991210938,85.85865418264237,84.61549093676553,85.73834785752776,3611744
85.01651000976562,85.73834796132724,84.73579736446588,85.29722899598801,1429709
85.41752624511719,86.5002830574101,84.85609467325058,85.01650097624591,1282785
82.93119049072266,85.81854187935399,82.65047154510235,85.81854187935399,1980294
81.08649444580078,82.85098918140577,80.52506920245717,82.85098918140577,4132221
82.0489501953125,82.73068813815482,81.08649961291042,81.08649961291042,5290574
80.44485473632812,83.05149341403408,80.20424213041439,82.61036818955174,1282765
79.12149810791016,81.36721823732854,78.84078546957879,79.44231074002529,3275195
79.4021987915039,80.48495552894902,78.92097357486163,79.48240510791813,3606992
77.7580337524414,79.6428351943783,77.47732107250658,79.40222251417033,3550916
77.91842651367188,78.51995806041273,76.87576971901376,77.7981202043237,3583407
78.27935791015625,78.88088955270987,76.5950693110061,78.4397642345296,4343164
77.5575180053711,78.27935595843805,77.15649269305213,77.79813065639341,1345520
75.4321060180664,77.95853891666788,75.07118703255192,77.59761993115337,2480936
76.19403839111328,76.43465103045818,74.46964992278224,75.43210048016186,3140302
77.43721008300781,77.7981290520987,75.59250890259497,75.59250890259497,1990309
77.19659423828125,78.11893844934752,76.51485632238345,78.07883845697316,1316953
77.6377182006836,77.79813086240502,76.6351675990767,77.19659923325635,1597629
78.11893463134766,78.47985356784412,77.47730308010571,78.07883464093315,1579223
78.03874206542969,78.84078633638045,77.51741043589655,77.95853573605784,3323998
78.07884216308594,79.00119275885501,76.99608524928323,78.15904849256403,2534114
78.84077453613281,79.28189342934846,77.7981177740455,78.07883037344833,1942235
78.07884216308594,79.16159907688863,77.95853583933008,78.51996746383159,1341396
78.11893463134766,78.7204661921751,77.31689677752571,78.64026621134607,2903506
75.71280670166016,79.36210231667921,74.7102562362519,78.68036444928539,5877090
78.07884216308594,78.84078644082139,74.54985243896579,75.55240936421296,3524405
77.9986343383789,78.76057860150794,77.15649008823176,77.75802169547973,3375327
79.20169830322266,79.40221095451243,76.83567818624691,78.4798603676865,2092487
78.72046661376953,79.9235360827895,78.60016030095973,79.44230449062832,1982397
78.51997375488281,79.76313708632188,77.99864208288977,79.20170541683824,1458872
79.2417984008789,79.56261734950624,78.60016050362424,78.60016050362424,871245
81.12659454345703,81.4875134611218,78.8407747315802,79.36209994345543,2042613
78.6402587890625,81.28699740689677,78.51995248825186,80.76567221702442,2988567
78.60016632080078,79.00119162149522,78.15904736732836,78.6402726554237,2740903
80.76567840576172,81.20679731525429,78.23923955422626,78.35954586425548,3739569
81.56770324707031,82.28954099221673,80.8057655186116,80.96617179278164,2467639
78.84077453613281,80.96618170760864,78.64026191317558,80.84587540201863,1794431
78.60016632080078,79.0813979498186,78.47985999877694,78.800678971148,3899360
78.92098999023438,79.28190897778634,78.23925201121749,78.35955834040148,3961688
75.91331481933594,80.52506063615088,75.31178330765759,78.96107236486576,2206858
76.8356704711914,78.39965250781394,75.47219472480334,75.63260736609716,1881917
76.71537017822266,78.23924600359337,75.79301961166075,77.47730809090801,1668319
76.11384582519531,77.0361901386501,75.5524141650189,76.55496481304831,1947110
77.3970947265625,77.7981199838679,75.03106853577907,76.11383165776623,1869705
76.87577819824219,77.71792245656606,76.23414659125531,77.35700348871296,912486
76.43464660644531,77.35699711752288,76.11383399983553,76.51485292855875,1701861
76.95597839355469,81.3271056533104,76.3544468284084,77.35699732334488,5507803
76.234130859375,77.87831270190405,76.03361824941634,76.91586231957633,2384335
76.3143539428711,76.99609195046197,75.83312860596533,75.87323494465622,1814933
77.47731018066406,77.99863546751838,76.19404061965048,76.35445327785376,1452476
75.99354553222656,78.03875332854597,75.39201382742674,77.79814064662604,1490910
76.234130859375,76.5950497527479,75.39198677483826,76.11382456158404,1832649
75.47219848632812,76.91587428439385,74.99097322030622,76.51485534301632,2413314
76.47476196289062,76.7153746167041,75.19149236224456,75.23159235757257,1213186
75.3519058227539,76.63517554496732,75.07119314701983,76.63517554496732,1426473
77.11638641357422,79.80322535071811,76.91587377375555,79.12149378899448,5151217
75.83312225341797,77.67782345097471,75.51230327538144,77.23669814878983,1934512
76.11384582519531,76.35445848799621,75.47220783044428,75.75292683099397,1887738
76.67526245117188,76.83567510213388,76.03363087009062,76.03363087009062,1631884
75.99354553222656,76.79558357801068,75.59252016841103,76.55497089609075,2623606
75.87322235107422,76.91587284736019,75.55240339941281,75.87322235107422,4162929
76.07372283935547,76.99607329188463,75.79301024116033,75.87321655818248,3893856
76.43464660644531,76.9960781793954,75.87322137441721,75.87322137441721,1746477
75.95342254638672,77.07628570989084,75.11127834421967,76.63516044273408,2560242
75.71280670166016,76.71536350799022,75.31178778368121,75.87321934158918,4467349
75.1513900756836,76.15394065569947,74.99097741741683,75.47220271037206,3089996
75.39198303222656,75.79300189131531,74.5498326485747,75.55238930767788,2935251
75.55242156982422,76.19405328653787,75.19150254024963,76.19405328653787,6079864
75.3519058227539,76.23415653092958,75.19149948532348,76.19405019087948,2148757
75.3519058227539,75.87323751601862,74.99098680784294,75.63262483941132,5891440
75.39198303222656,75.79300189131531,75.15137044858913,75.15137044858913,1181936
74.67015838623047,75.83312162364754,74.38944574585636,75.59250897734901,1003558
75.39198303222656,75.79300189131531,73.78789491402979,74.6701389403934,2613836
75.39198303222656,76.07371445858536,75.03105781584955,75.35187670767307,3188582
74.71025085449219,75.71280124768164,74.50973823948576,75.51228863267521,2674418
75.3519058227539,75.55241850023444,74.75037413123565,74.79047413036241,2933380
74.95087432861328,75.95342486723416,74.71026169207049,75.51229958659829,1728769
74.30923461914062,75.8732230600275,74.02852199689022,74.95087252845886,2525049
72.86555480957031,74.79045574935203,72.58484220282607,74.58994946207262,1450903
70.57974243164062,72.94576886811659,70.29902979511456,72.78536255309062,2453570
73.38690948486328,73.66762218000632,69.7777127452844,70.7401635182591,4739969
73.54729461669922,73.98841987403283,72.62494411170057,73.38688831445153,1160943
72.90567016601562,73.74781443143372,72.66505751875331,73.38689546054025,2729248
72.30413818359375,72.94576979275321,71.78280655653683,72.90566979871903,2512624
72.30413818359375,73.30668876182838,71.82291289149353,72.58485082367804,3854167
71.70260620117188,73.70770734737,71.2614809053655,72.14372515605577,3165764
70.61984252929688,71.6624929962677,70.21881726576483,71.38178038453276,1769831
71.421875,71.98330652214385,70.37922461148892,70.57973088724492,2442775
71.34169006347656,71.9031153630363,70.70005209123293,71.62240271325643,1002277
70.78025817871094,71.34168981725577,70.49953918897717,70.86046451019526,1844505
71.06096649169922,71.62239809598799,70.74014752625958,71.38178545713885,2060126
70.29902648925781,71.702602287729,70.0183075250103,71.46198965604377,1410095
66.04821014404297,70.3391382400876,64.84514678449057,69.77770655865542,4304804
64.00299072265625,66.77003594336125,63.68217177183238,66.04819805969908,2770627
62.679630279541016,64.72483791058467,61.91768595441925,63.96289992638586,2526512
64.96543884277344,65.24615145133478,62.88013159148531,63.76237574762225,2914123
66.04821014404297,66.36902915356468,64.40402143901362,65.00555311878982,1511494
66.81012725830078,67.45176507662443,64.24359500776985,65.84767687173652,3489291
66.40912628173828,67.21117060041698,65.48677563230392,66.60963894663868,2148545
64.92534637451172,66.52942857356409,64.40401474560473,65.2862653448677,4131800
65.366455078125,68.09340009552425,64.68472357946635,64.96543617650688,4079430
65.92789459228516,66.5695261807142,64.68473140816566,65.3664629893333,3472389
64.52430725097656,66.20859541860892,63.52175688388341,65.76747655436695,5699546
64.52430725097656,65.64717025667892,64.12328837232354,64.32380098211064,4372808
65.2862548828125,66.1283990120237,64.72482334969784,64.96543595804391,3571334
69.21627044677734,69.49698307334761,64.96544301058637,65.12584931992335,3991163
71.10105895996094,71.3817715369021,70.09850226631762,71.10105895996094,3394145
69.5370864868164,70.57974340111313,69.1761675173586,69.89800545627422,2214744
66.20861053466797,69.37668132436764,65.76749156971432,69.13606867405741,1984101
68.61474609375,69.05586507615855,66.56953214426223,66.56953214426223,3164966
68.81523895263672,70.25891462916879,68.41422004501837,69.05585156539206,1242170
68.17361450195312,68.85535242243091,67.652289233895,68.49443346587013,4280415
68.61474609375,69.3766840695744,68.25382710400326,68.37413343391884,2228951
69.29646301269531,70.13860714317555,68.6548315031128,68.6548315031128,1721675
70.82035827636719,71.34168992038482,69.77770132925463,69.77770132925463,1066300
71.86299896240234,72.10361156183487,69.21626036864453,70.82034225122095,1600520
71.06096649169922,72.74525496364322,70.74014752625958,71.62239809598799,1204870
71.54218292236328,72.02340814055239,69.57718206173158,69.69748836627886,1114268
72.98585510253906,73.2264677001796,71.54217951669592,72.18381733768481,2799262
74.67015838623047,74.9508773675271,72.98586986214076,73.06607619121445,1889133
74.18893432617188,74.67015962676378,72.78536476006059,74.58995963728022,783655
75.03108215332031,75.1914948217248,74.1087378441477,74.18893783742702,1375164
75.79301452636719,76.03362715011588,75.19148296699548,75.19148296699548,1488996
74.10872650146484,76.35444644710347,73.5472949298247,75.39199594767577,1574083
71.90310668945312,73.82800769214009,70.37923095627393,73.82800769214009,1855657
72.26873016357422,74.01552607745236,71.9031148450259,72.47184193426672,1368705
71.65937042236328,73.5686633233171,71.25314048690615,73.1218123213098,1021639
70.1969223022461,72.30933300208169,69.8719409817463,71.74060605623097,1108615
71.5374984741211,72.10621902954638,69.42508765211416,69.79069647630946,2824236
71.49687957763672,72.51246404905274,70.40005297329677,71.61874920034116,1736897
68.65325164794922,71.41562525741887,68.24701532284284,71.41562525741887,4490181
68.24702453613281,69.46572082933885,66.54084972564435,68.24702453613281,4280787
58.00997543334961,67.55644145324972,55.32884330250598,67.4751928839358,15698043
62.559776306152344,63.3722426853193,55.77569777724031,57.27875447654593,9560536
63.12849426269531,63.65659379977412,60.93484113792723,62.234779448170194,2743769
61.300453186035156,63.453485358076044,60.93484431285757,63.372236800708144,2448285
62.07229232788086,62.51914976079097,59.675520894372,60.93484463530448,1603097
63.53474044799805,63.77847974648592,61.544204984787086,62.07230465707082,2392142
59.675514221191406,63.2909815007769,58.98492403874997,62.966000152563744,4934632
60.89421081542969,61.66605597598724,59.47240295332094,60.52860197831864,3809201
59.756771087646484,61.34107625649366,59.39116220252791,60.93484630302374,4161773
60.12237548828125,62.31602863536973,58.90367929545431,60.73172358469471,4345024
60.650474548339844,61.66605898316358,59.350529811890986,59.716145090149446,3475539
63.41286087036133,63.77846976085067,60.081759787009226,61.38169822653647,3863043
63.12849426269531,66.41897394984744,62.47851868425553,64.18469976017123,3293891
60.48798370361328,64.02220262527018,60.000505231660604,63.25036385245121,3129473
62.64101791381836,63.372235646859906,58.90368069272206,60.12237691445797,4029361
62.478515625,63.737839231990456,61.8285465017042,62.76288233538777,4400049
61.62543869018555,62.31603541570103,59.30991567187258,62.23478685289948,2738145
60.325496673583984,62.478522439533485,60.00050886483067,61.82855324534554,6158184
58.456825256347656,61.381696287884544,57.76622856612853,60.48798783602118,4501779
59.30990219116211,59.87862915486729,57.72559732820687,58.41619389675476,5561490
58.94430923461914,60.691111656191175,58.700569959359726,60.203633105672345,8898765
57.52248764038086,60.04112865205245,56.62877921451222,60.04112865205245,10015484
58.82243347167969,59.066172721558,57.80685540495961,57.88809753937328,7243051
59.838016510009766,61.34107304002134,58.94430166659229,59.553649776504884,13298039
62.316017150878906,64.26593070004392,60.89420304684035,60.934830527992744,7270187
63.69721984863281,64.14407082247958,62.47851727242685,62.47851727242685,3197315
61.950408935546875,65.24088808031107,61.46293054372996,64.46904943437336,2874420
61.42231750488281,62.519144029673754,60.65047233485492,61.95041702386131,1830086
63.494117736816406,63.940975246971234,61.42233375304731,61.58482447341281,3306045
67.55643463134766,67.92203709804248,64.06283643010998,65.11903560793708,5010483
66.8658218383789,69.059474650868,64.38780234205926,68.73448690791197,5130118
64.1846923828125,68.08451971193365,63.81908357070739,66.62208446351322,3078270
65.6877670288086,66.1346245094539,63.61598318185572,64.18471030055707,3136669
66.093994140625,67.27206939838098,65.28153420445867,67.15019976562412,4194854
66.9876937866211,67.43454472261324,65.64712813200946,66.50021536676232,3239278
66.33771514892578,67.88139888010559,65.97210635127666,66.90644208637461,2218083
65.93148803710938,66.45958751459057,65.07840080708414,66.25647578965341,1928783
63.25037384033203,66.33773584245225,62.96601349456233,65.80963622221728,4507598
65.93148803710938,66.175227245688,63.53471701164691,63.61596555561231,2498259
65.80962371826172,66.33772323815676,63.57534317796823,66.21585362407959,2724394
66.50022888183594,66.82521027891049,64.55031480611298,65.72838361131633,1931372
68.32826232910156,68.9376103796789,66.70332991201673,66.70332991201673,4097736
69.75006866455078,69.87193826082175,67.84077618186649,68.49074522087263,4308416
68.04390716552734,69.8719514547826,67.84078899228176,69.18135480440228,3654059
66.41899108886719,69.14075087636607,65.8096428414152,68.89701157738527,4408307
65.80962371826172,66.98769879544705,65.48463593961658,66.62208995321555,2227137
64.42843627929688,66.5408407618499,64.18469705349007,66.21585298633482,2380201
64.0628433227539,65.80963939965442,63.65660689681826,64.99717297110274,2691918
64.87529754638672,65.15966430386321,64.1847072458159,64.1847072458159,3072835
64.99715423583984,65.60650227578068,64.6721728967499,64.87528462785167,2362486
66.62208557128906,66.98769438947343,64.59092332915894,64.59092332915894,3271176
66.45960235595703,68.16577719702039,65.60651493542534,66.86583874318478,3510617
65.85025024414062,67.67829460693484,65.48464137158179,66.45959836507203,1957810
65.03778839111328,66.13461497549942,64.75342166109719,65.56588793878565,1610095
64.26594543457031,66.13461729650325,63.778466935512796,65.44402061506554,1826326
66.01274108886719,66.21585282767417,64.0628272870849,64.67217535014187,1674906
65.48463439941406,66.41897022646941,64.75341673214933,65.15965305173059,1567148
66.74396514892578,67.27206471298447,64.87529329459139,65.56588997322093,5044481
67.02832794189453,67.43455789669915,66.09399198019315,66.21586160896642,1857738
67.80018615722656,68.77514337364472,66.29712283303517,66.62211071294793,2553090
68.28765106201172,69.70945910175766,67.27206654982885,67.84079361971851,3746710
66.58146667480469,68.97823804425728,66.33772743124403,68.49075955713597,2074973
66.90646362304688,67.3126936100913,66.17524579237529,66.62210327444772,1306408
66.2970962524414,66.94706532835374,64.99715167729921,66.86582320843814,1862732
64.26594543457031,66.9064561122381,64.18470330027316,66.82520755462231,2305678
63.12849426269531,64.38781150803015,62.966003579744516,64.18469976017123,1800814
63.859718322753906,65.24090532351109,62.8847612814385,64.18470614429869,4506260
64.10345458984375,64.91592089410904,63.12849759405287,64.50968453031707,3045228
64.10345458984375,64.55031202068744,63.77846678347391,64.22532421431761,2091783
64.5503158569336,65.48464541788161,64.18470696178376,64.46906729468284,3209698
62.803497314453125,64.71278985978381,62.60037917289788,64.59092025951414,2338846
62.478515625,63.372230395764454,62.19415533793021,63.33160290952735,2095823
63.53474044799805,63.900349395729855,62.275422880250694,62.6410318279825,1888320
63.08786392211914,63.859709083704665,62.844124697053815,63.37223063357402,2202579
63.12849426269531,63.37223349878066,62.64101579052463,62.64101579052463,1161138
63.4534797668457,64.38780918931384,63.20974053953783,63.20974053953783,3385243
64.59093475341797,65.11903433198384,63.494108104868126,63.85971698771807,2059573
64.95654296875,65.72838179461746,64.3065737692468,65.20028222147853,1785033
64.99715423583984,65.8908689766316,64.26593658791083,64.87528462785167,3614976
66.62208557128906,67.23143360159634,64.79404148036726,64.95653214734331,5794677
67.84078216552734,68.69386941466776,67.31267625289527,67.80016110429322,6827015
71.82186126708984,73.04055739042053,67.84078512310364,68.24701502310786,11449948
72.34996032714844,75.23420994210683,71.82186081811243,73.85302315207223,5260740
71.29376220703125,72.9593093039372,70.35942636544442,72.9593093039372,3221920
69.79070281982422,71.49687748781567,69.58758464681435,70.76565977296218,2266193
72.5124740600586,74.29989115761384,68.32827882066097,68.32827882066097,13637404
70.846923828125,72.63434744107205,70.5219359648656,72.63434744107205,5799770
72.1874771118164,73.69053366873013,69.5063453802133,70.64379306463569,3518620
71.5374984741211,74.1780023666531,71.21251071150823,71.94372835989884,4667274
74.4217529296875,74.82798930072089,70.96878231581616,70.96878231581616,4564375
72.715576171875,75.23421719492471,72.4718369252353,75.0310990149521,3193272
73.69054412841797,73.89366233862788,71.49689058210124,72.47184771379756,2279961
72.34996032714844,73.93426527757441,72.10622110400598,72.87806625950239,3377241
70.07506561279297,72.02498601165799,69.87195385588593,71.41563147098115,5126391
73.04056549072266,73.44679543577836,69.99382484450811,70.3188062312252,6877666
72.83745574951172,73.7311707248757,72.34997718961117,73.7311707248757,2297899
72.1874771118164,73.48742191066957,71.86248930627346,72.83744629958368,1757802
74.21864318847656,74.74674277721772,72.30935017792173,72.30935017792173,4549598
73.44679260253906,74.70611630327464,72.95931411794942,73.60928971294793,4492655
70.9687728881836,74.1780038224418,70.64378511919266,73.48741364539815,4214035
68.28765106201172,71.00940393722595,66.29710952905734,70.92815537772205,10509933
66.50022888183594,68.36889439663081,66.05337143170979,68.24702476689812,7895772
64.63155364990234,67.10957361039215,64.50968402638051,66.50022549278295,5881685
65.80962371826172,66.21585362407959,64.59092757749004,64.9971574833079,6924420
66.01274108886719,66.90644944024473,65.15965380058744,65.8096229267422,3772748
65.28152465820312,66.21585409049736,64.59092803246197,66.01274234781677,3346433
64.0628433227539,65.97213011603691,63.290997967467945,65.0784215409538,4098774
63.372230529785156,63.900330042122455,63.04724275579098,63.29098198045712,2845741
63.69721984863281,64.18469830978793,63.29098351545811,63.29098351545811,2856127
63.41286087036133,64.3065757737701,63.2097491023021,63.77846976085067,1618071
63.65659713745117,64.91592087213385,63.290988264153356,63.45348537894258,2720383
62.925376892089844,63.9815824030034,62.64101658747859,63.41285537046251,2615816
62.478515625,63.45347894492067,62.356646012924664,63.29098184660823,1690268
62.27540588378906,62.925375027924474,61.787927419857965,62.316026948010595,2312059
62.43790054321289,63.16911828571066,62.23478236252398,62.23478236252398,1982358
61.462928771972656,62.80349431082545,61.17856852604896,62.39726447046059,2145322
58.94430923461914,61.097341640517094,58.700569959359726,61.097341640517094,2805213
59.51302719116211,60.36611452326395,58.25370351394239,58.944300161988096,4321872
59.30990219116211,60.325486513729764,59.14741152581102,59.71613848951621,2981503
58.456825256347656,59.06617338791784,58.00996781875661,58.9036826939387,2416353
60.081748962402344,60.52859991028106,58.37556802419331,58.57868617897677,3071288
59.025550842285156,62.27540960372437,58.822432662408154,61.178582994361975,3102586
59.025550842285156,59.716147515212114,58.00996636621871,58.49744485926866,1979808
59.269290924072266,59.71614835677166,58.57869424141296,59.3099119912927,1416928
61.1379508972168,61.625429353531786,59.51302485060619,59.51302485060619,3595568
60.85359191894531,62.356648383919364,59.87863498527172,62.03166702157365,5458122
61.38169479370117,61.74730366374345,60.52860743026918,60.69110454361147,1249405
61.66606521606445,62.3160344383254,60.97546850138041,61.38169846237864,1451023
61.016082763671875,62.153536804885505,60.73172246502759,61.7473004658871,1128951
59.39116287231445,61.74730690632164,59.30991431137665,61.74730690632164,1955466
60.00051498413086,60.48799353531819,59.228676085857366,59.716154637044696,1815003
62.925376892089844,63.12849506585125,60.44736343480162,60.44736343480162,5291363
64.5503158569336,65.0784154532659,61.787935396917376,62.925383151832754,5574545
62.88475799560547,64.59093272875697,62.60039125786782,64.26594492419333,3094072
63.65659713745117,64.83467231473924,61.747304213567475,62.19416164425991,4229513
64.02220153808594,64.91591633703487,63.41285345849265,63.77846230624862,2986265
67.31269836425781,68.53140125810447,66.33774118783636,68.08454374447136,14447316
65.76900482177734,67.84078832935491,65.24089886116302,67.63767015809414,4319155
64.5503158569336,66.58147210333111,64.14407946899887,66.4596024716145,4403633
64.02220153808594,65.36276731319116,63.41285345849265,64.91591633703487,4599674
63.575340270996094,64.91591238786559,63.16911038375302,64.02219764328592,3839820
65.03778839111328,65.60650900450862,63.33160728097198,63.37223477001338,5654256
62.925376892089844,65.56588745771454,62.64101658747859,65.32214821852821,5360889
63.69721984863281,64.10344975848936,63.04724428488054,63.53472274603567,4811019
64.5503158569336,64.9565458215493,63.12850134580011,64.02220983728226,4023442
64.30657958984375,65.28153668900444,63.25037392464656,64.14408245777076,5996216
66.78458404541016,67.63767138756658,65.15965791574213,65.24090004706856,11601670
67.67829132080078,68.00327911062388,66.21585590157427,67.02832216447288,7323809
67.51580810546875,69.54697077572291,66.78459031497553,67.88141700071536,7553409
67.71893310546875,68.9376295454405,67.02833631504487,67.84080274946592,5064761
68.165771484375,69.34384663129627,67.1095723820634,67.67829299921011,5771154
66.84822082519531,69.79493075456385,66.51145269146105,68.40576621748367,7037784
65.66954040527344,67.01660661610255,65.5011595376642,66.76403531468867,2053959
67.2270736694336,67.47965134816847,65.88000770392101,66.30096621960102,4279465
67.73223876953125,68.32158468613531,67.05870883767928,67.18499770718861,3233179
68.6583480834961,68.82672894890617,67.52175476036412,68.19529106864097,3457592
68.9109115600586,69.87911748456854,68.19528332831388,68.99510198320782,3936008
69.66864013671875,69.96330983752773,67.85851708415255,68.91091346084013,8796256
72.86793518066406,73.20469691716285,69.75283773150323,69.79493616022478,5626196
71.68925476074219,74.00452718656973,70.8894295232832,73.24680038072604,5635757
70.93153381347656,71.98393045759343,70.13171493327549,71.941832022501,2314247
71.68925476074219,72.27859426344348,70.21589958067011,71.5629658892151,5848748
71.05781555175781,72.40488183613851,69.8791301441802,71.77344391314892,4253155
70.17378234863281,71.31036904123334,69.96330309358393,71.2261786238772,3191638
69.87911987304688,71.14199553340315,69.28978046754105,70.97361468134942,3826405
70.67894744873047,71.14200448512081,69.92122709582783,70.08960796906874,4457416
73.49937438964844,74.00452342677389,70.59475618536973,71.01571478686068,9463502
72.6153564453125,73.79404177662471,72.23649628535993,73.24679432744566,4995075
71.26829528808594,73.24679950735653,70.7210478002063,73.24679950735653,3537288
68.74254608154297,72.4048849054698,68.23739700640117,70.93152968937012,3402283
70.67894744873047,70.9315251819104,68.2373926701445,68.2373926701445,2957439
70.38427734375,71.85763245857923,70.00541716926419,70.13170603519897,2529429
70.55265045166016,71.3945674908288,69.16348605236843,71.3945674908288,4521626
70.4263687133789,71.60505397174484,69.87912129806782,70.72103842214092,6988690
70.4263687133789,70.4263687133789,70.4263687133789,70.4263687133789,0
69.92122650146484,71.31038475219023,69.58445833452714,70.55266440572858,3048548
69.83702087402344,70.84732524799021,69.20558304903835,69.373970323025,2450866
68.1111068725586,70.4684713207441,67.60595780675591,70.0896111272218,4361270
65.75373077392578,68.7846313511177,65.12229288603919,67.85852373354771,7023343
67.47966003417969,67.90061860404566,66.04839704264455,66.46935561251053,5147535
66.30097198486328,67.90061576820925,65.92211185713403,67.90061576820925,2678478
65.24858093261719,66.9745137072589,64.61714305262412,66.67983755794084,2233739
64.61714172363281,65.62743974151545,64.40666243463075,65.50115730676873,3586567
64.23829650878906,65.16440431106363,63.691048945479665,64.86973452261077,2659609
67.85852813720703,68.19529631726469,64.53295761451979,64.82762736332569,4519272
68.70043182373047,69.07929836030402,67.3533657925431,68.19528286494989,3632458
71.2261962890625,72.40488169433164,69.41607296204046,69.87913000732007,8949640
71.35247802734375,71.89972545616989,70.55265930904883,71.89972545616989,4087872
73.751953125,74.59387041278156,71.85763922749152,72.0681185494369,15190345
76.53028106689453,78.29830604782681,74.25710058570814,75.35159560516666,17989175
82.25531768798828,82.88675566335151,78.29830894503978,78.76136602963385,23539634
82.1290283203125,85.20202106982869,80.90824448334918,83.93914522537479,8477857
81.11872863769531,83.30771228087927,79.98214159443816,82.50789343426253,9017961
83.72866821289062,84.9494520833145,80.9924371415763,82.17112258003702,21934332
89.07484436035156,89.8325647189738,84.31801078722577,85.45459774847777,29449859
85.32831573486328,92.02156201909888,80.52938976929893,90.92706697690112,17705852
83.05513763427734,87.51729518578986,81.16082383005403,86.1281368680145,7103526
86.04393005371094,87.1384249166776,81.49758258801701,83.68656589063225,10138958
85.07573699951172,88.14872969034892,84.31801022264449,87.43310134348708,11421113
87.39100646972656,88.31711408959507,83.77076000086437,85.03363577977188,9314863
89.28532409667969,89.70628270831266,86.50699469057464,88.401308442923,7961792
89.03274536132812,90.04304344858313,87.98034884405475,89.66418327169215,8559427
89.1590347290039,90.25352325912645,87.8961589011804,88.61178725228334,6597958
92.65300750732422,93.45282642542114,86.71748758394934,89.41162055121019,19664512
93.62118530273438,94.63148974527269,91.60058926429404,93.87376301919849,13457531
95.93646240234375,97.32562706746604,94.29472643112916,95.1366436314071,15412309
94.75778198242188,96.82047652159814,91.76897339873214,96.73628608754738,7676143
90.08513641357422,95.13663939003634,89.49579696898093,95.09454096257187,9263934
90.0009536743164,91.93735946013996,88.48550008252516,90.12724254418548,7510491
87.26471710205078,91.60059186919919,86.04393333551553,90.80076669319644,5903253
88.94856262207031,89.66419103108178,83.01304318167105,87.26472804871666,7741071
89.83256530761719,90.50610165671557,86.84376301387499,88.78016877672515,6171457
88.65388488769531,91.17963652069724,87.09633290868926,89.83256384444135,6261319
87.51728057861328,90.04303189601416,86.97003959849731,88.82225466193084,4790326
85.15992736816406,87.2226219704093,84.8652576283174,86.63328249071597,7041508
85.62298583984375,86.29652224129862,84.6126876609806,85.95975404057118,4541525
87.138427734375,88.56968436454949,85.8755519701087,85.8755519701087,7453252
88.31712341308594,88.653891607677,87.13843794367673,87.18053637674527,3893505
87.138427734375,88.99064295263827,86.46489142410566,88.35920507050511,6158341
87.39100646972656,88.2750156609708,86.29651155867938,88.2750156609708,3076730
90.75867462158203,91.30591565021832,87.6435771999348,88.23292308023915,6336653
91.26382446289062,91.76897349102155,90.25351998331035,90.92705630303053,4758298
92.06363677978516,92.52669377010407,90.92704994019628,92.06363677978516,3947984
89.916748046875,92.61088017350443,89.24321180355881,92.61088017350443,4413886
90.21143341064453,91.05335064933777,87.89616100423811,90.71658246919671,4466280
93.53699493408203,93.95795351292426,91.93735104981789,92.61088734529274,13090499
89.20111846923828,94.46310059751609,88.02243961115848,94.21052930934957,10764632
86.5911865234375,89.20112867295084,84.36010456117074,88.86436691687332,8250198
89.1590347290039,91.60059594745977,83.56028394098927,87.98034933837157,9861947
85.83345794677734,90.84286925609784,85.11782959496546,90.04304404369273,7297889
88.23291778564453,88.86435563308956,86.04392810918078,86.71746438244931,4018624
88.02244567871094,89.11693418284705,86.50699215197666,88.86436287727032,3287814
88.35921478271484,88.99065273425397,87.18053574516367,88.90646229204589,3023157
91.3901138305664,92.44251032136833,87.6435784693205,87.81196576183986,6232642
89.1169204711914,91.0533322992663,88.06452413491536,90.67446576421644,4076731
87.43309020996094,89.87465110304443,87.18051893204608,89.36950212389696,3736984
87.89615631103516,88.90645437419481,87.13842955200619,87.64357858358602,3101225
87.98136901855469,89.2595487137395,87.25706849151491,89.21694012343676,4074727
88.10918426513672,88.9613040230178,87.42748585836871,88.10918426513672,2008514
85.76586151123047,88.70567230101003,85.21198232588058,88.1944017072864,2703451
86.27713012695312,87.0866413400267,85.42501032323013,87.0866413400267,2237424
84.87113952636719,86.8310178688104,83.67817038319127,86.06410866954312,4845623
83.29471588134766,85.08416627779962,82.91126454680743,84.8711363139087,7123096
80.95137786865234,82.99646660977619,80.48270939631804,82.65561740272923,5987147
82.05914306640625,82.65562435302657,80.2696862042284,81.420053187388,5349328
82.31476593017578,82.9112536513806,81.2496162506933,82.65561512784173,2948466
81.59046936035156,83.46513028566144,81.29222873602835,82.01652925257272,3690508
80.86616516113281,82.18694686617471,80.65313522472368,81.9739169297656,2283552
77.84114074707031,80.26968082434074,77.58550871329122,80.26968082434074,2992782
77.41506958007812,78.82106831511977,76.77597983698256,78.3950084863894,4258906
77.84114074707031,79.67319957769818,76.136901183911,77.79853865868614,7891284
75.45521545410156,77.32987652702046,74.43266773156154,75.41260686106128,8423787
77.2020492553711,77.54289846092541,75.07174984710392,76.09429746376688,4483658
78.22459411621094,82.14434358909968,77.75592566244002,78.2671962021807,5758840
78.90629577636719,79.63059633914963,78.60805513300481,79.07672364483028,4214178
80.61054229736328,81.07921084897569,78.6080618063229,79.0767303579353,4950709
79.54537963867188,81.29222777662571,79.24713901786848,80.65313794583645,4094833
79.84362030029297,80.56792730981743,79.37495832483603,79.6731989457919,2683473
77.03163146972656,80.22708073007618,76.69078224839096,80.09926145943056,4539905
74.85871887207031,75.15695948487581,73.45271998180691,74.98653813503203,7472783
75.54042053222656,76.34993173063977,74.68830074393559,75.49781194234879,4316618
73.7935791015625,75.88127667413293,73.58054913504462,75.66824670761504,5467007
76.86119079589844,77.11682929457534,74.04919981623802,74.04919981623802,3173474
75.79605865478516,77.67072624026441,75.58302869060515,77.4576962760844,3734173
76.6907730102539,77.20204353009079,75.88126189560863,76.34992382997686,8421318
75.96648406982422,76.60557394169405,74.64569573416325,76.60557394169405,3596268
75.2847900390625,76.39254848266219,74.81612800612321,75.66824788545874,3255832
74.73091888427734,76.22212883408689,74.21964820171739,75.41261746179691,5293469
75.54042053222656,76.09429969484731,74.81612001241085,75.41260126375131,3762779
76.6055679321289,77.45768769444145,74.90132840750383,75.41259896465978,4245607
77.45770263671875,77.84115400326742,76.1795227466777,77.07424476901097,2587403
76.13690948486328,77.62811926520929,75.92387951624242,77.11684864075097,3912825
75.83866882324219,76.60557801045053,74.94394035463932,75.75345813603208,4915814
71.19461822509766,76.30733748000854,70.34249834927917,76.22212029149972,7848375
72.85624694824219,73.02666831724835,71.66327786172349,72.34497634006517,5292749
74.9865493774414,75.45521791151391,72.00412979992953,72.47279833400205,2889128
74.94393920898438,76.90381749064997,74.68830715126187,76.69078752530191,5022094
74.21963500976562,74.77351419290771,73.79357509983453,74.56048423794216,2327887
72.30237579345703,74.51788634288448,72.00413511392705,74.13443496936867,3040000
72.6432113647461,74.09181239267079,70.12946061006559,72.34497074148607,9990051
71.15199279785156,72.89884073047726,70.72593296073867,72.51538297638135,5570528
71.83370208740234,72.04673203843123,69.83121534680431,70.8111544217688,2885553
71.45024871826172,72.08933861109261,70.72594813995175,71.83370655465541,3794415
70.76854705810547,72.51538862566092,70.51290853545946,72.43017795183147,4125891
68.85128021240234,71.06679032047573,68.42522032618984,70.76854970035856,4296594
69.1069107055664,69.5329705822976,68.2121888651256,68.38261021535496,5010211
70.17206573486328,70.38509568943249,69.10691596201728,69.10691596201728,4300717
72.00413513183594,72.21716511743308,70.34250384464188,70.34250384464188,3867500
70.55552673339844,71.62067655424588,70.0442496184648,71.57806796094856,4671068
72.55801391601562,72.7710439002076,69.61819623347098,69.95904550840996,4283741
74.09180450439453,74.68829218856678,72.47278229302331,73.19708272987212,5778203
74.09180450439453,74.09180450439453,74.09180450439453,74.09180450439453,0
71.36503601074219,73.45272700104084,70.85376541119541,73.32491422702294,3898781
72.38758087158203,72.85624940388337,70.427709057319,71.57806958978016,5017635
73.92138671875,74.39005517160858,72.98405631419045,73.41011618000458,2753762
74.90132904052734,75.41259960200426,74.56047983249009,74.94393112830831,4393254
74.85871887207031,75.71083862360477,74.13441838349758,75.62562794868288,2251508
75.37000274658203,76.05170126878258,74.39007006001225,75.58303272212484,4074719
77.1594467163086,77.5002894187102,74.85871946815081,75.24217726008935,4412559
77.45770263671875,78.1393946773785,76.39255272835122,77.84115400326742,5228877
77.2446517944336,77.54289238800213,76.39253209786214,77.03162187029073,4989619
79.97144317626953,80.52532235513438,77.24466237423093,77.67072228087184,5743498
79.54537963867188,80.69574003386096,79.03410907427205,79.67319890506131,4225829
78.22459411621094,80.86616398916915,77.11683586247476,80.18446560207649,5144626
77.84114074707031,78.77847120657634,77.20205091088557,78.56544126118142,2128537
79.54537963867188,79.7584095822683,77.54289946909711,77.58550805827957,2396002
79.71581268310547,79.971444731366,78.73587357854414,79.5027827256425,2402461
77.58550262451172,80.26967452491196,77.28725552343838,80.09925318243361,4158776
75.62564849853516,78.39503844355194,75.1569799073762,77.7985570558583,3120197
75.66824340820312,76.26472468798097,72.72842609774794,74.09181652378186,7347382
75.45521545410156,76.34993739752072,74.6456976944459,75.41260686106128,3124700
75.75345611572266,76.47775668942984,75.24218550493867,75.83866680066023,2659512
75.41259002685547,77.24464859892575,75.24216869505422,75.83864985751566,2476923
76.17951965332031,76.47776031532099,74.26224989611171,75.19958047718193,2185146
75.0717544555664,76.69078340546906,74.68830313900236,75.96648286242684,2524562
78.22459411621094,78.39501546240528,75.15695787545158,75.15695787545158,4558803
76.86119079589844,78.73585795016248,75.5404092224867,78.39500878564564,5441863
77.32987213134766,78.39502188522297,76.26472237747235,76.60557159894408,4862623
78.77848052978516,79.16193837757196,77.07424076493392,77.96896924194434,4647634
79.24713897705078,79.92883739667138,78.48022988026709,79.24713897705078,5499191
77.07422637939453,79.46016420532578,76.69077510433588,78.82107441278966,2416386
77.2446517944336,78.13937357513922,76.7333812767222,77.0742239544249,1923777
77.2446517944336,77.88374156686218,76.77598336085636,77.28725387856775,2350157
75.96648406982422,77.75593441082805,75.71084552061295,77.5429044535381,2266148
76.09429168701172,77.24465197991395,75.54041258267883,76.26471302627229,2056592
75.92387390136719,77.71332420521362,75.6682418586224,76.1795124452702,2909642
72.77103424072266,76.09430285322499,71.87630582541722,75.6682429413954,4054069
74.04922485351562,76.43515680954266,72.17455706539515,72.17455706539515,2874888
72.21715545654297,74.47527430202348,72.00412549944403,74.47527430202348,2573066
71.83370208740234,73.3675138341154,71.40764218534459,72.85624325187771,2684167
71.45024871826172,72.81363918940256,71.27982734730358,71.91891724013448,3090059
68.04176330566406,72.0041215929641,67.53049273659651,71.45024243432509,5186863
66.89140319824219,68.93649198478947,65.22977221607391,68.42522141344216,5203187
69.362548828125,69.87381937699341,68.08436920537513,68.16957987999356,2662912
71.06678771972656,71.49284759034704,68.9364883666242,70.3424872399033,4597905
71.70587921142578,72.08933050353588,71.06678939047039,71.87630056321741,3318925
69.3199462890625,71.87630575762897,69.10691633334862,71.57806511986121,2773675
69.19212341308594,69.95903251396032,68.68085284622235,69.10691273546834,6973235
69.14952850341797,69.95903977655928,68.59564928966718,69.53297984308308,2385791
69.362548828125,70.4276985137499,69.23472956561847,69.44775950274344,2000305
69.4051513671875,69.78860915720621,69.23473001683993,69.44775995535329,1371454
70.00164794921875,70.3850992865769,69.44776873880028,69.44776873880028,1883974
70.00164794921875,70.42770788013163,69.83122007615843,70.04425004161487,938370
71.02417755126953,71.36502674041047,70.08684715700014,70.08684715700014,2387959
70.5981216430664,72.08933124054101,70.470302377337,71.66327135554828,1932062
67.871337890625,70.12945647854696,67.74351863071288,69.87381795872273,3509161
66.6783676147461,68.33999845643972,66.46533768626448,67.74351725715418,6050723
68.16958618164062,68.5104354127805,67.14704498937935,67.14704498937935,2131875
67.99916076660156,68.85128054311959,67.31746234492395,68.85128054311959,1628211
68.42522430419922,68.6382542596903,67.40267661714704,67.87134511969074,1152593
67.40267944335938,68.59564854436262,67.14704738674634,68.25479930105331,1239610
67.18964385986328,67.74352302127512,66.63576469845144,67.48788448488257,1698726
69.6181869506836,70.29988540966488,67.9991644876301,68.16958585179626,3779466
70.47030639648438,70.72594494252307,69.10691598698065,69.36255453301935,3751660
70.55552673339844,71.27982731134298,70.21467749049553,70.29988817593161,1681839
69.95902252197266,71.27981059045516,69.53296269357921,70.59811226456283,2328202
71.06678771972656,71.27981765503681,69.44775891113723,70.04424012954281,3908410
70.9815902709961,71.36504162553541,70.42771103576015,71.15201165053381,1743113
75.71084594726562,77.41508561518903,70.55552485249235,71.49285536961855,7726076
75.83866882324219,77.71332994649929,75.19957891742834,76.17951807324131,6022715
74.9865493774414,76.94642770026985,74.56048943779686,75.83866925673051,4184638
75.11436462402344,75.66824381603577,73.70836559850241,74.94393675662666,6091464
77.1168441772461,78.01157259413051,74.81612324976949,75.2847852529141,4689840
77.67072296142578,78.7784748277034,76.09430259327335,77.71332505176821,5228666
74.43267059326172,78.39502935548254,74.04921924579081,77.92636081865473,3239110
76.77599334716797,78.39502228147352,74.81612169082605,75.07175373235333,8146546
70.9815902709961,77.62812159035062,70.17207246529468,77.54291090058176,8635942
69.95902252197266,71.96150241519045,68.6382409546472,70.98157001081115,6246080
68.21218872070312,68.93648920938105,66.84879191712376,68.59564000848621,6683197
69.27734375,70.04424638467711,66.42273716099284,66.72098429798757,6072995
70.00164794921875,70.47030997252776,69.44776873880028,69.70340729781145,1923495
71.49285125732422,71.91891114979795,69.70340100916614,69.95903304395556,2829265
71.91891479492188,72.13194475195591,70.8537650097517,72.00412547750382,2601904
71.66328430175781,72.43019353352102,71.0668029554748,71.83371218723802,1912876
73.4953384399414,73.96400696668856,71.57806874150816,71.91891798812802,2950082
75.24219512939453,75.66825510973955,71.15201671761858,73.87879799136296,3956381
73.23969268798828,75.54042000088575,72.81363279683964,75.2421793773133,3317379
72.38758087158203,74.81612771930513,71.91891884043942,73.66576068568526,4082849
71.96151733398438,73.36751635940064,70.93897613431349,72.6432158012039,4198879
70.72594451904297,73.02666541498228,70.38509529341833,72.30236487375385,2045340
70.47030639648438,71.27982412483473,69.19212666860746,70.55552357926946,4020091
74.39006042480469,74.90133099965446,72.004122407295,72.08933308624361,7855296
73.4953384399414,74.47527758603903,72.5153992938438,73.70836840643399,3162250
74.34745788574219,74.81612640984068,72.43018819814425,73.62315730399247,2803269
71.87630462646484,75.24218177446802,71.40764263196496,74.98654323117121,2752005
72.68582153320312,73.19709211292043,71.57806319285051,71.8763038225891,2394050
70.08685302734375,72.30236319059047,69.87382307893238,72.04673115319167,2210809
69.1069107055664,70.89636088760582,68.89388076720081,70.51290959901087,2361600
68.89388275146484,70.0016410633344,68.63825071875816,69.70340044126428,3338126
69.4051513671875,70.21466903423291,69.19212142867414,69.23473001683993,3011012
67.91394805908203,70.47030755693191,67.65831600999208,70.47030755693191,3689687
69.0217056274414,69.40515694713054,67.7435258935999,68.76606708020978,3030132
68.63825988769531,69.70340975248786,68.2121999417783,69.57559046848098,2387387
68.46781921386719,69.9590287459104,67.18963961497299,68.29739786781101,5906417
67.99916076660156,69.66079173034852,67.74352223318297,68.97909330867091,2905760
67.27484130859375,68.51041865663589,67.01920932362958,68.16956950886025,2398900
67.10443115234375,67.82873164867716,66.7635819478463,67.74352097284226,2500710
66.7635726928711,67.70090299943502,66.59315136482563,66.93400052207349,2560026
65.9114761352539,67.23226464425026,65.82626544138687,67.23226464425026,1892901
64.9315185546875,66.67836654055805,64.7610972151107,66.03927676540893,4567870
63.82376480102539,65.57060622979206,63.056855795176936,65.57060622979206,3761113
63.35511016845703,64.63328995598941,62.67341818246824,64.42025999140068,4614892
65.69843292236328,66.03928213036448,63.823772030093515,64.16462123809472,6840776
66.03929138183594,66.38014063758685,65.3575928703341,65.65584003234042,2798293
65.82624816894531,66.72097647267555,64.84630919370686,66.46533795699332,4749503
66.80618286132812,67.31745335875816,65.78363536531096,66.29491236389809,2546427
65.9114761352539,67.3174753381173,65.74105474751983,67.23226464425026,2227241
66.7635726928711,66.9766026035064,65.9114530503299,66.2949107901676,1948487
67.23225402832031,67.8287352923648,66.46534490229298,66.89140480551282,1930751
68.29740142822266,68.55303346063327,67.23225170695018,67.4878837393608,2412265
69.19212341308594,70.17206245858331,67.65831171249516,68.59564216860474,4619530
68.34000396728516,69.27734092911585,67.61570345227254,69.19212374992541,1788962
68.55303192138672,69.44776026762912,67.53049081238782,68.16958063080159,1602765
67.10443115234375,69.06430920233565,66.8487926236812,68.51043005767204,1983867
66.03929138183594,67.65832047078368,65.74105072098844,66.89141127063382,2395252
67.01921844482422,67.7009103319958,65.22976830190706,66.12449012278681,3366177
67.5304946899414,68.46782517720422,66.97661551528122,67.99916318415191,2348489
66.55054473876953,67.61569432326058,66.12448490497312,67.57309224057522,1487555
66.1244888305664,67.48787907942352,65.95406748739333,66.89139787716026,2222370
66.38013458251953,66.97661584980466,65.22977413780781,65.95407467698494,2494510
65.9966812133789,66.5931690220107,65.74104915352984,66.38013905489049,1615193
64.5906753540039,66.42272749371278,63.39770648312656,65.99666764705354,6036198
65.86886596679688,66.20970870049541,64.97413753794217,65.0167461302337,1665818
64.8463134765625,65.91146319365834,64.76110279942642,65.78364392737524,1528185
62.58821487426758,64.88894290269369,62.28997415794198,64.76112359536556,4113387
61.096988677978516,62.7586262326897,60.117056082946895,62.5455962770466,5413380
62.37515640258789,63.22727606109951,61.65085599308442,61.94909657333208,3156909
63.3125114440918,63.73857139593317,62.417782944761335,62.97166218238691,1887506
60.92657470703125,63.653355869679494,60.670936128775864,63.653355869679494,3909128
62.545589447021484,62.75861937940156,60.841349987980884,61.352620525461546,2948873
62.67341995239258,63.05687129901769,61.99172144599375,62.971660611007536,2013494
62.20474624633789,63.31250460187296,61.821294931584035,63.01425746688859,1709357
64.12201690673828,64.33504686323907,61.778687385229574,62.588198619469246,2663775
64.63328552246094,65.52801391282304,63.482925092822626,64.50546625224376,8089446
65.65585327148438,67.82875552537755,65.40021465283336,67.74354481954725,9937909
64.9315185546875,66.12448743519734,64.54806729006098,66.03927676540893,2586311
64.71849822998047,65.4854073741542,64.37765550026623,64.9741367784245,1980853
63.73856735229492,64.54807860897375,63.44032020399991,64.50547001602918,3492569
63.99420928955078,64.16463718649092,63.4829386010494,63.95160719118539,1557907
64.63328552246094,64.76110479267811,63.39771441306389,63.568135772581364,2333746
63.14207458496094,64.80371206158186,62.80122537171885,64.24983290270822,6131083
63.52553176879883,64.20722368748258,62.84383334895713,63.18468255887798,8196956
64.8463134765625,65.05934341998167,63.142073929209175,63.95159161489677,2732139
63.95159149169922,64.93152402861327,63.48292301661673,64.42025346562379,2958395
60.3726806640625,63.78115953290055,58.7962604874564,63.78115953290055,6074343
59.77619171142578,60.41528141646349,58.24237381887259,60.33007075602313,4884209
60.202266693115234,60.84135655928173,58.924086960782255,59.733598190796485,2612950
60.84135818481445,61.2674181069754,59.90402765629207,60.24487039309405,2485596
61.65086364746094,61.906502177216524,59.946624118844696,60.79874388315282,2864231
62.929046630859375,63.568136487979466,61.90650545993053,62.11953541230389,4019510
59.64839553833008,63.525543848785205,59.1371248768048,63.05687528337751,5389454
61.90651321411133,62.20475388455892,59.39275556054675,59.64839413587841,4929775
61.395233154296875,62.80122559964145,60.67092613559448,62.162135760427354,5738366
63.14207458496094,63.482923798203025,61.011775128645404,61.35262434188749,4089658
61.991722106933594,63.1846912552713,61.778692134057536,63.14208266023255,2194377
62.28996276855469,62.63081202538721,61.267421499215985,61.86390282280376,2860807
61.60826873779297,62.673418567276535,61.437840864380426,62.28996072796728,3897925
63.48292541503906,63.69595536609624,60.96917459302763,61.77868580658164,2835299
63.184688568115234,63.65335058781573,62.28996011962379,63.056869289593806,3045780
62.88643264770508,63.8663650423666,62.41776424065715,63.05685397690961,1408455
63.908992767333984,64.59069129064912,62.03433157995576,62.28996365032974,4048264
62.929046630859375,63.90898571200849,62.50298672611265,63.90898571200849,1366790
62.07693099975586,62.716020899893,61.267419726712276,62.63081021343978,2006949
63.184688568115234,63.35510993870477,62.204749434329024,62.204749434329024,2226284
63.69595718383789,64.12201709811106,62.630807398154985,63.184686586941766,1730442
63.82376480102539,64.33503530453864,63.48291563163084,63.90897546808473,1558746
63.3125114440918,64.12202275212684,63.05687287252339,63.48293282436477,1118064
63.44031524658203,63.6959537819561,61.90650353781167,62.46038269701681,1379039
62.843841552734375,64.20723206923991,62.63081158136917,63.90899140956038,1519519
61.77867889404297,62.46037726161263,61.43782971025814,62.204738748484644,2119540
61.736083984375,62.375173907613494,61.523054009962166,61.77869257972112,1491726
60.92657470703125,61.94911601773456,60.54312334080728,61.736086036241446,8725027
61.991722106933594,62.20475207980965,60.92657224255329,61.0543915265107,2062761
62.1621208190918,62.58818060949313,61.65085037084149,62.204729398594516,1117660
63.26990509033203,63.78117575042611,61.778695206048106,61.778695206048106,2339626
64.76111602783203,64.93153741691525,63.22729752144598,63.86638748224696,1977357
64.6759033203125,65.4854146450014,64.4628733400092,64.9741439925053,2361802
64.58919525146484,64.97932868438535,64.15571071957582,64.84928861637788,1908650
62.551822662353516,64.67589433787225,62.42177597285353,64.32910537068874,1792346
63.28873825073242,63.80891833812268,61.944933628396306,62.4217692335991,2257135
62.3350830078125,63.63553672863843,62.16168520969924,63.46213893052517,2138940
62.248390197753906,62.72521928136228,61.901601200479654,62.595172580578186,2110460
61.77155303955078,62.59517110096486,60.9045838740834,62.16168651823118,3130774
61.51145553588867,62.205033467719645,60.68783752948258,61.55480663704662,2122680
59.21400451660156,61.72821013902903,58.130292915744654,61.5548189286722,5818545
60.34104537963867,60.68783432725565,57.2199580799839,57.2199580799839,5359448
59.344032287597656,61.07797048871898,59.08394552609905,60.427743663298486,3855766
60.25434494018555,60.55778276447664,59.43072704361708,59.994251596822615,1826681
60.601139068603516,60.86122581987277,59.43073215176924,60.254350119128794,2441973
60.47108459472656,61.51144469466301,60.08095121086245,60.68782683341734,2964149
60.47108459472656,61.121311310798895,59.99424902382758,61.034615738212224,1500113
59.907562255859375,60.81788243792973,59.69081998531397,60.471093482167255,1379657
59.907562255859375,60.81788243792973,59.60412439998564,59.95091335574813,1268145
59.17063903808594,60.42774154403121,58.95389677054716,59.99425700895365,1563841
58.56377029418945,59.38738836293192,58.347028000894085,59.17064606963655,1704026
59.95092010498047,61.338069469745506,58.303677340500144,58.86720863024998,8195280
60.4277458190918,60.77453479457781,59.95091676544188,60.60114361405958,1931964
59.51742935180664,60.68783630042499,58.953898120412845,60.51444512820347,1239265
59.040592193603516,59.77751457833513,58.563763174988495,59.43073224277841,2079478
58.433719635009766,59.344033236484414,58.30367294495641,59.344033236484414,1602637
58.520408630371094,59.38737764711733,57.35000178065341,58.086924121997974,2941443
58.95390319824219,59.170645489412195,57.39335605603821,57.91354284640607,3125893
53.96882629394531,57.91353833149131,53.578689538809215,57.610093855949856,5925675
50.717689514160156,54.79244471776834,47.8566923055755,53.96882345737555,11755899
52.19154357910156,53.40529840680517,50.06746849658917,50.804390952436904,5847098
52.49497604370117,53.31859731406249,52.23488598654089,53.231901730750565,5956925
52.928462982177734,53.96882656536464,51.71470822448023,53.36194753290356,9597680
52.49497604370117,53.92547631891948,52.01814372103657,52.97180836636577,6311543
52.32158660888672,52.88511787636082,51.67135974975113,52.27823881305598,5519413
50.674346923828125,52.79842197950472,50.37090574031729,52.71172308111956,3677920
51.931453704833984,52.36493828231265,50.84774226113732,51.15118014248244,1759906
49.027103424072266,51.80140528929538,48.59361886098193,51.45461631593321,4740800
48.680320739746094,50.11081790123147,47.943394953018824,49.850727808890944,4116671
50.847740173339844,51.23787363127195,48.72366516946349,48.85370855303261,3906976
51.3245735168457,51.931452573540334,50.80439005086825,51.931452573540334,3209916
52.84177017211914,53.145208050685085,50.717695100483006,50.97778518314308,3898795
51.62800979614258,53.31860022068232,50.934435170164,52.97181125408069,3058038
53.57868576049805,53.8387758098393,51.58465763924926,51.84474768859051,3161574
53.62204360961914,53.838785909265496,52.581683217096646,53.62204360961914,2276796
53.88212966918945,54.05552083948798,53.10185617394774,53.75208298424097,1556239
55.74612045288086,56.352996228018036,53.49199861942518,53.9688310029865,4338334
56.0928955078125,56.95986456737343,55.09588307365213,55.22592975547607,3129377
54.48899841308594,56.7864675052729,53.925470567215434,56.26628744643487,2552620
54.83578872680664,55.442667682461206,53.62203081549751,54.098866406727396,2186897
56.396339416503906,57.61009079641307,54.315612371097004,54.662398007181835,6380468
56.7864875793457,58.043590383795234,55.26929134630975,56.266307336623505,2253633
57.263309478759766,57.48005174534939,55.13923129751196,55.91950478012444,3623790
56.30963897705078,58.08692823294287,56.13624780720971,57.653443693891056,3624923
57.08991622924805,57.78349418317838,56.613087173564324,56.613087173564324,1818223
58.260318756103516,58.52041212242726,57.08991183654478,57.30665410366488,2183790
59.86421203613281,60.21099434422845,58.086922942124225,58.52040744169231,3684704
60.99127197265625,61.33806091911703,59.30068495352732,59.907560648996935,3527961
60.90458679199219,61.55481369724477,59.907570881048194,61.12132909374305,2156145
60.4277458190918,61.5981594381633,60.037612355701,61.077972667709496,2545925
60.64447784423828,61.7715401703182,60.297695541858396,60.64447784423828,5866783
60.81787109375,60.99126223206451,60.167644403398675,60.687824432790144,2212905
60.384403228759766,61.03463009781077,60.25435653205962,60.68784111142695,1506954
60.86122512817383,61.64149860201175,60.68783396263162,60.861225128173835,2276032
60.51443862915039,61.20800985799842,55.48601580137167,60.991267608774315,2399414
60.21101760864258,60.68785338818735,59.60414172054114,60.68785338818735,1948781
61.46810531616211,62.85525443599783,60.12430067899231,60.167651776106986,7165327
61.208003997802734,61.85823068322085,60.1242928554392,61.85823068322085,3607852
61.03462600708008,61.81489952053487,60.73118814475025,61.641501731739744,2483461
61.25136947631836,62.335080873229685,60.817884917553826,61.29471396352514,3336007
61.51145553588867,61.98829119082864,60.99127539424012,61.1213220832646,4220398
60.4277458190918,61.5981594381633,60.16765904831445,61.381417155290734,2772890
60.384403228759766,60.68784111142695,59.38738737332495,60.341052125043134,6150955
59.69082260131836,61.98829209267814,59.51743142306268,60.47109613236783,7852546
59.604129791259766,59.95091877838978,59.04059851397972,59.56077868744985,1629516
59.69082260131836,60.34104944145135,59.2573380412297,60.254353852323504,1841334
59.47407913208008,60.25435264752786,59.34403244376389,60.167657060133514,2170065
59.38737869262695,60.25434772463611,59.08394085431351,59.90755878894269,1836314
58.56377029418945,60.25435753611341,57.740145610997125,60.16766194168523,2400308
59.040592193603516,60.29770131056833,57.26330957330362,58.08692754192442,9032436
58.780513763427734,60.51445214447929,58.39037365902114,60.03761644391011,4596144
59.21400451660156,59.690833652308186,58.563777556087416,59.34404461714384,1967314
58.347023010253906,59.43073438403686,57.78349177299691,59.083945421536455,4186093
58.433719635009766,59.12729095787863,58.04357956484969,58.520415223562196,1783141
57.08991622924805,59.170643476589454,56.91652504799025,58.5637677277376,2070946
57.87018585205078,58.04357702155817,57.26331014432578,57.26331014432578,1319920
57.78348159790039,58.520403879418254,57.48004378956341,57.523388268212614,1435324
58.043575286865234,58.17362196733376,57.65344185990858,58.086926385171054,1691812
57.69679641723633,58.34702324411224,57.48005414161102,58.00023428022189,1807371
57.48005294799805,58.13027976137156,57.35000626243351,57.8268352902379,4945512
57.43670654296875,58.39037129098093,57.13326866148075,57.91354222419971,1778931
58.260318756103516,58.867201072709236,57.61009195474321,57.65344305394686,6754131
57.740142822265625,58.95390092898763,57.52340053943846,58.95390092898763,3104617
57.48005294799805,58.043577561362405,57.08991289130443,57.91353749024706,1407703
56.91652297973633,57.913538771862655,56.56973401537291,57.219960843135816,1727696
55.65941619873047,57.21996329809472,55.486025016334274,56.2662985660164,2544924
55.616065979003906,56.30963725156434,55.48601929838353,56.266292767656836,1516182
55.09588623046875,55.74611636962004,54.402311604525316,54.53235829380051,2207354
53.75208282470703,55.26927871088828,53.49199276280659,55.26927871088828,1717959
54.27226638793945,54.53235977354753,53.752086231172854,54.01217630955615,1552855
53.62204360961914,54.74910621356023,52.885121113711534,54.09887931462116,2013081
53.405296325683594,54.2289176489166,52.971811766847765,53.75208529564214,1926459
53.275245666503906,53.79542574317539,52.97180453242532,53.31859345502249,1989111
53.75208282470703,54.70574748741684,53.49199276280659,53.70873503226105,2509005
56.13624954223633,56.309640717436466,54.01217457378785,54.57570581486234,3638996
56.352989196777344,57.219958261343145,55.91950466449444,56.13624693063589,3813660
56.352989196777344,56.78647372906024,55.83280908092767,56.352989196777344,2932353
56.569732666015625,57.566748434360136,56.136248124513585,56.39634149519448,2654585
57.003211975097656,57.35000089935679,56.613078569336494,56.91651639764502,1163831
57.56674575805664,57.913534698025735,56.743121198823935,57.21995681808755,1359015
58.520408630371094,59.25733097171566,58.086924121997974,58.086924121997974,3739245
58.17362976074219,58.86720773985901,57.91354297941074,58.693809937854894,1868048
58.737152099609375,59.34402777810626,58.47705874342567,59.34402777810626,2193301
58.86720275878906,59.82086743854265,58.6071093850157,58.86720275878906,3580051
59.77751159667969,60.21099610895278,58.780502510010564,59.040589248705174,1973896
59.17063903808594,60.601139326731676,58.52041223546961,59.73417025657657,2644953
60.12430191040039,61.2947087975314,59.344028447496754,59.430730643501846,3266085
59.64747619628906,60.47109418819808,58.95389827666623,60.08096074244102,3274557
57.52340316772461,59.30069261389279,57.04657409238792,58.91055251830839,2616771
59.5607795715332,60.08096636717443,57.52340333677127,58.086934622416024,2913346
58.21697998046875,58.91055133459956,57.39335531597316,58.91055133459956,3288875
58.08692932128906,59.17064068922356,57.610093673618174,58.65046055550486,2857305
56.959869384765625,58.95390103618098,55.83281348068484,58.52041646973847,3728023
56.13624954223633,57.0899142347358,55.052538161112075,56.439687406061246,2720635
53.53534698486328,56.786481417142426,53.145210191544784,56.352996826171875,2254377
53.44864273071289,55.009186343948976,52.97180711211416,53.27524826097012,2870369
55.702762603759766,56.3096383054141,53.75208220129347,53.925476676290934,3722032
53.53534698486328,55.22593755109343,52.364939912132776,54.79245296012287,3483973
53.015167236328125,54.40231661599743,52.10484694199359,53.83878532019271,4223902
53.53534698486328,54.18557387131911,53.318604689378,54.098878276014986,2793950
53.18855285644531,54.22891643582344,52.92846278840694,54.22891643582344,2573219
53.145206451416016,54.0988744687712,52.88511637658269,54.0988744687712,2950538
52.01814651489258,53.49199466092614,51.80140423774719,53.145205694603646,5165366
52.10484313964844,53.188554546939166,51.84475306334361,52.191542036566545,4490327
52.53832244873047,52.8851113872745,52.10483792916264,52.8851113872745,3874248
50.93442916870117,52.75506276077779,50.630991339096504,52.66836718295483,4705494
49.46059036254883,50.71769631732932,48.98375798169413,50.71769631732932,3077309
51.19452667236328,51.88810131772691,49.80737738163604,49.80737738163604,3734608
52.23488998413086,52.45163226622269,51.54131534288196,51.8014054199472,4254914
51.107826232910156,52.711717654841586,50.847736178978636,52.23488533809638,4217105
51.758056640625,52.01814671274378,50.54429856110443,50.717693044925184,2166595
51.3245735168457,51.84475367559836,49.98077201738067,51.62801139158062,2181050
48.81036376953125,51.584665784069024,48.203484687097216,51.15118119764828,3390846
49.15715026855469,50.197513884647464,47.683302088025314,49.0271035763338,3828563
51.62800979614258,52.23488883408309,49.54728591820686,49.590633712225895,11819297
50.76103591918945,53.66538414682254,50.32755140526431,52.7117162318526,6203807
50.89108657836914,51.54131340013563,49.41723845425349,51.0644810589518,5755969
51.3245735168457,51.75805808488118,50.58764776685051,51.3245735168457,3013798
50.977779388427734,51.888096227873426,50.54429486419413,51.281220539725936,4420717
50.804386138916016,51.541311832167715,50.63099497083283,51.541311832167715,1875698
50.28420639038086,51.19452325841698,50.1108119137967,51.151175466077085,1930159
50.110809326171875,50.804383889469094,49.894067068439966,50.19750821359927,1459265
49.46059036254883,51.107833104292226,49.07045357558592,50.37090732731232,5151016
49.894073486328125,50.28421026187383,49.417241119427736,50.024120180584966,1469491
49.67732620239258,50.58764304892376,48.76700935586139,50.28420520248819,3685533
50.6309928894043,50.97777851853893,49.547281597312804,49.980766114149404,2593429
51.064483642578125,51.84475388384119,50.76104245939959,51.58466380342017,4236895
51.584659576416016,51.931448526710305,50.71769050790482,51.41126510126887,3763947
51.367919921875,51.93145116795845,50.97778315975759,51.84475227236308,4978583
50.93442916870117,51.84474596473948,50.58764024296072,51.367913672264585,4639963
50.847740173339844,51.19452583674891,49.764028774140144,49.764028774140144,5840040
51.064483642578125,51.628011598952874,50.934436948755206,51.281225927466444,2834684
51.15117645263672,51.4979654124936,50.761039699603884,51.06448086628481,2138542
51.3245735168457,51.71471028952259,51.19452682354514,51.3245735168457,1546387
50.93442916870117,51.54130813513481,50.84773359087821,51.3245658833531,3150180
51.02113342285156,51.23787571149107,50.37090655693302,51.06448452635935,3192053
50.674346923828125,51.45461716594567,50.50095243428262,51.237874880819994,3314559
50.717689514160156,50.977779568172494,50.2842049883981,50.80438509642278,3214536
51.281219482421875,51.45461064276081,50.63099270947768,50.71768828964715,1715057
53.57868576049805,53.70873243878088,51.2812197995552,51.41126317061362,9339334
54.315608978271484,54.96583572594165,54.055515633424,54.66239459269435,7172438
52.84177017211914,54.662404057964494,52.66837568127081,54.662404057964494,3602398
53.23190689086914,54.098876036927436,52.36493774481085,53.10186019607047,2455934
54.315608978271484,54.835789053517914,53.015155482931135,53.491987769777744,6428062
56.04955291748047,56.43968636168633,54.70574818397277,54.965841556409494,16079185
56.52638244628906,56.78647582102001,55.18258431537724,56.309640172163036,4168582
59.21400451660156,60.4711073278153,56.95987909525865,57.089925810251614,9789614
58.08692932128906,59.083945102678655,57.653444774115265,59.083945102678655,6724126
57.65345001220703,58.65046588418028,57.21996542564908,58.34702799647969,3777207
55.39932632446289,60.77453205129278,52.494977880734226,58.910547179836705,53852649
57.046566009521484,57.350003853460116,55.57271465911412,56.95986381315423,9017859
58.69380569458008,58.86720348404838,56.78647631157412,56.95986748659308,6184956
58.823856353759766,59.950918910809314,58.52041846976944,58.69380965649255,6464234
60.68784713745117,60.90458944865635,59.21400206703609,59.38739327022007,6604092
60.34104537963867,60.94792769158064,59.56077190111272,60.25434979634668,3167747
61.164669036865234,61.98828698742204,60.25434888987178,60.341044471859504,4163252
60.4277458190918,61.94494179919977,59.6474788923102,61.554808335808964,2708771
60.64447784423828,61.46810234851158,60.471086693048335,60.60113336366501,2624221
60.29770278930664,61.07796967789354,59.6041248722858,60.77453181961539,1890213
62.421775817871094,62.59516699380765,60.08096187048068,60.297704147626064,4028690
61.338069915771484,62.68187479998887,60.904585322727165,62.50847699410116,3189399
60.03760528564453,61.5981521843361,59.69081635099654,61.51144998983753,4533595
61.12131881713867,61.554803347756675,59.21398952819905,59.907560808518454,4697803
60.81787109375,61.554793353258574,60.25433997255593,61.077957801221764,3813866
61.64150619506836,63.72223351012569,61.2513727173169,61.85824848591913,9645821
61.03462600708008,62.42177524519454,60.774532631112045,61.208017181425895,3527824
60.947933197021484,61.77155123436653,60.60114421807898,61.03462878814471,2260946
62.59516143798828,62.85525479325714,60.60113663390595,60.94792556944816,3358906
63.67888641357422,64.15572212923374,62.638525997799164,62.855268302289815,4298244
62.81191635131836,63.722236663723024,62.2483916587775,63.63554106598213,2270352
61.5547981262207,62.68186045600131,61.424751455177024,62.20502486699064,2852221
61.42475891113281,62.46512579131722,61.1213210514975,61.684852284791226,2876247
60.99127197265625,61.64149876685183,60.34104517846066,61.208014237388106,3286426
60.90458679199219,61.46811809943445,60.12431318279906,61.12132909374305,4503427
60.68784713745117,61.25137846947473,60.2543625150408,61.12133175986153,3257541
60.68784713745117,61.077980651840335,59.95092460224363,60.2543625150408,2552016
59.30068588256836,60.991272928183065,58.953896930674574,60.68783507569441,2676759
60.16765213012695,60.81787890398038,59.34402758124334,59.51742535627353,3274768
61.25136947631836,61.90159631446515,60.90458050641684,61.728198522289674,4459879
62.161678314208984,63.071998463586716,61.77154488701792,62.59516283973191,7098409
63.418792724609375,63.635535005544845,62.248385730447716,62.55182360086748,3625265
63.852272033691406,64.15570987914894,62.68186513581294,63.72222535293848,5051648
62.941951751708984,64.84928763172982,62.7685605873657,63.85227190063358,4308396
65.1527328491211,65.88965530264228,62.681872098161946,63.20205226450339,4012385
63.938968658447266,65.28277335738748,63.54883522427704,65.0226799916413,6855752
63.07200622558594,64.97933572683407,62.81191283248403,64.97933572683407,4052173
62.63852310180664,63.76558567883018,62.335085212438734,63.158703285644464,4488291
64.06901550292969,64.54584452206839,62.725210800599825,62.725210800599825,4785183
64.32910919189453,65.0226871674607,63.245397739103524,64.15571800522788,2596711
63.722225189208984,64.76258540366139,63.288740664112325,64.5891942394023,5048835
65.4128189086914,65.80295899001209,63.418793857145346,64.0256696088225,4076787
65.58621978759766,66.93001804788074,65.19607968794134,66.06304886791104,6019577
66.06304931640625,66.45318941871119,65.36947793639186,65.67291582855128,2779257
65.58621978759766,67.10341585254463,65.10938409283436,66.75662685766676,8139327
65.58621978759766,66.0197043775825,64.63255501252097,65.8463065729186,3686745
66.36648559570312,66.75661903519408,65.54286100257346,66.19308781135781,3143905
66.1497573852539,66.71328211440982,64.54585895780845,66.27979748308954,3581801
63.8956298828125,66.01970847421067,62.68187824709963,65.88966176625563,6058409
65.0660400390625,65.19608012537051,62.81191486445743,63.59218845455534,2258131
63.5488395690918,65.80295797335894,63.418792877327455,65.32612230837285,3364513
63.8956298828125,64.24241889920917,63.33210517242453,63.76558978930779,2269167
63.37543869018555,65.10937685743795,62.37842292112558,63.5488364755803,6538971
63.028648376464844,63.20204615812531,60.08095884717633,62.03163924332557,4366513
62.59516143798828,62.985301470891564,62.205028019533785,62.85525479325714,2383918
62.421775817871094,63.07200264930725,62.20503354072571,62.63851809501648,2667445
62.98530960083008,63.46213866110546,62.4217783346413,62.72521621198921,4642666
63.59217834472656,63.89561618862159,62.941951558759115,63.15869382074826,10502775
64.45915222167969,64.89263677813274,64.0690187666517,64.15571435505242,7839162
64.93598175048828,65.4995129435775,64.63254391250142,65.02267733070613,3698418
64.41581726074219,64.93599748252207,64.0256771335695,64.93599748252207,3605391
63.76558303833008,64.50250548612225,63.59218524126451,64.37245879193547,3261411
63.462127685546875,64.2424011026742,63.115345379666735,63.76557212486475,3813860
64.11236572265625,64.3724591123243,63.722232252603845,64.19906792884537,4781338
63.028648376464844,64.41580417195243,61.6414991954263,64.19906190571362,6293320
62.465126037597656,63.505486307434616,62.33507935025572,63.11535285985808,3796673
62.248390197753906,62.42178138916605,61.68485890398949,62.248390197753906,3847226
62.11833572387695,62.89860921649307,61.72819567034433,62.89860921649307,4554188
60.99127197265625,62.33507665977339,60.73118522364741,62.1616788793185,2888146
61.03462600708008,61.55480614456684,60.514445869593324,61.338063869409915,4152512
62.72521209716797,63.24539222627584,61.03462502395507,61.07796950961869,6920848
61.338069915771484,63.41879728527422,61.12132761924933,63.28875058447093,5259727
62.465126037597656,62.81190838457712,61.59815694125042,61.98829038882697,3320745
62.421775817871094,62.768564784193586,61.814900087643764,62.5518225070482,2470483
61.858238220214844,63.28873842532074,61.598151483026584,62.85525391555827,4026980
61.59815979003906,62.20503553976917,61.20801970997006,61.72819986894581,3949676
61.29471206665039,61.94493888467475,60.991274207795534,61.68485212613455,5838516
62.421775817871094,62.855260372161865,61.20801774296706,61.51145560808072,6171422
62.421775817871094,63.332096027661464,61.64150229725783,62.89861147337069,4255363
62.161678314208984,63.02864736525485,61.94493605144752,62.72520952027858,2909215
61.77155303955078,62.855264496385004,61.381419560870384,62.638522205018155,5023751
61.381412506103516,62.248381571927304,61.12131914057676,62.03163930547135,4065811
61.64150619506836,61.98829518331955,61.42476390421759,61.68485729901843,7685151
63.07200622558594,63.548841908122846,61.59816130320782,61.944943674744025,14343063
65.36946868896484,66.23643775217539,63.50548388017236,63.50548388017236,14218653
64.15571594238281,65.80295862055011,63.80892696575029,65.80295862055011,4373197
64.71924591064453,65.88965289577165,63.54883892551742,64.32910583930254,3901357
65.1960678100586,66.019692349646,63.808918697717736,64.89262997524165,5276189
66.36648559570312,66.97336130478887,65.02268087843579,65.02268087843579,8040643
67.58023834228516,68.14376957719864,65.80295566534173,66.45318248690745,8821668
66.66992950439453,68.10042993651052,66.23644492584118,67.62359425432194,5317797
67.66693878173828,68.05707221874123,66.36648517246297,66.75661860946592,3821975
66.79998016357422,68.62061417861239,66.6265823531967,67.97038727220946,4454151
64.84929656982422,67.88368866520062,63.982327399716674,67.53689967426763,16453253
66.27978515625,66.53987853244973,63.98232232909947,64.19906460444948,10358139
65.58621978759766,66.75662685766676,65.45617308771222,66.75662685766676,4536646
65.67292022705078,66.14975595698775,65.02269329410969,65.67292022705078,4446656
65.84629821777344,66.10639158454143,65.15272693047392,65.80295373294483,2310645
66.84331512451172,67.45019745262587,65.84629935396285,65.9330015540143,3920589
68.05707550048828,68.49056005781623,66.36648837268903,67.0600596957441,7628462
67.75363159179688,69.66096082818747,67.19010039462957,69.18413182631423,7490214
68.49054718017578,68.79398499036287,67.06004708706729,67.71027380080314,3402719
68.05707550048828,68.92404461514418,67.6669420446729,68.75065343799277,3986718
67.61628723144531,68.58601776092429,67.13142869253831,68.18930798272858,4132449
68.3656234741211,68.63008992521279,67.70444725764345,67.70444725764345,5396824
68.05706787109375,69.203109314404,67.79260142513672,68.32154104288293,3383997
65.50051879882812,67.43996611439984,64.83934266045166,67.43996611439984,3976891
66.42615509033203,67.21956772669859,64.88341091299796,65.19195840329861,4303082
65.94131469726562,67.83668125262761,65.72092261168096,67.30774159239095,4190124
66.51432800292969,66.91103778809087,65.80907737236417,66.20578043169274,5836470
67.74852752685547,68.14523732673268,65.28014013956194,66.7347225616131,5397880
66.77880096435547,68.2774644342786,66.38209790638541,68.23339005330003,4918419
67.21958923339844,67.6162923155902,66.55841294585682,66.77880504170402,5084986
66.95511627197266,67.70445478124948,66.73472417532254,67.70445478124948,2402809
66.64656829833984,67.21958909149956,66.2939396005621,67.17550798208997,4724644
66.8669662475586,67.5722237048555,66.38210763077134,66.47026313147506,4237303
66.02945709228516,66.95509963268053,65.28012549506089,66.77878868950943,6149199
67.08735656738281,67.26367428990663,66.02947713557347,66.11763263391869,4637687
64.92749786376953,67.48404693336147,63.25251697501402,67.43996583398707,11226254
66.47024536132812,66.86694837135711,64.00185164652255,64.09000712365881,5403340
67.3958969116211,67.70445121132823,66.47025418999772,66.55840967884289,2908866
68.2774658203125,68.93864208090622,67.4399785805602,67.79260726471007,4695492
69.02679443359375,69.64388949830935,68.36561826747055,68.49784812002979,6805356
69.68798828125,71.18665194771052,68.6741832241345,68.89457533542772,5917911
71.1425552368164,71.49518388273695,68.98271571003005,69.64389189894408,4301610
71.27479553222656,72.28860041986677,71.1425589423896,71.40703212206351,3776119
68.49786376953125,71.36296114397861,68.14524178103514,71.36296114397861,3527748
69.11495208740234,69.511655109238,68.4978502774189,68.58601248301082,2071637
68.3656234741211,69.4235027301524,68.23338688565912,68.89456310213676,2024554
69.42350769042969,69.59981867042148,68.45378384880928,68.45378384880928,2658639
71.62742614746094,72.11229141479215,69.33534985590869,69.51166082993866,3816188
72.24451446533203,73.61094792554009,71.27479074800627,71.40702732896703,4880194
73.69910430908203,74.05173295402952,71.84781233039769,72.28859645512405,4707277
73.74317932128906,74.40435545377073,73.5227872771285,73.74317932128906,4203588
72.64122772216797,73.43464052048127,71.58334174913948,72.2885990644918,3720701
71.27479553222656,72.37675590448063,70.52546382426027,72.28860041986677,4997075
70.1287612915039,70.52546433807261,68.27746247196359,68.27746247196359,10205441
69.02679443359375,71.75965457506992,68.89455785520276,69.82020045227617,8118517
68.89456176757812,70.08467758901766,67.4840538782486,68.7623251816777,6868528
67.92484283447266,68.85048554980172,67.70445075094203,68.32154589449473,2066811
67.61628723144531,69.2031128925632,67.13142869253831,67.83667931072098,2997405
65.7649917602539,68.18930450877812,65.23605214210596,67.35181734052989,3582019
66.42615509033203,67.35180428706481,66.07352650463235,66.33799962536483,2464750
65.58868408203125,68.10115243847852,65.32421089679154,66.73471885779418,2120863
63.20845031738281,64.13409980908423,59.06508161111538,62.591355140137196,4934441
65.63275909423828,66.42617193176362,63.82554806380939,64.26633222623096,4391024
63.56107711791992,65.89723460632058,63.12029293995122,65.89723460632058,3712989
61.048606872558594,63.91370394599997,60.475586112703795,63.91370394599997,4954987
62.32688522338867,62.89990604725293,61.09269480378363,61.44531679462315,4243025
61.84201431274414,63.95777946578205,61.665696626588975,63.03213010950547,3410138
61.75385284423828,62.54725881458697,61.22490656289734,62.23871130102566,4256768
60.4755744934082,62.15055534430758,59.990716040405296,61.842007833154575,6898248
60.78413391113281,61.44531016133005,60.299275363154415,60.91637050633878,3736671
61.092689514160156,61.57754807250039,60.60782422998715,61.44531147446841,3746416
61.18085479736328,61.753875663335926,60.387441808003764,60.82822605477752,7541314
61.75385284423828,62.41502897008309,61.09267671839346,61.313068760341736,1479482
64.09001922607422,64.53080342082255,61.7979427585495,62.15057145951478,4400662
63.69331741333008,64.7511968115227,63.47292531155385,64.66304131597884,4671961
65.28014373779297,65.67684683370352,62.50320188891939,63.64923679145723,10053588
64.22225189208984,66.20578064684382,63.9137043198502,65.94131418170953,4458587
64.75118255615234,65.80906844727808,63.73738449184211,64.04593202123355,6273560
64.4867172241211,65.54459640740075,64.1340885877506,64.7511836570251,3703955
66.29391479492188,66.82286100658563,65.5445832961722,66.02944841492048,8017447
65.50051879882812,68.76231839115277,65.14789017986105,66.38208698333008,14527202
66.60248565673828,66.8228777247939,65.94130945257145,66.11762041668308,3878732
67.92484283447266,68.32154589449473,66.24986165447335,66.73472020274116,9503932
67.57221221923828,67.88075978217258,66.6906439103789,67.74852319067718,4574949
68.40970611572266,68.7623348189351,67.5281377206081,68.71825370884613,3380691
69.3794174194336,69.55573510197152,68.1893016470881,68.67416686677754,8826457
68.89456176757812,70.74585379268764,68.45377763179815,68.7623251816777,18054475
67.52812957763672,69.15902956676773,67.26366312649326,69.11495518782662,3776059
68.01300048828125,68.7623322509779,67.4840608161326,67.5281351987425,2739927
67.48405456542969,69.90836733690605,67.26366249529548,68.49785270738131,4427929
67.04328155517578,68.14524208878595,66.73472722509827,67.9248499820639,4125562
65.89723205566406,67.3077400254014,65.58868448819536,66.82288148390272,1979396
65.19197082519531,66.5584043329598,63.95778062882601,66.5584043329598,3375465
64.79527282714844,65.45644908048669,64.61896184992463,65.0597460188168,2706384
64.88343048095703,65.14790368145101,64.22225420555496,64.79527498940334,1190912
65.14789581298828,66.07353845125377,64.9275037478062,64.97157812534338,1410555
66.24984741210938,66.95509789229335,64.79525862834758,65.19196160308663,2634432
66.91104125976562,68.80641461832336,66.11762837410971,67.17550773776229,5312629
66.47024536132812,67.26365810721789,66.29392768122385,66.91102947284114,2053581
66.6906509399414,67.30774613085524,66.1617112440391,66.82288754537527,2334237
66.8228988647461,67.61630518008093,66.4261889812444,66.8228988647461,2803996
67.74852752685547,67.88076412681454,66.99919576153124,67.08735125289299,2567580
67.96890258789062,68.58600432446767,67.70443618007005,68.23337572154239,2891404
67.35182189941406,68.23339023127593,67.21958530446825,68.23339023127593,1185572
67.96890258789062,68.18929462399004,67.26365210787124,67.26365210787124,2121660
67.74852752685547,68.71825138350053,67.6162909268964,68.6741770007361,2098665
69.90836334228516,70.74585047060759,67.88075372257676,67.88075372257676,10133269
69.90836334228516,70.70176936876669,69.33534264751262,70.52545841306676,4239234
68.54194641113281,70.21692779721465,68.36563541294882,70.08469118565992,2584541
68.63008880615234,69.20310952958926,68.27746015128099,68.89456197876389,1536443
69.33533477783203,69.77611884288395,68.67415868025417,68.80639524493594,2845239
69.90836334228516,70.12875539982599,69.20310606782175,69.86428224044425,4536872
68.3656234741211,69.95244235816807,68.0129948134999,69.64389480231162,2916442
68.3656234741211,69.24719176275795,68.14523140196188,68.32154236935634,4403351
70.43731689453125,70.87810109696782,68.40970687298974,68.45378798356667,2965222
70.6136245727539,71.67151064447714,69.90837391743793,70.56955019007763,5123965
71.40702819824219,71.84781232292269,70.61361542865087,70.70177090842058,2690791
71.01033020019531,72.11229058985799,70.7458570163433,71.4070332501409,1829020
70.34916687011719,72.94979117640479,69.99653813557809,70.96626211118532,5627724
70.96624755859375,71.23072073672267,69.64389511961375,70.61361889636595,2843799
70.92215728759766,72.28859065494443,70.04058910887882,71.14254933227735,2895268
71.09848022460938,72.2885960088571,70.7458515818388,71.45110886737994,2963991
72.50898742675781,72.72937948580571,71.27479055092321,71.45110823366066,2498815
71.58334350585938,72.81754047509813,71.14255935440498,72.68530388449534,2860747
71.98004913330078,72.64122532241407,71.40702842423619,71.6715015902143,3418339
71.93596649169922,72.72937924683102,71.01032388223867,72.28859513018355,3367729
71.93596649169922,73.17016336347848,71.40702689688864,72.28859513018355,7624409
73.52279663085938,73.74318870305869,71.84781553697809,72.28859968137674,3417059
73.61094665527344,74.18396734566049,72.86161501053581,73.78725760962402,3619668
72.02413177490234,74.18397827600576,71.627428706247,73.61095750118923,2627363
73.30242156982422,73.56688808233831,71.49520346805896,72.28861645726893,2925775
74.13990020751953,74.93331310319051,72.9057031171239,73.7872715065732,4841292
75.24185180664062,75.81487253726313,74.18397255459311,74.44843900468886,4558887
74.27212524414062,75.77078858247297,73.87542222100323,75.77078858247297,3393310
74.1839828491211,75.63857206691429,73.52280654338175,74.2280572340038,3266659
73.5668716430664,75.37408934099034,73.1701686000257,74.09581800156379,5234969
72.90570068359375,74.05174224195717,72.68530859358792,73.87543126028564,2257546
72.81753540039062,74.58067188333389,72.59714334002271,73.03792746075854,4371200
72.24451446533203,73.434636968147,71.98004802924241,72.94977174656817,3931679
71.45111083984375,72.90569310195033,71.18663766900686,72.59714555319536,2051192
72.200439453125,73.12608206003563,71.23071574433833,71.36294559830282,5871263
72.685302734375,72.94977591139575,72.20044421094666,72.28859969467615,4706563
73.170166015625,73.83134221456137,72.90569284571761,73.08201053426657,7309780
72.37675476074219,73.47871511558246,72.24451817299492,73.39055963236169,3008752
72.46490478515625,72.8616145185138,71.84780972326459,72.28859383199627,4968194
72.24451446533203,73.34647476361856,71.67150049088856,72.55306872951778,1925931
73.74317932128906,74.05172683794756,72.64121910048627,74.05172683794756,3935493
74.9773941040039,75.59448928538815,73.56687930226902,74.05174460609452,6653375
75.9911880493164,76.38789783693714,74.05174039594613,75.37409290301659,3900973
76.12342071533203,76.87275241882132,75.55039998001706,76.69644145064701,5676646
76.82868194580078,77.48985819881828,76.07935020421414,76.25566118135241,4079021
77.26946258544922,77.48985465972271,76.25565769862473,77.40169917517979,3260875
76.6523666381836,77.13723192921466,76.07935258166144,76.696447746762,3390664
76.78460693359375,77.3135466328273,76.43197822549365,76.74053254872697,4769669
76.29972839355469,77.666155032117,75.85894430514786,77.26945204288343,4159127
76.9609146118164,77.22538106401971,75.41817010021737,76.38789387662744,5247392
78.28326416015625,78.63588608340872,76.38789105642992,76.96091177046328,6485431
79.34114837646484,80.3549532842195,79.16483740373903,79.34114837646484,8268726
79.25299072265625,80.13455901384079,78.81220657706399,79.34114620660824,9240905
79.64968872070312,80.22270941886137,78.06286993253246,79.78192530117532,5424608
78.6358871459961,79.95823955355768,78.41549507806916,79.95823955355768,3693246
77.75431823730469,79.07667063403322,77.44577068990112,78.6799676053475,6266078
76.9609146118164,77.75432069425864,76.38789387662744,77.66616521019087,4469693
77.1372299194336,77.71025068685877,75.99118838458321,76.6964457484654,5373922
76.74053955078125,77.44579030549761,76.56422181772682,77.40171591660935,5509757
75.33000946044922,79.47338455631939,71.53926975986485,77.09314608188356,32224697
75.41815948486328,76.0793356110573,74.13988160538938,74.97737540073393,7643076
74.6688232421875,75.10960733860144,73.96357272342414,74.6688232421875,4775644
74.0958251953125,74.84515697482445,73.78727088095494,74.84515697482445,6224581
73.65503692626953,74.53660525943454,73.47871922413697,74.18397658100201,4184680
75.5063247680664,76.38789305087901,74.13989123937397,74.1839723438475,7511675
74.1839828491211,76.03527516002463,74.0076651320907,75.99119404930872,3216298
74.1839828491211,75.24186224797077,73.78727303017757,75.24186224797077,3326507
75.81488037109375,76.07935357434935,74.22805460322604,74.44844669732807,2678461
75.10961151123047,76.5642004553708,74.88921945077988,76.47604497635695,4439588
74.93330383300781,75.46224345607436,74.75699286726304,75.10961479875259,3153522
74.62474822998047,75.37407984231082,73.96357209101282,74.97737684926284,4571169
74.31621551513672,74.93331067744134,73.96358682560573,74.31621551513672,2302640
73.78726959228516,74.62476357603443,73.52280311781134,74.36029037572774,1944305
72.46490478515625,74.09581136812886,72.33267493320213,74.051730266923,2287917
73.170166015625,73.43463918553239,72.06820568406438,72.46490871309337,3787868
73.52279663085938,74.18397284745734,72.72938382577537,72.94977589797469,2399071
73.25833892822266,73.61096766339368,72.72939918838297,73.34649443055699,2569523
73.25833892822266,73.47873104697533,72.90571019305163,73.43465665872502,1743406
71.89189910888672,73.65503574698735,71.75966251586266,73.43464366722478,5865523
72.81753540039062,73.21424514455201,71.93596715891898,72.28859580067403,2866991
72.55307006835938,73.03792857305353,72.28859690155745,72.81753650932927,1575436
73.65503692626953,73.87542900956079,72.420839914672,72.77346859310452,2007841
73.91950225830078,75.77079438441969,73.52279920478692,73.96358336461677,5141578
75.24185180664062,75.81487253726313,73.69910730733585,74.05173596662911,5499293
73.83134460449219,75.46224460282794,73.61095253104594,74.71291289827717,2296399
74.1839828491211,75.33001774356937,73.21425894587003,74.40437495103421,6222693
72.33267211914062,74.49251147756586,71.01031984439093,74.27211943177424,5011530
70.96624755859375,72.5089920707371,70.52546341226707,72.33268110253934,5940971
70.745849609375,72.0682019385222,70.5695386558214,71.09847824231393,4879178
70.87809753417969,71.62742929548901,70.39323224553863,70.83401642581856,8911228
71.45111083984375,71.62742180318027,70.1287584373235,70.87809012025188,2377593
71.53926849365234,71.7596605674308,70.34915264041516,71.7596605674308,1724129
72.64122772216797,72.99385637984413,71.27479419585993,71.58334174913948,1879356
71.40702819824219,72.81753605205341,71.05439955333138,72.81753605205341,5984254
71.1425552368164,71.7155759457083,70.56954125375653,71.67150156861322,2767159
71.45111083984375,72.0241248336035,71.27479315067511,71.40702973609356,1447974
71.40702819824219,71.89189342572354,71.01032517636251,71.80373122012185,2458920
70.17284393310547,71.4511221602322,69.86429633546564,71.40704104949799,3011010
70.52546691894531,70.70177789590961,69.8202095594228,70.0846827507019,2020824
69.68798828125,70.48139450123882,69.24720405866356,70.2610023899456,2330855
68.58602142333984,69.73205626127083,68.36562933229547,69.37942757043328,3785162
69.55574035644531,69.82020681148306,67.57221167741645,68.32154338877199,3119107
68.85047912597656,70.08467602376268,68.45377610296731,69.64389189782706,2322985
68.3656234741211,68.67417102997754,67.6603661528787,68.63008992521279,4060663
67.96890258789062,68.6741597937412,67.70443618007005,68.1011391547165,3411180
68.6741714477539,69.11495559475382,67.70444766952055,67.96891412222111,4329268
68.80640411376953,69.37941809153106,68.01299134924257,68.67416753204306,2691021
72.37675476074219,72.68530231493102,68.497852966538,68.497852966538,10963089
72.06820678710938,72.72938299616543,71.71557813044637,72.72938299616543,5082680
72.94978332519531,73.52280411642084,71.1866465680909,72.28860704128115,11286863
71.84782409667969,72.94978458896006,71.5392765040078,72.9057034789356,3436311
71.49518585205078,73.87542423320345,71.23071940469973,72.0241254725851,6031291
71.98004913330078,72.28859667638726,71.27479184124712,72.11228571628983,3192237
71.89189910888672,72.90569729512858,71.36295273679052,72.37675764886488,2374978
71.01033020019531,71.80373630008647,70.96624909427582,71.75966191999944,3999194
70.87809753417969,71.49519269623846,70.48138773642805,70.74586093492914,5308137
71.58334350585938,72.02412765731376,71.01032948963459,71.31887705048618,2415946
72.06820678710938,72.55307203075003,71.89189582169398,72.11228789137932,2227119
72.24451446533203,72.72937968691086,72.1563589866355,72.55306872951778,1223744
72.02413177490234,73.17017332453541,71.75966530440971,72.28860497122776,3227783
73.5668716430664,73.83134482231509,72.8175399363049,73.25832408449783,1406680
73.170166015625,74.22804524359034,72.94977394931287,74.05173428087349,4536568
73.2142562866211,74.05174355313889,72.94978308359813,73.78727035011593,3279731
73.39057159423828,73.96359241731793,73.0820239897595,73.69911919871706,1882220
73.12609100341797,73.69911176872843,72.94978002601445,73.47871968405768,4106073
73.52279663085938,74.13989174268455,73.170167970174,73.170167970174,5230073
72.685302734375,73.9635807888656,72.20044421094666,73.43464116065637,3271847
73.12609100341797,73.39056419535592,72.20044828330047,72.64123245264194,3930557
73.08201599121094,73.61095564468889,72.55307633773299,73.12609037226508,1375720
73.47872161865234,73.6991137091257,72.72938985620948,73.34648501920175,2135714
73.39057159423828,73.61096370112789,73.0820239897595,73.47872709182745,2111317
73.170166015625,73.52279466689082,72.86161846795444,73.39055808193713,7554662
72.77347564697266,73.56688184305922,72.20045482970647,73.17017874501593,9530863
72.28858947753906,73.30239421171959,72.15635290771876,73.1701576418993,2646710
72.42082977294922,73.0820059302327,71.4951804624197,72.37674867213099,1689815
72.28858947753906,72.9056845022587,71.49517678444859,72.2004340062693,2681618
72.99385833740234,73.39056138428171,71.58334366887034,71.58334366887034,2365558
72.81753540039062,73.1260829397393,72.37675127965481,72.99385308418411,867025
72.86161804199219,73.5227942370632,72.46490828945034,72.72938145781157,2966583
70.745849609375,72.94977015795365,70.26098439835499,72.77345920440007,5298112
70.52546691894531,71.31887976694998,70.39323032330576,71.14256206415303,3124773
68.98270416259766,70.87807693203968,68.80639323206714,70.70175927567828,1840878
68.58602142333984,69.02680560542858,68.01300064145792,69.02680560542858,2107243
68.76531982421875,69.75152940083566,67.9584310289903,69.03428731604653,10816439
68.63084411621094,69.12394207299772,68.00325557103561,68.5411837239519,4403984
71.32048797607422,72.7549652552397,68.67566386623965,69.03428489606281,8120241
73.56185913085938,74.81702244550645,72.7101333500608,72.844617088095,11428360
73.20325469970703,74.05497383340571,72.93428716268187,74.05497383340571,3774599
71.9928970336914,72.97909969714054,71.76875975381083,72.08255057761825,2900287
71.90325164794922,72.48601006522178,71.72394452269384,72.3067029399664,2749000
71.76876831054688,73.06876195279706,71.41014725195545,72.62048733958972,2316424
70.60325622558594,72.03773371420712,70.46877246474966,72.03773371420712,2065914
70.96186065673828,72.44116799856495,70.64806984850271,71.45495854392942,7107291
70.69290161132812,71.45496704777253,70.33428057061093,71.09635284718276,2117665
68.98944854736328,70.28944880947628,68.81014146851227,70.24461861970023,4659510
69.61705017089844,69.93084103830112,69.07912199247555,69.48256641626074,2203355
71.05152130126953,71.49979588361192,69.5273904573563,69.6618673599572,5439368
71.81359100341797,72.39634936322176,70.69290448076748,71.05152553604117,7004328
70.33428192138672,71.85841966367414,69.93083751791133,71.58945216793884,1847590
70.24462890625,70.82738725804424,69.93083805224622,70.82738725804424,1500822
69.93083953857422,70.51359790275455,69.79635578682064,70.19980704208137,4084036
69.34807586669922,70.28945521679614,69.16876877150325,70.06531792773757,2557393
69.03428649902344,70.19980316297998,68.81014920519544,69.52739128149598,1894241
72.26185607910156,72.62047708706304,69.84117624558351,69.93082978754218,7804066
72.62046813964844,73.33771006720153,72.35150070678455,72.79977520147374,5963630
76.02735900878906,77.73079666072357,74.86184255629333,76.20666607526866,31484628
76.43081665039062,78.26874518272662,75.98254206593086,76.25150955265765,15122422
75.5791015625,76.16185308016289,75.13082695498845,76.16185308016289,6486746
75.04117584228516,76.43083003349095,74.72738494624375,76.20669270201444,3959456
75.84805297851562,76.789432275605,73.96530122446374,75.13081779799087,6973722
75.31013488769531,77.28254044632195,75.08599758148193,77.10323333740234,6704318
74.50325012207031,75.66876702102344,74.27911278305078,75.22049234298436,3563888
72.08256530761719,74.32393856444529,71.81359778074648,74.32393856444529,3947805
73.38256072998047,73.96531915803921,72.03773674528884,73.2480769634856,9668182
71.6791000366211,74.32392406789408,71.4101394023383,74.32392406789408,7178936
70.06532287597656,72.17221217389708,69.75153201715908,72.03772842293881,5905731
69.25841522216797,70.60323881871491,68.89979422839681,70.37910155262377,42574215
69.75153350830078,70.51359899318538,69.1687751351086,69.88601042200617,7966435
69.39290618896484,71.32048824646083,69.12393870554597,71.00669056909639,8461033
69.93083953857422,70.28946059654118,69.34808117439388,69.43773472885368,4682880
70.78255462646484,71.00669192020301,70.19980313484749,70.28945668431727,3315187
72.30668640136719,72.53082367673402,71.186000024533,71.23082337553028,7199557
73.02393341064453,73.56186843078882,71.94807705061179,72.03773060725986,6239160
73.11359405517578,73.60669203847509,72.8446265441922,73.29290116907953,3898379
72.62046813964844,74.0101218092353,72.12736345943995,73.29287988168223,5318204
73.2480697631836,73.60669082520786,72.12738321943766,72.62048803473701,4280242
73.20325469970703,74.05497383340571,72.97911736556226,74.05497383340571,2469408
73.4721908569336,73.74115830412379,72.93426280267953,73.51702104484073,2578188
73.15841674804688,73.60669136885613,73.06876319191059,73.47220761458779,3977209
73.42738342285156,73.60669053308817,72.66531794415427,73.33772986773326,3092776
73.06876373291016,74.01014317963073,72.66531930724588,74.01014317963073,536886
73.29290008544922,73.56186759245614,72.7997952693125,73.51703739457903,1906801
73.65151977539062,73.96531063429846,73.11359161153035,73.51703602439363,1983329
73.74116516113281,75.13081903395874,73.38254414490738,73.96530244125783,6803458
73.65151977539062,74.6825527461973,73.51703602439363,74.14461774220932,7214920
76.29634094238281,76.83426913236244,73.83083046819218,73.9653142257191,7554777
77.05839538574219,78.4032190876932,76.52046727298719,77.10322557852471,5887950
76.11702728271484,77.41702086676162,75.84805979078156,77.41702086676162,3517881
76.38599395751953,77.28254321448632,75.6687586560229,76.83426858600293,3999344
76.02735900878906,76.83424764807336,75.3549472493014,76.38597314174824,3855149
75.75841522216797,79.34461239244811,75.04117305206063,77.05840896034321,23606567
76.6101303100586,77.50667955577082,75.08599932839897,75.71358106434636,9048909
74.45841979980469,77.46185849395334,73.9204847643277,77.1032374170114,8529822
74.68254852294922,75.80323498433725,74.41358103616516,74.81702542621392,5729398
75.08600616455078,75.66876459534613,74.14462663479455,74.90669903513461,3733865
74.36874389648438,75.53426044353319,73.8308158132798,74.81701843917597,3201517
73.69632720947266,74.72735995751435,73.29288288377758,74.54805288834459,3917398
73.33773803710938,74.59290162883882,73.20325426938734,73.51704516731971,5252226
73.56185913085938,74.1446105954625,73.2032381094772,73.24806146207055,4310040
76.02735900878906,76.43080332843121,73.87564001040332,73.87564001040332,9687109
79.74805450439453,81.04805504465627,76.56530871298422,76.65496227159204,17486215
82.21356201171875,82.84115057951888,79.79288181626521,79.79288181626521,22268784
83.28943634033203,84.81356750581897,82.21357301163943,82.61702432494742,17274882
83.42391204833984,83.7377029238317,81.09287848153615,83.15494453213078,10917988
83.51355743408203,85.12734185302118,82.66183160952514,83.73769472894531,11289675
83.96183013916016,84.58941181463936,83.02045078581409,83.46872536547846,6622336
85.39631652832031,85.88942135456128,82.93080607737143,83.73770177479848,11711838
85.93423461914062,86.87561396224966,84.81354818216663,85.84458107220814,13765563
85.21701049804688,87.05493238988893,84.7239056655296,85.79976204904065,12104211
84.90320587158203,85.84458526062157,84.00665667825962,84.94803606729916,17098296
80.91355895996094,85.71009543609942,80.42045420254749,85.03768358878672,7310376
80.55493927001953,82.34803755912459,80.01701115131344,81.58597215428037,4903439
79.7032241821289,80.59977337013908,78.9859820956698,80.46528962391206,4046457
78.35840606689453,80.91357006948422,77.99978499772995,79.79288350342489,4891755
81.45149230957031,81.7652831571437,78.62736100115487,78.80667494271643,10031260
82.1239013671875,84.14113696930791,81.76528033656287,82.03424781956315,8248218
83.87217712402344,84.32045170653532,81.00321569187103,82.66183027913954,8217955
81.18252563476562,83.37906824495285,80.82390461837485,83.24458450879044,5463807
80.91355895996094,82.1687291096367,80.59976813257376,81.18252643493683,7782576
81.13770294189453,81.58597754378344,80.10666998952449,81.13770294189453,9796726
81.76528930664062,82.57218500403489,81.31701467921359,82.07908701794194,4984491
81.67562866210938,83.42390366145214,79.16529507041876,80.68942593536923,8374309
81.67562866210938,82.48252428948854,81.22735407357955,82.30321719012757,3616578
81.45149230957031,82.39287169241796,81.18253165741918,81.58597605570961,4907711
81.58598327636719,82.21356502705724,81.22736220163227,81.45149951832559,4925527
83.15494537353516,84.14114820940051,81.54115394020774,81.85495165900285,12421581
83.51355743408203,85.97906767757807,83.02045264933186,85.97906767757807,8476138
82.7514877319336,84.4549256129433,82.07907588202123,83.82734395574258,5456865
82.52735137939453,83.8273449011693,82.12390016082065,83.06527949736592,6436421
83.82734680175781,84.94803325632677,82.75149054142253,83.15493492901645,9494201
87.0997543334961,89.65491813223943,82.84114572221472,84.09631594409156,33659894
89.38594818115234,89.87905295335631,86.20320277914973,88.0859546400724,29174233
90.3721694946289,91.0894048092709,89.29630626247373,89.92389485792962,23056832
89.29630279541016,90.55147309745993,88.98251192992969,90.50664289947935,6688043
89.25148010253906,91.26871590439337,89.02734279122191,89.4756174138562,11646646
89.52043914794922,90.10319751482689,88.66872011644725,89.65492290032526,5874354
88.39974975585938,90.99974380399915,88.1307890999241,89.69975019999305,8661596
88.0859603881836,89.56526796120153,87.05492742273911,88.6238885492462,5961340
89.25148010253906,89.8790618381759,87.68251892331902,88.13079354595332,7143154
88.8031997680664,90.68595169400591,87.36871559580064,89.38595126790598,8351731
87.8169937133789,89.47561524909973,87.59285640748449,89.25147794320533,4943917
83.96183013916016,88.26526199986166,83.28941826966361,88.04112471002948,9672170
83.5583724975586,84.27561450600078,82.03424177977736,84.00664704280328,11511446
81.22734832763672,84.49975396044319,80.7342504192116,84.18596313869504,8188295
82.6618423461914,82.93080987101358,80.8687437543857,81.31701840233713,4545029
82.57217407226562,83.15493237879473,81.81010867455545,83.02044864034538,3904900
82.93080139160156,83.73769704343725,82.2583894884264,82.70666409054317,4928177
82.30320739746094,83.28941000685992,81.45148167651854,82.70665174308388,4353614
80.64459228515625,83.02044887059355,80.28597810179953,82.34803701660906,10848150
80.73426818847656,81.7204710625127,80.19633312979465,80.77909154994778,4361006
81.22734832763672,81.9445903545984,79.03080573527278,79.4790802920921,6984202
79.79287719726562,81.7652826615965,79.38943280142031,81.04804742007956,5862598
80.42046356201172,81.45149654924322,78.67219529158322,79.79288183419837,9055967
76.02735900878906,79.52389468602401,75.4446007825412,79.25493408630463,6950966
76.2066879272461,76.65496256211225,73.83083099442986,74.77221046370002,5165430
74.2342758178711,75.48943921430228,71.32049094449047,73.51703372837255,7742393
75.93770599365234,76.96873882613058,75.04115689412811,75.26529416900917,5612811
76.25151824951172,77.23772107977895,75.89289717301597,76.1618578502917,3975580
76.25151824951172,77.05840712146701,73.96531487196343,73.96531487196343,3539836
77.77564239501953,78.31357054211809,76.65495590517774,76.65495590517774,3958245
78.08943939208984,79.70323080056595,77.50668100346637,78.44806046509876,8735379
77.32736206054688,79.61356506621384,76.74460376105068,79.61356506621384,4726842
77.68598175048828,78.35839358299661,76.96873972642864,77.55149801596124,3919700
77.19287872314453,77.86529057062859,76.20667604819332,77.73080683310637,3506211
77.46185302734375,77.82047407897723,76.69978756770237,77.19288552858673,2973442
77.41703033447266,78.08944230641097,75.84806906661659,77.55151409688598,6105693
76.11702728271484,78.1790863070693,74.81702685854061,77.28253712079498,11344724
76.87909698486328,77.5066787139947,75.75841043989442,76.20668505788197,6224406
77.01358032226562,78.08943666357291,76.74461281687489,76.9687501246579,5083760
76.78944396972656,77.91013052258268,76.47565310295244,77.41702570327483,3483539
75.75841522216797,76.92393203856032,75.53427789902545,76.69979471541781,3879178
75.5791015625,77.05840229518601,75.26530386513977,76.20668327696512,6936315
73.65151977539062,75.57910196600697,72.97910786053336,75.57910196600697,5009614
73.29290008544922,74.54807038460176,72.71014171368614,74.05496556846502,4764070
71.0066909790039,73.24806388667609,70.82738388244104,72.79978930514166,3996821
71.63428497314453,72.08255958894628,69.03429083346884,70.46876823600887,8699087
71.72393798828125,73.15841538002132,71.54463087936165,71.72393798828125,5486959
72.48599243164062,72.6653063534029,71.67909688402716,72.21703180918728,3328605
72.93428802490234,73.74118380538826,72.08256888113475,72.44118998803167,5000216
72.08256530761719,72.97911461034842,71.58946045506367,72.84463084691308,3251098
71.94807434082031,72.7997933570905,71.72393703757788,72.26186519733419,3876762
71.6791000366211,72.30668853020163,71.45496275465527,71.9480675110309,9813941
71.32048797607422,72.17220693679295,70.69289946385187,71.67910216577017,4114695
72.03773498535156,72.21704894967344,70.6480876725308,70.6480876725308,2206517
71.6791000366211,72.39634207496255,71.5446231395432,72.08255124823579,5279874
71.72393798828125,72.03772884895443,71.49980068206787,71.63428443382145,3112967
71.72393798828125,71.9929054917884,69.93083953857422,69.93083953857422,6418882
71.63428497314453,72.84462506778368,70.60325198877496,72.62048775988282,6556759
71.81359100341797,73.06876127681205,71.45496994814427,72.12738186173456,4073519
70.827392578125,72.03773272883949,70.24463418255785,71.5446347326889,10620637
73.42738342285156,73.69634408820647,70.60325197579424,70.8273892836539,3657360
75.71358489990234,75.84806866159754,72.75497634324933,72.75497634324933,3298435
74.45841979980469,77.0584072173456,74.01014516365927,75.93772062698207,4973672
74.86185455322266,75.98254099863018,74.68254745800834,75.31012913138566,2956519
75.75841522216797,76.29634342968434,74.05497019825924,74.90669613027774,4231975
76.2066879272461,76.56530900316463,75.26530845797593,75.44462241599925,1829399
78.08943939208984,78.53771402331898,75.31013804649481,76.47565482374178,8597297
77.9997787475586,78.98598147864018,77.10322956655217,77.91012519748344,5792098
78.7618408203125,79.29976893792171,77.37219375316597,78.0894289632692,8423805
78.5825424194336,79.52391501933836,78.17909115650765,78.71702617374224,4719330
78.71702575683594,79.12047017749724,76.789443528962,77.86529987747738,2340628
78.4032211303711,78.9859794510915,77.99977674532548,78.76184216159344,3111160
78.5825424194336,79.21012415270344,78.08943760034451,78.49288886327045,3471674
77.82048034667969,79.38944158882946,77.55151282625988,78.76185298789264,7133021
77.01358032226562,77.91012955339764,76.65495926178725,77.82047599830999,4158260
76.5653076171875,77.19288935858846,75.84806547833385,76.65496117451221,4863546
76.43081665039062,77.32736581931017,75.80323496819788,76.56530039375403,5006507
77.14805603027344,77.9549447820509,75.98253941528606,76.29633024543587,3593228
77.14805603027344,78.17908206646179,76.117023153958,77.10322583734043,3632913
78.71702575683594,79.43426104247025,76.38599226817283,77.01358083824668,6838988
79.16529083251953,79.92735622419966,78.08942777356492,78.76183962036392,6431222
77.9997787475586,80.28598189517594,77.37219705690507,79.56873981431984,5877657
77.23770904541016,79.5687354192443,76.11702263105461,78.89632357063097,8417244
76.6101303100586,77.59633995244437,74.77220846042528,77.19288868779712,8584365
76.29634094238281,77.23772040494319,75.62392899487628,76.11703382576563,6888782
75.53427124023438,77.28253947057449,74.1446172232057,76.38599025704055,6183895
74.72737121582031,75.8480576672877,74.32392682934295,75.3101295386088,4556128
73.51702117919922,75.08598199704798,72.48598841658763,74.72736101351443,5727033
73.42738342285156,73.87565803857089,72.4411806362946,73.33772986773326,4097448
73.11359405517578,73.5170384815232,72.0377308513694,73.15841741358774,7645061
72.84461975097656,73.60668517419208,72.03772413340182,72.93427329956768,4188197
72.84461975097656,73.06875704251803,72.17220787635216,72.3515149735344,2846781
73.20325469970703,73.96532026777352,72.21705179749577,73.06877093119445,5906232
72.48599243164062,73.06875070714626,71.94806434660721,73.06875070714626,7138023
70.64808654785156,72.44118512175511,70.24463526464632,72.39635492135623,3399879
69.7963638305664,71.05153425804015,69.66188006331413,70.78256672353558,3793522
69.43772888183594,70.42393841823304,69.07911469419392,69.93083365003449,2530994
68.54118347167969,69.8411839132475,67.51015736577139,69.52739306187857,5298717
72.7998046875,73.2480793637534,68.09292058683934,68.49637189954464,6118812
73.78599548339844,74.41357713280505,72.30668806393776,72.84461616916155,3655542
74.86185455322266,75.62391996807433,73.15840978817778,73.51703081873363,7252300
73.92047882080078,75.31013281716861,73.06875981665765,73.92047882080078,5164168
72.88945007324219,74.59288801984468,71.58944967594405,73.92047614404034,9109367
71.36531066894531,72.84461812818935,70.19980088297058,72.30669000849893,3087156
69.21359252929688,71.76876311158316,68.67566440044139,71.41014207897041,2185214
70.64808654785156,71.05153099092857,68.4067133304721,69.1239486559566,5406955
70.0204849243164,71.45496214870775,69.43772662812171,70.55841302844729,2849279
70.24462890625,71.63428291128798,70.0204916048005,70.55841976025378,3366418
69.88600158691406,70.82738090460839,69.66186430557036,70.82738090460839,4045326
70.28945922851562,72.03772744690279,70.02049173024332,70.19980567580073,7365983
69.75153350830078,71.0066969704035,69.6618731123267,70.82738985871107,3505780
69.07911682128906,70.24462664726856,68.85497952704755,70.11014290269817,3049374
69.30325317382812,69.70669756192986,68.45152736320726,69.21359278524793,2956563
68.2273941040039,69.57221793065364,68.0480869965017,69.39291082315142,2703757
67.2411880493164,68.45152806617862,67.06188095056918,68.2273907726809,1857389
65.80670928955078,67.10670282715401,65.49291845359075,66.88256553859296,3696735
66.21015167236328,66.79290997303936,65.26877919292686,65.76187710878584,3586906
66.8377456665039,67.42049717501612,66.25498731786412,67.06188296674017,2985501
68.27222442626953,68.45153153410091,67.24119145591989,67.33084500983557,3099772
68.4515380859375,69.30326402997869,68.13774719713426,68.81015917605335,4466618
67.33084869384766,68.63084923720169,67.24119513502657,68.63084923720169,2552275
64.46188354492188,67.46532174981168,63.92395543720127,67.24118446825085,4334784
64.23773956298828,67.10669373166745,63.6549813236898,64.01360230480627,7471148
65.67223358154297,66.03085465513333,64.37223988492201,64.55154700165316,3668110
64.77568054199219,66.21015791261286,64.46188968593887,65.98602060969938,2632012
64.73085021972656,65.44809232370868,64.46188956082901,64.99981771875177,3149476
64.59637451171875,65.04464912501277,64.19292325567747,64.77568162098525,2327587
63.879119873046875,64.73083873530359,63.74463614739412,64.55153166118421,1328748
64.32740783691406,64.86533601177558,63.65499590830521,63.834303019883095,1688831
65.62740325927734,66.16533828871853,64.55154688065105,64.55154688065105,1713958
65.49292755126953,66.43430018991651,65.22396003158288,66.12050931036752,1897237
64.73085021972656,65.85153673211884,64.23775225835055,65.04464791529851,2829649
63.45267105102539,65.46124202469548,63.270076222708546,65.18734978222021,4361939
64.04611206054688,64.3656564797485,63.08747183739609,63.635263265391146,3113836
62.95052719116211,64.0461170988853,62.67663493839116,63.9091674897266,2182138
64.73085021972656,65.09604681072915,62.12883582784472,62.72227245198511,2621707
63.909156799316406,65.55253790323124,62.90487144272193,64.73084735127382,4730154
62.265777587890625,64.320000547447,61.71798619178469,64.09175355194074,2671048
61.94623947143555,62.35708828435275,61.30715060540376,62.265783904451446,2467860
62.12884521484375,62.72228192864604,60.75936301582924,61.991895601832965,3592808
61.900596618652344,62.99617956398125,61.39845037214115,62.26578629006432,8544903
61.900596618652344,63.407021427092964,61.62669739954688,62.17448887221133,2761319
64.68521118164062,66.19164307225655,62.08319626087512,62.08319626087512,13063298
65.59819030761719,66.19163393601481,64.68520225332732,64.86780404351293,4748886
67.42416381835938,68.20020224149596,64.73085194819541,65.64383996730804,5228991
68.06326293945312,68.47410478192623,66.28293203579535,67.37852189163387,3593905
66.69377899169922,68.2002036826306,66.32858238322805,67.9263114504367,1910149
65.68948364257812,66.73942123295085,65.18734442321423,66.64812382629792,2722659
66.05467987060547,66.83071827119583,65.59818587431165,65.59818587431165,2275783
65.59819030761719,66.55683055083996,65.41559548297764,66.28293134833459,1936040
64.18306732177734,65.82644175075676,63.95482029284577,65.73514433229343,2069326
63.407020568847656,64.68520529812818,63.08747612791412,64.18306602396017,2391506
63.81785583496094,64.2743497866194,63.17876012331215,63.90915323218365,1540636
63.31571960449219,64.9591008737053,62.99617518146353,63.81786581607008,2354841
62.76792526245117,63.95481245363216,62.58533044790595,63.133121857087296,2145648
62.76792526245117,63.49831845172342,62.630975668769416,63.04182444981468,1529387
61.30714416503906,62.58532872837455,61.17019457511999,62.58532872837455,3007914
62.6766357421875,62.996180190624834,61.21585614536928,61.535400593806614,2814891
63.95481491088867,64.22870714322993,62.53968066438137,62.90487727304899,1947407
65.96338653564453,66.64812757234672,63.63526422463867,63.72656860196911,4051774
65.78079223632812,67.01332471910577,64.95910159262766,67.01332471910577,3874963
65.50689697265625,66.19163805599412,64.45695925176221,65.55254916443072,1880021
69.02188873291016,69.93487669754005,65.55253864664382,65.55253864664382,8322360
68.337158203125,70.07183699413469,67.4241700989669,68.83930444663054,6849642
70.20877838134766,70.89351937928237,67.92630838823197,67.97195360876691,5498653
69.4783935546875,70.66528088009316,69.11319691875141,70.30008424415708,3984371
70.02618408203125,70.84787476042638,67.88066345244968,68.93060115453532,8664078
71.39566040039062,72.12605360284024,69.61533654704517,70.300077562262,9367421
66.9676742553711,71.98910869390745,66.41988280064002,71.98910869390745,6421244
68.38279724121094,68.79363902283863,66.37421961908248,67.1046127481374,4558713
68.5197525024414,69.20449350560153,67.19591571700443,68.79364472437804,3305924
68.65669250488281,69.34143348185523,67.42416013944154,68.42844551255867,3672000
67.3785171508789,69.2044931499212,67.1046179648043,68.79364437080929,2481496
67.97195434570312,70.25442436356482,67.46981512110098,67.51546034213078,9600604
67.56111907958984,68.42845498425793,66.55683356746198,68.2915123423445,3114148
69.56968688964844,69.84358609191358,67.69806555932348,67.69806555932348,3673610
71.12177276611328,71.85215905017967,68.5654033580153,69.34144183226232,4917413
68.10890197753906,72.08039830108304,67.60676276740449,71.12176510052856,5822581
68.97624969482422,70.61962399909014,68.29150865999358,68.70235049467355,5377830
66.55683135986328,69.8435870021493,62.31143546270184,68.97625112624958,11584620
63.08747863769531,66.55683633154145,62.17449050410914,66.46553891129216,5131356
64.18306732177734,65.09605543750364,62.083191869388244,62.99617998511454,6281761
64.13740539550781,64.7764941933018,62.90487301945057,64.54824719901174,3273684
62.63097381591797,64.5026019545925,62.26577723208568,63.95481056161682,3697390
60.120262145996094,63.315720344733656,59.80071771923155,63.08747333053812,4314947
62.037532806396484,62.44838159229755,59.16162613281784,60.66805078448446,5836832
61.62668991088867,63.22441890857838,60.57675231929773,61.80928472440638,3650280
61.03324890136719,62.08318653738809,60.348507873381294,61.07890108945129,2925150
57.38129806518555,61.62669392895619,56.87915532972644,61.62669392895619,3751740
56.14876174926758,59.618118919993414,55.098824160846945,57.38129415065457,4837741
55.64662170410156,56.97045505793168,54.59668406556696,56.559609743601925,4969265
59.34421920776367,59.755061016060736,55.92051425346962,55.966162956305645,5665257
56.8335075378418,58.33993925123118,56.240063897349465,57.33565028138056,5043513
62.859230041503906,65.8264414018887,57.47260227693085,57.60954840390005,29093448
65.05038452148438,65.36992887690205,62.813567068016056,63.863497526453514,11621446
67.3785171508789,67.60676415075919,64.36565396624086,65.32429415195632,11095793
66.2372817993164,68.10890300905659,65.46123643141289,67.78935860403223,10862420
64.04611206054688,66.10033513968779,63.270073623758385,65.73513853250911,4497227
63.5439567565918,65.18733777081927,62.81357061235897,64.63954642125842,7954462
63.407020568847656,63.81786939194482,62.0375384229499,63.270077926694995,4377235
63.224430084228516,64.73086194143865,62.53968896418272,63.543974547140515,2743564
62.99618148803711,63.81787220490345,61.6723514748695,62.81358664675423,9727241
62.904876708984375,64.59390317268752,62.08318608823677,62.904876708984375,5515389
70.8478775024414,78.60827660826848,62.40273729904135,63.17877581651473,44673883
70.98483276367188,73.0847084162116,69.98054713375831,71.66957391573303,17409930
69.88923645019531,72.12605433643606,68.15455780089337,71.39566112655758,9638641
69.7066421508789,70.93917473006015,68.74800879620312,69.66099692382575,9074632
69.38710021972656,70.66528503793617,68.74801129339521,70.48268322645086,7177611
68.74800109863281,69.2501403332738,66.87637286035006,68.38280449536474,4561329
69.06754302978516,70.39137283276956,68.47409944151623,68.88494125194708,4673161
69.34143829345703,69.84358449763222,68.93059646498344,69.79793230978143,437631
69.29579162597656,70.39137445608819,68.47410102061997,69.79793085413365,8564873
68.06326293945312,69.75228946429807,67.69806632084028,69.25014324301216,3131624
69.43274688720703,69.84358874063932,66.73942784794609,67.60677071098117,5609725
71.16740417480469,71.89779728262391,68.93058660111879,69.66097970893802,5642238
70.02618408203125,71.57826802245457,69.29579778554942,71.21307139144047,3328106
70.11747741699219,70.66526879443605,68.5653937210984,70.11747741699219,4743419
70.61962127685547,71.03047006124412,69.20449403874987,70.20877945801256,5660440
71.48696899414062,71.98910825560928,69.70663807017115,70.6196261443464,10567258
71.35002136230469,72.21735727052932,70.07183663001595,71.30436917111543,4999835
68.38279724121094,71.44130540873131,68.01760067668349,70.98481144445826,4807716
68.97624969482422,69.75228814118974,67.97195727130249,68.93059750628377,4950029
69.06754302978516,69.56968224636225,68.01760544523945,69.06754302978516,4127732
67.92632293701172,69.47840007854333,67.42417664475596,69.47840007854333,3949157
68.65669250488281,69.15883867421408,67.01331833947626,68.3828002934211,14742072
69.4783935546875,69.84359019062359,67.3328728961894,68.65670286521792,8135493
75.36717224121094,75.91496372118455,70.07183834852404,70.20878795990409,29213251
74.40853118896484,76.55405186081343,73.67813791254781,75.36717149356889,9652045
73.44989013671875,74.40853043156486,72.94775085914648,73.72378935397376,4817088
72.49124145507812,73.22162760383144,71.94345010212689,73.22162760383144,4685342
72.53690338134766,74.08898736539382,71.53261784199223,73.03904963379865,5677506
70.8935317993164,72.39996365179785,69.66099918021226,71.66957033982295,3040723
72.26299285888672,73.17598074853646,69.25013003682461,69.47837700923705,3917069
72.21736145019531,72.993399986502,70.98482883776155,72.44560848825886,4227632
71.8521499633789,74.22592424164688,70.75656719305937,72.35429612967683,5535207
72.39995574951172,72.90209500183363,71.35001809022611,71.8978095316437,1828782
71.12177276611328,73.8607370038413,70.66527872649195,72.67384971460731,3358110
71.80650329589844,72.08039550018016,70.71091358213586,70.9848127519628,3915779
72.58255004882812,73.31294327578946,71.76085940988312,71.94346119939648,3721346
73.26729583740234,73.86073950209185,69.43274856110268,69.43274856110268,9768078
69.79793548583984,73.63248957677837,69.4327458285996,73.49553997254016,7243377
70.11747741699219,71.80650373308798,69.47838167201994,70.11747741699219,5132728
69.34143829345703,70.02617931794362,68.33715285065254,69.93488190778793,4017872
70.30007934570312,70.93916818990022,68.9305972805271,70.02618014644952,12997320
70.39137268066406,71.0761136735996,70.1174804628172,70.43702486641133,3477676
70.11747741699219,71.21306017187992,69.47838167201994,70.61961661067186,3602334
70.02618408203125,70.52833032036892,69.66099441656353,70.30008329667841,2153622
68.337158203125,70.25443182874773,67.92631634247243,70.11748918556117,2504768
67.74371337890625,69.61534174650626,67.42416894104795,69.38709472438657,4583837
68.5197525024414,68.97624650454816,67.28721312431664,67.83501149928128,3170169
68.20020294189453,69.15884315802612,67.78936111529292,68.88494396326112,1691362
68.4284439086914,68.93059006625307,68.06325430196866,68.24584910533002,1684121
67.88066864013672,68.93060642246242,67.42417455786875,68.56540976353867,2006348
68.38279724121094,68.56539204070211,67.46980931266485,67.78935369454696,1704653
68.47410583496094,68.7023528544108,67.37852292782007,68.56540324963164,3214817
67.83501434326172,68.47410318678666,67.28721594533064,68.47410318678666,3702534
68.5197525024414,68.70234731706583,67.69806190554013,68.01760631390572,3099444
69.84358215332031,70.25442396800392,68.01760614931193,68.47410015031403,4222858
69.38710021972656,70.2544361862544,68.42845986468264,69.70664468289225,4496763
69.38710021972656,69.79794210586145,68.61106167616795,69.38710021972656,4009644
69.34143829345703,70.48267333426801,68.88494427713263,69.38709048130784,5188679
69.7066421508789,70.75657989075427,68.38281215204474,69.29580027966738,4074882
68.65669250488281,71.16740942044834,68.3371481087381,70.30007363583478,5394325
68.06326293945312,69.15884582974549,67.83501592351337,68.74800398727238,3700318
67.51547241210938,68.7480120145367,67.05897832692798,68.20021353988146,3724093
64.7764892578125,67.5154529806045,63.58960915726294,67.5154529806045,5766908
64.8677978515625,66.10033021409332,62.53967574913564,62.53967574913564,12562431
62.220130920410156,65.27863919592116,61.99188393021463,65.0047400214684,4846733
65.09605407714844,65.73514295858277,61.99189315543941,62.49403242926742,7442257
65.27864837646484,66.00904163402843,64.13741326498818,65.27864837646484,3343602
64.41131591796875,64.95910740762412,63.49832778002757,64.82215779382359,3028680
63.81785583496094,65.50688206298824,63.22441230469597,64.13740020801288,2916745
64.27437591552734,64.73087005276042,62.44839936659502,63.72658434395719,3066537
63.5439567565918,65.18733777081927,63.13311498580739,64.27434986636955,3536220
62.76792526245117,64.22870467544999,62.128836445997216,63.04182444981468,2124482
59.84636688232422,62.494026540684075,59.481170284967284,62.494026540684075,7041255
60.5311164855957,61.39845243262601,59.800723187167335,59.937672801316,4213698
61.672340393066406,61.94623260577547,59.43551567877573,60.07461143952112,6828282
63.17877197265625,64.09176004720646,60.66805476764316,61.444100203447825,11110591
59.66376876831055,63.452670638388284,59.38987652761642,63.178771432148004,6717626
60.165916442871094,61.30715155383016,59.93766942067928,60.165916442871094,2892850
61.07890319824219,62.037536491192355,60.07461771563175,60.668054387938255,5950455
61.58103561401367,62.220131370511595,61.03324422669074,61.809282605860346,3283026
61.261497497558594,62.037535956268556,60.9419530693305,61.62669411505332,3078805
60.75935363769531,61.5810372578408,60.622404045822535,61.26149285383471,3161336
60.3941650390625,61.307153151624156,58.476891395792336,60.53111464905605,10552247
59.80071258544922,62.037530346320345,59.48116818611698,60.75935274899141,4724311
59.75506591796875,60.485459154352974,59.43552148913045,60.165914725514675,9665743
61.21585464477539,61.85494352598398,59.89201772577705,60.257214357416125,11001198
63.13312911987305,63.5896231742965,61.35279812829368,61.946241792153465,13327374
65.09605407714844,65.8720925661891,63.17877350175266,63.9091667652888,11046556
64.41131591796875,67.51547001453139,64.22871411105248,66.64813406970595,12534795
63.909156799316406,64.59389776502337,62.859219258790006,64.31999859252247,6200799
65.46124267578125,65.82643930159344,64.18306493375802,65.00474863490258,5319324
66.9676742553711,67.56111790030737,65.6894895506344,65.82643915570374,8901828
67.3785171508789,67.97195377813114,65.87208555855989,66.64812396504372,7408808
66.69377899169922,67.69806444083547,66.41987979395935,67.69806444083547,3962991
67.3785171508789,68.24585296420574,66.46552915135776,66.64812396504372,7751928
66.69377899169922,68.2002036826306,66.37422760582074,67.65241225269683,5296795
66.64813232421875,67.83501965867687,66.37423310379103,67.05897418931382,5567624
65.78079223632812,67.42416655818295,65.46124084421689,66.83072292853562,5050030
66.2372817993164,67.37851679265029,65.73513561603126,66.64812361069836,3913385
65.64383697509766,66.78507194696812,64.41130459858667,66.14597618339337,4332510
65.09605407714844,66.64813105522975,64.68520525432946,66.14598481585536,3789439
65.18734741210938,66.55682947133207,64.91344821404645,65.23299263475589,4812399
65.32429504394531,66.32858046402274,64.91344625922335,65.6438394550319,9265724
67.92632293701172,69.38710265237331,67.28722702272738,67.74372111912457,7267624
67.60677337646484,70.30008555636675,66.73943047923366,68.93060337020376,12971969
65.23299407958984,68.06326263710729,64.86780442814538,68.06326263710729,6417056
64.59391021728516,66.10034202535591,64.13741615214533,65.27865131499489,6416069
65.68948364257812,66.37422464079351,64.36565383224662,64.82214783105688,7793935
65.64383697509766,67.15026853107575,64.59389940786774,66.64812235723456,8540124
66.28292846679688,66.64812506574573,64.5939020328974,65.6438396427957,7591689
64.73085021972656,66.83071842828664,64.45695103508821,66.28292702455556,6360330
66.37422943115234,66.78507823906072,64.45695589088497,65.18734912791356,9396530
66.87637329101562,68.10890574012994,65.64384084190131,66.69377847097866,11615133
65.1417007446289,66.83072736770481,65.00475113399106,66.64813253055206,11147566
65.23299407958984,65.68948810944154,64.91344965180288,65.50689328371931,8590291
64.41131591796875,65.50689889727948,63.909169655882415,65.50689889727948,7272249
63.17877197265625,64.09176004720646,62.9961771439647,63.909165218514914,7738634
62.31142807006836,63.63525782160259,62.1744784833987,63.4526630164066,4138151
61.900596618652344,62.53968550916979,61.62669739954688,62.402735899617056,7350305
61.80929183959961,63.49832540402736,61.53539958779386,62.0831910569518,6836123
61.99189376831055,62.265786020684594,61.30715268905575,62.17448860322658,4838776
61.900596618652344,62.17448887221133,60.7593614816237,61.991894036505336,5128196
60.80500411987305,62.26578363998861,60.48545968821436,61.67234696642799,8983855
61.124542236328125,62.22013198738141,59.709415052176,59.89200986124548,10461436
60.120262145996094,61.170199804404795,59.89201513180055,60.85065537764026,3484887
58.75077819824219,60.71370385120226,58.52253119128278,60.71370385120226,6153618
58.88772964477539,59.16162884794627,57.70084586786941,58.43123561652132,6615929
58.79643630981445,59.298575596390044,58.339942249902144,58.52253708764844,5987301
58.24863815307617,59.618123740464405,58.06603984257286,58.796433084586084,5801249
57.153053283691406,58.705137222612855,56.377014797003866,58.24863969290037,5045201
57.700843811035156,58.339936124364044,56.14876347374296,56.60525748572461,5023042
56.01181411743164,58.06603718016541,55.69226970078223,57.88344236080742,3881241
56.01181411743164,56.51396031898491,55.55532010349081,56.24006112440206,4252067
56.05746841430664,56.46831025609371,55.55532219385922,56.05746841430664,3714715
60.02896499633789,61.991890720125845,57.74649484438588,57.88344444661222,12597503
58.79643630981445,60.57676035725382,58.06604302773613,60.57676035725382,5274759
59.1616325378418,59.38987956620454,58.52253667909821,58.8877333175879,10055230
58.979026794433594,61.62669353961516,58.705134558029606,60.257211460957045,8012364
61.80929183959961,62.0831910569518,59.16163191107852,59.344226745615686,7448138
64.63955688476562,64.82215170899508,61.26149691215233,61.62669352615729,7770706
64.41131591796875,65.23299966967843,63.86351746276667,65.23299966967843,10842080
62.6766357421875,64.54825720620421,62.26578690944245,64.3656623686819,4104774
64.36566162109375,64.82215567514406,61.90059651544067,62.0831913508422,4710748
62.81358337402344,64.45695775658588,62.08319011585368,64.36566034070124,7040284
62.402732849121094,63.22442350072348,61.85494140323488,62.99617648447538,4792922
62.07699203491211,63.28689132699083,61.84431964032759,62.82154653782178,4864404
60.587890625,62.30966493888148,60.16908315156327,62.123529861931395,4982307
61.704715728759766,61.983918314050825,59.61066438638915,60.49481655737339,4984037
61.9373893737793,62.635406502256465,61.378969990519636,62.03045690412344,4586585
61.75123977661133,62.54232434017281,61.47203721919957,61.890844605615484,2979053
61.65816879272461,63.05420280312592,61.285891636498356,61.937378435043335,4196963
61.2859001159668,61.75124485048529,60.587883014189046,61.518572483226045,10026686
60.634422302246094,62.30965914070314,60.40174992741061,61.425506956567254,7474667
60.02946853637695,61.00669528302184,59.191846625052314,61.00669528302184,6489309
59.84334182739258,60.587889218506994,59.47106458153643,59.79680450893636,2523540
59.098785400390625,60.820559617920274,58.81957925029106,60.68095476772108,6911446
60.122535705566406,60.35520806286395,58.633434038981484,59.098778753576575,3388105
60.72749328613281,60.96016567420229,59.657198880893674,60.12254365703262,7069181
60.541358947753906,61.146301483569,60.0294768475742,60.49482162933835,3456625
61.704715728759766,62.868077585632335,60.26214418599888,60.49481655737339,8164192
63.798770904541016,64.6829231286504,62.076989572436915,62.35619927510182,7878180
63.89182662963867,64.49677613986992,63.6126169785792,63.79875911281764,3985838
64.21757507324219,65.33439962558137,63.37995310868912,64.07797022905045,6407062
65.79975128173828,66.07896099943993,63.42649708366654,64.543321753277,6683580
68.03340911865234,68.31261884208769,65.28787760746377,66.12549967717158,20164926
68.7314224243164,69.01063213189921,66.54430338357714,68.31261496354001,13757355
67.14925384521484,68.91756544700706,66.82351391607894,68.40568334365213,4570483
65.70668029785156,67.47499184919128,65.33440306063304,67.14925192934922,4542388
63.84529495239258,65.52053880532121,62.681933138024654,65.33439665466413,5025170
63.75222396850586,64.26410597929456,63.14727443773648,63.47301430796718,4835452
61.75123977661133,64.31063560616685,61.518567428469915,64.1710307771627,6342661
62.728477478027344,63.05421740242214,62.03046031121086,62.356200235605655,3017441
63.42648696899414,64.26410888792479,62.54232773766853,62.96114224743233,5451127
63.798770904541016,64.35718320927313,62.35619927510182,63.798770904541016,5917414
63.240352630615234,64.58985675017539,62.86808248786551,63.84530226348028,4176351
64.26410675048828,64.86904918792058,63.28688002747245,63.37994754856998,5283091
61.75123977661133,65.14825747959524,61.518567428469915,64.82251761231659,6841872
61.9373893737793,62.635406502256465,60.68095286204247,61.7512472124936,6236877
62.44927215576172,62.635414340340915,60.960170182119676,62.076994887201636,3031714
61.65816879272461,63.24033783094096,61.47203376490956,62.542320825740305,4302826
59.424522399902344,61.98391849238566,58.633437755072414,61.79778343498943,12131637
57.283939361572266,59.84333909703737,57.00473321506842,59.564129400234755,10579797
57.981956481933594,58.773044705422556,56.72552704797299,57.051266960392766,5026025
57.14433670043945,58.86611085472701,56.91166432551958,58.02848888489601,8028637
54.81761169433594,57.65621389321272,54.352266955166016,57.65621389321272,8542201
56.353248596191406,56.585920971526875,53.84038623250858,54.81761304915651,8823980
55.60869598388672,56.63245298355432,54.44533414321963,56.120574483720524,6467008
55.050289154052734,56.26018487770576,53.747322343780894,54.81761676295412,9264426
53.88692092895508,54.86414414781208,53.375038887855126,54.44533318250236,4471359
55.18989181518555,55.79484146703213,54.02652983109521,54.02652983109521,5274512
54.95721435546875,56.02750870235127,54.58494068503474,55.282957811184545,5497938
53.747314453125,55.32948719037624,53.188902216588524,55.096814833436305,16880937
53.51464080810547,55.562158209953516,52.8166237540867,54.16612410191598,12338857
51.88594055175781,53.9799919641606,51.560200641059104,53.9799919641606,9698903
51.653263092041016,52.49088499473401,50.90871226203524,52.39781392204679,7587853
52.21167755126953,52.444349917452186,50.303764858631425,51.74633281890421,5629413
53.28197479248047,54.07305946098295,52.258217744971525,52.258217744971525,5798705
52.118614196777344,53.46811473871796,50.30376888522265,53.28197612081255,8336718
47.5582389831543,52.11861962002628,46.86022175610038,52.11861962002628,20675582
49.698822021484375,51.88594098363467,47.418631976717805,47.83744297274412,20698816
50.72257995605469,51.9324756486164,48.5819947230149,49.745356648612486,11745308
52.072078704833984,52.53742345903215,50.117628607022475,51.0483181154188,7338648
51.51366424560547,52.77009724568049,51.280991862291444,52.211681395547544,11904371
51.60673141479492,51.97900506968151,50.02455861820591,51.56019765172142,7447749
51.653263092041016,52.072074043387516,50.62950614457037,51.04831354561847,7509337
52.81663131713867,53.04930370179567,51.18792462453968,51.65326939385368,8245510
50.11763000488281,52.25821877413775,49.978028704908894,51.28099192282623,7278914
50.35029983520508,50.815644578784784,49.32654281944917,50.16416477801211,7314423
51.46712875366211,51.83940597460417,50.16416558096229,50.35030064113462,5761504
54.1661262512207,55.1433494555634,51.374057924356734,52.11860876812743,10295942
56.213645935058594,57.47007531121676,53.74731739632013,54.81761171697236,13876046
56.958194732666016,57.423539455072934,54.91067724401589,54.91067724401589,9565117
59.47106170654297,60.587886289523176,57.37701028800693,57.7027501996597,33622571
59.84334182739258,60.26214929110707,58.16809777133887,59.79680450893636,10918356
59.936405181884766,60.02947271170592,58.81957707253748,59.377989352061775,10435287
59.51759338378906,60.16907673453074,59.098782404719515,60.122539419957405,12557507
59.61066818237305,60.029475637277756,58.67997508731019,59.61066818237305,10420154
60.262142181396484,60.5878820703657,59.19184788855729,59.657192615826766,18037975
62.402732849121094,63.75222976298925,59.65719460626903,60.63442140637858,18160706
62.542335510253906,64.07797470237219,61.099770954492605,63.05421760782595,13710399
61.797786712646484,63.24035123547187,60.82055985799246,63.007678851087356,7243291
59.37799072265625,61.37897106238827,58.49383496775198,60.86709608625786,16576534
59.2383918762207,59.79680419174388,58.447303620547466,59.65719933771363,10135989
57.79581832885742,59.564129854018105,57.60968326330266,59.28492370538716,5874118
58.168094635009766,58.44730077919806,56.772060363769526,58.168094635009766,7001421
55.23642349243164,58.49383692451133,54.67801118133754,58.168097001422915,9081992
55.23642349243164,55.6087007333603,54.53840632841457,54.86414980180187,5139225
53.97998809814453,55.79483323564185,53.793849498091234,55.65522839802725,4218735
54.1661262512207,54.91067709499141,52.816625849843426,54.21266001327541,8486582
57.19086837768555,57.47007450733759,54.02652277416615,54.44533374379351,12749464
57.330467224121094,57.795811937142524,56.21364275310838,56.865122511099656,7059183
56.8651237487793,57.70274567056823,56.492850100438595,57.70274567056823,6976429
55.65523147583008,57.33047186835565,55.422559100471005,56.53938721225429,4814837
55.60869598388672,56.120574483720524,55.05028372048595,55.84136835202014,4933745
54.07305908203125,55.887904335622736,53.79385293923996,55.8413705702073,7716452
55.70176315307617,56.02750659654885,53.60771185333198,54.11959390017496,11906599
55.794837951660156,56.30671648234902,55.096820805184755,55.841371718032086,10786215
55.09682083129883,56.4928551249113,54.771077365943306,55.70176689501829,8748155
56.8651237487793,57.935418032143104,55.14334969324464,55.42255581707479,9254939
55.050289154052734,57.23740821026017,54.445339517076754,57.23740821026017,5162218
53.60771179199219,55.51562803648153,53.28197189919079,55.51562803648153,4657499
54.119590759277344,54.538398154681325,53.65424605300771,54.398796872979446,674171
54.398799896240234,55.18988452074448,53.88692140095522,54.445333659393675,14361888
54.53839874267578,54.91067593182446,54.212658864894486,54.63146981511215,4477801
55.18989181518555,55.56216907021406,54.35227331681992,54.81761811045605,8154223
55.37602996826172,56.12058092164073,55.05029003562684,55.469097506071975,6997405
55.562164306640625,56.5859213447496,55.09681955290042,55.608698071954905,9648773
54.6314697265625,55.980970097166114,54.398797371296304,55.934432785874165,5308306
54.81761169433594,55.14335159163544,53.8869222159961,54.631473088608246,8233444
54.67800521850586,55.282954781468305,53.51464340534616,55.282954781468305,9181608
55.42256164550781,56.16711257078732,54.584943185930435,55.42256164550781,25224076
53.51464080810547,56.58591513572838,52.677018923163615,56.58591513572838,24360351
51.56019592285156,53.93345326300789,51.234452491662466,53.840382189683105,10060059
50.862186431884766,52.07208216309295,50.58297672058376,51.46713252233938,6076033
50.72257995605469,51.60673572956862,50.443373803971035,51.18792472629372,5676494
52.072078704833984,52.67702475511236,50.722578207599575,50.722578207599575,7099868
51.88594055175781,52.397819075840964,51.51366332498893,52.11861293091368,3922027
51.56019592285156,51.97900332676859,51.28098625317564,51.79286828071588,4758920
51.048316955566406,52.30474989353367,50.76911081945101,51.51366169919162,7025549
51.3275260925293,51.8859383587824,50.908715117690164,51.37405985633395,8206981
52.072078704833984,52.2116800009142,51.327527808176676,51.327527808176676,5254263
52.72356414794922,53.14237160298857,51.56020221662023,52.3512869098044,13251685
52.863162994384766,53.51464635573167,52.630490618925066,53.04930160481227,6969108
52.53742218017578,52.863162080065905,51.83940506586955,52.67702347285785,12572613
53.375038146972656,54.864143386259805,52.63048730247832,52.863159663276456,13401893
52.44435119628906,53.42157799832441,51.69980031640865,53.37504068371423,12052254
51.60673141479492,52.583954640532724,51.18792044653628,52.583954640532724,5536309
51.979007720947266,52.2582174142269,51.094855526557545,51.1879230574516,3605231
51.932472229003906,52.258215676901216,51.42059372550655,52.258215676901216,7119298
49.791893005371094,53.37504650246043,49.51268683876526,53.37504650246043,14587403
48.81467056274414,50.86218840675831,48.62853193141575,49.791893939344355,8338162
47.83744430541992,50.0245633284999,47.51170083263641,49.04734001074712,18892627
49.140403747558594,49.419609881008064,47.60476823843718,47.60476823843718,7113895
49.652286529541016,50.02456377308822,48.90773559274553,49.04734044665046,5730574
50.25723648071289,50.815648799267905,49.23347937992906,49.88495923481026,13996578
51.18791961669922,51.69979810280651,50.303763931441985,50.396835006378716,13368024
52.16514587402344,52.30475071943484,50.862182701478005,51.18792260703969,7255855
51.653263092041016,52.351280160852376,51.00177978442406,52.351280160852376,5634510
51.83940505981445,52.16514495966653,50.76911073121712,51.14138794558975,6911871
51.60673141479492,52.21167743534758,51.42059281220235,51.79287001738749,5836678
51.88594055175781,52.11861293091368,51.18792341429022,51.18792341429022,6340544
52.21167755126953,52.723559597110224,51.885937658733226,52.53742099410439,7649247
51.3275260925293,52.63048923055274,51.187921250816714,52.118610728104294,4026238
52.21167755126953,52.39781615427537,51.46712668954473,51.46712668954473,2983035
52.53742218017578,52.770094551611194,51.83940506586955,52.0255436730776,3198070
52.58395767211914,52.956234898766915,52.39781905879525,52.58395767211914,3504310
53.60771179199219,53.840384158364195,52.723559640017385,52.86316092966146,3878107
53.97998809814453,54.11959293575914,52.86316004812322,53.88692057326713,12142359
53.747314453125,54.49186528527311,53.32850350057343,53.979986810064936,9746134
52.81663131713867,53.514648471109666,52.072080396296045,53.0958374686673,3833784
52.677024841308594,53.561180585791604,52.16514632091277,53.14236959626821,3974582
52.35128402709961,52.81662877400716,51.83940551556103,52.11861165364583,3078686
53.79384994506836,54.166127148268245,52.63048812294189,52.63048812294189,6282472
54.86414337158203,55.37602185514129,53.37503813269326,53.74731532999007,10571670
55.282962799072266,55.701770272309965,54.77108068680571,55.096824171911614,5570014
56.02751159667969,56.1671128989421,55.09682204706806,55.37602820189177,5841008
56.67898941040039,56.865124461755265,55.74829995243191,56.12057360544018,5808570
56.772056579589844,57.09779646771399,56.167107015589565,56.865124104682884,14551255
57.283939361572266,57.79581788854578,56.58592222016326,56.86512836666711,6414265
56.074039459228516,57.42353987411612,55.74829957128601,57.283935036255905,8384043
55.42256164550781,56.12057880363838,55.23642302661322,55.46909541265674,6250007
55.050289154052734,55.841373863668466,54.81761676295412,55.74830632734859,8871316
55.98097610473633,56.07404363671095,54.817614203559756,54.910681735534375,8476777
56.958194732666016,57.65621181627639,55.60869432762627,55.84136668882972,6085340
56.492855072021484,57.70275074862647,56.16711160697093,56.58592260472233,7343803
56.539390563964844,57.516613888343954,56.0740457856606,56.4928567961942,7799785
56.67898941040039,57.702746394046315,56.21364468141615,57.09779682624739,5292349
56.120574951171875,57.28393680152908,54.910679336860106,56.44631839945106,15197956
54.07305908203125,56.39978285578989,53.607714327279524,56.30671532495903,7977888
51.09485626220703,52.49089054750997,50.862183881323205,51.280991326675064,5011428
52.49089050292969,52.86316418184836,50.81564652174991,51.46712989773107,8418747
53.235443115234375,53.37504441793574,52.258219795129236,52.956236959532745,4115182
53.700782775878906,54.166127507818416,52.90969460140261,53.095833204238126,3658979
53.97998809814453,54.166126698197836,53.375038535545926,53.421575848283126,3340932
53.00276565551758,54.11959372175902,52.0720761920328,53.70078275313116,3640927
53.65424728393555,53.840382330474995,52.90969289658399,53.04929773178702,3188511
52.118614196777344,54.21266566004072,51.885941811970305,53.793854657328275,4132841
51.46712875366211,52.07207835011828,50.955250237590796,51.979007269733415,6687073
50.07109451293945,51.74633490699493,49.8384221373679,51.4671287663688,7158438
48.163185119628906,50.210702878252626,47.93051272774664,50.16416910993596,5167878
47.97704315185547,48.34932037303734,47.09288741427256,48.163181762446406,5096324
47.79090881347656,48.72159839933043,47.27903025131674,48.395858464401186,7216081
48.02357864379883,49.000805496966464,47.37209880875218,48.25625102782944,22312622
48.25625228881836,49.00080677741141,47.32556272837597,47.93051236278309,8835835
48.11664962768555,49.280011545423115,47.97704477743751,48.535460628130835,7099808
45.92952346801758,47.60476733761095,45.417644974663396,47.55823002433449,22209900
45.88298797607422,46.20873140524204,44.20774771990589,46.022592810045914,18385687
43.46319580078125,45.18496977504811,42.858246269120826,44.39388520315216,24044762
40.764198303222656,44.486956203979034,40.25231980192837,43.83547286128695,17866454
41.32261276245117,41.9275587712927,40.39192331780406,41.27607544998003,11775256
41.64835739135742,42.11370216667985,40.345390600335065,40.996873995846244,8268039
41.183013916015625,42.625582054991405,40.85727398312719,41.369152542080016,11568670
40.06618118286133,41.08994173539155,38.577079443197405,40.29885355157748,8034080
36.99490737915039,39.32163111368815,35.738477982619465,39.1354925048654,12055075
35.273136138916016,37.27411658513274,35.18006505169496,36.669170494541206,13031174
37.55331802368164,38.48400747705961,31.503836576724844,33.50482032160688,41974955
39.22856521606445,39.83351128202666,32.20185640525875,35.27313470283157,36149525
37.64638900756836,38.57707845868106,36.9018381567379,37.9721288953384,11109146
36.25035858154297,39.60083953208682,35.83154757515027,37.64639290265272,9356819
32.667198181152344,37.18104413088038,32.29492453239956,36.80876693182911,12710992
31.829580307006836,34.15630396175443,30.48007987719352,30.898890845107797,11396652
34.15631103515625,34.90086204880422,31.64344825758249,31.96918821658495,12777728
30.61968421936035,32.57413063749038,29.037511449765407,31.96918107696045,7631822
32.015716552734375,32.5275950090392,29.037509783826806,30.852354810996907,11652363
32.57413101196289,33.17908057944733,31.643441554478237,31.92264768166393,5874349
32.76026916503906,33.27214764958842,31.131562636737534,32.89987045157154,11152198
31.596912384033203,34.29591007283825,30.945428959046104,33.36522048008498,9984277
30.061267852783203,31.596906831066374,29.828595495485658,31.596906831066374,9090303
30.573144912719727,31.271161952282263,30.20087128846533,30.52661115347521,7034191
29.36325454711914,30.52661648282354,29.1771177024961,30.061271708541778,5645202
28.060287475585938,29.688994066086025,27.874150644618368,29.549390999073022,10639666
31.317707061767578,31.92265318320982,28.665239520631285,29.59592913851087,12216361
33.17908477783203,33.923635727973355,30.666222214593454,31.31770562732923,13337227
33.97016906738281,34.43551384912778,33.13254704012229,33.78403044462504,6744006
33.41175842285156,34.34244803295552,32.57413635363836,34.109775630429525,4971715
32.620662689208984,34.90085242432451,32.15531799021799,34.0632305460214,8241923
32.294925689697266,33.0394765641825,32.108787083501305,32.62066558781624,9452838
32.015716552734375,33.78402426999635,31.689973134868914,33.13254098456371,11813368
31.22463607788086,32.248396791271524,30.89889613061515,32.248396791271524,24632398
30.20087432861328,30.852357674512373,29.921668194741848,30.619685304569742,11655125
30.154340744018555,30.991959150614345,29.502857394244955,30.154340744018555,11600499
30.433544158935547,31.085027450469617,30.15433804836332,30.340473088545927,8034445
28.89790916442871,30.340477224270952,28.665236782186454,30.340477224270952,13995409
28.89790916442871,29.782064927009053,28.618703015797763,29.316720162524536,10333713
28.572168350219727,29.270185474979336,28.386029740224092,29.223649934905755,10619659
28.94444465637207,29.31672011229193,28.851375348604755,28.94444465637207,14334699
29.502859115600586,29.92167011848349,28.89790949473652,29.223651188628843,32595506
28.013755798339844,29.31672081276623,27.920686488348792,29.31672081276623,15845975
28.386028289794922,29.316717741919344,28.24642522700611,28.71176995306832,11702153
26.989994049072266,28.618700586516283,26.850390986606914,28.618700586516283,31848464
26.989994049072266,27.40880501161757,26.803855449018965,27.083063349098918,13470518
26.52465057373047,27.73454620563037,25.73356414895776,27.73454620563037,20376200
25.40782356262207,26.98999648013821,25.26822048758227,26.98999648013821,36502236
26.431581497192383,26.617720107619885,25.128616549647916,25.36128892510762,27226330
28.199892044067383,28.85137542501457,26.850393290890214,27.92068589517539,53613887
28.758304595947266,30.898891466449385,28.386029158731468,28.851373899038542,69089712
29.223651885986328,29.595927355682758,27.688014464020146,28.8513764162899,36969885
29.130582809448242,29.875133754839133,28.153359471729008,29.735532449621505,33654540
30.20087432861328,30.573147990342324,28.47909843600795,29.31671861277156,37940322
30.9454288482666,32.20185837386608,30.526617822967097,31.78305089886561,91642146
30.573144912719727,31.55037160834588,30.293938806954365,31.317699261825037,35022500
31.410770416259766,31.736510318975583,29.688994497671956,30.247408548990883,40498597
33.272151947021484,33.5048243382594,31.271167962255863,31.410772817118183,51052291
33.272151947021484,33.92363535254743,32.899874700921245,33.5048243382594,41541291
34.342445373535156,34.90085767623539,33.41175583550221,33.45828960234409,45712056
34.01670455932617,34.57512045589775,33.13254871914551,33.690964615717085,149706283
36.71570587158203,37.274118218177556,34.621654246400155,34.99392796069747,64630249
39.60083770751953,39.973114929449395,37.78599246363418,38.577080672660465,75507939
38.809749603271484,40.717662208105914,38.25133381995271,40.34538501922673,70317645
39.55430221557617,40.20578555036302,37.50678468494546,38.25133554600247,81866339
40.857269287109375,41.276076709743975,39.833508736572846,40.903803050702265,55224827
39.69390869140625,41.787960071485855,39.36816523543687,41.787960071485855,42629869
39.7869758605957,40.67113158977978,39.27509734905713,40.01964823404948,34471524
39.83351135253906,40.531528503168715,39.55430520234697,39.786977585890185,19799619
38.34440612792969,39.833507830834364,38.15826752749198,39.833507830834364,23571379
38.809749603271484,39.228560553185964,35.18005943774383,35.36619803218342,43584191
39.46123504638672,40.01964730965786,38.67014686473759,38.80975170570466,32174670
38.20479965209961,40.438455660993185,37.413715072028076,40.438455660993185,33914922
38.39093780517578,39.27509344650616,37.36718088382375,38.06519793482695,30296333
39.97311782836914,40.34539152699823,38.251339989950594,38.251339989950594,29310661
40.205787658691406,40.90380479321626,39.83351043349199,40.43846003686636,28219723
40.62459945678711,40.85727183958589,40.019649841390745,40.6711332232871,21166722
41.369144439697266,41.83448913856833,39.926576583256626,40.67112739139067,36865827
40.2523193359375,41.55528600623756,39.74044084056911,41.32261364013387,40591791
40.950340270996094,41.50875258184467,40.112718254424344,40.159255572244135,35938924
43.13745880126953,44.114685659468876,41.22954595245449,41.36915080371121,46055970
41.741424560546875,43.975080882641876,41.36915087373028,43.23052995870983,29327965
41.741424560546875,42.672114103036655,41.043407403679545,42.5325128018425,26717326
42.90478515625,43.46320099458156,40.996872363456006,41.88102811142359,28893548
46.34833908081055,47.185961099560295,42.57904709703449,43.41666911578423,112201519
46.44140625,47.6513018581536,45.92952419820933,46.95328475149207,62701725
46.86021041870117,47.37209243493491,46.441403024034805,47.13942008220989,33194342
47.3255615234375,47.65130499147806,46.53447683732254,46.86021675506427,25556054
48.581993103027344,49.047337857749255,47.18595883886161,47.32556013509894,41927350
48.861202239990234,49.51268564658322,48.48892499328025,48.81466847172622,26268273
46.81367874145508,48.814662484054736,46.255266490184646,47.0928848670903,53816347
46.208736419677734,47.55823339312167,45.74339165633878,47.372098328025125,23184293
46.25676727294922,47.1694108108987,45.0559166549049,47.1694108108987,29076620
45.296085357666016,47.07334275074049,44.959844996337644,46.593002518590076,18652944
44.86377716064453,45.82445759806859,44.14326683257649,45.15198055893074,17980227
47.36154556274414,47.64974896547666,45.34411807891139,45.34411807891139,31130208
47.12137985229492,48.034027100138644,46.83317642263518,48.034027100138644,16776010
46.92924499511719,47.55368883970259,46.64104155327223,47.55368883970259,11941105
48.082061767578125,49.42701603067766,46.64104091341671,46.737111169184125,30638769
48.03402328491211,48.370259982024436,47.60171634240687,48.03402328491211,18215827
46.97727966308594,48.418300466681146,46.7371095291534,47.9859934926615,15734602
47.55368423461914,48.41829814113068,45.82446008630131,46.881207158966305,26232020
47.21745300292969,48.418303754126214,46.64104244353196,47.6977933034083,19972698
47.79385757446289,48.37026444113704,47.26548400256068,47.31351729733261,18443993
46.11266326904297,48.27419435977936,45.72838960925219,47.793854117393494,23600645
46.7851448059082,47.07334824590118,45.63232738123073,46.16070096533545,19704630
46.83317947387695,47.553689927321216,46.44890576615774,46.88121277116544,10560743
47.74582290649414,48.46633330146727,47.169412391692404,47.265482643178714,25280637
47.02531433105469,47.9859948948568,46.73711089485516,47.9859948948568,14901694
47.457618713378906,48.1300921393727,46.59300478752214,47.073345043063604,22695057
47.74582290649414,48.610433181638676,47.169412391692404,47.40958252335012,20079095
49.4270133972168,49.85932036337311,47.84188907621211,47.84188907621211,27048138
49.85932540893555,50.53179890800214,49.0907779847925,49.90735870676806,20281106
50.86803436279297,51.492474503146404,49.18684344962506,49.85932054783329,26298038
53.8941764831543,55.62340437585027,50.48376132092462,52.837429361800446,112756334
52.789398193359375,54.95092948154757,52.35709120278063,54.230419052151504,39660917
53.84614562988281,54.13434907015931,52.69332820407125,53.3177720452583,22574630
53.46187210083008,54.18238248674582,52.83742830048764,53.99024565089389,24508088
54.47058868408203,55.95964282458482,53.605974711038854,53.7981115566824,48760656
58.98578643798828,59.85039672246952,53.798110072279194,53.94221361871211,117113064
59.51416015625,60.90714767149613,59.27399002136982,60.04253372004531,64263094
58.50544357299805,60.23466772992249,57.784933202220756,59.89842735806994,36278735
57.640830993652344,59.2739886047469,56.72818376997844,58.601511510213214,45582317
60.18663787841797,60.763044742105166,57.64083295693771,57.9290363887813,73743638
59.17791748046875,60.76304177527098,58.937747354874794,60.618938234032484,28622558
58.79364776611328,59.802361565604095,57.92903384386098,59.65825802366028,21774977
56.439979553222656,59.32202106232339,55.62340259152623,58.985784352143746,36839728
57.16049575805664,58.073143061924725,55.91161170972931,57.25656235227195,43683296
58.55347442626953,58.93774440919103,56.53604327328749,57.3045905685407,25823443
58.31331253051758,59.17792286246552,57.54476879166197,58.55348267795405,23071103
56.584083557128906,57.881000780944284,55.911606466566916,57.64083065322252,20139542
55.143062591552734,57.06442360638446,53.89417500014787,56.632116645106265,26138463
53.02956771850586,55.91160940250394,52.50119414271398,55.431269121837595,24213780
53.46187210083008,53.94221235810724,50.435727014101836,51.92478107871997,36318169
53.26973342895508,54.95092427148032,52.54922306787283,54.23041391039807,30550597
54.47058868408203,54.90289567060362,52.64529414752667,52.83743099317021,22160341
54.8548583984375,56.103746055659265,54.23041823453212,54.662725218593074,22921566
55.47929763793945,56.43997811651849,54.854853860981,55.19109422730678,18732445
54.566654205322266,56.007675022353865,54.32648406915033,55.76750488618193,18216129
54.51862335205078,55.863577640714894,54.134349651088,55.09503023878934,27360333
53.99024200439453,55.09502232269197,53.557935069102015,54.80681892073199,15697096
50.91606521606445,53.99024347148485,50.43572497817705,53.84613993423656,27253422
49.4270133972168,51.444441019672446,48.418299585988976,50.91606746757267,34523774
51.3483772277832,52.068887655680896,49.330945830846346,50.19555981020579,24481334
48.466331481933594,50.86803270834552,48.13009111141278,50.531792337824704,21625654
51.01213455200195,51.30034164205939,48.70650348448014,49.042740203273304,24165575
52.020851135253906,52.453154433429034,51.25230379470854,51.49247392245264,16189540
51.82871627807617,52.501193394364705,51.15623916178763,52.35708984633664,18384412
51.20427322387695,51.876750350247185,50.91606978820557,51.68461350489776,10804820
52.30905532836914,52.50119216634393,51.39640809651793,51.39640809651793,13913795
51.73264694213867,52.98153460798716,51.49247680096866,52.357090775062915,13583076
52.453155517578125,52.597259063085176,51.684611825853125,51.97281525216182,10850162
53.94221115112305,54.662721520917,52.21298333185335,52.549223703247016,25064716
52.837425231933594,54.27844592007724,51.63657465848056,53.84613898069312,16737366
52.30905532836914,53.31776914685505,52.02085190375965,52.83742888427077,10432260
50.77196502685547,52.885462945870785,50.53179489207431,52.30905608827816,12879607
51.92477798461914,52.93349173185273,50.4837572986554,50.72392741298269,18622520
50.86803436279297,51.876748177752646,50.195557264584735,51.780681591453764,15451124
50.81999969482422,52.597257146211355,50.62786286271892,51.01213286222425,23963776
52.020851135253906,52.453154433429034,50.24358999112439,51.44444062984488,24636965
53.02956771850586,53.3658044490901,51.78068372171446,52.21298704254976,18875642
52.597259521484375,53.94221374225381,52.40512268070225,52.83742965628567,17720431
51.82871627807617,53.17366684594778,51.10820586734677,52.69332657212818,17054864
52.933494567871094,53.41383482226087,51.34837392720802,51.780680889099884,15185237
53.077598571777344,53.50990553742972,52.54922502029348,52.93349502832477,13365938
51.78068542480469,53.50990975913741,50.86803812858014,53.46187646243204,20120597
51.6365852355957,52.35709572725518,50.91607474393623,52.35709572725518,13240998
51.01213455200195,51.97281507964572,50.8200013782375,51.68461165429367,13646853
50.05145263671875,51.01213313772836,49.619149343028646,50.53179288722355,15351350
50.099491119384766,50.771964558808406,49.61915085425051,50.38769454552424,12994219
50.57982635498047,50.819996463665646,49.95538260651699,50.33965624629529,9575485
51.49247741699219,51.73264756103545,50.57983380139226,50.6278670972598,11671919
51.20427322387695,51.82871705508621,50.243592661835336,51.156239928715976,13555398
53.173667907714844,53.65400819112583,51.39641032497637,51.39641032497637,22517409
52.54922866821289,54.51862313211468,52.35709181850661,53.17366884887631,21662709
52.789398193359375,53.4138383666793,51.780684325146,53.26973847962342,22041528
54.47058868408203,54.85485871066359,52.83743099317021,53.31777127492631,23878927
54.99896240234375,56.1998131098185,54.47058882399596,55.19109924848081,40249499
53.41383743286133,55.14306536494475,53.029567409391504,55.14306536494475,19585504
53.077598571777344,53.55793883034546,52.45315476975665,52.837428442493284,15417488
53.75007629394531,53.990246426032016,53.36580261672443,53.79810958742158,2578865
55.38323211669922,55.9116056570964,53.70204124698664,54.27844807929171,26801425
58.21723937988281,58.841683198071046,55.43126800687904,55.575367889357175,54298315
56.824256896972656,59.033821463972515,56.43998320501375,57.881004052801345,28987133
55.8155403137207,57.544768292013316,54.47058969857772,57.20852788969838,23428511
56.53604507446289,57.40065897681584,55.52733129818792,56.53604507446289,24196085
57.59280014038086,57.78493698477297,56.05570904994949,57.01638960720454,25057495
59.081851959228516,61.387486672300064,57.83296801660866,58.07313814652422,75949155
59.89842987060547,60.23467025656216,58.79364945456166,59.75432998922866,30119954
62.348167419433594,62.684404136659964,59.99449940473287,60.52287295953376,56608140
66.14285278320312,66.71925963321715,62.444234222084866,63.02064107209888,70704403
65.27824401855469,66.91140544071278,64.07739326523756,66.76730188443246,46261091
66.52713012695312,66.95943345594142,64.94200570497742,65.80661969236519,37361699
68.83275604248047,70.70607999730909,66.62318806499167,68.8807856675675,97738908
68.83275604248047,70.46590988364336,68.35241581514902,69.60129600856469,39355314
69.16899871826172,70.22574584390854,67.48780777719286,70.12967925601535,43645664
70.27378845214844,72.05104612399127,69.07293768341525,69.74541118214125,58476323
69.79344177246094,70.56198179663504,68.2083174365739,70.12967849112528,29242808
69.93754577636719,71.18642607237432,69.31310196365821,69.88950881792387,36847385
70.56198120117188,71.18642500451362,69.93754472724082,70.56198120117188,20767955
72.19514465332031,72.53138137926253,69.64933973505342,70.51395369419834,38943070
73.15582275390625,73.44402251103867,71.71480198001214,72.53137895267,36595158
72.24317169189453,73.68419246231326,71.71480180705406,73.2518891629519,28073186
73.05975341796875,73.44401974634683,70.75411880064826,72.05103598245029,49891456
66.33499145507812,72.86761445726574,63.78918666426072,72.86761445726574,51731072
68.83275604248047,69.0729261561462,64.07738339425288,66.28695137174168,46224467
71.23446655273438,71.52266632941074,68.68866154699836,69.16900183753681,30689573
71.5707015991211,72.62744874745411,71.33053145952672,71.66676818907663,23223241
74.1645278930664,74.88503823139054,72.14710041164088,72.29120394518773,35601036
73.54009246826172,75.70162351277014,73.25188539722983,74.93307620962526,28745694
72.81958770751953,73.92436446262039,72.24317352122762,73.92436446262039,17918812
72.67548370361328,73.49206068984046,72.43531357063995,72.86761687822764,15495713
74.30863189697266,74.6929055457266,72.81958158599016,73.01171474566202,19041567
76.13392639160156,76.51820004116362,74.45273558800153,74.98111277232564,23712305
77.959228515625,78.96793870087713,74.83701671141472,74.9330833010467,46181972
79.2081069946289,80.21682448579544,77.5749530206944,78.77580368664943,46157617
78.63169860839844,80.36092646543705,78.29546189436611,79.8805862084164,35219703
79.7845230102539,81.27357347259117,79.3522123629346,81.0334033338841,41178215
80.0246810913086,80.64911749433178,78.91989715383627,80.31288081668625,25575169
82.66655731201172,83.86740789859289,79.40024225062888,79.73647894898954,43670529
82.47442626953125,84.20365424408831,80.45699851882212,83.4831438095914,37272052
82.57049560546875,83.72331673661972,81.56178536129947,82.71459916303904,20620191
82.18621826171875,84.53988251357104,81.03339728434197,83.0027952064791,35416980
78.87186431884766,82.47441604470315,77.81511727847875,82.47441604470315,31480725
82.04212188720703,82.33032165965872,79.35221336785818,79.49631691878956,25469132
81.46571350097656,83.05083054357047,80.84126967813698,82.2342535426622,19476831
79.73648834228516,82.33032298310104,78.96794094457096,82.13818979837808,16889392
76.27803039550781,79.83254518464565,74.88503932345411,79.64041202338804,42934185
76.13392639160156,80.69715857280165,74.93307581760155,80.69715857280165,55671719
72.96368408203125,76.66231002460026,72.67548431767462,76.51820647771652,47062543
74.06846618652344,74.8370135297264,71.52266135775058,72.05103857237896,40097316
72.43531036376953,75.50948499796343,72.05103670214267,75.46145537114161,28386915
76.75837707519531,78.00725738708704,71.57070066200035,73.39599516489999,45909331
80.3128890991211,80.79322935369647,76.51820401973985,78.29546149578663,47955673
80.88929748535156,82.13818510289082,79.01597338845345,80.84126785662207,41816643
86.07698059082031,86.94159459968284,81.12947401788426,81.60981431953998,94513383
84.01150512695312,88.04636754457208,81.65784088039989,87.85422705073665,98504307
86.46125793457031,88.04638246258642,84.05955632527669,84.53989664713541,70145365
83.72331237792969,86.89355383237437,83.05083158741522,86.60535406164905,37086127
84.63595581054688,86.41321337941375,82.95476483173017,84.58792618022729,57056934
84.34774780273438,85.6446649652784,84.05954073132001,85.21235435815686,18482937
83.86741638183594,85.02023012979758,82.61852871370161,84.53988984657839,18854969
83.2909927368164,85.40449414104705,82.95475604256,84.53988026338044,28371641
86.701416015625,87.42192639802632,83.19493068872313,83.96347802838213,45833754
87.51799774169922,88.81491503465602,86.26911740861196,87.32586456104303,66947755
89.4393539428711,90.35200482428026,86.6533790002394,88.14243672130084,48616071
87.51799774169922,91.12054984958539,85.836806758019,89.72756596630047,69544392
86.55732727050781,88.86296235422965,85.50057999488043,87.37390437761024,38203233
88.43064880371094,89.72756609857971,86.26911753579263,87.13372417943113,43925417
90.35200500488281,90.78430830313349,88.43064398259428,89.19918399386331,27561130
92.22532653808594,93.81045080384138,90.6402022723305,91.16857947071912,70938332
91.40875244140625,92.60960308480514,89.34328786887801,91.07251572713669,50696555
94.05062866210938,95.58771609831055,91.79303080305661,92.8017409974022,62133610
96.40428161621094,96.83659221601889,94.14668402635886,96.06804492485598,67108317
101.11163330078125,101.3518034511394,98.46976164684159,100.4871894439678,85272517
105.00239562988281,109.51759165220014,98.70993458125933,99.71865217297842,147425687
103.12905883789062,106.34733731628077,99.91078035950049,106.34733731628077,75015270
104.76221466064453,107.45211574526185,103.94563034714298,104.61811111535539,57273663
102.7928237915039,106.29930943345148,100.58325548852015,105.67486558005075,51804429
103.12905883789062,104.9543534064945,101.64000833594862,104.8102498535553,43852673
108.79707336425781,109.99792406364256,102.7928198673341,104.13777411652721,162828658
107.16390991210938,109.66167768108969,103.75349129428315,109.51757414396555,101454870
105.38665008544922,107.88442530034293,104.81024323947787,107.59621821265189,50275101
99.2383041381836,106.15520119370109,98.37369017389118,104.90631354201082,64241698
96.596435546875,102.40854867604497,92.22533596271118,100.48718751015517,102669579
100.05487060546875,100.63127741115417,92.51353051834305,96.06804526124503,118996777
100.63128662109375,102.31247756703088,99.71864303934937,100.77539016805625,74913152
100.43914794921875,101.78409476885093,99.91077074907005,100.8234142808791,41887531
97.26890563964844,101.4478645642104,96.88463195395529,98.95009660132138,49603176
94.77113342285156,98.18154482294713,92.80173545295466,97.79727848391315,78179436
99.38240814208984,100.24702217410525,96.06806290367759,96.98070656949791,78988471
99.52649688720703,101.20768773776597,98.75795689602636,101.20768773776597,47450305
99.19026184082031,101.68802968037289,98.80598817410208,99.57453550753853,35702981
100.91948699951172,101.3517902822215,99.47846628459861,99.81470298552959,34637782
99.28633880615234,101.35180356748575,96.50036359291738,100.87146326621804,48340372
100.583251953125,103.12905690940795,98.42172068769042,99.71864531048,56713336
100.34307861328125,101.4958996490709,99.43043503984889,100.2470120259848,36218955
100.82341766357422,102.55264553170447,100.58324753352339,100.87145462134866,36910799
100.00684356689453,102.02427125152946,98.95009643012489,101.20769425172614,35350727
88.57474517822266,97.0287370836084,86.36518427594554,97.0287370836084,125893617
92.08122253417969,92.51353314778865,87.95030086818205,88.67081122811993,76861733
90.44808197021484,92.89781315712503,89.63150490791145,90.97645191433517,38846301
93.33010864257812,94.09864861694798,90.35200066689808,91.264644176903,49515934
90.1118392944336,91.21661607287783,88.19047817795878,88.76688504701902,43657515
89.91969299316406,92.22532765030377,88.76687932929948,92.22532765030377,35631799
90.54414367675781,91.26465410389382,88.76688608903788,90.30397353437914,34186730
91.88909912109375,93.0899498484227,89.87167136506335,90.49610787974547,40943046
92.51353454589844,93.33011150028646,91.74498721858586,91.93712038570875,24546834
94.14669799804688,94.57900133259994,92.60961051702225,93.13798044487473,26892254
94.0986557006836,95.25147674313803,93.81045593712811,94.72309951583672,32345591
93.81045532226562,96.2601862787797,93.61831481841048,95.01130598606981,39809692
94.96327209472656,97.4130104597692,92.46550409922705,93.13797756091157,40125740
95.92394256591797,96.4523197512373,92.56156095238467,94.09864822411784,37404501
97.0767822265625,99.33438027916384,96.06806461632641,96.64447153814203,55562146
97.98942565917969,98.9020693389466,96.30823453267415,98.37369938254899,25421812
98.8540267944336,100.53521770138175,97.6051391889364,98.5177900789261,35150275
98.6618881225586,99.86273879264529,98.22958481309172,99.76667220492052,28791094
105.62682342529297,106.15520065897987,99.14222971988018,99.67060695356707,70028129
105.0504150390625,106.77964293387119,102.88888383525706,104.71417831768603,64737614
102.4085464477539,106.2032390654649,101.01556256455798,106.01109855540996,61946163
97.50907135009766,103.75349463852756,97.0287310971415,102.16837033789015,66640242
99.38240814208984,100.19899254030034,97.65318740747057,98.46976447626953,40412520
101.20768737792969,103.12904834316579,100.53521397186122,100.87145067489546,40666745
100.15093994140625,102.79281125880546,99.81470323961933,100.91948725641382,31394002
98.90205383300781,101.3037550657609,98.42171358645719,101.06358494248559,19494462
100.77539825439453,101.83214546789607,99.23831073208217,99.7666806741272,27004076
103.08102416992188,103.70546065312949,100.39111574452436,101.44786286542666,41530007
103.2251205444336,105.05041502664685,102.4565805141512,104.04170486263668,35294915
101.9281997680664,104.04170126952694,101.64000001519263,103.7534941872426,26772472
102.16838073730469,102.79282459559008,100.77539679370842,101.92821058638042,21200089
101.20768737792969,103.27315188144058,100.96751725727518,102.984944804891,19973552
102.26443481445312,102.74477505750721,99.71863738979476,101.15965811895705,29739476
100.53521728515625,102.2164081851441,99.62256639894501,102.2164081851441,25038000
103.84955596923828,104.13776303819512,100.24700425432893,100.39110778880735,31238619
104.37794494628906,106.15520252724305,103.65743452189601,105.67486224431434,38360946
103.8976058959961,104.81024951262376,102.79282176627076,104.81024951262376,19048139
108.89314270019531,110.47826712923616,104.04171014999297,104.71418362684123,95358858
112.4476547241211,114.51311192213535,109.51757628644755,109.90184994982596,93023993
119.74883270263672,127.48230677635695,114.32098609846601,116.00217707050227,360661838
122.58283233642578,125.27273338271718,120.18113104719562,122.96710600858475,140351463
120.7575454711914,123.68762415974994,119.36456156775868,123.68762415974994,62530141
118.5479736328125,121.2859115565232,112.01534338552865,121.2859115565232,86326236
117.34712982177734,120.6614747641664,116.91481917967602,120.08506790410885,45450324
120.9977035522461,122.871034886326,115.42576116460246,117.20301858713181,84445896
120.56001281738281,123.42933591901816,118.95514561119947,120.56001281738281,73801920
118.12838745117188,121.28950123349597,113.75146067564619,120.94907507954625,73972898
119.92779541015625,120.60864771120026,114.724109915062,114.96727251125394,44593802
118.12838745117188,121.6785628754672,117.59343418660333,120.80317603621535,44246677
117.4475326538086,119.83052310167945,117.25300554731305,119.14967080821162,29338636
115.59950256347656,118.12839220700181,114.96727829741177,117.44753987169136,28009357
117.7879638671875,119.24693949086216,116.28036017516395,116.62078633654127,25945027
119.19831085205078,120.12232577432904,117.49617263257647,118.66335015763678,27616278
119.44147491455078,121.33814027113674,118.42018900209136,119.58736654141599,30981874
118.76060485839844,120.51137843616412,118.37154323881349,120.02505326686622,30099781
118.0311279296875,119.44147550244145,117.6907017641034,119.44147550244145,18570986
117.64205932617188,119.24693392140469,117.30163318069422,118.66334518333822,22789936
122.45669555664062,123.42934602584232,118.42019462530673,118.6147217508534,61606669
119.63600158691406,123.04027805483439,118.71198665677207,122.55395284513149,31062811
120.4627456665039,121.09496988498988,118.80924302190982,119.63599434420686,19773453
120.02505493164062,123.3806956780463,119.05240457955396,120.70590720980799,33870196
121.04634857177734,121.3867821744075,118.37155976715545,119.63600835217949,24078290
120.41412353515625,122.84574955629645,120.07368995560965,122.55395146546614,26731429
120.65727996826172,121.82445743043967,119.58735863707639,120.80317158548397,19316578
121.14362335205078,122.5539636158441,120.70592617241067,121.58131311095644,23276074
121.04634857177734,123.04028501260736,120.75455788189548,121.43541024568736,22522585
120.75455474853516,121.97036780999699,120.26822952395044,121.97036780999699,13479996
122.35942840576172,124.93694613697497,121.19224342450607,122.79711813577387,65614163
118.46881866455078,122.89437341915482,117.8852225028593,122.21352112482603,48822351
120.31684875488281,120.80317394373962,119.05240771629518,120.02505809400881,20890960
119.53873443603516,122.01898847852841,119.24693635069075,121.48403521637508,18344408
119.24693298339844,120.36548238465502,118.7606078020463,119.63599461262682,14838935
117.83659362792969,120.36548310188319,116.91257132541459,119.44146822010148,16292819
117.05847930908203,118.51745497331007,115.16181391387919,118.1283933120358,19451371
119.39283752441406,120.60865053382766,117.3989012206823,117.44753670935233,16366211
121.581298828125,123.18617345680296,118.95514574173093,119.24693640647828,30163350
129.80020141601562,130.33516213935889,122.1162686891631,123.08891915288967,102355625
128.97344970703125,131.79412994641933,128.58438063994737,130.7242085637729,50457587
128.04940795898438,130.967358902294,126.54181184478051,129.3624918200601,33758053
130.8701171875,131.69686114093474,126.05550056913376,128.5357472709056,39952286
131.45370483398438,133.05858701131407,130.62696084093724,131.55097581738679,47743493
128.4384765625,133.25309263465607,126.73633851789673,133.25309263465607,66874756
126.49319458007812,130.09199829355,123.57524321648448,128.8275497343658,31526384
126.05549621582031,128.04941763795858,123.04027407656662,126.73634851909682,32222624
129.99472045898438,130.5296811490703,126.29866079977388,126.68771502449056,31898731
128.92481994628906,130.8214853530018,128.38985923119878,130.67559372228084,23715152
128.48712158203125,130.38378686134283,128.0494170363334,128.92481128626207,17472608
127.51446533203125,129.31385955363177,124.98556851498586,128.48711567066928,21755033
126.88224029541016,128.19532425734005,126.54182156409037,128.0980532818389,18082061
122.74848175048828,126.63908348483953,121.82446680687343,125.47190593282772,27402061
121.53266906738281,124.35335681726359,118.37155514888784,123.62386898991859,30434681
122.45669555664062,123.13754791678814,120.2682320009368,121.58130865021226,22809811
122.60258483886719,124.01292493850181,122.06762415515277,122.94301099180656,18144345
122.2135238647461,123.13753877358411,121.14360991221427,122.99163972989032,16968193
123.76976776123047,124.11019392907922,121.7758314026774,122.21352855054056,12708091
125.61779022216797,126.54181995326499,124.49924822547895,124.8883024395968,17545528
125.52053833007812,127.12540556936828,124.74241503408663,126.73635134210626,24301446
129.75157165527344,130.57833052254378,125.18011724214483,126.15276774883044,31166001
129.94610595703125,131.11328352784344,128.97345550777644,130.18926856934496,25276744
130.18927001953125,131.7455018507931,129.60567380689042,130.38379714325546,19000628
128.58438110351562,130.91875099003255,128.38985399000606,130.72420903505557,14304796
126.49319458007812,128.92482071640615,125.71507124815953,128.7789142433456,14561241
129.60568237304688,129.84884500414077,125.95824290663843,127.02816442003925,16351745
129.11935424804688,130.62696549569637,128.14670374523672,129.55704400601766,14453584
127.46582794189453,129.11933052457516,126.83359632634838,129.11933052457516,13771980
129.36251831054688,129.65431643292462,127.70901540569835,127.90354254012718,13305823
136.21969604492188,138.40815951812726,129.16798040903788,129.45977850709215,68917060
136.4142303466797,138.11636869325145,134.71209200010793,136.17106772574087,24490647
134.12847900390625,137.63002624423314,132.37772022520952,136.9978094454223,27560843
130.626953125,135.53884066731706,129.5570317366455,133.83670244859601,21535092
132.13458251953125,132.5722722966354,127.61174857886975,131.06466098308155,22526116
134.07986450195312,135.83062336086235,132.66950953904558,133.20447023103114,21321952
139.72122192382812,140.93703490555816,134.95524097203324,135.39293067716264,42890085
135.29566955566406,141.37473424020206,134.90660051097373,141.03430068128134,29040576
134.9552459716797,136.56011323043154,133.00994512884466,136.46285709317036,18192368
136.21969604492188,138.94312022431546,135.24704561238616,136.17106055500153,29196888
147.4538116455078,154.40825630798918,135.10113926769444,135.97653356266764,126746990
154.4082489013672,156.79123938068543,147.16200648814763,148.32918398399053,111302311
159.27151489257812,160.43869249143617,152.3170699498865,154.40826252944598,90310679
163.98887634277344,167.78220726611562,159.51467821242298,161.70314178545928,93787605
174.4934844970703,179.6971703323201,163.7457089159977,164.3779257708368,161189379
171.13783264160156,177.84912921745808,168.07398985882966,177.84912921745808,101232618
172.8885955810547,178.96766012328587,172.01321622355985,173.47219171369534,73313810
172.0132293701172,175.27159930890278,170.2138201915058,175.2229638205546,43365657
186.26255798339844,188.40238596843895,172.15912670006017,172.9858855049809,126307288
190.44496154785156,193.26564192321896,184.60905883346265,189.56956723581237,104950239
218.06822204589844,226.04395255270026,194.53008475842282,196.13495202109274,305037222
216.51197814941406,230.51813753117736,214.66393354280723,228.57283679251762,126938132
250.262939453125,257.6064678828376,216.9983131301249,221.27796901178786,273591610
223.4664306640625,260.524417050272,215.4420648186718,258.72500786350656,245771135
224.05001831054688,229.83728503456982,211.5514551392938,218.84633290271773,219286012
219.9648895263672,227.98925560007655,214.51805600545728,227.60020136339293,82393222
215.92837524414062,227.40565221189723,210.0924732105152,222.25060244723483,85764004
207.7581329345703,218.7490706638178,202.31128471713737,218.45728741480355,92057542
219.13815307617188,225.94670634184052,208.39036245278697,209.16848579429993,113036438
218.11685180664062,226.33574470352494,216.60924072106604,225.1685671939233,78577000
212.0377960205078,218.6518219839365,210.67609134044952,218.6518219839365,64733467
208.43899536132812,211.7460009699407,195.89179559377743,204.7429206660465,115032835
216.85240173339844,219.04086511343345,208.53623792097193,213.9344505600184,59687720
222.25062561035156,228.57285347235282,221.0348125599667,221.7643003901976,91597155
222.5424346923828,224.58499181294124,220.01353748620343,223.70961231005458,49974804
225.02267456054688,226.77343339635573,224.29318676513745,225.46036426949908,14860447
228.13514709472656,229.20505359610985,222.4937719843172,226.62753605397117,53880144
235.28411865234375,241.16865636128625,228.2324034672683,228.57283703347937,103894620
230.51815795898438,234.79781402669894,229.83730560841178,234.79781402669894,47845906
233.1929473876953,234.70055856642034,229.10781843094904,231.00448385642392,50433666
233.29022216796875,235.77046900394566,229.5455119057995,235.38141475086218,42038250
235.04095458984375,237.32668888247065,232.75523513868362,235.23549653587165,32578602
237.81301879882812,240.87686157069248,234.89506764792228,235.52728446069838,47776299
243.06533813476562,245.59423520614874,236.3540560597788,237.8130317144688,58883464
230.61541748046875,245.15653809961108,226.09258418217183,243.55165602287317,82052417
221.42385864257812,231.87985049070474,217.8736906028244,231.87985049070474,62459802
230.4695281982422,231.49081417022805,216.12293362256628,217.82507196205324,61158286
232.0257568359375,239.95285169172658,230.80994383097186,233.4360969534042,67847218
236.15953063964844,237.71576244429883,227.6002037689334,232.90114571748035,51777691
221.132080078125,233.72790011459466,219.57583346141274,231.49080116862118,80108784
212.67001342773438,220.54848795270942,207.41770697206297,219.81900012045128,83187881
210.87060546875,222.0074493576071,207.2718020290559,215.8797489919296,222571262
219.04086303710938,221.08343477570037,209.11983210995382,213.98308401948762,67127202
220.2080535888672,224.14729083754102,215.15027427124045,224.14729083754102,78572738
219.42994689941406,222.05610013945216,218.21413384000124,220.59712446815678,48145736
214.8098602294922,220.40260037974895,214.08037238380652,219.42994991883472,34399066
220.25668334960938,221.52113185649097,216.6578797849983,217.8736928028715,36287629
223.12599182128906,224.4877112617448,220.7916368397464,221.76428722230034,30348053
221.4724884033203,224.58496664885723,220.5971089985173,223.61231626953526,23516676
221.76429748535156,223.6123273611424,219.23540043708942,220.20805086465677,26363105
223.9527587890625,230.03182390277212,222.73694576632056,223.8068671629205,40382575
222.78558349609375,223.709598434377,219.332671508487,223.709598434377,24698002
221.618408203125,226.04395582221645,220.84028488454297,222.73695027007756,20127541
215.83111572265625,223.7582253103794,213.15632714869085,223.5150627127462,40645402
209.89796447753906,216.6092464668732,208.14719074596175,216.6092464668732,38813929
203.38119506835938,206.15323967388377,197.25349486654062,204.74289962811173,47944121
206.1046142578125,210.335649443317,204.1106928067838,207.17453563665444,33006180
212.0377960205078,212.71864836053695,207.46634191863447,208.63351947889416,21655596
212.08642578125,215.19890413834727,211.50282959615222,213.9830911206165,16940883
210.87060546875,213.4481230405867,208.29307305544634,213.05906882495862,18770416
211.40557861328125,211.7946328518525,207.95266659045691,210.67609078485927,15870056
215.53932189941406,216.12290320020972,212.5240999001706,212.71862700043582,19058757
213.44813537597656,217.14421000391116,212.8645540188087,214.95574652122897,14504319
212.37823486328125,214.9557526576568,211.11378629111903,212.7186536209803,14315067
214.9071044921875,215.92839038799175,212.37822233846984,212.91316818923013,12737974
217.29010009765625,217.7764253125941,210.09249285316278,215.15027212022315,19062825
220.11080932617188,222.00747481743562,214.95575874985005,218.16550834201033,32469988
217.38735961914062,220.35394624219185,216.90103442983605,220.20803978052032,17271276
222.2019805908203,223.51506456551098,213.49676249168513,215.39342780065266,27537005
223.51507568359375,226.48166251516702,220.88892244504962,224.00140090708223,34595209
225.4117431640625,227.06524597086664,224.09865911195644,224.63361983101697,22061859
226.7248077392578,230.2263401749595,225.46035928686544,226.62753676543267,25489182
231.2476348876953,233.09566472939065,228.08652105642292,228.47557528368486,32665403
238.59115600585938,239.95286068587473,230.0318291617787,232.46345526285458,50250827
237.7157440185547,241.70361646420884,235.86771425581748,237.0348917292024,36940487
241.0714111328125,242.43311577631312,238.29935151533286,239.1747309516593,25339181
232.56072998046875,243.74621022515564,231.2962814192975,243.16261401493256,30408196
241.70364379882812,242.87082140421086,229.5941483152288,232.46346425722302,36751594
241.8495330810547,245.25380972115823,238.44525644095114,243.1626171502534,35990609
235.332763671875,243.94072573479176,232.02575821529572,239.07747368601787,35507032
223.27191162109375,237.18081589078153,220.40259578944935,235.8677318593075,43279408
232.2689208984375,234.2628572074211,216.90104145067886,220.06215528348025,39449718
234.45738220214844,235.72183069213455,226.14121830272262,229.0591695066287,35920383
237.37533569335938,243.16260266857802,236.20815816884368,238.0075525237107,34523855
239.3206329345703,242.72490932100382,238.5911451374774,241.16866275061875,24939671
243.01670837402344,249.3875566207824,238.10482088578178,242.6762747974401,74185275
243.74620056152344,248.0258564619265,242.43311656131445,245.01063423109647,25162901
245.93466186523438,247.4422581260901,242.48174994480843,243.69756295612268,27724870
247.39364624023438,250.84654344147697,246.08056220492526,246.85868552801705,39309420
244.91339111328125,249.67938731725056,243.69757802677913,248.51219488103385,32770930
228.4269561767578,246.6641514801566,226.23849274034995,245.59423008577016,82053977
231.49081420898438,232.36619370427968,226.2385075542755,230.22636561686008,35604075
234.70053100585938,237.8130091387688,227.69745149644658,231.97710707401373,55153254
225.94668579101562,235.43002697707476,223.9041140605084,233.43609073376382,36050888
214.46942138671875,220.64575759906853,210.09249441964286,219.81899879092262,38301829
224.09864807128906,225.41173205870342,212.81591224313408,216.65787838652076,36314556
225.02267456054688,230.42087237340286,223.80686156819783,227.01659599482554,35144286
221.52113342285156,227.45430692861268,220.79164560696952,226.96798171802465,23381354
219.57583618164062,223.70960053943452,218.50591476421272,220.7916492280506,18717812
218.84634399414062,221.4238616645957,216.17155534532336,217.8736935763889,24657963
216.5605926513672,218.70043527636378,211.356922227949,212.0377744988723,29360421
215.1502685546875,220.597116808312,214.3235246078748,219.81899350901313,23583042
198.7124786376953,210.2383769118772,197.69119275480142,207.17453410466274,60097152
213.9830780029297,215.2475264321494,203.81888476608387,204.256574457342,52157687
216.94967651367188,218.2141250126042,208.24445832872107,211.55146377995874,35508015
219.2353973388672,221.03480654102466,212.42684444211395,213.98309104081596,28297089
220.40260314941406,224.24456955001122,219.7217359450435,222.7369583483553,22429798
215.3934326171875,220.25668471891433,214.76121578055006,218.84634457770707,22427429
210.28700256347656,213.6912787862388,206.44503665179533,211.06512581125838,23498823
220.74302673339844,221.56978559021698,208.7308020325696,209.1198562937379,41105290
222.98011779785156,224.87678322522123,220.1108019111674,222.83422616554168,25437632
225.89805603027344,229.39960341662996,223.61232164730916,228.57284463773632,25462569
226.77342224121094,227.84334355843478,224.00137765989427,225.5576093086686,18163055
225.2172088623047,228.23241627472677,224.24455843736834,226.72481998924957,12074559
221.18069458007812,226.91934083345595,219.1381376490526,225.60625685950097,16150855
224.1472930908203,225.36310615254257,222.7855883982786,223.70960335689392,12428032
225.4117431640625,227.55157119883657,224.97405342718318,227.2111524441385,16453329
221.71566772460938,227.01660972352926,221.13208635787038,226.578919988108,12356508
225.07130432128906,225.5576295379223,220.1107960165104,222.83422019795026,14893566
227.89199829101562,230.9558412031975,225.3144657514563,225.99533292435692,29507641
232.9497833251953,234.40875900364122,226.5789198943546,227.60020583756034,31525902
234.7491912841797,237.6185071340978,232.6579839185683,233.43610724434308,24286187
233.0470428466797,237.32669868974386,230.95583557219703,235.9163585715614,14835527
232.56072998046875,238.20209075244068,231.97713377024564,236.93765703273755,20061075
235.089599609375,238.20207793296626,231.24763348299825,234.36011180658952,22893839
232.12301635742188,236.2567806346041,231.15036593926135,236.2567806346041,13956014
238.73703002929688,239.61242426600762,230.615408355526,231.15035418513796,25666798
245.0592498779297,246.61549635650454,239.36925430116472,240.39052528367148,39380622
266.1171569824219,267.72202421551924,245.20517325623234,246.9073114665036,94568156
281.87408447265625,288.3908542668694,265.6308400016193,268.40289968073785,227551020
270.2022705078125,289.89844119973105,268.45151165281584,284.3543517036185,151174247
270.49407958984375,275.0655186163662,265.5821773070557,273.21748881062587,64353330
275.16278076171875,280.56100806662045,272.6825342182053,273.3147510152839,47972951
267.624755859375,275.60050113878884,264.1718587578964,275.60050113878884,44771140
265.6308288574219,272.6338938928828,264.8526907315255,270.980406030855,31460232
250.84652709960938,260.5730309009353,245.10789579341386,260.5730309009353,89819229
239.7096710205078,254.8343866304154,235.8677051827318,253.37541113443976,53483065
242.82215881347656,247.73404614783368,239.80695157285217,243.16259237939445,41573598
251.77056884765625,253.08365286007853,243.84345896643714,246.08055791578326,40617734
246.17782592773438,251.91645743859016,245.39970262758422,250.94380702376932,30569068
240.58506774902344,244.67019621235434,238.00753544085694,241.21728453399777,24620801
242.04408264160156,244.57296503442186,241.26595927401502,244.28116691639332,17965504
240.58506774902344,248.26899950525376,238.78565868184054,241.02275743411846,32027943
241.46047973632812,244.03799755120613,237.71576948157417,244.03799755120613,20911099
235.72183227539062,246.27508029551956,234.2628566636382,244.03798138920564,26234765
241.70364379882812,242.82218591201396,231.8798680337974,233.4361147352867,26535475
238.25071716308594,247.24773353873508,236.20816018808938,243.01671312101305,30780217
240.73097229003906,244.42704675207855,238.2507108193634,242.14131239172767,24304759
238.49386596679688,240.24463958795792,234.06830384819904,236.35403813714078,28044381
223.70957946777344,230.0318067136018,216.94966253475792,228.57283119533372,60959066
216.07427978515625,228.08651812626047,214.6153041894659,223.6609558510396,30274946
220.30532836914062,223.5150778434747,213.49677517450934,216.7065246488434,35097575
213.05906677246094,220.84026974179827,211.1137660301266,219.6244567778393,29320356
216.70651245117188,222.93146908500876,215.2475368487288,218.8463403664616,33108597
220.40260314941406,221.4238742730331,214.46942932669148,218.74908547190657,22192986
234.5546417236328,235.8677257209343,221.61840307273084,222.6883096247288,34735919
231.19900512695312,236.69448898235186,230.03182757478265,236.69448898235186,25004758
222.2019805908203,226.23848864987147,220.15942365865038,223.2232664776389,23697546
226.87069702148438,229.54548551798632,223.95274593439132,226.14120924971112,18294157
223.51507568359375,229.44823450527227,222.49378974597437,228.5242195489378,16642801
220.79165649414062,225.07131262175687,218.60319293858194,223.90413502708594,17636195
214.8584747314453,223.6123286291922,213.98309527825774,222.73694917600466,16194564
215.3934326171875,218.16549225175882,204.45111538830216,216.85240824770554,34963419
218.5059051513672,220.59711240407347,216.6092398507022,219.52719103371516,16159280
226.87069702148438,227.50291382043451,220.7916322567072,221.66701164624843,19674867
228.71873474121094,231.10174008519317,224.97403962053517,226.53027134965217,21535025
226.38438415527344,229.74002511967896,224.2445562099618,227.21114294484428,14805104
227.79470825195312,229.44821087321753,224.9740281828236,225.65488045728935,13296442
224.7308807373047,230.37225609711632,223.9041219502366,229.83729540204092,11433422
225.89805603027344,227.21114001052396,221.32660210581219,224.68224302688122,11689465
228.32968139648438,229.05916919647316,223.46642939655928,224.58497141995514,14994271
226.62754821777344,229.93455371440712,224.77951835344302,229.49686399300967,13235033
226.67617797851562,228.28104519690348,225.07129591866052,225.65489209342007,10241164
223.9527587890625,226.04395125159158,222.73694576632056,225.07130083339803,9619461
213.49676513671875,220.15942638622838,212.9131689537444,217.33873129047555,19190225
214.37213134765625,218.2627327502741,208.77939183139313,208.82802731721915,16235651
214.66627502441406,217.9507387904526,214.02899815530367,216.67617009197855,11820899
205.6953125,218.93118799264687,204.91096133060714,218.04878731698454,22486470
206.18551635742188,209.76409869373714,202.9991020995167,205.6952987792826,20447908
191.08680725097656,208.7346401818714,186.2826809372232,207.65617047891317,46007687
200.5480194091797,203.68540899857513,188.73377247762076,193.93008193269168,40390379
197.36160278320312,200.59704183740385,195.1065988993509,199.71464120793814,19099052
198.97930908203125,200.89115461693044,194.76343497927084,197.3615970817903,20176334
203.83245849609375,204.66583434459204,199.71463392288786,200.89115309233912,16789270
204.0775909423828,207.46010451710285,203.58737331825,205.79335262684762,18526023
204.5677947998047,205.05801239094754,200.8911628662334,202.06769705317913,13321760
203.2442169189453,205.5972553797283,201.72453938957335,202.0676976885538,12179447
198.24398803710938,205.1560589656367,197.45963691042303,203.24421337951298,16161389
202.9500732421875,203.5873500967695,196.67529435310027,198.73419916346344,15807993
207.31301879882812,208.63661229495466,203.1461692239346,203.6363868209809,14714951
208.63661193847656,212.8524862579222,207.85226079249188,210.30334877353542,18209477
209.81312561035156,210.5484519851542,205.98943444547925,208.3424728607463,13022748
210.35235595703125,212.068117400465,208.14637695833068,211.72495912767724,14827327
215.74476623535156,216.52911737825275,210.5484567439166,213.4407375581269,17940782
216.43106079101562,217.5585552368562,214.02899764971184,214.71529926719103,14996210
217.16639709472656,219.81356914626838,214.8133585956347,215.54868499663263,14294272
216.43106079101562,218.88214868219362,215.54867513429284,217.6566047366046,11090495
217.0193328857422,218.88215374199817,214.86236352344125,218.53899544519933,11027964
220.59791564941406,221.77443487416022,217.31345181008803,217.55856060525403,13191940
223.3431396484375,224.42160938309308,221.0881357156067,222.50976375143904,11035599
223.53921508789062,225.00986781873203,222.06856235704925,222.2156216460321,7716506
223.1470489501953,226.0883544374461,222.36269782821108,225.5000873558946,10163009
225.59812927246094,226.38246540782535,222.06855682230986,222.26464085615095,11218003
226.33348083496094,229.42184585272273,225.6961889536618,225.6961889536618,12459803
227.95118713378906,228.78456304934755,225.00988149335305,226.87270241486087,10169772
221.7254180908203,228.93162291175892,220.69597308233264,228.44140530381085,11541475
213.73486328125,219.56844944756378,211.2837753995843,216.57811923988095,33675845
213.8819122314453,217.11735107090036,212.6563683498527,216.08789121831205,22716582
217.55856323242188,218.29388962679948,214.5682478634893,215.8918263972167,19006987
225.84324645996094,226.72563212521175,217.2644387579259,217.95074038203802,22010178
228.09823608398438,229.0296614627381,222.75486740497954,225.50008887023307,20231195
227.95118713378906,232.65727915053745,226.5295590662958,227.4609695270497,25614730
223.19606018066406,230.20618061334181,220.89204651026571,229.22574544459695,20979139
227.55902099609375,228.68651551722164,223.24509704341054,224.17650751220154,33228441
223.78433227539062,228.29434013667415,223.2450899284594,227.50998899207,11852419
224.02943420410156,225.89225502519847,222.70584075314886,225.0098693647322,11392194
224.91180419921875,226.82366459748803,223.88235932046118,225.4020217453899,9195356
227.85313415527344,231.08857330248748,224.12749236904614,225.50009566289265,23305682
231.3826904296875,232.85334312309652,226.87268285246535,229.07866189257888,18790189
232.6572723388672,237.06923067034919,231.9709707015763,233.78476681725556,23760210
233.29454040527344,235.10835141263607,231.28464536041963,232.31410525756456,15238636
228.09823608398438,237.16726139724375,227.4609592082351,234.17694609999342,23097652
219.76454162597656,228.09824073231457,218.48998784850434,228.09824073231457,20956719
226.92172241210938,227.5590142636676,217.31345452932297,218.3919392256499,19119958
225.10791015625,228.24529955684264,223.0489904144768,226.4314885957447,14521061
224.81378173828125,228.63747281964143,224.17648991788585,226.088350418819,13814880
230.5003204345703,231.7748742204532,226.33347085390469,226.48053014912077,19400636
228.09823608398438,229.12769600348614,222.65683286423152,222.7058426544788,14098344
232.31411743164062,232.85335978318932,229.42183658638444,229.42183658638444,13418819
232.55921936035156,235.54954962126746,229.8139978919656,230.4512897286955,14693953
230.59835815429688,234.8142325448566,229.8630317475802,233.78477258340246,12347290
231.8238983154297,233.73574394909085,230.59835432458868,230.8434631227569,10500643
242.51065063476562,243.1479275252262,232.5592244635285,233.00041730771304,61475311
242.11846923828125,246.23629407926305,240.40270764118435,242.11846923828125,30474615
240.1085662841797,245.20684111802169,238.8340125359726,244.667598784413,14951235
237.6084747314453,242.16749238949419,236.4809652846537,241.67727479356404,12290186
238.04966735839844,240.40270583261338,236.97118266423522,238.9320530461656,10322525
236.33389282226562,240.1085591244641,235.3534576850318,239.12812398723028,13871114
236.77508544921875,239.37323257667214,232.01996905340448,232.8043201546036,24228696
240.59878540039062,242.06943815946454,235.20639195045294,237.60847009180978,19214950
231.6768341064453,242.90281383237945,228.09823675294436,242.06943795218314,58044047
227.80413818359375,233.2945666523178,227.36293034928374,232.85337377826258,14016637
230.6473846435547,232.85336388031558,229.56889992148106,230.40227583947015,10376536
226.67662048339844,231.97097966183225,225.843259520303,230.8924949328214,14179308
227.11781311035156,228.9316242544996,222.99998817148636,224.61771526335593,19648230
220.1077117919922,227.80413442449998,219.1763013042997,226.72564967437947,16143866
211.0876922607422,219.176282304712,208.342470829526,218.4409559370784,22684799
213.24465942382812,215.54868816492288,210.254329023765,213.04857537273062,14097631
209.71507263183594,212.6073682929651,208.58757819327087,210.7935572810963,12102060
208.0973663330078,213.73486860115761,206.38160477313613,211.92105753947754,18736174
212.2642059326172,212.8524729955154,206.13648636181415,208.0483318758541,13008102
208.97975158691406,213.7348681702152,207.656173076691,212.26421540757613,10864491
214.76431274414062,215.6466983545472,211.97006671076568,212.5583337578717,11173725
217.36248779296875,218.88216539357524,215.94085969959664,216.6761861230913,10571565
218.14683532714844,218.53900342902816,214.4702032710729,217.31345941033632,11098716
216.03890991210938,216.43107802181837,212.85249539989687,215.69575159592316,9516511
212.9014892578125,217.90171456373633,212.26421238717174,216.08790353152293,9006207
213.6858367919922,215.10746475973446,210.8425808565076,213.73486154127704,9504518
211.92105102539062,214.6172476794554,209.32290387012034,213.68583728192002,9559072
211.6759490966797,216.2840064047606,211.28378100930212,215.6957393134407,8739363
213.6858367919922,214.22507911361942,209.66606167493651,210.79355610722277,9420098
216.33302307128906,217.65661658870033,214.37215265157104,214.7643357116671,10267276
214.1270294189453,217.31344363625254,213.2936685228783,217.06833485030583,7712123
216.4801025390625,216.97032015579032,211.87205993387172,213.58782159241915,7889548
214.3231201171875,217.90170226934345,213.293660264022,216.92126716351964,8153053
214.7152862548828,216.82321572944855,214.0289846789953,216.67615644899135,2893840
216.33302307128906,218.53900229347184,213.39171744171202,214.81336046421083,9040336
221.43128967285156,222.46073463567905,216.77422260390506,217.46052423254122,12783887
220.64694213867188,223.24508940379744,218.19585416770298,222.55878776397688,13141721
221.57833862304688,224.51964400299883,219.81355240302514,223.63725837311435,22697530
226.08836364746094,226.82369004922813,222.06857333369857,222.06857333369857,16978101
224.5686798095703,227.26487654062547,223.3431358409089,225.5000902337023,9478217
222.95095825195312,225.00987815380188,221.33324615782473,223.7353094031457,9095013
223.83335876464844,224.91182850662952,222.31368121522786,223.24509166156503,8681681
224.66671752929688,225.8922615152962,222.46073835449806,223.88238134646028,9570452
226.8236846923828,229.91204952276632,224.3725967443789,225.59814071838088,16625632
224.71572875976562,228.8335533129054,224.02942716095112,226.67659901938006,8944902
225.25497436523438,227.46095343954028,224.71573204390901,227.46095343954028,7259679
223.2450714111328,225.89224321437698,222.36268579680228,225.54909990224957,7310857
225.00987243652344,225.74519881703495,223.5392196755004,223.9804125117566,6426117
220.20574951171875,225.5000935500978,217.90172083264886,225.0098759554237,10662953
217.06834411621094,220.49986726594489,216.6761760260571,220.30378322086796,10679502
216.13694763183594,218.490001205391,214.4211859462301,217.9997835809322,7718744
217.06834411621094,218.0487793018492,214.12703855929615,216.13693368190533,6226956
216.1859588623047,217.65661164368092,214.7643308323584,216.7252012075267,7105721
216.4801025390625,217.90173063552234,216.18596897697492,217.16640421043058,5966239
216.43106079101562,217.36247119761262,215.30356634517506,216.67616958013343,6612342
219.7155303955078,220.45085678242685,216.03889846091266,216.87225938993538,8062766
220.20574951171875,222.01954563586077,218.93118077351528,219.71553191704461,7388645
219.07823181152344,221.0391021163216,218.5389894856533,220.59790928979265,6165404
220.40182495117188,220.9900770656582,218.293880400233,219.17628101234223,8815900
220.4508514404297,222.70584033746857,219.22530749192887,220.84301951984864,7833074
220.843017578125,221.92150222742467,219.47041435197377,221.03910161611046,7223274
219.81356811523438,221.43129516599427,217.99977197743274,220.8430280638536,10750610
224.3235626220703,225.79421532943493,219.12725339733132,219.8135550020509,20071039
221.43128967285156,225.10792156938825,220.99008187706437,224.32357043940974,7548312
220.64694213867188,222.8529213125439,220.40183334157499,221.57835257558932,7507975
215.10748291015625,222.06857900888528,213.2446619621746,221.48031188833616,13087278
213.44073486328125,215.45062996650987,211.47986451091256,215.45062996650987,8858525
214.5682373046875,215.98986527180915,213.5387774111673,214.51921255542405,7265105
218.34291076660156,218.83312835474402,215.1074716928106,215.4996547394767,9179593
217.4605255126953,220.40183104723965,216.72519912905923,218.2938864379974,7909066
213.0975799560547,218.146814855117,211.8230113041765,216.67616217070045,10349382
212.558349609375,213.7348688310733,210.69551379478688,213.7348688310733,9302368
213.58779907226562,214.2250759227172,210.4013848995021,212.5583391936299,6418826
209.61705017089844,215.1074783519095,208.34248141022042,214.12704314527315,9737819
204.8129119873047,211.0877063871863,202.50889819068172,210.6955233220507,14020296
193.04769897460938,203.83248696112955,192.1653132143597,202.16574999162745,20819266
199.17539978027344,200.64605254250117,190.7926910037782,193.4398629837374,18203352
203.63638305664062,204.22465014632323,200.7931270304329,202.75399738237024,11851262
204.17562866210938,206.18552379705244,202.75400062626068,203.29324297372156,8920331
201.82257080078125,204.71485134630285,200.98919498382057,204.71485134630285,15374707
203.63638305664062,205.89138695341927,202.95008142551328,203.3422495117993,7372810
207.7052001953125,208.04834353435464,204.12660278927632,204.66584513377532,7746971
207.21499633789062,208.83270851836764,205.89140276458784,207.8522732671077,7238453
204.02857971191406,207.21499424634652,201.82260041884547,206.87183592776736,14226706
203.53834533691406,205.64627494822963,201.13626722509682,205.49921565823212,10272550
201.38137817382812,204.66584198134268,200.10682441951235,203.53834751860074,9603038
202.1657257080078,203.09713611200496,201.18529055427328,202.41083449644145,6631221
202.0186767578125,203.7344383646559,200.6950832484317,202.60692890400642,8246247
201.82257080078125,203.24419870007978,201.13625426434194,202.8030058982633,7061239
201.67550659179688,202.7539912367743,199.81268579802105,202.361808202122,6167789
202.4108428955078,202.75400119765558,200.15583895629607,201.67551649969445,5801690
202.9010467529297,204.17561541141404,202.11669565845833,203.24420503183993,4396161
203.63638305664062,204.42073418946626,201.9696462495446,202.852031923815,5676087
203.44029235839844,204.27366821481115,203.24420832166984,203.5873516458816,4564618
201.28334045410156,203.44029480455706,201.0382316651804,202.9010524768799,4978935
203.1461639404297,204.42073265165135,201.08725906253633,201.3323678546846,6362978
202.9500732421875,203.9305083786232,202.6559397092062,203.68539959451425,4638356
201.82257080078125,204.07755955678812,201.4794125325616,202.99908992570926,6551672
197.5086669921875,202.21475891908236,196.92041485148428,201.8225908252802,9681030
198.3910675048828,199.8617202959931,192.80257493046057,198.53812679989232,13521282
200.35194396972656,201.77357205220056,197.4106382982958,199.46954329214478,10341362
208.73463439941406,210.4503958868314,200.44996049507805,201.47942037957904,16807189
201.82257080078125,211.185714013533,192.80255593574452,210.69549646479194,19017445
202.26376342773438,204.71485116932047,200.0087597134247,200.94017006317696,9841415
201.28334045410156,204.12659642148566,198.0479014482917,203.44029480455706,10618799
204.4697723388672,208.68564686384215,202.70498591442947,204.910965204913,17908243
202.26376342773438,205.89137029323132,200.98919481005913,205.4011527449141,8095192
203.0971221923828,203.4893052031496,200.2048416791442,202.26376134497627,8259877
201.4794158935547,203.58734540420375,199.56757041362258,203.1461525950275,6294658
200.79312133789062,202.11669981177238,198.88127579100382,201.47942294956113,5515771
199.61660766601562,202.2147548963399,198.34203894613344,201.28334447189837,6844360
199.1263885498047,200.49899180052353,197.90084459014378,199.71464067428988,5125639
201.23431396484375,201.6264820396265,198.3910580220361,198.68517659799662,6323738
201.1362762451172,202.36182025090088,200.49899934621126,201.5774840554025,4862186
200.69508361816406,202.01867712998325,200.15584126296906,200.49899956907151,5939096
199.81268310546875,201.33236055373033,198.24398090850465,200.7931182385081,7780404
203.88148498535156,205.6462712347204,200.59703623260557,200.8421450183442,15068225
198.342041015625,203.48932573942017,197.65573937783637,203.48932573942017,15048335
197.36160278320312,199.71464120793814,196.67530115600985,198.83225553872586,10723010
198.342041015625,198.97931790208864,197.3616058301402,197.94985796527885,5212611
195.84193420410156,198.34204699450262,193.63595497026313,197.99888868513722,12387738
198.58714294433594,198.9793110208662,195.64583748959956,197.01844071770861,6795039
200.5480194091797,201.38138033747416,198.44007479236836,199.32247543205227,6502602
201.57748413085938,202.26378578230435,199.56758896857096,200.49899942126441,6290128
203.68539428710938,205.15604695344229,201.9696328430543,202.0676823382442,9201938
206.18551635742188,208.73463878759406,204.0285620056598,204.4207300840699,11959992
207.11692810058594,207.7542049721787,204.02856332247737,205.3521418158439,7273306
205.6462860107422,208.5875916509435,205.3031277019504,207.60715643754307,7481807
204.6658477783203,205.10704062579168,201.96965098124065,203.97954613111446,5967859
198.88128662109375,205.1070411748645,198.24399476392563,202.99911147560627,7250840
199.42050170898438,201.18528795495607,197.75376496122058,199.86170949066704,7282943
198.97930908203125,201.43039693709508,198.58714100932224,200.98920411523417,5658938
199.42050170898438,200.54801109736354,194.95953378533062,198.97930888755468,7483698
201.1362762451172,202.36182025090088,199.66562343817677,200.4499745939291,6398045
198.63616943359375,200.54801500386546,196.57724961314528,200.4989902538065,6100721
198.342041015625,199.61660974880596,197.65573937783637,199.0283426534136,4431418
197.01844787597656,199.8126941436007,196.57725503378688,199.37150130141103,7561000
196.18508911132812,198.24399405105373,195.64584676035693,196.08703960742287,5367782
188.9788818359375,197.31258090522658,188.3416049500345,196.18508642701246,16010459
182.99822998046875,190.20443491629618,180.84127546315958,189.12595017751437,22247890
180.35104370117188,183.83159149214038,178.7823564299242,183.04724037638994,12023683
181.8707275390625,184.02768196256937,179.71377311555565,180.89029235017267,17480941
186.5277862548828,187.85137968415665,184.27278243031589,184.81202475188127,13519886
190.1553955078125,192.2143153194452,188.2925746955759,189.56714339038405,14927965
190.7926788330078,191.13582214615286,188.73375911312723,190.84168862041957,7802577
191.42996215820312,192.16528851732554,188.3415974339902,189.71420065358413,8898362
191.87115478515625,193.88104982341676,191.28290267461253,191.67507074830834,7752647
193.6849822998047,194.02812565348106,191.96922065065982,193.1457399323083,4957133
193.24378967285156,194.71444251675376,191.72411207543507,194.12617539509114,8183550
192.45941162109375,193.34179722011123,190.44951668971808,193.34179722011123,6448150
193.09671020507812,193.7340020630692,190.98878050309781,192.459433307341,4756452
193.39083862304688,194.32224904895253,192.31235394446966,193.63594741724592,4249222
189.66517639160156,193.88105052012003,189.27300831649652,193.68496648256752,6753761
192.5574493408203,192.94963236040343,189.6651687625627,189.7632182575216,6086016
191.87115478515625,193.09669871577205,190.69463560381573,193.09669871577205,4015567
192.0182342529297,192.85159517225122,190.98877433117633,192.65551113007282,5017631
193.7830047607422,194.9105141788703,191.52801584499275,192.0182334284606,5957551
194.322265625,195.05759207032185,192.31237034906934,193.78302323971303,4910837
194.61639404296875,196.03802214090427,193.78301810956458,194.5673692891942,5215692
197.16552734375,197.6067201976059,195.10660741208366,195.59682501864668,7951645
197.80279541015625,198.97931462128864,196.4792019474739,197.9988794519694,6881245
199.81268310546875,200.25387592328588,196.5282194256858,197.85181283939008,8641713
199.86170959472656,200.54801120178038,198.1459480969655,199.91071938360304,8211667
196.23410034179688,201.57748417847944,195.4987739378777,199.91073236139277,16337389
198.7342071533203,199.22442474124674,195.59681758264193,197.55768793434763,7724617
199.3224639892578,201.08725020705836,198.44006340023114,199.76365680364475,7956883
200.15582275390625,200.44995628047258,198.24397727160402,199.51854591322305,5026713
202.26376342773438,203.14614903060442,200.15581899381894,200.4989772617419,8986218
202.9990997314453,203.7344260900763,202.1166991249363,202.80301569452766,7304524
204.0775909423828,205.3031350027148,202.41085401238223,203.58737331825,6740655
207.21499633789062,210.79357902088753,204.126616320269,204.76390820974078,18196503
203.68539428710938,208.2444115686404,202.80300867141065,208.2444115686404,9107799
200.59703063964844,205.59724075315125,200.10681308183916,204.91093916426883,8248339
201.82257080078125,202.45984763004367,197.85180566392847,202.26376360259772,9002705
202.1657257080078,202.85202732357132,200.10682086131723,201.96964166931156,5577418
202.85203552246094,203.3912778708607,201.47943223585588,202.45986742921772,5017652
203.0971221923828,203.93049800004155,201.52843503007227,202.6069046491135,5447203
206.6757354736328,207.06790355496142,202.5088860284396,203.14616290066195,8705559
208.04835510253906,209.61705747189697,206.52867748727132,208.09737985662923,8476048
212.75442504882812,213.44072665370922,207.55811582286606,208.83268449493266,12956419
212.6563720703125,214.17604950212487,210.7935513218023,213.73485668908327,11975300
209.37193298339844,214.7153016535011,208.73464114845746,212.65638181792778,11299432
211.0876922607422,212.75442903532775,208.83268840794844,209.76409881490036,6324964
211.4308319091797,212.6563758339031,210.79355505242472,212.16615826401375,4908437
214.76431274414062,215.10745605474207,211.92104196346477,212.7544177868229,8688870
212.5093231201172,215.49965338098613,211.33280390804265,215.49965338098613,8301040
216.17071533203125,217.35819165302763,211.8661117809718,214.3400270745395,11387499
218.34776306152344,223.839858166246,216.17072057034522,216.6655036410485,31056302
218.89202880859375,222.2565627698656,217.90246266108693,222.2565627698656,11045069
218.64463806152344,221.2175160941676,218.05090743062328,219.63420421260486,6342344
219.4857635498047,220.47532964777534,218.54567877664866,219.1888907004974,6249947
221.81124877929688,222.89977759539994,219.2383858224062,220.17847065472358,10509540
218.2982940673828,222.30602480962014,217.85297722972905,222.05863327740397,7665159
219.93106079101562,221.36592858390938,218.5951405461538,219.58470662395365,7136739
220.82167053222656,221.81123663830795,218.6941094439838,220.67324165614653,7473608
222.60289001464844,223.98829160717452,220.2774187515194,220.7722017989401,11221842
221.9596710205078,223.64193030822005,220.27741173279557,222.899755760737,6987933
218.79307556152344,222.80080627499706,218.19932984863365,222.50394851813286,6857007
216.0222930908203,219.78264747248383,213.44941506663446,219.68368481786857,10890426
216.31915283203125,217.06132739787822,214.04314781018448,216.0222799857764,5136478
216.96237182617188,218.19932947626407,216.3191598879562,216.61601764431379,4694432
215.77490234375,218.64463814312467,215.28011926802463,217.65507199167394,8345362
219.53524780273438,220.17845973516216,216.56654946922657,217.40767160397212,9940002
219.584716796875,221.8607219011734,219.28785903944623,220.57428292051947,5792956
218.34776306152344,220.9701223959994,217.90246131780668,219.78264604622774,4598056
219.3867950439453,221.41540851055012,218.24880010148843,218.64462049027867,5879342
227.2043914794922,227.89708475664813,221.21751332059543,222.6523812017572,30885511
225.62107849121094,229.92569721278352,223.74090887694987,227.40230055184722,16592198
222.65237426757812,226.85803022596573,222.30602008999637,226.85803022596573,7143637
223.14715576171875,224.48307603781842,222.35549986105158,223.64193881218822,5156417
223.93881225585938,224.8788970343266,222.85028350210965,223.8893309307652,7366992
219.53524780273438,224.82941743774163,218.59514791745912,224.63150723542387,9389403
218.7436065673828,220.4258660493018,216.26969112350736,220.4258660493018,10191602
221.16802978515625,222.35550611979124,218.94150599537278,219.63419926561147,7071156
219.1888885498047,221.95967661685145,218.44671398360896,221.86071396819327,6695221
217.2097625732422,219.08993215477287,215.2306303402286,219.08993215477287,14481130
215.8738555908203,218.34777103467377,215.4780351596364,217.50664884351255,6910107
215.1316680908203,216.91289012377774,214.48845615372102,215.8738426795875,5715378
215.0821990966797,216.46758560471767,214.53793471867172,215.9728025519069,4387406
217.1602783203125,218.19932574855503,215.2306274390509,215.2306274390509,7602866
219.1888885498047,220.07949198940747,217.50662921967708,218.10035981288553,8511027
218.59515380859375,220.2279469957751,218.1993333932909,219.9310741345075,7845672
232.20169067382812,234.72508737207306,217.70455264012497,218.5951561338203,57651036
234.2303009033203,236.40734337825467,232.74595170228588,234.08187202304924,18682254
241.84996032714844,242.83952647431283,233.78500226759095,234.92299729699758,27535144
233.29022216796875,242.1468362780772,230.86578809642575,242.1468362780772,22636262
232.99334716796875,235.1209234517733,230.1236113707026,232.79543695774024,10784942
233.19125366210938,234.87352817119614,232.0532586467445,234.52717398412983,7710303
230.37100219726562,234.5271769975593,229.77725646883175,234.42821434295996,7286281
231.45950317382812,234.18080993029483,228.0949844965741,232.0532488696166,9464101
232.44908142089844,234.52717636523292,229.579345640228,234.52717636523292,10515447
234.67559814453125,239.1781269879298,231.06368786442707,233.53760315205477,25155361
233.73550415039062,235.86308027371257,232.69645675058968,235.5662074309723,6875382
228.7382049560547,233.68603560705807,226.70960646880798,233.53760672736033,10730311
232.49856567382812,233.0428300803439,225.67056522723016,227.6002162143486,6716135
230.07412719726562,233.38917980101562,229.48038147434352,232.49856121663245,6535775
227.69915771484375,231.06367629776295,227.2043746820862,230.0741102322479,6814759
236.85264587402344,237.89167817215724,227.69915968866195,228.24340894974918,14519170
240.9593505859375,241.55309629867148,237.1000487519088,239.47500140368328,22416067
243.03744506835938,245.90718077601377,240.9593501768988,242.09734517486297,23010389
247.14414978027344,250.16232960431316,243.9280597430927,244.42284282573587,28698029
243.03744506835938,249.0737893395312,240.86038752508423,247.04517577397795,15076489
242.3942108154297,244.32386167172888,241.1572532024712,243.58168710395378,7395680
244.32386779785156,245.90717962197016,242.39421689316873,242.44369821884382,7267365
244.76919555664062,247.8863229187808,244.3238787052652,245.41240752038976,8228142
242.54266357421875,247.1441400212689,241.70152632710682,246.0556112426042,11641155
252.6857147216797,253.27944533378994,243.5322281138587,244.17544005187332,28052910
256.4460754394531,259.563202938728,252.43834439740883,255.2586141154819,18767431
255.75338745117188,259.7611183401839,252.98258406937893,258.07884377983953,14987193
254.8132781982422,259.06840047295594,251.993008690973,258.2767596494804,9250338
260.9485778808594,263.57092185761144,253.62576499597714,255.30803935043042,17703150
266.04486083984375,273.61503571583836,260.9486012958187,262.0865963086924,53019645
269.0630187988281,271.1411136660277,266.34171200108517,271.1411136660277,16450404
259.95904541015625,273.12026341536176,257.28720466664515,273.12026341536176,23738913
262.2350158691406,264.80789376278324,258.276751478663,260.7506667227115,11803636
262.333984375,265.20372008232727,260.7012063173105,264.06572508449284,7915449
261.19598388671875,265.1542482823551,260.3548466628139,264.3131110584502,7612098
262.779296875,263.9667884152027,259.563206669379,262.6308679822657,8425365
259.2663269042969,264.21415757040944,258.27676077107435,262.58137949042464,9016803
253.97213745117188,259.26632220784364,253.37839174216134,259.2168559817433,7948656
254.41744995117188,256.29761949839354,251.59718053075895,254.46691617643003,6831744
254.2195281982422,255.60491471556568,252.33935862479166,255.5059822636692,5384845
257.1387634277344,260.9980652725002,254.3184939337727,254.41745658603057,9193002
257.0398254394531,257.8809627656134,253.87320145831958,257.13878810120684,5650167
255.35751342773438,261.49283516888204,254.61533887190973,259.26631150140815,11266992
259.5632019042969,261.9876511713841,256.74296239662715,256.74296239662715,10214222
261.19598388671875,263.7193653592726,258.0788265158265,259.81056718891745,7137959
253.97213745117188,260.20642209704044,250.8550102278182,260.20642209704044,12531396
255.11012268066406,257.48510542581363,253.32891582096195,255.9017936621006,6675848
256.05023193359375,257.23772334976184,255.35752357430215,256.7924065189085,3828731
247.39154052734375,253.27945617197827,246.50093702127785,252.4383339939341,11210941
251.25082397460938,252.3393527124166,247.88630531160925,247.88630531160925,5951928
251.30030822753906,253.7247421540938,250.459186101777,252.53726585328948,6245802
252.48779296875,254.71431676953117,252.04249122850996,252.73518450217014,5375168
251.44876098632812,253.22996794996797,250.55814240492728,251.7951000738888,4300916
252.14144897460938,254.17006252909033,250.90449133158202,251.44875571443018,6720120
254.2195281982422,256.5944808278198,253.32892473704575,254.17006197229395,6338761
250.4097137451172,255.0112053374569,248.87588321433728,254.31849696256336,6003534
249.37066650390625,250.2612699873021,246.89675116160558,249.91493089912856,4782988
244.8186492919922,249.76647983628936,244.02700848456905,248.8758763781481,7678941
235.76412963867188,246.15457396692392,233.83447871191265,245.75875355615617,9550108
234.2303009033203,239.12865024681784,230.7173381076226,237.3474432852412,9555885
231.9542999267578,232.8943998505706,228.39187084026196,232.54804565763104,9272278
235.66517639160156,236.50631367252888,233.04283209155042,233.68604405961386,7031353
236.60525512695312,237.3968959091448,232.54802817011068,236.01150944072933,5661460
236.85264587402344,239.32656105925628,235.76411715268898,237.99064081939855,6266858
234.42820739746094,237.74325993376823,233.83447678619888,237.44638707834687,4027707
242.24578857421875,242.49318010358382,235.516735955572,235.516735955572,9816661
242.04786682128906,243.58168215050188,241.35515849245496,243.28482440909292,5030180
246.94622802734375,248.57900608393405,243.0374448770361,244.42283140386544,9389448
247.19361877441406,249.37066120950152,246.30300021034603,247.34204765196841,7066697
252.28988647460938,253.6752881418981,248.87588628308762,250.26127285079522,13131393
245.4123992919922,251.3497960490565,244.62074337113413,251.3497960490565,15388769
248.77691650390625,249.22223333752737,244.2744027380099,245.41239773606665,6974541
254.36795043945312,255.80283334445366,248.62847921777168,250.11282834743002,10251490
256.49554443359375,259.51370894991516,255.4070156870127,256.49554443359375,8436750
259.7116394042969,262.72980398052925,256.6439784027334,256.69344462890325,13551131
259.9095458984375,262.18556618606004,258.67258819836957,260.1569374384511,6452353
258.1283264160156,261.64127403478113,257.38615183184027,261.097024752717,4859705
259.9095458984375,262.6308528385869,258.0293762341668,260.9980747143298,6931541
259.36529541015625,260.8496446434851,256.545025826999,260.6517193327096,4537969
258.02935791015625,260.99805617949653,257.089258045201,259.36527817119145,5466513
255.45648193359375,259.1673547978213,254.36795318692154,258.67257174925766,7153583
267.9744873046875,268.5682330034214,255.8028363768646,256.69343982538516,24745437
270.54736328125,272.82338341039696,268.66719374789244,272.130675066926,26392589
265.1047668457031,270.15156027529383,262.33399369177533,270.15156027529383,20403510
273.1202392578125,275.5941544684811,265.747959850356,267.1828427522079,32159928
278.6123352050781,283.0159166167163,275.9899909685668,282.0263504746998,28890541
278.5628662109375,280.2451407153219,273.61503554999723,280.0472154092196,21565252
291.08087158203125,295.4844529474933,277.2764421651523,278.6123322835367,45934967
322.400634765625,328.6843857639214,289.1017403562738,291.9220098814011,152381610
320.17413330078125,332.44477839263453,314.7810156071953,328.4865135756919,74992149
330.1687316894531,331.8015097564793,318.9866465524508,322.0048111551609,40351523
327.3484802246094,331.50467025977025,324.18188656849156,331.50467025977025,22627713
334.62176513671875,336.94725147306093,326.30941607413166,328.63490241047384,33632037
331.9004821777344,338.3326621819508,331.50466175576895,337.34309602745594,16560229
329.7234191894531,334.96810716285637,328.33800256327794,333.8795784705012,17080409
333.5332336425781,336.74932338771174,330.9108895825319,335.4628995693223,15561817
332.395263671875,334.96814170114015,327.00214627506153,334.96814170114015,11713755
316.8095703125,343.2804626049407,314.68200930826663,333.18690684096384,40678163
325.1219482421875,327.24953963539963,309.4373488401071,314.6820373835005,26393082
323.24176025390625,328.53594492429556,320.17409930664843,327.546378825126,15179674
322.00482177734375,327.9422187254171,321.6090013539714,325.12194913524974,11314266
321.4605407714844,326.4578372970071,318.293917298435,323.6375679849412,10349372
326.35888671875,327.5463781148427,320.61941543567684,323.1922933277706,16182026
328.68438720703125,332.49422288407703,322.6480277160296,326.65578870064735,19909151
326.8536682128906,332.34577814475045,324.7261071542395,330.41611218506665,10096386
326.40838623046875,329.22865567349425,316.26533364003666,328.2390895671106,15689859
323.2912902832031,326.1610262292603,321.4605867696129,326.1610262292603,9954264
334.3249206542969,337.24412259729127,323.39019687699374,323.39019687699374,26968463
337.1946716308594,346.05130091110027,332.6426612197812,335.809285035965,37557423
335.4134521484375,340.41074902982103,333.8301402991641,340.41074902982103,14548833
336.650390625,341.251866831599,334.52279940549425,338.0852433135309,14504090
342.835205078125,345.11119514565723,337.1946659380149,338.629548936565,23432704
353.57196044921875,356.24380103665817,344.2205787915032,345.80389061372057,33499272
354.0173034667969,358.0745308741037,352.82981196250495,357.8766055570006,20933438
355.1552734375,356.4417275094084,349.316839385618,355.8974480254298,12869181
349.76214599609375,356.93650013640814,345.35856482340904,355.2047594818495,14129539
345.16064453125,351.6423206232278,342.8846545747758,348.72308854069024,12084011
341.944580078125,346.3481616415181,331.80152677290914,344.1711039743919,16863929
345.01220703125,347.63455109793847,341.4992595342545,344.36899512042606,13483525
342.5877990722656,361.9338044267588,337.6399685264453,361.68641289946777,25989141
353.22564697265625,354.16571668940594,340.16336179987616,344.86380098111084,19810051
361.29058837890625,362.8739001753599,354.2646630440661,355.2047629167244,19949672
377.915283203125,383.20946781705976,363.0223256490984,365.59520351933554,34448280
379.251220703125,388.7015651993633,378.014263036122,382.0714902237242,23860682
385.6833801269531,387.11826302428005,379.6965174156793,380.982941241506,15543971
384.79278564453125,392.56088560206143,381.4282669302012,388.00887548306866,25396799
385.7328796386719,390.6807104713853,383.5063557639508,387.46462043012156,13340756
389.8890686035156,398.3003809972463,386.1287292601011,391.37341784946807,22188678
388.85003662109375,392.5114133121402,382.7147143183548,392.5114133121402,12288416
391.02703857421875,397.55818087737555,387.90991139746416,391.5713180489923,13281036
403.14923095703125,406.6127123745301,388.99844753091486,392.36296629665287,21626429
388.0088806152344,408.5918437744588,380.04285525184065,408.5918437744588,38295877
357.9260559082031,382.12092795074165,355.45214075871087,375.93614007701103,44078652
361.2410888671875,362.67597177652686,350.90014135212795,357.9260666269214,21221871
369.8008728027344,370.69147627494584,354.4625978730914,360.4989270731701,15216135
374.8971252441406,378.36060661464364,370.83989817029055,372.7200677315886,16001298
372.37371826171875,379.0038233344401,371.3346859170983,379.0038233344401,9592754
376.5299072265625,381.77459556293155,375.1445207036689,379.1027851685999,12557987
374.99609375,378.5090414009851,372.12632783887256,377.02469221902044,7298102
371.5326232910156,379.8449729155202,369.6029572178439,376.7278455812263,10283746
373.95703125,375.7382683880777,365.39729033942996,373.115894006949,8449170
374.4518127441406,377.76686527690714,373.56120927840846,375.39191263523423,5691333
374.4518127441406,377.42051109602204,373.7591345815317,375.0455584543492,6228934
371.6315612792969,375.5403597116924,370.04827957423,375.0455766290683,6322898
361.9338073730469,374.30338383829115,360.7958123780767,371.5820770159374,8577264
367.8711853027344,370.0977089528518,359.2619484426164,363.1707464858198,8088079
373.4622497558594,375.7877361908159,370.6419802581105,371.63154638369525,7853708
387.66253662109375,389.8890604434229,376.2330597461354,377.07416680857455,25814019
392.0166015625,395.77697083405707,386.42555917887336,387.9099083178447,18795182
390.8291320800781,393.4514761301337,380.6860798456073,392.016593246569,15795532
420.81298828125,428.77898338715653,391.86817956349205,391.86817956349205,98883541
408.8392333984375,417.102116478835,400.4279214409758,409.6803706340159,39122073
391.9671630859375,410.37309975201987,390.8786342671332,410.07621178371176,26812422
368.0691223144531,395.6285139906908,363.91293262224383,395.08426471633135,36185918
380.4386901855469,382.269363267722,361.73586718059215,368.06911422944455,27089563
376.7773132324219,383.9516678507674,368.1186093826945,380.4387200828287,20859247
388.652099609375,390.3343741189212,374.6002484095241,378.855400910486,34069247
379.251220703125,388.8005278525559,377.12365955571215,388.0583532523541,14809242
375.9361572265625,384.2980028929629,367.22798758276207,381.9725165065237,18068658
388.058349609375,390.23540716252745,379.99339173605915,381.0819205126354,16908086
386.62347412109375,391.3733791589084,382.46728456363616,385.83180314868486,11759985
386.0297546386719,389.88905651869464,383.7042681855935,386.425575052158,9140496
384.34747314453125,389.74062055260663,383.4568696805892,387.46460036790893,9084482
390.08697509765625,394.737917724442,386.9203514460547,386.9203514460547,16040575
402.7039489746094,404.58411858313775,393.40200318654803,394.78741992888,17765438
404.53460693359375,407.8496593865727,402.35757964744147,402.753400045,10630906
407.9486389160156,410.9173373192856,403.0997708971737,404.73254897913984,12195598
409.7793273925781,415.4693324584518,406.4148086978067,411.3626391898708,16383105
410.27410888671875,411.1152461070136,403.792432847186,409.77932583938775,8530184
412.005859375,414.3313457927298,410.42254754596087,413.1438543711601,7588327
425.41448974609375,431.59927829845947,412.0058802442299,412.6490922138434,37377906
427.443115234375,434.8153650127883,426.5030153019562,427.4925814627496,18390566
432.39093017578125,439.56528457833724,424.62283005869864,426.9977827176435,25430924
427.09674072265625,436.8439729826595,412.8469947248781,419.57603221852963,32551966
425.9092712402344,431.1539900325581,422.09943546636777,426.89883740491854,14662756
425.2660217285156,438.17984695788505,422.5941812400861,430.36228098688457,20997007
423.6332702636719,427.1957144048961,414.92507011855037,421.8025668661798,17985425
423.4848327636719,430.4612618239121,422.2973413410448,429.47169570477666,12126655
425.1670837402344,427.8883906106991,423.18795147080544,425.56290415428776,9349694
423.8311462402344,427.9378696921792,422.5447223969104,425.5628869057955,6456018
426.94830322265625,428.5810812374908,422.5447220258607,423.83114586805505,7794324
432.3414306640625,435.90387472663224,427.98734578721553,428.0368120134224,14337708
443.32562255859375,446.6406751063976,432.68778674943104,435.260664705898,23566023
444.5625915527344,450.54945466259437,443.3751000966348,446.9375442657713,22517400
453.0728454589844,455.15094031126654,444.562570949119,445.354211750388,15880502
450.00518798828125,459.35659979634426,443.82039980812345,456.78372187356644,16825776
441.6433410644531,453.8150222887506,437.73457306492827,453.8150222887506,16739666
431.8466491699219,444.5625798647618,427.8883846858728,443.8698715003887,14131347
430.5107116699219,436.59656723037625,425.61237768607253,430.21385392514077,13914786
409.18560791015625,426.7504072823576,407.80022132344897,423.385888372022,28007098
410.5215148925781,413.88603369328894,399.93314522649814,410.6699437721815,19951523
407.4538269042969,411.016270774986,392.4124106499024,410.52148774292255,25148219
425.8597717285156,427.4925497328019,408.34443990285473,408.7897567218239,18401250
426.7998352050781,435.35960589585295,425.85976555522444,429.27375038757725,13804148
429.4222412109375,430.80762777574563,422.39631553328496,430.4612735847531,8324498
431.7477111816406,433.7268435367234,427.83894289985005,429.42225482374886,7388213
437.09136962890625,441.6928460717635,435.4585613628162,438.77361392243563,11541624
443.0287780761719,445.3542343727093,431.94562510045847,437.38823893333944,16085201
444.463623046875,447.3828552218437,440.85171269760247,445.7005807143767,8872759
442.53399658203125,448.22400197310594,441.4454677717323,444.46363246472436,9759025
441.39593505859375,447.8281145371246,440.3569027609566,444.2162044082431,10073185
432.3414306640625,444.7110071319011,429.62012384113797,442.33605448990835,9560161
428.3337097167969,434.8648522802933,427.59153511183507,430.46127087785504,7241846
420.9119567871094,428.9769146560353,418.1411535210452,428.3337027154145,9059666
432.1929931640625,434.12265913421317,420.96141191550197,420.96141191550197,15285970
451.7864074707031,455.20042272077364,442.68241713578476,455.20042272077364,25033120
395.4306335449219,454.11189326468605,367.7722479948686,454.11189326468605,58989328
418.3885498046875,420.02135808679174,385.9307926558594,412.6490783012651,25587086
427.0472412109375,433.82577508077924,421.3077698724916,425.51342582541724,13644903
438.92205810546875,441.0496495083972,422.54475024022577,425.5134487196653,15039562
443.32562255859375,453.9634583677564,440.5053530716811,441.94023602793044,20554460
443.7214660644531,449.01565113139975,442.0886879183534,443.3256456349688,9802063
444.9584045410156,449.11459436879454,443.8698757576296,446.29432485702756,7066407
447.1849365234375,453.2212960698775,444.9584126890331,452.2317299212533,12208021
443.9688415527344,448.86720601305933,442.83084653443353,447.67971456838603,7858446
446.9870300292969,449.5104115643579,443.4740521716526,445.0573640089598,6522944
437.7345886230469,447.9271077982868,437.041880244505,447.2838958463048,8981273
439.02099609375,441.84126553058593,431.99507071401376,438.3777841658445,8058795
434.1226501464844,440.55482964827223,433.08358764593027,439.02098410911907,16109190
431.0550231933594,434.914325158345,427.54204522332236,431.4508436155595,7878288
426.255615234375,433.3805035292168,424.9196949041969,431.4508374746082,7140628
427.69049072265625,431.25290460847924,424.57333327381895,425.8597873540652,9323979
434.8648681640625,438.3778160095301,422.04997410398323,427.6905133873828,18716207
436.0028381347656,439.81267373330303,433.72681794123713,434.86484313758206,11339346
430.8570861816406,437.04187448293646,429.81805382668756,436.398662539434,8020642
428.2347412109375,432.4403972482488,423.534302110413,431.4508311218226,7511940
429.3232727050781,430.9065845572059,426.3050778808928,428.9274522918366,9201151
433.697509765625,439.66240388274537,430.7150627070648,431.410979156337,10686705
437.3758850097656,437.7238129047175,431.4606860492879,433.89636334807784,8708995
430.9139099121094,440.8554002287895,429.3729607096115,438.1214903917025,9154756
436.3817138671875,439.21501423416515,432.1565806347938,434.94018568758645,6076549
434.79107666015625,439.4138635002165,424.352512029495,437.3758701603145,8745713
437.8232116699219,441.89922862038856,433.5483831237127,436.3817138294651,8553094
431.5103759765625,439.56298921798395,429.82034082254916,439.21503098835683,6826289
436.7793884277344,440.0103728198358,428.47823784483876,433.8466366131415,6598992
434.3437194824219,442.64487022485287,433.5484123677669,437.8232412023253,10724685
427.43438720703125,438.41972184323186,426.48993349375615,438.3203008725154,12053566
411.726806640625,427.434379210313,410.4344250625521,427.434379210313,16560718
421.5688781738281,422.51333187480344,407.203443093497,412.5718417130434,9437893
414.01336669921875,426.14196639873876,397.6596033748212,426.14196639873876,17985870
417.4928894042969,422.5133297754322,412.82037691587817,414.0133678649698,9455765
420.87298583984375,423.2589373755662,410.23557938851405,413.9139428295585,12474704
442.09808349609375,443.58930703340144,427.63319698079687,429.47237874461376,33285673
439.66241455078125,447.3670696390086,438.41972824622843,444.3349271915082,13720073
441.5015869140625,446.57175299608843,437.425569854433,439.66240515482497,11262582
450.9460144042969,452.33781700419786,442.39632652058907,443.78812912049005,21227714
461.68280029296875,463.1243285121754,451.3933518353412,452.28811022741183,34019552
457.6565246582031,468.24420605208616,449.70333219871975,457.60679900191843,27534299
432.2559814453125,450.25008476200037,427.5834992581306,443.3904625968045,28371364
434.1448974609375,446.7705720526513,430.96360840057287,435.43727907601135,19245378
427.7823181152344,442.6945536573274,423.60691036686086,441.4021720459544,29078704
415.5046081542969,429.969464716073,414.56015441989,429.969464716073,25148625
415.3057556152344,422.5133360537992,413.61569013541094,422.4139150833942,13056991
415.7033996582031,420.4256074238339,408.64493566703516,414.65955534035584,14448957
405.861328125,417.54257884262097,404.02214641229403,417.54257884262097,13650935
403.0777282714844,410.48412019314884,400.7414720299985,407.6010941317284,11672941
411.229736328125,411.92565277819506,404.37011415337645,406.5075284799909,8273268
416.349609375,418.4373284446483,412.6215504431357,414.261920644373,8187151
419.8291320800781,421.4197766294005,414.2619216659818,415.7034195864448,7951880
422.0162658691406,424.7998710349071,419.1829350481514,424.7998710349071,10587000
420.475341796875,423.3086422437922,419.08350889218946,423.3086422437922,4519043
415.5046081542969,420.6741650179906,414.7589963657719,420.1273951753475,5647724
420.0279541015625,421.0221031053532,414.5601345807138,417.5425815920858,6794262
425.6448974609375,426.93730939221933,418.5367380254589,420.0279615576161,11895337
428.8758850097656,431.6595204941636,426.0922798643883,427.48408243707695,18213329
428.3788146972656,430.5659547179591,422.215108860893,428.8758892166031,9942257
432.10687255859375,434.8407824084099,428.8261928744227,429.870037226926,12866589
430.6653747558594,434.1945916998953,426.98701118512884,433.2998636348319,9400824
431.4109802246094,432.10686633658435,428.7764610451413,430.9636010291094,9712479
418.43731689453125,427.1858464832335,417.19463061821165,427.1858464832335,14761838
418.43731689453125,421.51918492760797,416.69755610768385,418.63615883435057,8167304
414.5601501464844,418.8349788876862,411.9256612553241,417.54259726984037,10236248
415.4051818847656,416.6975634994553,408.89348747792815,414.5601491340742,6590372
442.7442626953125,444.5337187575928,418.03965400666294,419.92853103662986,39706164
433.10101318359375,446.3729086282052,430.2676824173701,443.29104060773426,20189436
437.3261413574219,440.80566287592217,433.5483872729438,435.984034132482,8729441
439.21502685546875,446.96940744939803,438.4694150871498,443.390464893663,13341086
440.7559814453125,449.25594357265146,437.92265062319257,440.9050977329986,8850620
442.4957275390625,448.26177962392927,436.9781823660584,440.75596678288474,10744634
438.0220642089844,444.4840328379396,435.3875753742144,442.8933883383927,7014739
437.0279235839844,447.9635630122782,428.2793938379367,440.10979167248956,12721422
441.5513000488281,443.8875564135459,436.7793966843584,439.2150436841104,11837310
451.7910461425781,457.308561212908,441.89925099812524,442.34663020448545,26480471
466.0073547363281,471.47517436523435,450.6974658431947,452.88457549134495,40263592
465.3611755371094,468.144780736502,457.7062157302476,466.00736635064465,15948993
473.2646484375,475.05413495103085,462.82608329514596,467.2500587529904,20074440
482.65936279296875,491.9546624593605,474.7061704091505,479.6769156490369,32121777
479.7763366699219,486.1388845098125,470.58045797520657,482.55994186892985,15756520
